Facility_ID,Hospital_ID,Hospital_Type,Hospital_Type_Code,Hospital_Name,Address,Hospital_Contact,State_Code,District_Code,Speciality_Code,Emplaned_Date,Hospital_Latitude,Hospital_Longitude,SchemeCode
HOSP12P2515874,15874,Hospital,P,NIBA HOSPITAL,"Papu Nallah, Naharlagun, ",7628878332,12,237,"100005,100006,100012,100013,100014,100015,100016,100018",2025-04-03 15:33:38,27.098193,93.6758970000001,PMJAY
HOSP22P2524503,24503,Hospital,P,OM HOSPITAL,"PRATAPDEV WARD NO 11, INFRONT OF HATHA GROUND,JAGADALPUR,BASTAR, ",9827162333,22,374,"100001,100005,100006,100010,100012,100014,100015,100017,100019,100020",2025-05-01 12:03:48,19.03984635822607,82.0449466538069,PMJAY
HOSP6P2525796,25796,Hospital,P,H S MEMORIAL HOSPITAL,"ASSANDH ROAD PANIPAT,",9992839999,6,71,"100006,100010,100015,100017",2025-09-05 17:44:29,29.386741,76.956574,PMJAY
HOSP21P110099,35625,Hospital,P,NEW LIFE HOSPITAL UNIT II,"RADHARANI PARA,",9437033806,21,345,100013,2025-01-28 00:00:00,20.706385226487114,83.48953549731567,PMJAY
HOSP21P110110,35636,Hospital,P,MEERA HOSPITAL,"Chunabhatilane,omp sqr",9438512226,21,350,"100005,100006,100009,100012,100015,100016,100017",2025-01-28 00:00:00,21.229098,72.858659,PMJAY
HOSP21P110456,35982,Hospital,P,Aahan Hospital and Research Centre ,"At-Pohala Po-Pattamundei Ps-Pattamundei,",9776660512,21,360,"100006,100013",2025-01-28 00:00:00,20.575304,86.530782,PMJAY
HOSP21P110486,36012,Hospital,P,BAGCHI SRI SHANKARA CANCER CENTRE & RESEARCH INSTITUTE,"IDCO Plot : A2, INFOVALLEY, KHORDHA, 752054",7381030755,21,362,"100001,100002,100005,100006,100007,100008,100010,100012,100014,100015,100016,100019,100021,100022,100023,100028",2025-01-28 00:00:00,20.2,85.6,PMJAY
HOSP21P110526,36052,Hospital,P,Aditya Ashwini Hospital Unit of CHPL,"PLOT NO - 329-1929 (P NEAR BMC KALYANI MANDAP CHANDRASEKHARPUR ,",9078757817,21,362,"100001,100002,100004,100005,100006,100007,100010,100011,100012,100014,100015,100016,100017,100019,100020,100023",2025-01-28 00:00:00,20.330180632022135,85.8225182234961,PMJAY
HOSP21P110533,36059,Hospital,P,Aspire Hospitals Pvt Ltd,"163, 206, Ekamra Road, Unit-6, Ganganagar, Bhubaneswar, Odisha-751001,",9090194194,21,362,"100004,100005,100006,100007,100010,100011,100012,100014,100015,100016,100017,100019,100020,100022,100023,100026",2025-01-28 00:00:00,20.258719366570347,85.8202463083299,PMJAY
HOSP21P110553,36079,Hospital,P,IMS AND SUM HOSPITAL II,"PHULNAKHARA BHUBANESWAR 754001,",9437037373,21,362,"100001,100002,100003,100004,100005,100006,100007,100008,100009,100010,100011,100012,100013,100014,100015,100016,100017,100018,100019,100020,100022,100023,100026,100028",2025-01-28 00:00:00,20.392317,85.854743,PMJAY
HOSP21P110566,36092,Hospital,P,MANIPAL HOSPITALS EAST INDIA PVT LTD,"PLOT NO 1 BESIDE SATYASAI ENCLAVE KHANDAGIRI,",7752018689,21,362,"100001,100002,100003,100004,100005,100006,100007,100008,100009,100010,100011,100012,100013,100014,100015,100016,100017,100018,100019,100020,100022,100023,100026,100028",2025-01-28 00:00:00,20.26025,85.7779,PMJAY
HOSP21P110613,36139,Hospital,P,SAI XRAY PATHOLOGY AND NURSIN HOME,"WARD NO-4 LALBAZAR,",9438709811,21,365,"100004,100005,100006,100007,100009,100012,100013,100015,100016,100020,100023",2025-01-28 00:00:00,21.938172,86.726410,PMJAY
HOSP21P110679,36205,Hospital,P,TRILOCHAN NETRALAYA CAMPUS 2,"JAMADARPALI,",9437594300,21,371,100013,2025-01-28 00:00:00,21.544637625948823,83.97172759602864,PMJAY
HOSP21P110694,36220,Hospital,P,VESAJ LIMITED VESAJ PATEL HOSPITAL,"PLOT NO-H-4 CIVIL TOWNSHIP ROURKELA,",7008397906,21,373,"100005,100006,100012,100015,100017",2025-01-28 00:00:00,22.226675,84.821498,PMJAY
HOSP21P110752,40929,Hospital,P,THE MOON HOSPITAL,"NEW BUS STAND ROAD  NEAR PUNJAB NATIONAL BANK  BERHMPUR,",9437884053,21,354,"100005,100006,100012,100014,100015,100016",2025-03-13 00:00:00,19.314643,84.799568,PMJAY
HOSP21P110766,40943,Hospital,P,JIBAN JYOTI HOSPITALS PVT LTD,"At- Ramakuanrpur
Po- Somepur
Ps- Kishorenagar
Dist- Cuttack",9938324115,21,350,"100006,100012,100017",2025-03-13 00:00:00,20.39096,86.05891,PMJAY
HOSP21P110770,40947,Hospital,P,YBS HEALTHCARE AND RESEARCH CENTRE PVT LTD,"Plot No. 547 Beherasahi Nayapalli,",9938339716,21,362,"100006,100012,100016",2025-03-13 00:00:00,20.288197,85.81700550000001,PMJAY
HOSP21P110773,40950,Hospital,P,GLOBAL EYE HOSPITAL,"hospital road nuabazar ,jaleswar,",8918097298,21,346,,2025-03-13 00:00:00,21.804188,87.226168,PMJAY
HOSP21P110790,40967,Hospital,P,SURAKHYA HOSPITAL,"plot no-22/480,",9938575950,21,362,"100006,100012",2025-03-13 00:00:00,20.18879,85.60701,PMJAY
HOSP21P110805,41172,Hospital,P,MEDICA TS HOSPITAL,"DUBURI KALINGA NAGAR,",9314611919,21,356,"100001,100002,100005,100006,100007,100011,100012,100014,100015,100016,100017,100019,100020,100022",2025-04-10 00:08:25.853534,20.977225,86.030433,PMJAY
HOSP21P110814,41195,Hospital,P,SWAPNA SUPERSPECIALITY HOSPITAL,"AT-KESHARPUR BEPARISAHI,",7008941582,21,350,"100001,100005,100006,100008,100011,100012,100014,100015,100016,100017,100019,100020,100022,100023",2025-04-14 12:38:04.260121,20.4751430000001,85.8753790000001,PMJAY
HOSP1P00630,100630,Hospital,P,ASG Hospital Pvt Ltd,"1st FLOOR 4 G SPOT ,BATMALOO MAIN ROAD BAGHI-NAND SINGH SRINAGAR ",8875020446,1,13,100013,2026-05-27 12:06:30,34.081828,74.788074,PMJAY
HOSP27P26100896,100896,Hospital,P,MATOSHREE MEDICINE ICU  TRAUMA CENTRE,"nanamastar Nagar Mudre Karjat 41201,",7558225511,27,491,"100002,100004,100005,100006,100010,100012,100014,100015,100017,100020,100023",2026-01-08 16:13:53,18.907189,73.320199,PMJAY
HOSP7P25101314,101314,Hospital,P,AADHYA9 MULTISPECIALITY HOSPITAL,"W-4, WEST PATEL NAGAR, DELHI-110008.,",9310109749,7,85,"100001,100002,100005,100006,100010,100011,100012,100015,100016,100017,100019,100022,100023",2026-05-14 12:07:27,28.651640,77.158641,PMJAY
HOSP6P25101731,101731,Hospital,P,SANTOSH ADVANCE ENT HEALTHCARE,"JINDAL HOSPITAL ROAD DAYANAND COLONY,",9812217322,6,63,,2025-07-16 17:19:47,29.131496677144142,75.74542988341577,PMJAY
HOSP23P25101927,101927,Hospital,P,SEVA MULTISPECIALITY HOSPITAL,"PLOT NO. 2,3, DIG BANGLOW BHOPAL,",9827625904,23,396,"100005,100006,100015,100019,100023",2025-12-19 15:12:54,23.2642440000001,77.389104,PMJAY
HOSP27P26101969,101969,Hospital,P,Girija Hospital Multispecialty Centre,"Sr No. 76/25, malharpeth Police HQs to S.T Stand Road Satara MH 415001,",9881969159,27,494,100015,2026-02-07 12:28:46,17.688110,74.006835,PMJAY
HOSP7P25102044,102044,Hospital,P,MAXFORD HEALTHCARE,"393-A,MAIN,33FT.ROAD NEAR SHIV VIHAR TIRAHA,KARAWAL NAGAR,DELHI-110094,",9311119095,7,81,"100005,100006,100012,100015,100017",2025-11-01 18:24:39,28.7197880000001,77.2789100000001,PMJAY
HOSP27P26103407,103407,Hospital,P,Gadre Eye Care and Laser Center,"A/P, Gargoti, Kolhapur ,",9822467144,27,480,100013,2026-06-29 18:14:54,16.318543,74.143905,PMJAY
HOSP32P25103544,103544,Hospital,P,PAYYANNUR EYE CARE PRIVATE LIMITED,"OPPOSITE ALINKEEL THEATRE, N.H TALIPARAMBA, OPPOSITE ALINKEEL THEATRE, N.H TALIPARAMBA",9447685727,32,557,100013,2025-10-13 17:21:52,12.0367820000001,75.359791,PMJAY
HOSP1P03921,103921,Daycare Centre,P,KAMAL NAYAN VISION CENTRE,"22 JAIN NAGAR,TALAB TILLO",9419260274,1,5,100013,2026-05-15 10:21:32,32.724950,74.816134,PMJAY
HOSP7P25104397,104397,Hospital,P,BHATIA GLOBAL HOSPITAL AND ENDOSURGERY INSTITUTE,"307-308, AMBICA VIHAR, PASCHIM VIHAR,",9810418320,7,85,"100006,100015",2026-05-13 13:06:50,28.665602,77.082383,PMJAY
HOSP9P25104518,104518,Hospital,P,LALMATI MULTISPECIALITY HOSPITAL,"NEAR CENTRAL ACADEMY SCHOOL, SONDA,",9011380902,9,137,"100002,100005,100006,100012,100015,100016,100017,100019,100023",2025-09-29 15:55:10,26.462680,83.798225,PMJAY
HOSP7P25104654,104654,Daycare Centre,P,Mg Hospital,"A-100, Sangam Vihar, New Delhi,",9999847796,7,83,100013,2025-12-08 15:30:35,28.506422,77.241553,PMJAY
HOSP27P26105413,105413,Hospital,P,Prachin Healthcare Multispeciality Hospital,"Plot no 69/2, behind garden hotel,",9821386986,27,491,"100001,100002,100003,100004,100005,100006,100007,100008,100009,100010,100011,100012,100014,100015,100016,100017,100019,100020,100021,100022,100023,100026",2026-01-08 16:08:14,18.997660,73.108525,PMJAY
HOSP7P25105534,105534,Hospital,P,Centre for Sight ,"F-14 OPP Metro Station Gate No. -02 Preet Vihar Vikas Marg New delhi ,",9958422442,7,78,100013,2025-11-21 16:46:42,28.640826,77.295018,PMJAY
HOSP10P26105710,105710,Daycare Centre,P,Centre for Sight A Unit of New Delhi Centre for Sight Ltd,"1ST FLOOR & 2ND FLOOR DL MALL Infront of Metro Pillar No 158, RPS More Patna Bihar 801503,",9650044492,10,212,100013,2026-03-19 16:47:20,25.6178190000001,85.0483820000001,PMJAY
HOSP22G25105716,105716,Hospital,G,Urban primary health centre mehtanagar bhatapara,"near Sdm Office patpar chouk Bhatapara,",9552182605,22,644,"100004,100005,100012",2025-11-20 21:22:06,21.730643423596064,81.96404960106952,PMJAY
HOSP6P25105730,105730,Hospital,P,Divydeep,"Nursing home site P1612 Sec 16 or 17,",9999334108,6,63,,2026-07-13 10:12:02,29.129988,75.735868,PMJAY
HOSP3P25105740,105740,Hospital,P,ALGON HOSPITAL,"MAJITHA ROAD AMRITSAR,",8837683032,3,27,"100005,100006,100012,100015,100023",2025-10-09 10:55:57,31.669093724557598,74.89290032315324,PMJAY
HOSP5P25105885,105885,Hospital,P,Raj Hospital," purwawali railway road ganeshpur roorkee,",6395557319,5,50,"100005,100012,100015",2025-11-04 11:59:17,29.870450,77.888420,PMJAY
HOSP27P26105904,105904,Hospital,P,CHIDRAWAR SUPERSPECIALITY HOSPITAL,"kalamandir raod nanded ,",9890091406,27,485,"100005,100006,100012,100016,100018,100022,100023",2026-01-21 15:48:52,19.157991,77.3049710000001,PMJAY
HOSP27P26106534,106534,Hospital,P,Vardhaman Accident Hospital Private Limited,"Sr. No. 2670, Plot No. 1/4/5 Near Bhaskar Market, M.J.College Road,M J COLLEGE",9823032457,27,478,100015,2026-01-17 15:39:44,20.999511,75.556002,PMJAY
HOSP27P26106717,106717,Hospital,P,SURYAPRABHA MULTI SPECIALITY HOSPITAL LLP,"Pawar complex Bawachi chowk karmala road Paranda ,",9960123055,27,488,"100001,100002,100004,100005,100006,100010,100011,100014,100015,100017,100020,100023,100026",2026-01-17 17:34:57,18.280915,75.5119000000001,PMJAY
HOSP27P26106750,106750,Hospital,P,Sai maternity and general hospital ,"Shikrapur ,",9960118832,27,490,"100001,100005,100006,100010,100012,100015,100017,100026",2026-01-27 16:05:54,18.6886423,74.1382658,PMJAY
HOSP5G26106791,106791,Daycare Centre,G,PHC Type A Chopra,"Government Health Center, Chopda, Augustmuni, Rudraprayag,",8979510304,5,54,100005,2026-01-01 14:32:07,30.2843040000001,78.9828600000001,PMJAY
HOSP3P26107024,107024,Hospital,P,EMC SUPER SPECIALITY HOSPITAL BATALA,"Jalandhar Road Batala Distt Gurdaspur Punjab,",8054863500,3,32,"100002,100005,100006,100011,100012,100015,100017,100019,100023",2026-05-22 16:26:58,31.796269,75.209374,PMJAY
HOSP6G25107342,107342,Hospital,G,Primary Health Centre Ramgarh Ror,"VPO Ramgarh Ror,",8568037128,6,68,100005,2025-02-28 11:26:44,29.9961680000001,76.4606640000001,PMJAY
HOSP27P26107632,107632,Hospital,P,DR.GHATAGE MULTISPECIALITY HOSPITAL AND P.G INSTITUTE RESARCH CENTRE ,"MADHAVNAGAR ROAD BY PASS HIGHWAY SANGLI 416416, ",9422040351,27,493,"100006,100010,100012,100015,100017,100018,100020",2026-01-20 15:10:07,16.871266,74.574577,PMJAY
HOSP9P25107683,107683,Hospital,P,Kalindi Hospital,"Hata Pipraich road,",7388213052,9,160,"100005,100006,100012,100015,100017,100023",2025-11-03 20:25:42,26.781432,83.702791,PMJAY
HOSP1P07722,107722,Daycare Centre,P,SACHDEVA NETRALAYA,3 b extension gandhi nagar jammu,9419189456,1,5,100013,2018-11-24 08:17:50,32.70275,74.86573,PMJAY
HOSP9P25107912,107912,Hospital,P,VAIDIK HOSPITAL,"A-38 Rajendra Nagar,Urban",9837168540,9,130,"100001,100006,100012,100014,100015,100019",2025-12-09 18:59:13,28.384321,79.428642,PMJAY
HOSP5P25108114,108114,Hospital,P,RG Stone Urology and Laparoscopy Hospital,"8, Convent Road, Near Main SBI Branch,",8860639226,5,49,"100004,100005,100006,100012,100015,100019,100020,100023,100026",2026-04-10 11:56:48,30.320550,78.046928,PMJAY
HOSP27P26108116,108116,Hospital,P,Shree Sai Eye Hospital,"Anand Palace 3, 7-8, Umred Rd, Bhande Plot Square, Ayurvedic Layout, Raghuji Nagar, Nagpur,",9673344488,27,484,100013,2026-05-20 16:45:04,21.124994,79.116817,PMJAY
HOSP19P25108287,108287,Hospital,P,IRIS MULTI SPECIALITY HOSPITAL,"82/1, RAJA S.C MULLICK ROAD,",7003668207,19,315,"100002,100005,100006,100007,100011,100012,100014,100015,100023",2025-12-16 16:36:43,22.4804540000001,88.3756420000001,PMJAY
HOSP1G08415,108415,Hospital,G,Government Hospital Gandhi Nagar Jammu,"Govt Hospital Gandhi Nagar Jammu,",9419190493,1,5,"100003,100004,100005,100006,100007,100008,100009,100010,100011,100012,100013,100014,100015,100016,100017,100019,100020,100021,100022,100023,100026",2018-09-12 10:56:03,32.70511040864454,74.85976449693112,PMJAY
HOSP5G26108669,108669,Hospital,G,SC Loharkhet,"Loharkhet Kapkot,",8057157650,5,46,100005,2026-02-12 11:27:53,30.0403920000001,79.951867,PMJAY
HOSP9P25109099,109099,Hospital,P,UMANG MULTI SPECIALITY HOSPITAL,"Near pac , Ramghat road ",9837036391,9,119,"100010,100017",2025-08-20 15:17:37,27.917935931812806,78.11810811263331,PMJAY
HOSP7G25109129,109129,Medical College Hospital,G,CHACHA NEHRU BAL CHIKITSALAYA,"ram raj kohli marg geeta colony, ",9868846606,7,78,"100004,100010,100013,100015,100016,100017,100018",2025-05-11 21:49:30,28.65295468629408,77.2684392255872,PMJAY
HOSP27P26109228,109228,Hospital,P,SPARSH HOSPITAL ,"fourtune Sparsh healthcare Hospital sr no emrald building parandwadi road somatane ,",9011535755,27,490,"100002,100005,100006,100007,100011,100012,100014,100015,100016,100017,100018,100020,100022,100023,100026",2026-01-21 16:33:07,18.721210,73.687493,PMJAY
HOSP27P26109600,109600,Standalone Dialysis Centre,P,PANVEL DIALYSIS CENTER,"panvel dialysis center khanda colony sector 1 rotary blood bank ,",9920815671,27,491,100005,2026-01-08 16:15:37,19.008251,73.108367,PMJAY
HOSP7P26110173,110173,Hospital,P,ARNISH HOSPITAL,"Plot No.8, Pocket B-8, Sector 19, Rohini, Delhi- 110089,",9810085300,7,80,"100004,100005,100006,100009,100010,100011,100012,100015,100016,100017,100023,100026",2026-02-10 15:31:05,28.734002,77.139054,PMJAY
HOSP1G10281,110281,Medical College Hospital,G,Associated Hospital GMC Kathua,National Highway Kalibari Kathua,7006964727,1,7,"100001,100002,100003,100004,100005,100006,100007,100008,100009,100010,100011,100012,100013,100014,100015,100016,100017,100018,100019,100020,100021,100022,100023,100026,100028",2018-10-03 14:46:04,32.3757492696991,75.5575086528707,PMJAY
HOSP9P26110288,110288,Hospital,P,Amritasha Hospital and Trauma Center,"SH15/79-D-G-1,Chhatripur, Bharlai, Shivpur Bypass",9140660464,9,187,"100005,100006,100013,100015,100016",2026-02-09 13:48:51,25.363484,82.952886,PMJAY
HOSP1G10293,110293,Hospital,G,GMC Rajouri,"KHEORA/MEHRA,RAJOURI",9469676288,1,12,"100001,100002,100003,100004,100005,100006,100007,100008,100009,100010,100011,100012,100013,100014,100015,100016,100017,100018,100019,100020,100021,100022,100023,100026,100028",2018-09-18 22:10:55,33.4222980000001,74.3216630000001,PMJAY
HOSP27P26110309,110309,Hospital,P,DECCAN HARDIKAR HOSPITAL,"dECCAN HARDIKAR HOSPITAL 1160/61 GANESHKHIND ROAD ,SHIVAJINAGAR",7798601393,27,490,"100002,100003,100005,100007,100023",2026-02-04 17:44:38,18.530344,73.847484,PMJAY
HOSP23P26110436,110436,Hospital,P,SHREE BEJNATH HOSPITAL AND RESEARCH CENTER,"BEHIND ELECTRICITY GRID DEWLI ROAD AGAR-MALWA,AGAR MALWA",9713029167,23,667,"100005,100006,100014,100015,100018,100023",2026-06-24 21:14:01,23.732998,76.029275,PMJAY
HOSP20P26110847,110847,Hospital,P,SJAS SUPER SPECIALTY HOSPITAL,"SRI RAM VIHAR, BHULI BYE PASS, PANDARPALLAH,B POLYTECHNIC, DHANBAD",9650769030,20,325,"100002,100005,100006,100011,100014,100015,100022,100023",2026-08-07 13:13:08,23.813513117712134,86.41065346718779,PMJAY
HOSP3P26111402,111402,Hospital,P,MAKKAR HOSPITAL,"379 ,ADARSH NAGAR",9357201790,3,34,"100005,100006,100012",2026-05-27 12:03:26,31.332551,75.561266,PMJAY
HOSP23P25111422,111422,Hospital,P,ASIAN MULTISPECIALITY HOSPITAL ,"DIG BUNGLOW BERSIAYA ROAD BOPAL, ",9425377031,23,396,"100005,100006,100011,100014,100015,100020,100023",2025-12-22 15:55:05,23.2764500000001,77.4132470000001,PMJAY
HOSP3P25111440,111440,Hospital,P,GOYAL SKIN AND MULTISPECIALITY HOSPITAL,"gali no 10, punia colony, haripura road, sangrur , ",9041009363,3,43,"100005,100006,100011,100015,100023",2025-07-15 12:57:18,30.257422025937487,75.8387400736984,PMJAY
HOSP27P26111616,111616,Hospital,P,CHOLE EYE HOSPITAL BHANDARA,"AT-NAGPUR ROAD, TAKIYA WARD BHANDARA,",9764882444,27,471,100013,2026-01-24 14:48:50,21.157673,79.640585,PMJAY
HOSP9P26111802,111802,Hospital,P,M S HOSPITAL,"OPP. HOLY CROSS CHURCH, NH-09 , MASURI,",7078336967,9,145,"100004,100005,100006,100015,100016",2026-03-30 12:04:38,28.693345,77.544526,PMJAY
HOSP27P26111805,111805,Daycare Centre,P,LIFELINE ROTARY ASHOK AND SUSHILA MAHANSARIA DIALYSIS CENTER,"Near Rustomjee Meridian, Charkop Gaon, Kandivali West , Mumbai 400067,",9004210180,27,483,100005,2026-01-30 17:08:13,19.1546030000001,72.8513830000001,PMJAY
HOSP27G25112057,112057,Hospital,G,Palso,"PHC, Palso Tq. Dist. Akola,",8975506139,27,467,"100005,100006,100010,100012,100026",2025-12-29 16:18:36,20.764958,77.2298740000001,PMJAY
HOSP1P12172,112172,Hospital,P,NATIONAL HOSPITAL,"NATIONAL HOSPITAL NEAR ST PETER SCHOOL,AIRPORT ROAD KARAN BAGH, SATWARI JAMMU",9814018475,1,5,"100004,100005,100008",2018-11-08 15:04:03,32.64814443143213,74.822232975043,PMJAY
HOSP27P26112208,112208,Hospital,P,ACI CUMBALLA HILL HOSPITAL,"ACI CumballaHill Hospital, 93/95,  August Kranti Road, Kemps Corner, Mumbai, Maharashtra 400036,",9930752628,27,482,"100002,100003,100006,100007,100008,100022",2026-01-07 15:22:19,18.963566,72.808823,PMJAY
HOSP27P26112317,112317,Hospital,P,Govind critical care and hospital ,"Shivaji Nagar ,Shivaji Nagar",9503427042,27,472,"100002,100004,100005,100006,100008,100012,100015,100016,100017,100022,100023,100026",2026-07-16 17:44:14,20.237081,76.451744,PMJAY
HOSP9P26112838,112838,Hospital,P,GUPTA NURSING HOME,"GUPTA NURSING HOME BUDHANA ROAD SHAMLI,SHAMLI",9897952700,9,660,"100006,100012,100023",2026-02-04 16:48:45,29.441308,77.310011,PMJAY
HOSP7P25112966,112966,Hospital,P,COMMAANDER HOSPITAL RUN AND OPERATED BY MOHIMA HEALTHCARE PVT LTD ,"Plot no. 55,56,57 Shiv Vihar (West) Vikas Nagar, New Delhi - 110059,",8130706545,7,84,"100005,100006,100010,100012,100015,100017,100020",2025-07-24 11:03:59,28.649967000000004,77.0424685,PMJAY
HOSP23P25113142,113142,Hospital,P,NILAY HOSPITAL,"74-C, ,VIDHYANAGAR, HOSHANGABAD ROAD",8319945895,23,396,,2025-12-22 15:41:58,23.1910970000001,77.4503230000001,PMJAY
HOSP27P26113607,113607,Hospital,P,SYNERGY MULTISPECIALITY HOSPITAL,"Plot No. 42  43, Near Palloti School Gorewada, Mankapur, Mankapur Ring Rd, Nagpur, Maharashtra 44001,",9595203084,27,484,"100002,100023",2026-01-29 17:44:24,21.18802630331929,79.05870296727869,PMJAY
HOSP5P26113679,113679,Hospital,P,SHRI SITARAM AGGARWAL DHARMARTH MEDICAL CENTRE,"Sanyas Road, Kankhal, Shree Maa Santoshi Ashram, Sanyas Marg, District Haridwar, Haridwar, Uttarakha,",7906396549,5,50,100013,2026-01-24 16:09:39,29.934280,78.151764,PMJAY
HOSP27P26113917,113917,Hospital,P,Jeevan Jyoti Hospital ,"GK Sapphire, Near Kokane Chowk, Pimple Saudagar, Pune,",8237026263,27,490,"100002,100003,100004,100005,100006,100007,100008,100010,100011,100014,100015,100016,100017,100018,100019,100020,100022,100023,100026",2026-01-20 10:36:37,18.599832,73.792753,PMJAY
HOSP1G14234,114234,Hospital,G,DH Bandipora,"Bandipora,Nusso Bandipora",7006695838,1,623,"100001,100002,100003,100004,100005,100006,100007,100008,100009,100010,100011,100012,100013,100014,100015,100016,100017,100018,100019,100020,100021,100022,100023,100026",2018-10-03 14:53:33,34.42,74.64,PMJAY
HOSP9P26115267,115267,Hospital,P,JANKIPURAM SHRI BALA JI HOSPITAL PRIVATE LIMITED ,"3/1718 C ,JANKIPURAM VISTAR  LUCKNOW",7084556651,9,162,,2026-02-28 15:25:44,26.928835,80.952260,PMJAY
HOSP27P26115429,115429,Hospital,P,SHREEPAD HOSPITAL,"T-3 FLOOR,OLD ADGAON NAKA , HIORAWADI CORNER NASHIK 003,",7972661092,27,487,100016,2026-04-07 11:47:27,20.0334080000001,73.8646840000001,PMJAY
HOSP27G25115592,115592,Hospital,G,Yenegur,"Primary Health Center Yenegur ,",9284932955,27,488,"100004,100005,100006,100009,100012,100016,100017,100023,100026",2025-12-30 15:02:08,17.9659380000001,76.6581320000001,PMJAY
HOSP34P26115625,115625,Hospital,P,RANI HOSPITAL,"27,Vazhudavour Road,  Puducherry",9345401267,34,600,"100005,100006,100022",2026-03-17 12:40:27,11.9416150000001,79.7724640000001,PMJAY
HOSP23P26115764,115764,Hospital,P,SUSHILA JAIN MEMORIAL HOSPITAL,"Beside Hotel Shanu, Near IPS College, In front of SAF Batallion, Parasia Road,Parasia Road",9425148211,23,399,,2026-01-01 18:00:25,22.05927672404846,78.92580499369365,PMJAY
HOSP27G26115982,115982,Hospital,G,CHIKHALI,"Chikhali Salvivadi,",8552027849,27,492,100005,2026-03-11 17:07:45,17.490665160571325,73.28436755874833,PMJAY
HOSP1G16021,116021,Hospital,G,SDH Haztabal,Habak Crossing near foreshoe road,7889794004,1,13,"100001,100002,100003,100004,100005,100006,100007,100008,100009,100010,100011,100012,100013,100014,100015,100016,100017,100018,100019,100020,100021,100022,100023,100026",2018-09-18 13:57:54,34.13122733,74.842579,PMJAY
HOSP1G16056,116056,Hospital,G,DH Pulwama,"Muran Chowk,Govt Boys Degree College Road",9906665715,1,11,"100001,100002,100003,100004,100005,100006,100007,100008,100009,100010,100011,100012,100013,100014,100015,100016,100017,100018,100019,100020,100021,100022,100023,100026",2018-09-18 22:19:07,33.878552333652706,74.8999032022734,PMJAY
HOSP1G16133,116133,Hospital,G,Govt. District Hospital Kulgam,"Kulgam Main Town Near Fruit Mandi,",7051441933,1,622,"100001,100004,100005,100006,100007,100008,100009,100011,100012,100013,100015,100016,100019,100020,100021,100026",2018-10-04 11:10:01,33.65,75.03,PMJAY
HOSP9P25116143,116143,Hospital,P,SUNRISE HOSPITAL,"Near Mannat Marriage Hall, Baraura Hussainbari, Balaganj,",8960230100,9,162,"100005,100006,100011,100012,100015,100017,100023",2025-07-25 16:15:26,26.87115,80.877805,PMJAY
HOSP27P26117104,117104,Hospital,P,DRPNN INSTITUTE OF OPHTHALMIC SCIENCES LLP. NANADADEEP EYE HOSPITAL,"URL Square, First Floor, Majgorn road , Godbole Stop , Maruti Mandir , Ratnagiri,",9209917456,27,492,100013,2026-01-17 16:01:49,16.9957000000001,73.2936130000001,PMJAY
HOSP27P26117472,117472,Hospital,P,VENKATESH NETRALAYA,"Venkatesh Netralaya- Phaco and Retina Care Centre, Naik nagar, in front of collector office, Hingoli,",9422175690,27,477,100013,2026-01-17 15:43:50,19.707291763043386,77.15122541779215,PMJAY
HOSP27P26117482,117482,Hospital,P,Shri Radhkrishna Hospital and Research Institute nagpur,"74 East Wardhman nagar nagpur,",8237442015,27,484,"100002,100003,100005,100006,100013,100014,100015,100016,100019,100020,100022,100023",2026-01-29 17:12:11,21.148702,79.141527,PMJAY
HOSP27P26117512,117512,Hospital,P,JAIN MULTISPECIALITY HOSPITAL,"C-Wing,Shree Raj Enclave Chsl, Near Seven square academy, Mora Road(E)-401107,",9588483443,27,497,"100002,100003,100004,100005,100006,100007,100008,100012,100015,100016,100019,100020,100022,100023,100026",2026-01-17 10:48:15,19.2963940000001,72.874556,PMJAY
HOSP27P26117527,117527,Hospital,P,DR PANSARE HOSPITAL AND ICU,"MISSION HUMAN PARK, LINGALI ROAD, BEHIND KALPATRU DEVELOPERS, DAUND, MAHARASTRA, 413801,",9665732318,27,490,,2026-01-27 16:31:31,18.453551,74.586002,PMJAY
HOSP23P25118026,118026,Hospital,P,MRITYUNJAY MULTISPECIALITY HOSPITAL ,"PLOT NO 2 Seth Phoolchand Nagar,Mandideep,Raisen,M.P,",9826863963,23,421,,2025-12-26 16:09:50,23.1063523,77.5094781,PMJAY
HOSP9P26118070,118070,Daycare Centre,P,SHIVAJI EYE CENTRE,"A 37 GEETA COLONY GARH ROAD MEERUT,",9412203973,9,169,100013,2026-06-02 18:56:27,28.968820,77.739901,PMJAY
HOSP27P26118118,118118,Hospital,P,PROTON CRITICAL CARE CENTRE ,"Kalyan Nagar Sabnis Plot Amravati ,",9021199661,27,468,"100002,100004,100005,100006,100008,100010,100011,100012,100014,100015,100017,100018,100019,100020,100022,100023,100026,100027",2026-01-17 17:57:42,20.929832,77.7506760000001,PMJAY
HOSP27P26118169,118169,Hospital,P,SHRI VENKATESHWARA HOSPITAL,"946 B, WARD TEMBE ROAD KOLHAPUR,",9822010334,27,480,"100005,100016,100026",2026-01-07 18:08:47,16.691498,74.218711,PMJAY
HOSP27G25118246,118246,Hospital,G,Garkhede Bk,"garkhede bk,",8149767842,27,478,"100005,100006,100012",2025-12-30 16:03:43,20.879340,75.798800,PMJAY
HOSP7P26118447,118447,Standalone Dialysis Centre,P,7 MED DIALYSIS CENTER (WING OF 7 MED INDIAPRIVATE LIMITED),"Near Rampul, Vaisno Devi Marg, F Block, Lajpat Nagar New Delhi - 110024, Delhi,",9871151440,7,670,100005,2026-04-22 12:19:58,28.5631010000001,77.244247,PMJAY
HOSP1G18803,118803,Hospital,G,Government Sub District Hospital Sogam,Hospital Complex Chandigam Road Sogam Lolab,7006731490,1,8,"100001,100002,100003,100004,100005,100006,100007,100008,100009,100010,100011,100012,100013,100014,100016,100017,100018,100019,100020,100021,100022,100023,100026",2018-10-05 15:17:45,33.932144258,74.771793051,PMJAY
HOSP27P26118974,118974,Hospital,P,CHITARI HOSPITAL AND CRITICARE,"2225A1,BHOM",9168550821,27,495,100005,2026-01-16 18:58:18,15.9241940000001,73.796209,PMJAY
HOSP9P25119433,119433,Hospital,P,MediCity Hospital Unnao,"MediCity Hospital Unnao,",9415940403,9,186,"100005,100006,100012,100015",2025-11-18 14:00:47,26.548450,80.484378,PMJAY
HOSP5P25119549,119549,Hospital,P,CURE HOSPITAL,"Om Vihar, Mata Mandir Road, Dehradun,",7030393001,5,49,"100004,100005,100006,100009,100010,100012,100015,100017,100023",2025-09-19 12:52:16,30.276168,78.066419,PMJAY
HOSP1G19708,119708,Medical College Hospital,G,GMC Handwara,"ADH GMC Handwara ,Baramulla Handwwara Highway Shaheen Colony Handwara",7006691520,1,8,"100001,100002,100003,100004,100005,100006,100007,100008,100009,100010,100011,100012,100013,100014,100015,100016,100017,100018,100019,100020,100021,100022,100023,100026",2018-10-06 12:06:14,34.396411368872876,74.28451757673201,PMJAY
HOSP7P25119799,119799,Hospital,P,GOYAL HOSPITAL,"B-33. 34 LIC COLONY PASCHIM VIHAR NEW DELHI-110087,",9540055741,7,85,"100001,100005,100006,100012,100015,100017,100019",2025-08-14 16:37:35,28.661692,77.085311,PMJAY
HOSP7P25120122,120122,Hospital,P,SANTOMHOSPITAL,"csocf 4pkt 10 sector 24 rohini,",9599571063,7,82,"100001,100002,100005,100006,100008,100010,100011,100012,100013,100014,100015,100016,100017,100019,100020,100022,100023",2026-05-21 12:36:26,28.720022,77.099272,PMJAY
HOSP6P25120131,120131,Hospital,P,NATIONAL HOSPITAL,"DHANI GARAN ROAD BARWALA,",8813865533,6,63,"100005,100006,100009,100010,100012,100013,100015,100016,100017,100020,100023",2025-06-19 16:57:40,29.339729711311392,75.88000966117076,PMJAY
HOSP27P26120335,120335,Hospital,P,parshwa netralaya,"36, Opp Ambedkar Market, Vivekanand Nagar,36, Opp Ambedkar Market, Vivekanand Nagar, Jalgaon",9403096373,27,478,100013,2026-01-28 14:41:42,21.003613114006,75.56642395627227,PMJAY
HOSP27P26120494,120494,Hospital,P,SETH TARACHAND RAMNATH CHARITABLE AYURVEDIC HOSPITAL,"592,VAIDYA NANAL SHASTRI ROAD,RASTA PETH,",9860972353,27,490,"100004,100005,100006,100010,100013,100017,100022,100023,100026",2026-01-20 15:30:59,18.522744,73.86226,PMJAY
HOSP23P25120617,120617,Hospital,P,Prayas Nasha Mukti Evam Manochikitsa Kendra ,"DHV 2/208 Danish Hills View Banjari Dushera Maidan Kolar Road BHopal ,",9826586600,23,396,"100005,100009",2025-05-26 18:12:33,23.179317,77.406996,PMJAY
HOSP27P26120634,120634,Hospital,P,PRAKRITI HOSPITAL LLP,"VIVA SWARGANGA COMPLEXAGASHI RD VIRAR WEST,",9561677707,27,665,"100002,100003,100005,100006,100008,100012,100015,100022,100023",2026-01-07 16:42:16,19.446328,72.800133,PMJAY
HOSP27P26120840,120840,Hospital,P,Vasantdada Patil Ayurvedic Medical College and Institute of Yoga,"Opp Income Tax Office South Shivaji Nagar Sangli,",9422622778,27,493,"100005,100006,100012,100015,100016,100022,100023,100026",2026-08-11 15:07:24,16.860856,74.566503,PMJAY
HOSP7P25120935,120935,Hospital,P,Ahuja Laser Eye Centre,"212, parmanand colony, Delhi,Main Road",9811042333,7,80,100013,2025-09-08 11:36:27,28.710000,77.210000,PMJAY
HOSP9P25121255,121255,Hospital,P,DIVYA JYOTI NETRALAYA ,"OPPOSITE BAGLA P G COLLEGE,BAGLA COLLEGE ROAD",8337080168,9,163,100013,2025-11-26 18:48:09,27.606192795492802,78.053780535241,PMJAY
HOSP27P26121337,121337,Hospital,P,ANAND HOSPITAL,Chakan,9850048317,27,490,"100001,100004,100005,100006,100008,100009,100014,100015,100019,100020,100022,100023",2026-02-04 18:49:36,18.761155,73.862453,PMJAY
HOSP6P25121353,121353,Hospital,P,ALTAIR HOSPITAL,"PLOT NO 5, FRIENDS COLONY, ASSAND ROAD",9991142777,6,71,"100010,100017",2025-07-16 15:07:19,29.394014816063788,76.90680039329823,PMJAY
HOSP6P25121521,121521,Hospital,P,DR JAIN NEUROCARE AND MULTISPECIALITY HOSPITAL,"SATYA NURSING HOME NEAR SHIVALIK MOTORS ,",8901398566,6,68,"100005,100006,100011,100012,100015",2025-09-05 17:51:51,29.9680930000001,76.8707600000001,PMJAY
HOSP9P25121745,121745,Hospital,P,LAXMI DEVI MEMORIAL ORTHO HOSPITAL,"NEAR FATIMA HOSPITAL MAU,",8057389433,9,168,"100014,100015",2025-07-09 13:57:57,25.922996,83.570207,PMJAY
HOSP23P26122384,122384,Hospital,P,AJS STAR SUPER SPECIALITY HOSPITAL AND RESEARCH CENTRE PRIVATE LIMITED,"NEAR MAURTI SHOWROOM BAJRANGGARTH BY PASS,",6260166953,23,406,"100002,100015,100023",2026-06-24 23:53:38,24.647400,77.333710,PMJAY
HOSP1P22938,122938,Hospital,P,TRIVENI NURSING HOME,"8-C/ C GANDHI NAGAR JAMMU,GREEN BELT PARK NEAR AQUAF MARKET ",9419184394,1,5,"100006,100016,100023",2018-11-24 08:11:03,32.706763,74.862656,PMJAY
HOSP9P25123049,123049,Hospital,P,BAGHEL HOSPITAL,"Jagdishpur,",9451932315,9,640,"100005,100006,100015",2025-11-18 15:23:18,26.459931,81.618471,PMJAY
HOSP22P26123097,123097,Hospital,P,SHREE SAI PAIKARA HOSPITAL,"KHUBCHAND BAGHEL CHOWK, TILDA NEORA,",7008361230,22,387,"100005,100006,100010,100012,100017",2026-04-30 14:34:37,21.5452330000001,81.797173,PMJAY
HOSP9P25123249,123249,Hospital,P,MAA KAMAKHYA MULTISPECIALITY HOSPITAL,"Mohalla Bukhara Near Bharat Petrol Pump Noorpoor Road Bijnor Uttar Pradesh - 246701,",9720007007,9,132,"100004,100005,100006,100010,100012,100013,100015,100017,100020",2025-08-13 17:53:44,29.375967,78.143987,PMJAY
HOSP6P25123359,123359,Hospital,P,OM Hospital,"loharu road bhiwani,",9813896961,6,59,"100005,100006,100015,100023",2025-09-05 16:16:45,28.6741650000001,76.3703390000001,PMJAY
HOSP27G25123692,123692,Hospital,G,PHC Handarguli,"MAIN ROAD HANDARGULI,MAIN ROAD HANDARGULI",9021411511,27,481,"100005,100006,100009,100012,100017,100026",2025-12-29 17:33:05,18.56585,77.01326,PMJAY
HOSP7P25124067,124067,Standalone Dialysis Centre,P,DCDC KIDNEY CARE,"H1 KAILASH PARK MOTI NAGAR,",8506080484,7,85,100005,2025-09-18 13:37:18,28.656726611011507,77.13827453113618,PMJAY
HOSP36G25124170,124170,Hospital,G,ESIC SUPER SPECIALITY HOSPITAL,"ESIC Super Speciality Hospital, ESI Metro Station, Sanathnagar,Hyderabad, ",9869000113,36,507,"100002,100003,100011,100018,100023",2025-06-10 12:57:11,17.448131393661768,78.44060294423099,PMJAY
HOSP9P25124555,124555,Hospital,P,DR M C AGARWAL HOSPITAL AND RESEARCH CENTRE PVT LTD,"KOTLA CHUNGI,",9837023625,9,143,"100005,100006,100012,100016",2025-09-18 20:24:03,27.159476,78.403373,PMJAY
HOSP7P25124699,124699,Hospital,P,RESCUE HOSPITALS INDIA PRIVATE LIMITED,"S-5, Vishwas Park, Behind Dwarka Sector 3 Petrol Pump, Delhi 110059,",9810026993,7,84,"100001,100002,100005,100006,100011,100012,100013,100014,100015,100016,100017,100019,100020,100023",2025-08-17 15:00:22,28.606194,77.053080,PMJAY
HOSP23P25124720,124720,Hospital,P,HIND HOPE HOSPITAL,"SHUBH BUSINESS ZONE, IN FRONT OF PEOPLES UNIVERSITY,, ",8299792201,23,396,,2025-12-31 15:24:17,23.303497974929044,77.42493928153232,PMJAY
HOSP9P25124898,124898,Hospital,P,DEV PRIMUS HOSPITAL,"100 FUTA TIRAHA TULASHERPUR PILIBHIT BYPASS ROAD BAREILLY UP ,",9997822352,9,130,"100001,100002,100005,100006,100008,100012,100015,100016,100019,100020,100023",2025-06-11 15:32:08,28.386509136358598,79.45595730717605,PMJAY
HOSP7P25124961,124961,Hospital,P,siddharth hospital,"1179, Kanjhawala Road, bawana , Delhi,",9891428388,7,80,"100015,100020",2025-09-12 14:42:05,28.797748213869596,77.03308908718776,PMJAY
HOSP9P26125001,125001,Hospital,P,SAHARANPUR CHARITABLE HOSPITAL AND RESEARCH INSTITUTE,"3/7932, JAIL CHUNGI, NEAR SSP KOTHI, DEHRADUN ROAD, SAHARANPUR,",9897202516,9,177,"100006,100012,100015",2026-05-22 18:49:31,29.967883,77.566250,PMJAY
HOSP27P26125074,125074,Hospital,P,SANT GAJANAN MULTISPECIALITY HOSPITAL,"Kharpudi T point Ring Road, Mantha Choufully ,",9657086569,27,479,"100001,100004,100005,100006,100011,100015,100023",2026-01-17 16:01:16,19.843243637483184,75.91451889723973,PMJAY
HOSP9P26125741,125741,Hospital,P,KUSUM MEMORIAL HOSPITAL,"RAMBAGH,",9897007298,9,169,"100006,100015",2026-05-04 11:41:50,29.109588,77.923211,PMJAY
HOSP9P26126264,126264,Hospital,P,JEEVAN 24 HOSPITAL SUPER MULTI SPECIALIST,"CHAUDHARPUR AMROHA ,DELHI ROAD CHOUDHARPUR",9568652786,9,154,"100004,100005,100006,100010,100012,100015,100017,100023",2026-02-09 14:14:32,28.815429,78.610973,PMJAY
HOSP9P26126309,126309,Hospital,P,Radha Krishna orthocare and joint replacement centre," Medical bypass tigela,Kochha bhanwar,Jhansi,",8127699944,9,153,,2026-06-03 18:13:15,25.460318,78.614729,PMJAY
HOSP9P25126371,126371,Hospital,P,Dr Neeraj Multispeciality Hospital,"OPPOSITE HERO AGENCY DELHI SAHARANPUR ROAD VAISHALI NAGAR,",7500055168,9,124,"100012,100013",2025-11-25 19:51:45,29.044434,77.272994,PMJAY
HOSP10P25126388,126388,Hospital,P,NARAYAN EYE CARE,"1/202 RAJPUT NAGAR,HAJIPUR VAISHALI",8789466488,10,224,100013,2025-12-03 16:37:16,25.729065,85.2776040000001,PMJAY
HOSP27P26126448,126448,Hospital,P,Kulkarni Uro Surgery Institute Pvt Ltd,"Urokul, Plot no 61/2/1/11/1 near Bitwise Terra Tower Baner,Mumbai Pune bypass road , Baner Pune",9423582417,27,490,"100005,100023,100028",2026-05-30 12:53:08,18.556305,73.769441,PMJAY
HOSP10P25126548,126548,Hospital,P,SHALYAM HOSPITAL,"EAST OF ARAAR MORE NH-27 SOUTH SIDE WARD NO-05 BHOJPURWA GOPALGANJ-841428,",7070756300,10,197,,2025-10-22 13:47:24,26.478560,84.447728,PMJAY
HOSP27P26126580,126580,Hospital,P,SANJEEVANI HOSPITAL AND CRITICAL CARE,"Chandralok Building Meenatai Thakre Chawk Saigaon NAKA,prashant nagar",9405826905,27,470,"100001,100002,100004,100005,100006,100011,100013,100015,100020,100022,100023,100026",2026-01-28 16:35:05,18.729946,76.388578,PMJAY
HOSP27G25126636,126636,Hospital,G,PHC Mardasgaon,"At Post Mardasgaon,",8605575086,27,489,100005,2025-12-29 17:47:37,18.961628126661125,76.83352246093881,PMJAY
HOSP27P26126896,126896,Hospital,P,BAPAT MULTI-SPECIALITY HOSPITAL,"Laxmi Nivas, A-36, 3, Rd Number 11, Munjaba Vasti, Dhanori, Pune, Maharashtra 411015,",9494738181,27,490,"100002,100004,100005,100006,100011,100012,100015,100016,100017,100018,100020,100022,100023,100026",2026-01-27 16:26:06,18.592545,73.8743170000001,PMJAY
HOSP9P26127021,127021,Hospital,P,SGP FRACTURE CLINIC,"ASURAN MEDICAL ROAD POST GEETA VATIKA GORAKHPUR ,",9839295344,9,148,100015,2026-05-14 18:56:49,26.7726250000001,83.383135,PMJAY
HOSP27G25127677,127677,Hospital,G,Ambhi,"AMBHI,",9960687896,27,488,"100004,100005,100006,100009,100012,100016,100017,100023,100026",2025-12-30 15:30:59,18.52849,75.48399,PMJAY
HOSP27P26127841,127841,Hospital,P,SHIVMANGAL HOSPITAL,"SHIVMANGAL HOSPITAL  A/P BHANDGAON TAL DAUND DIST PUNE,ON PUNE SOLAPUR HIGH WAY",9765714872,27,490,"100001,100004,100005,100006,100011,100012,100014,100015,100017,100018,100019,100020,100023,100026",2026-01-21 16:55:31,18.46542286001082,74.31062369769427,PMJAY
HOSP23P25128105,128105,Hospital,P,Centre for Sight Vijay Nagar Indore,"Plot No.124 Sector AB Scheme-54,Vijay Nagar Indore Madhya Pradesh ",9650044492,23,410,100013,2025-12-23 15:12:45,22.756009,75.892825,PMJAY
HOSP6P25128318,128318,Hospital,P,DR Suraj Prakash Arogya Kendra,"Site No-2 Sector-8 ,",9811065081,6,60,"100005,100006,100008,100012,100013,100015,100016,100023",2025-11-26 17:01:08,28.363574,77.325798,PMJAY
HOSP23G25128831,128831,Hospital,G,PHC Gourjhamar,"PHC Gourjhmar,PHC Gourjhamar",9827098479,23,425,100005,2025-07-14 10:42:29,23.52806749515068,78.94289229511537,PMJAY
HOSP27P26128909,128909,Hospital,P,SHRIHARI NETRALAY,"NUTAN ADARSH COLONY CHIMUR ,",9892982233,27,473,100013,2026-01-24 15:06:14,20.497376,79.377724,PMJAY
HOSP9P25129770,129770,Hospital,P,NUTEMA HOSPITAL AND TRAUMA CENTRE,"near Sankari school anoopshahr road, ",8218080260,9,134,"100005,100006",2025-11-19 18:25:05,28.385049,77.9523540000001,PMJAY
HOSP23P25129915,129915,Hospital,P,Navjeevan Hospital,"652 arvind vihar bagmugaliya,",9589708680,23,396,"100005,100006,100015,100016,100019,100020,100023",2025-12-22 17:41:56,23.194805,77.470508,PMJAY
HOSP7P25130112,130112,Daycare Centre,P,DCDC Health Services Pvt Ltd,"1st Floor, Janak Cinema Complex, C62, RWA Colony, Janakpuri, New Delhi, Delhi, 110058,",8506080484,7,84,100005,2025-07-15 16:31:47,28.611472,77.094649,PMJAY
HOSP27P26130463,130463,Hospital,P,CSM Nursing Home,"Beside Nishant Park Beed Bypass,",9960789353,27,469,"100001,100002,100004,100005,100006,100008,100011,100012,100014,100015,100017,100018,100019,100020,100022,100023,100026,100027",2026-01-08 17:33:08,19.8477472,75.3295456,PMJAY
HOSP9P25130664,130664,Hospital,P,Sangam Hospital,"Y1A1.2Trivani Puram Jhunsi Prayagraj,",9452603825,9,120,"100005,100006,100010,100012,100017",2026-07-10 14:28:24,25.424584,81.926307,PMJAY
HOSP10P25130742,130742,Hospital,P,SATKRITI HOSPITAL A unit of satkriti healthcare pvt ltd,"ASHIYANA DIGHA ROAD, Nala par, Patna- 800025,",9431017618,10,212,"100004,100005,100006,100012,100015,100023",2025-05-05 12:20:03,25.618266,85.080441,PMJAY
HOSP27P26131033,131033,Hospital,P,SHIV POLYCLINIC AND NURSING HOME,"BUILDING NO 16, PREM NIWAS, LAXMI COLONY,",9821039909,27,483,100015,2026-02-11 17:10:12,19.052640083579988,72.8983515344226,PMJAY
HOSP23P26131227,131227,Hospital,P,NAMAN CHILDREN HOSPITAL,"114 NEAR GURUDWARA ANAND NAGAR BHOPAL,",9300737688,23,396,"100010,100017,100018",2026-06-16 11:47:20,23.2523560000001,77.4857670000001,PMJAY
HOSP27P26131668,131668,Hospital,P,PANHALKAR HOSPITAl,"2069/29 near ADC BANK NAGAR ROAD JAMKHED AHMEDNGAR ,2069/29 Near ADC BANK NAGAR ROAD JAMKHED AHMEDNGAR ",8275003390,27,466,"100001,100004,100005,100006,100011,100012,100014,100015,100016,100018,100019,100020,100023,100026",2026-01-21 16:32:50,18.7360380000001,75.308296,PMJAY
HOSP27P26131683,131683,Hospital,P,GULVE HOSPITAL,"Sangram Nagar,Gulve hospital, Near Sai Mandir, Sangram Nagar, Akluj, Tal Malshiras, Dist Solapur, Maharashtra",9890075709,27,496,"100015,100020",2026-01-09 11:03:07,17.890242,75.006271,PMJAY
HOSP19P26132205,132205,Hospital,P,B P PODDAR HOSPITAL AND MEDICAL RESEARCH LTD,"71/1, HUMAYUN KABIR SARANI, NEW ALIPORE, BLOCK - G, KOLKATA - 700053,",9051020044,19,315,"100001,100002,100003,100004,100005,100006,100008,100010,100011,100012,100013,100014,100015,100016,100017,100018,100019,100021,100022,100023",2026-03-20 16:33:08,22.511867,88.332100,PMJAY
HOSP27P26132225,132225,Hospital,P,Dr. L H Hiranandani Hospital,"Hill Side Avenue, Hiranandani Gardens, Powai, Mumbai - 400076,",8291614849,27,482,100021,2026-07-10 15:26:55,19.1205005181874,72.9171193430382,PMJAY
HOSP3P25132236,132236,Hospital,P,MAHAJAN MEDICITY,"EKROOP AVENUE NAUSHEHRA MAJITHA ROAD AMRITSAR,",9888649369,3,27,"100005,100006,100015,100023",2025-10-28 14:43:49,31.680417,74.899101,PMJAY
HOSP27P26132379,132379,Hospital,P,PULSE CRITI CARE,"VIDYANAGAR,AKASHWANI CHAUK,,",9604128323,27,478,"100010,100017",2026-01-24 15:45:29,20.998978457536765,75.56161886398442,PMJAY
HOSP32P26132398,132398,Standalone Dialysis Centre,P,Thanal Community Dialysis Centre Thevalakkara,"Haja Rukiya Kunju Memorial Dialysis Centre,Pipe Junction ,Padinjattakkara, Thevalakkara,",9447560112,32,559,100005,2026-05-22 19:43:57,9.018649,76.563667,PMJAY
HOSP6P25132501,132501,Hospital,P,HARE KRISHNA NETRALAYA,"RAILWAY LINE SE B.M.B NAHAR KE BICH KA AREA,",8054818803,6,61,100013,2025-09-05 16:02:23,29.719398,75.908703,PMJAY
HOSP27P26132541,132541,Hospital,P,Dharaskar Children Hospital,"Gandhi Gate, new shukrawari road, Mahal-440032,",9823021288,27,484,"100017,100018",2026-01-29 17:37:54,21.1477800000001,79.1108300000001,PMJAY
HOSP5G25132843,132843,Hospital,G,SC Kamedidevi,"Kamedidevi  Bageshwar,",7618619762,5,46,100005,2025-06-23 11:21:53,29.84751,79.96173,PMJAY
HOSP1P32892,132892,Hospital,P,WANI NURSING HOME ,"Moominabad near jackfid,Moominabad Anantnag ",9596056792,1,1,,2018-11-06 21:33:40,33.7055613,75.1535652,PMJAY
HOSP27G25133201,133201,Hospital,G,Ekodi Kinhi,"Ekodi,",7057033979,27,471,"100004,100005,100006,100009,100012,100026,10083",2025-12-30 15:10:32,21.148566,79.937770,PMJAY
HOSP9P25133422,133422,Daycare Centre,P,DR AFTAB EYE CARE,"NEAR AKASHPURAM GATE ,JAGATPUR ROAD, NEAR BISALPUR CHAURAHA",8439767087,9,130,100013,2025-07-31 14:42:23,28.361999000098933,79.44963099908807,PMJAY
HOSP27P26133455,133455,Hospital,P,JANKI GLOBAL MULTISPECIALITY HOSPITAL,"CHAITANYA PALACE, 1ST FLOOR, BESIDE SAI MARRIAGE HALL, SHREE MALANG ROAD,KLYAN EAST,CHAITANYA PALACE, 1ST FLOOR, BESIDE SAI MARRIAGE HALL, SHREE MALANG ROAD,KLYAN EAST",9594658153,27,497,"100001,100004,100005,100006,100008,100011,100015,100020,100023",2026-01-17 10:44:22,19.21187610573689,73.12314700201364,PMJAY
HOSP27P26134348,134348,Daycare Centre,P,ASG HOSPITAL PRIVATE LIMITED,"OFFICE NO 312 TO 319  3RD FLOOR ROCK MOUNT RESIDENCY,KHADAKPADA CIRCLE , KALYAN (WEST) THANE MAHARASHTRA",8875020446,27,497,100013,2026-05-04 17:24:19,19.253245,73.137032,PMJAY
HOSP27P26134419,134419,Hospital,P,Ramole Eye Hospital And Dental Clinic,"Opp.Sant Andriya Church, Near Canada coner, Nashik,",9822432825,27,487,100013,2026-01-28 18:37:25,20.006074,73.761634,PMJAY
HOSP1P34483,134483,Hospital,P,SHREE AUM MULTISPECIALITY HOSPITAL ,"Shree Aum Hospital, NH 44,Treth Morh, Bari Brahmana,",9419152045,1,624,"100005,100006,100010,100012,100014,100015,100016,100023",2018-10-31 22:23:21,32.650000,74.900000,PMJAY
HOSP9P26134816,134816,Hospital,P,GLOBE MULTISPECIALITY HOSPITAL,"ADARSH NAGAR BASANT VIHAR UNNAO,",8840563464,9,186,,2026-05-14 19:00:47,26.548450,80.484378,PMJAY
HOSP5P26134978,134978,Hospital,P,MAA GANGA MATERNITY AND EYE CARE,"OLD NH 58,",7579417740,5,50,"100012,100013",2026-01-27 15:08:44,29.921035,78.045540,PMJAY
HOSP27G25135140,135140,Hospital,G,Primary Health Center  Shirur Tajband,"Shirur Tajband,Tq.Ahamadpur,",9284926894,27,481,"100001,100004,100005,100012,100015,100017,100020,100026,10083",2025-12-31 17:42:09,18.630000,76.970000,PMJAY
HOSP3P26135377,135377,Hospital,P,Suman Hospital,"# 537 Suman Hospital Model Town Ludhiana,",7888820512,3,36,"100005,100006,100012,100017",2026-02-02 15:49:01,30.892603423684363,75.84403831814708,PMJAY
HOSP27P26135452,135452,Daycare Centre,P,Infigo Eye Care Hospital Virar,"Shop No -9, Twin Tower, A-Wing, Near Vijay Sales, Chintamani Vihar, Tirupati Nagar Phase II, Virar W,",9820102404,27,665,100013,2026-01-07 16:26:18,19.454706,72.800884,PMJAY
HOSP7P26135529,135529,Hospital,P,AIRMID HOSPITAL ( A UNIT OF RAO HEALTHCARE PRIVATE LIMITED),"PROPERTY NO 3 NARAIN MARKET SAMAYPUR DELHI,",9811195161,7,80,100015,2026-03-18 13:57:02,28.7448900000001,77.144774,PMJAY
HOSP27G25135598,135598,Hospital,G,Dhaba,"Dhaba, TQ. Barshitakli,Main road",9370406257,27,467,"100005,100006,100010,100012,100026",2025-12-30 13:11:47,20.468896,77.0688240000001,PMJAY
HOSP5P25135772,135772,Hospital,P,RASTOGI NURSING HOME,"Awas Vikas, Kashipur, Udham Singh nagar,",9837019190,5,56,"100005,100006,100012,100015",2025-11-15 14:25:18,29.2124220000001,78.959483,PMJAY
HOSP7P25136224,136224,Hospital,P,Dr Rakesh Multispeciality Hospital,"2001, street 31-32B, Swatanter Nagar,STREET NO. 31-32 B, MAIN ROAD, SWATANTER NAGAR, NARELA",9958926307,7,80,"100005,100006,100010,100012,100015,100017,100020,100023",2025-07-31 14:07:33,28.840369,77.082348,PMJAY
HOSP27P26136437,136437,Hospital,P,Ashwinee Hospital and Research Center Private Limited ,"Vishal Chembers, Near Venus Corner, Sambhaji Bridge,",9371102829,27,480,"100005,100016,100022,100023",2026-01-07 18:06:58,16.703462,74.237884,PMJAY
HOSP21G26136566,136566,Hospital,G,DHH Kendrapara,"Kendrapara,",9439995995,21,360,"100001,100004,100005,100006,100010,100012,100013,100015,100016,100017,100026",2026-02-06 16:32:38,20.469288,86.418382,PMJAY
HOSP5G25136727,136727,Hospital,G,PHC Type B Ukhimath,"Government Health Center, Ukhimath, Rudraprayag,",9897539233,5,54,100006,2025-06-23 16:37:07,30.5651550000001,79.1228320000001,PMJAY
HOSP9P26137043,137043,Hospital,P,KESHAV SUPERSPECIALITY HOSPITAL,"439/1, 437/1 Mangal pandey nagar meerut,",7409942992,9,169,"100001,100005,100006,100011,100014,100015,100019,100023",2026-03-12 14:49:15,28.968820,77.739901,PMJAY
HOSP27G25139339,139339,Hospital,G,RH KAGAL,"Jaysingrao Park Kagal, ",9420932286,27,480,"100005,100006,100012,100017,100026",2025-12-29 17:04:21,16.593543522787982,74.31129695923721,PMJAY
HOSP27G26139412,139412,Hospital,G,PHC Khadkala," 2206, Kamshet Kundali Road, Kamshet, Maharashtra, 410405,",8007021142,27,490,"100004,100005,100006,100012",2026-01-21 14:33:33,18.762469,73.559259,PMJAY
HOSP27P26139514,139514,Hospital,P,SUYOG HOSPITAL PANCHAVATI,"Dindori naka panchwati nasik,opposite mahalaxmi theater",7276040209,27,487,"100002,100005,100006,100008,100010,100011,100012,100013,100014,100015,100017,100018,100020,100022,100023,100026",2026-01-21 15:56:48,20.013939,73.795943,PMJAY
HOSP23P25139912,139912,Hospital,P,MAHARANA PRATAP HOSPITAL AND RESEARCH CENTER BHOPAL ,"village - Amla, Server Road, Near Ratibad, Bhopal (462044)  ,",9300877503,23,396,"100001,100005,100006,100010,100012,100014,100015,100017,100019,100020,100023",2025-12-22 15:25:32,23.170241,77.3283000000001,PMJAY
HOSP10P25140630,140630,Hospital,P,SHRI DHRUV AAROGYAM HOSPITAL,"SECOND FLOOR, NEELKANT HEIGHTS, VIP ROAD , DONAR ,DARBHANGA,",9006004111,10,195,"100005,100006,100015",2025-09-17 18:10:58,26.142310324474337,85.9080303806121,PMJAY
HOSP27P26140789,140789,Standalone Dialysis Centre,P,Nirali A M Naik Charitable Healthcare Facility,"Saki Vihar Road Powai,",9029339424,27,483,100005,2026-01-24 16:42:47,19.1199590000001,72.890921,PMJAY
HOSP23G25140932,140932,Hospital,G,PHC UTILA GWALIOR,"utila gwalior,",9074742479,23,407,"100005,100012",2025-08-06 14:36:39,26.1613350000001,78.333559,PMJAY
HOSP27P26141165,141165,Hospital,P,VIDARBH HOSPITAL,"murtijapur rd ,",9822248900,27,467,"100002,100004,100005,100006,100011,100014,100015,100020",2026-01-16 13:16:08,20.69277979246985,77.02974584573428,PMJAY
HOSP27G26141235,141235,Clinic,G,UPHC SANPADA ,"PLOT NO 298 ,299,300 LATE. MALTIBAI SOPAN THAKUR NAGARI AAROGYA KENDRA,opposite late meenatai thakre garden ",9820499399,27,497,100005,2026-01-20 11:08:45,19.1921990000001,72.97213,PMJAY
HOSP34P25141507,141507,Hospital,P,KS HOSPITAL,"KS HOSPITAL, NO 14, SOUTH STREET, KOVILPATHU, KARAIKAL, ",9442251000,34,600,"100005,100006,100015",2025-09-09 17:55:17,10.9148930000001,79.8362730000001,PMJAY
HOSP8G25141839,141839,Hospital,G,ESIC HOSPITAL BIKANER ,"ANTODYA NAGAR JAISALMER ROAD BIKANER , ",9636622333,8,93,,2025-06-10 13:30:26,28.02110965824103,73.31589668221045,PMJAY
HOSP27P26142252,142252,Hospital,P,Warkad Hospital ,"New Mondha Road, Vasundhara Nagar , Jalna,",9028962907,27,479,"100004,100005,100006,100015,100020,100023",2026-01-19 12:03:31,19.858749533234686,75.8885425425816,PMJAY
HOSP5G25143772,143772,Hospital,G,PHC TYPE A RAIPUR,"Raipur Gadarpur,",7983381674,5,56,100005,2025-12-23 16:02:48,29.01560986912088,79.35559251441174,PMJAY
HOSP7P25144430,144430,Hospital,P,JAIN HOSPITAL,"POCKET C-1 PLOT 6 WEST ENCLAVE PITAMPURA,",9810021611,7,82,"100001,100006,100012,100015,100018,100019,100023",2025-07-24 11:42:19,28.693148,77.102786,PMJAY
HOSP27P26144716,144716,Hospital,P,Varad Netralaya,"Behind Hotel Parichay, Balikashram Road, Khandoba Nagar, Savedi, Ahmednagar,",7588566059,27,466,100013,2026-01-11 13:50:50,19.121894643112583,74.72709447138203,PMJAY
HOSP5P25144906,144906,Hospital,P,KALSA EYE HOSPITAL,"near hotel vishal opposite south civil lines mohanpura roorkee,",9720982544,5,50,100013,2025-10-27 12:46:45,29.841104,77.8863630000001,PMJAY
HOSP5G26145201,145201,Hospital,G,PHC Type A Bara,"Bara Kichha ,",9368370067,5,56,100005,2026-02-17 14:31:27,28.867785,79.604087,PMJAY
HOSP9P26145503,145503,Hospital,P,JEEVAN DEEP HOSPITAL,"P/18 AVAS VIKAS CALONY CIRCULAR ROAD GONDA,",9415120078,9,147,"100012,100013",2026-05-21 17:28:55,27.134020,81.961693,PMJAY
HOSP27P26145978,145978,Hospital,P,SHREE MULTISPECIALITY HOSPITAL AND ICU,"GAT NO 284 MOSHI DEHURASTA MOSHI PUNE ,",9552599491,27,490,"100001,100002,100004,100005,100006,100008,100010,100011,100012,100014,100015,100016,100017,100018,100019,100020,100022,100023,100026",2026-01-27 15:19:46,18.680175,73.849981,PMJAY
HOSP27P26146835,146835,Hospital,P,KRISHNA HOSPITAL,"mehkar,",7620811022,27,472,"100002,100004,100005,100026",2026-03-09 15:40:54,20.1508040000001,76.5685980000001,PMJAY
HOSP27P26146839,146839,Hospital,P,Loknete Rajaram Bapu Patil Ayurvedic Hospital  Research Center ,"a/P- Islampur ,",9527942010,27,493,"100004,100005,100006,100011,100012,100014,100015,100019,100020,100023",2026-01-27 14:08:19,17.031774379166748,74.2926289075819,PMJAY
HOSP27P26147012,147012,Hospital,P,Neral Multispeciality Hospital,"Second floor laxmi icon buildin, near sai mandir chawk, Dhamote, Neral,",9767670293,27,491,"100005,100006,100012,100015,100023",2026-01-16 17:12:50,19.033012,73.325503,PMJAY
HOSP27G25147295,147295,Hospital,G,DR DWARKANATH KOTNIS ISOLATION HOSPITAL,"702/703 B WARD NEHRU NAGAR KOLHAPUR,",9421924136,27,480,100005,2025-12-30 10:16:05,16.67641,74.2321590000001,PMJAY
HOSP23P25147613,147613,Hospital,P,ASHTA APOLLO HOSPITAL,"OLD BHOPAL INDORE ROAD RELINCE PETROL PUMP ASHTA ,",9893921135,23,427,"100004,100005,100006,100015,100020,100023",2025-12-22 11:16:06,22.88012092965498,76.71821336441639,PMJAY
HOSP27P26147674,147674,Hospital,P,NAYANTARA NURSING HOME,"Nayantara Nursing Home,Gulmohor Colony,South Shivaji Nagar",9421222259,27,493,100013,2026-01-21 16:49:46,16.849836,74.5799640000001,PMJAY
HOSP27P26148355,148355,Hospital,P,PUSHPALATA D Y PATIL HOSPITAL ,"Sr. No. 124  126, A/P Ambi, D Y Patil Campus, MIDC Road, Tal, Maval, Talegaon Dabhade, Maharashtra 4,",8692899799,27,490,"100001,100002,100003,100004,100005,100006,100007,100008,100009,100010,100011,100012,100013,100014,100015,100016,100017,100018,100019,100020,100022,100023,100026,100027",2026-01-27 13:48:12,18.756849,73.668681,PMJAY
HOSP27P26148485,148485,Hospital,P,VIRANSH CRITICARE HOSPITAL,"Plot No 21, Next To ITM Hostel  Oppo Adhiraj Garden Sec 5 Kharghar Navi Mumbai,",9930693989,27,491,"100002,100004,100005,100006,100007,100008,100011,100012,100013,100015,100017,100018,100020,100023",2026-01-16 18:56:53,19.036657,73.06095,PMJAY
HOSP3P26148778,148778,Hospital,P,LONGIA EYE HOSPITAL,"54, near Income Tax Office, Guru Nanak Colony, Rajpura, Punjab 140401, ",9357770999,3,41,100013,2026-04-22 17:19:33,30.4788820000001,76.5888820000001,PMJAY
HOSP23G25148860,148860,Hospital,G,PHC PATAI,"PATAI,",9981873800,23,407,"100005,100012,100017",2025-07-28 17:33:11,25.8894300000001,77.906999,PMJAY
HOSP7P25148867,148867,Hospital,P,KONARC HOSPITAL,"9A/1, NARESH PARK NANGLOI DELHI 41,main najafgarh road",7836016856,7,85,"100005,100006,100012,100013,100015",2025-09-16 14:49:07,28.6696613,77.0568756,PMJAY
HOSP27P26148914,148914,Hospital,P,Anuradha Superspeciality Eye Hospital LLP,"100 Feet road Gandhi Colony Vishrambag Sangli,",9423809170,27,493,100013,2026-01-31 16:41:21,16.846074,74.590830,PMJAY
HOSP7P25148933,148933,Hospital,P,GOYAL HOSPITAL UROLOGY CENTRE ,"E 4/8 KRISHNA NAGAR DELHI,Krishna Nagar",9811101454,7,671,"100004,100005,100006,100012,100014,100015,100019,100023",2026-06-15 13:48:02,28.658708,77.283236,PMJAY
HOSP1P48968,148968,Hospital,P,IBN SINA HOSPITAL,"Near Railway Station Ompora Budgam,",9149606115,1,2,,2018-11-10 21:51:49,34.036300,74.735531,PMJAY
HOSP9P25148975,148975,Hospital,P,SAVITRI HOSPITAL AND RESEARCH CENTRE A UNIT OF SAVITRI DEVI HEALTHCARE PVT LTD,"DILEZAKPUR , NEAR VIJAY CHOWK",9415245598,9,148,"100002,100005,100006,100015,100023",2025-07-31 18:02:36,26.756093,83.367668,PMJAY
HOSP27P26149116,149116,Hospital,P,K AND R NURSING CENTRE PVT LTD SUNRISE HOSPITAL,"517, A/1, Plot No.70, E-Ward, Near Hotel K-Tree, Shivaji Park, Kolhapur  416001.,",9921792969,27,480,"100002,100003,100005,100006,100007,100008,100015,100020,100022,100023,100028",2026-06-30 18:43:19,16.703625,74.248483,PMJAY
HOSP5P25149813,149813,Hospital,P,ANITA MEMORIAL NURSING HOME,"Chaithi mandir road, kashipur ,",9760045717,5,56,"100004,100005,100006,100010,100012,100015,100017,100020,100026",2025-11-22 12:23:49,29.198996,78.979619,PMJAY
HOSP19P25149857,149857,Hospital,P,Narayana Superspeciality Hospital,"120/1 Andul Road Howrah, ",9674297145,19,313,,2025-07-10 11:39:23,22.56263799999995,88.30804100000012,PMJAY
HOSP27P26150584,150584,Hospital,P,AURANGABAD CHIKALTHANA LIONS EYE HOSPITAL,"Plot No-216, Near Radhakrishna Mandir, N-1 CIDCO, Chh. Sambhajinagar-431003,",9637666444,27,469,100013,2026-01-13 16:27:08,19.890907,75.36114,PMJAY
HOSP21P25150879,150879,Hospital,P,SWARAJ HOSPITAL AND RESEARCH INSTITUTE,"JYOTI NAGAR PATNAGARH ROAD BABANGIR -767002,",9178533335,21,345,"100002,100004,100005,100006,100010,100011,100012,100013,100014,100015,100016,100017,100020",2025-10-25 16:50:14,20.714470,83.447813,PMJAY
HOSP9P26150975,150975,Hospital,P,SPM HOSPITAL RESEARCH AND TRAUMA CENTRE,"C-46-50 ,kalyanpur",8090001634,9,157,"100006,100010,100011,100012,100013,100014,100015,100016,100017,100020",2026-03-06 18:04:12,26.501094,80.257566,PMJAY
HOSP27P26151346,151346,Hospital,P,VIGHNAHARTA MULTISPECIALITY HOSPITAL,"infront of punjab national bank,warulwadi,junnar,",7798820695,27,490,"100002,100005,100010,100017,100023",2026-01-28 12:26:03,19.1197780000001,73.9749340000001,PMJAY
HOSP23G25152430,152430,Hospital,G,Primary health center ojhar,"PHC Ojhar teh rajpur ,main road",8871953381,23,393,"100005,100012,100017",2025-08-04 18:21:09,21.821368463315196,75.21674981387866,PMJAY
HOSP27P26152512,152512,Hospital,P,ANJALI HOSPITAL,"ANJALI HOSPITAL DANDEKAR NAGAR PIMPRALA,",8408084040,27,478,100017,2026-04-28 17:04:00,21.012395,75.537231,PMJAY
HOSP7P26152725,152725,Daycare Centre,P,BHARTI EYE FOUNDATION ,"1/3 EAST PATEL NAGAR NEW DELHI , ",9810060477,7,85,100013,2026-02-03 14:58:28,28.64776098495254,77.17670987578305,PMJAY
HOSP9P26152886,152886,Hospital,P,Alfa Health Care,"Khasra no.- 273, Salarpur, Jalalpur, Rajpura, Mawana Road, Meerut,",9634606501,9,169,"100005,100006,100011,100012,100015,100016,100018,100019,100023",2026-05-06 13:45:03,29.017937,77.761782,PMJAY
HOSP27G25154174,154174,Hospital,G,Popatkhed,"Popatkhed,",8308033206,27,467,"100005,100006,100010,100012,100026",2025-12-30 13:08:21,21.2058,77.0752,PMJAY
HOSP27G26154235,154235,Hospital,G,POHEGAON BK,"PHC Pohegaon Near Sub Station,",9518913665,27,466,"100005,100012",2026-01-17 13:50:39,19.818356,74.397968,PMJAY
HOSP19P25154315,154315,Hospital,P,CITIZEN HOSPITAL,"MARKET STREET, SECTOR-2B, BIDHANNAGAR,",9800897855,19,704,"100001,100002,100003,100004,100005,100006,100008,100010,100011,100012,100015,100016,100017,100018,100019,100020,100023",2025-12-12 18:30:48,23.513375789086794,87.35168586426568,PMJAY
HOSP27P26154396,154396,Hospital,P,Dr. Todkar Hospital,"8/1 Mangalwar Peth,",9823390505,27,490,"100001,100002,100003,100004,100005,100006,100008,100009,100010,100011,100012,100013,100014,100015,100016,100017,100018,100019,100020,100022,100023,100026,100027",2026-01-20 10:35:07,18.522915760568495,73.86383745440455,PMJAY
HOSP9P25155164,155164,Hospital,P,NEW CITY HOSPITAL,"BEESA COLONY ROAD, BHOOR, BULANDSHAHR, ",9454324199,9,134,,2025-09-30 19:22:56,28.405565,77.846281,PMJAY
HOSP1G55326,155326,Medical College Hospital,G,SKIMS srinagar,"Soura,Main Chowk Soura",9419415374,1,13,"100001,100002,100003,100004,100005,100006,100007,100008,100009,100010,100011,100012,100013,100014,100015,100016,100017,100018,100019,100020,100021,100022,100023,100026,100028",2018-10-25 21:04:34,34.13578261607925,74.80037154115406,PMJAY
HOSP9P25155555,155555,Hospital,P,ASTHA HOSPITAL,"KANDHALA ROAD,KANDHALA ROAD, BUDHANA",8006001314,9,172,"100005,100006,100012,100015,100023",2025-06-20 13:50:50,29.2895300000001,77.4680700000001,PMJAY
HOSP24G25155781,155781,Hospital,G,ESIC HOSPITAL VAPI,"NEAR KBS COLLEGE ,SILVASSA ROAD, CHANOD,",7863861273,24,462,100005,2025-06-10 13:26:38,20.3616930000001,72.919742,PMJAY
HOSP1P55897,155897,Clinic,P,JAMMU CITY ONCOLOGY CLINIC WITH INTERVENTIONS,129 garden avenue,7051179908,1,5,100008,2018-11-24 08:15:27,32.72869,74.84125,PMJAY
HOSP23G26156095,156095,Hospital,G,PHC Julwania,"PHC Julwania,",9893518268,23,393,"100005,100012,100017",2026-02-17 14:49:53,21.857759,75.137193,PMJAY
HOSP1P56595,156595,Hospital,P,GUPTA HOSPITAL AND RESEARCH CENTRE,"Gupta Hospital and Research Centre,",9419150250,1,7,"100002,100005,100006,100013,100015,100023",2018-11-24 08:08:45,32.37341,75.5330740000001,PMJAY
HOSP7P25156708,156708,Daycare Centre,P,SARDANA EYE INSTITUTE ,"a-2/19rajouri garden, ",9650533933,7,85,100013,2025-09-17 14:10:17,28.6430740000001,77.124982,PMJAY
HOSP9P25156852,156852,Medical College Hospital,P,SHRI SIDDHI VINAYAK MEDICAL COLLEGE AND HOSPITAL,"VILL BHAWANIPUR CHANDUSI ROAD SAMBHAL,",9927723456,9,659,"100005,100006,100010,100012,100013,100015,100016,100017,100023",2025-05-19 16:52:00,28.564029,78.640962,PMJAY
HOSP9P25157235,157235,Standalone Dialysis Centre,P,DCDC HEALTH SERVICES PVT LTD,"Upper Ground Floor And First Floor Buddh Vihar,  coi al, Taramandal, Gorakhpur, Uttar Pradesh 273017,",8506080484,9,148,100005,2025-11-18 15:27:17,26.733603604444454,83.38167192439374,PMJAY
HOSP7P25157417,157417,Standalone Dialysis Centre,P,DCDC Health Services Pvt Ltd,"451 Oppo. New Taneja Dairy  Jheel Khuranja Krishna Nagar East Delhi -110051 Delhi,",8506080484,7,78,100005,2025-07-21 16:20:45,28.657900,77.273467,PMJAY
HOSP27P26157890,157890,Daycare Centre,P,APEX KIDENY CARE CENTER VASHI,"HOPE AND CARE SANPADA STATION RD NEAR VASHI NEXT TO KESHAV KUNJ 1 BULDING ROAD 41/1, SECTOR 30A VASH,",7400095935,27,497,100005,2026-01-17 10:55:58,19.066831,73.006111,PMJAY
HOSP21P25157928,157928,Hospital,P,BHOOMIKA EYE INSTITUTE,"AT-PLOT NO-165/3812,KORADAKANTA,BHUBANESWAR, DIST-KHORDHA, ",9437230884,21,362,100013,2025-06-30 17:54:11,20.283504684727887,85.8727441671933,PMJAY
HOSP27P26157960,157960,Hospital,P,SHELAR HOSPITAL,"TULSI PRERNA CHS, PLOT NO 9, SEC 01,KHANDA COLONY, NEW PANVEL",8369525425,27,491,"100002,100005,100006,100015",2026-01-08 16:17:08,19.009108,73.108989,PMJAY
HOSP7G25158000,158000,Hospital,G,Bhagwan Mahavir Hospital Pitampura,"H5 Pitampura Delhi,",9810136384,7,796,"100004,100005,100006,100010,100012,100013,100015,100016,100017",2025-05-12 15:44:21,28.687939,77.117629,PMJAY
HOSP22P26158051,158051,Hospital,P,Shivpuri Multispecility Hospital Bhatapara,"Sant Mata Karma Ward,",9424107673,22,644,"100006,100012,100015",2026-06-04 10:48:39,21.745101,81.948079,PMJAY
HOSP9P26158422,158422,Hospital,P,KAITH HOSPITAL,"415/A, MAIN ROAD CHIPIYANA BUJURG, GREEN ENCLAVE COLONY,",9810220103,9,144,"100005,100006,100010,100012,100015,100017,100020",2026-05-29 14:52:18,28.6524630000001,77.4194100000001,PMJAY
HOSP27P26158431,158431,Hospital,P,AKSHAY CHILDRENS HOSPITAL AND MATERNITY HOME,"NEAR COSMIC HOUSING SOCIETY, BALIKASHRAM ROAD,",9511110444,27,466,100017,2026-01-16 11:39:36,19.11627,74.7274640000001,PMJAY
HOSP9P25158686,158686,Hospital,P,VIMALA HOSPITAL ,"BHIKHARIPUR RAJATALAB VARANASI ,",9454804117,9,187,"100001,100004,100005,100006,100012,100015,100020,100023",2025-05-19 17:59:34,25.25833555290761,82.8315800621782,PMJAY
HOSP27P26158732,158732,Hospital,P,ALLIANCE HOSPITAL,"Alliance Multispeciality Behind Suraj Gas Godown Chandur Road,Musale Mala",8805208713,27,480,"100002,100003,100005,100013,100023",2026-01-21 15:38:45,16.684,74.4532,PMJAY
HOSP23P26158758,158758,Hospital,P,GAVLI HOSPITAL,"Ward-7, Chourasiya Colony near Bhopal Highway, Kurawar,",9078673750,23,422,"100005,100015",2026-05-07 19:48:21,23.506496,77.0213410000001,PMJAY
HOSP10P25159284,159284,Hospital,P,WELLS HOSPITAL PVT LTD,"B/136 HOUSING COLONY NEAR KANKARBAGH TEMPU STAND BEHIND V MART PATNA ,B/136 HOUSING COLONY NEAR KANKARBAGH TEMPU STAND BEHIND V MART PATNA ",9835456662,10,212,"100001,100002,100005,100006,100008,100011,100014,100015,100019,100023",2025-06-25 17:48:24,25.594304,85.1481450000001,PMJAY
HOSP6P25159452,159452,Hospital,P,NIDAAN ENT CANCER HEAD AND NECK OBS AND GYNAE HOSPITAL,"11 Improvement Trust complex Next to Shivam Bike Showroom, Near Ambedkar Chowk Rohtak, ",8929606489,6,73,100016,2025-07-16 15:41:10,28.90771267701554,76.56307284106487,PMJAY
HOSP1P59551,159551,Hospital,P,KLSM Rotary Eye and ENT Hospital,"Phase-I, Housing colony,Phase-I, Housing colony, Housing Colony",9419161088,1,14,"100013,100016",2018-11-03 17:13:37,32.9339903,75.1418763,PMJAY
HOSP9P25159849,159849,Hospital,P,SHIVA HOSPITAL,"PURSENI, RAEBARELI ROAD, LUCKNOW,",9502695735,9,162,"100002,100004,100005,100006,100008,100011,100012,100013,100015,100016,100020,100022,100023,100026",2025-08-18 18:59:41,26.718101,80.967266,PMJAY
HOSP21P25159872,159872,Hospital,P,SANJIVANI HOSPITAL,"SIRIA BAGICHA ,EKATALI BYPASS ROAD JHARSUGUDA ,",9437056666,21,357,"100001,100002,100005,100006,100008,100010,100012,100015,100016,100017,100018,100019,100020,100023",2025-07-21 16:59:34,21.852260140518013,84.00048736175779,PMJAY
HOSP21P26160028,160028,Hospital,P,SASHI BHUSAN MEMORIAL HOSPITAL PVT LTD,"BALIKUDA, GOPALPUR,",8763227312,21,350,"100004,100005,100006,100008,100011,100012,100014,100015,100016,100017,100018,100019,100020,100022,100023",2026-04-29 12:48:50,20.430646,85.874581,PMJAY
HOSP6P25160400,160400,Hospital,P,SUVIDHA HOSPITAL,"SCO NO 164-166,SECTOR-3,HUDA,FATEHABAD,",9872218509,6,61,,2025-09-05 15:56:23,29.504659755773503,75.47490033732333,PMJAY
HOSP23G25160591,160591,Daycare Centre,G,PHC Gopalpur,"PHC Gopalpur,",7471103478,23,427,100005,2025-07-09 15:04:42,22.649154,77.096016,PMJAY
HOSP23P26161327,161327,Hospital,P,SHRIRAM MULTI SPECIALITY HOSPITAL ,"Main Road Adarsh Colony Katni,",9685124244,23,413,,2026-01-06 15:56:31,23.84066368811999,80.38930229548328,PMJAY
HOSP9P26161345,161345,Hospital,P,sushila hospital and research center,"184, DREAM LAND COLONY, STATION ROAD,",9412878578,9,139,"100010,100012,100017",2026-07-07 12:15:41,26.784769,79.021451,PMJAY
HOSP27P26161691,161691,Hospital,P,PRIMUS MULTISPECIALITY HOSPITAL,"PASAYADAN COMPLEX NEWASA PHATA,",7798482003,27,466,"100005,100015",2026-01-12 10:38:31,19.5515760000001,74.927261,PMJAY
HOSP27P26161699,161699,Hospital,P,KALPADEEP HOSPITAL,"NEAR JAKAT NAKA , DAHANU EAST,",9890360032,27,665,100005,2026-01-07 15:54:54,19.914275,72.938254,PMJAY
HOSP1P61829,161829,Hospital,P,St Joseph Hospital,"Opposite  Baramulla post office,Opposite  Baramulla Post Office",9560204193,1,3,"100005,100006,100013,100016",2022-07-12 14:43:09,34.2036340000001,74.3522530000001,PMJAY
HOSP5P26161869,161869,Hospital,P,ANANT NURSING HOME,"lalchandwala road, gordhanpur, khanpur,",6395601167,5,50,"100004,100005,100006,100012,100015,100026",2026-04-22 15:54:54,29.698302,77.995611,PMJAY
HOSP19P25162141,162141,Hospital,P,HOPE  AND HEAL CANCER HOSPITAL AND RESEARCH CENTER PVT. LTD,"Jatiakhali, Fulbari, Binnaguri, West Bengal,",8106572241,19,314,"100004,100006,100008,100021,100022,100027",2025-11-07 15:11:44,26.629106,88.4414540000001,PMJAY
HOSP27P26162794,162794,Hospital,P,SAI HOSPITAL,"471-3,Shaniwar Peth, National Highway  Karad",9765787700,27,494,"100015,100020",2026-01-08 16:19:24,17.275885726861958,74.17729485374127,PMJAY
HOSP27P26162912,162912,Hospital,P,JIVANREKHA MULTISPECIALTY HOSPITAL,"Sr No 28, Prabhu Complex, Old Mumbai Pune Highway, Pune 412101,",9028541074,27,490,"100004,100005,100006,100008,100011,100012,100014,100015,100016,100017,100018,100019,100020,100022,100023,100026",2026-01-27 15:37:27,18.681681,73.730380,PMJAY
HOSP23P25163119,163119,Hospital,P,ASG HOSPITAL PVT LTD,"PLOT NO.33, 38/3, 38/4 ,SHEET NO.122, SHREE GIRIRAJ COMPLEX,, ENGLISHPURA ",8875044337,23,427,100013,2025-12-26 16:51:47,23.2040660000001,77.0914490000001,PMJAY
HOSP21P25164187,164187,Hospital,P,SRUSTI HOSPITAL,"PLOT NO- 09 RING ROAD KATHAGOLA MANGALABAG CUTTACK-753001 ,",9437040988,21,350,"100001,100004,100005,100006,100008,100010,100011,100012,100014,100015,100016,100017,100018,100019,100020,100022,100023,100026",2025-05-19 17:49:03,20.4751430000001,85.8753790000001,PMJAY
HOSP7P26164211,164211,Hospital,P,Mansaram Hospital Private Limited,"B-5, Aman Puri Extension, Main Najafgarh Road, Nangloi, New Delhi,",9811761676,7,85,"100005,100006,100012,100015,100016,100017,100023",2026-05-27 13:05:13,28.672245,77.058945,PMJAY
HOSP27P25164244,164244,Hospital,P,MPCT HOSPITAL,"PLOT NO 7 SECT 4 SANPADA NAVI MUMBAI,",8369466580,27,497,"100002,100003,100005,100007,100021",2025-12-08 13:21:44,19.063152,73.012434,PMJAY
HOSP7P25164807,164807,Hospital,P,NULIFE MULTI SPECIALITY HOSPITAL,"1616, OUTRAM LANE, GTB NAGAR, DELHI-09,",8587883216,7,80,"100002,100004,100005,100006,100010,100011,100012,100015,100016,100017,100020,100023",2026-08-21 16:46:19,28.701241,77.205889,PMJAY
HOSP5P25165189,165189,Hospital,P,COMPLETE MEDICAL INSTITUTE,"Peeth Bazar, Jawalapur, Haridwar,",9897101334,5,50,"100005,100006",2025-12-30 15:56:09,29.9226650000001,78.1114900000001,PMJAY
HOSP9P25165233,165233,Hospital,P,Kamla Multispeciality Hospital,"151/38 Anukool Chand Banargee Marg Tagore Town,",9795843051,9,120,"100002,100004,100005,100006,100009,100011,100012,100015,100016,100020,100022,100023,100026",2025-11-06 15:26:04,25.452792,81.864027,PMJAY
HOSP27P26165283,165283,Hospital,P,ASHTVINAYAK HOSPITALS PVT LTD,"P21, MIDC RESIDENTIAL ZONE MOHOPADA RASAYANI,",9819194395,27,491,"100001,100002,100003,100004,100005,100006,100007,100008,100011,100012,100014,100015,100017,100019,100020,100022,100023,100026",2026-01-23 17:25:02,18.8967270000001,73.184739,PMJAY
HOSP23P25165550,165550,Hospital,P,PARIVAR SUPER SPECIALITY HOSPITAL AND RESEARCH CENTRE,"DUSSERA GARDEN NEAR MANDRE WALI MATA TEMPLE HOSPITAL ROAD AAMKHO GWALIOR MADHYA PRADESH,",9826219199,23,407,"100002,100003,100023",2025-12-26 15:04:57,26.195473,78.162271,PMJAY
HOSP27G25165900,165900,Hospital,G,Khamgaon,"At Post Khamgaon Tal Mhasala,At Post Khamgaon Tal Mhasala",9834560620,27,491,"100001,100005,100012,100013,100026",2025-12-30 12:48:31,18.110242615632117,73.24528239287622,PMJAY
HOSP27P26166161,166161,Hospital,P,ACCIDENT FRACTURE AND BACK PAIN CLINIC,"KASTURBA ROAD, HOSPITAL WARD, BEHIND GOVT. HOSPITAL CHANDRAPUR,",9823111451,27,473,,2026-04-28 16:57:13,19.9555760000001,79.2966520000001,PMJAY
HOSP5P25166378,166378,Hospital,P,SHARDA SURGICAL AND UROLOGY CENTRE,"7 Inder road, Dalanwala, Dehradun- 248001 (UK), ",9837042015,5,49,,2025-11-04 15:54:07,30.315318,78.0511890000001,PMJAY
HOSP7P25166482,166482,Hospital,P,Eskag Sanjeevani Dashrathpuri Dialysis Center,"A47, Dabri - Palam Rd, Vaishali Colony, Dashrath Puri, Delhi, 110045,",9831963162,7,84,100005,2026-07-08 14:24:26,28.605601,77.081665,PMJAY
HOSP3P26166510,166510,Daycare Centre,P,Netra Prakash Eye Centre,"GURUDWARA DUKHNIWARAN SAHIB-RAILWAY STATION ROAD, PATIALA,Tripuri",8968053313,3,41,100013,2026-05-22 12:05:18,30.334523,76.385874,PMJAY
HOSP27P26166678,166678,Hospital,P,Dixit Superspeciality Hospital ,"Arjun Tower. Bimba Gate Road, Near Dr AmbedkarSquare,",9028295965,27,473,"100005,100006,100011,100015,100020,100023",2026-01-24 15:19:46,19.958474413092816,79.29770529101552,PMJAY
HOSP24P26167315,167315,Hospital,P,NAKUM HOSPITAL ICU AND DIABETES CENTRE,"703/704,7TH FLOOR PRAMUKH DOCTOR HOUSE PUNA MAGOB SURAT 395010,",9638000119,24,459,100005,2026-07-29 12:36:54,21.191601,72.862301,PMJAY
HOSP27P26167486,167486,Hospital,P,MIRACLE MEDICINE AND BEYOND,"Commercial complex, A101-110, first floor, Nandanvan Complex, old Mumbai Pune highway, panvel,",7208791603,27,491,"100005,100006,100012,100015,100017,100020,100022,100023,100026",2026-01-24 13:27:16,18.9969207949825,73.11176774091408,PMJAY
HOSP23P26167635,167635,Hospital,P,Sai Samarth hospital and research center ,"Near Essar petrol pump Sanawad Road Khargone, ",9425022860,23,414,,2026-01-02 14:21:21,21.8220190000001,75.6098200000001,PMJAY
HOSP27P26167976,167976,Hospital,P,vighnaharta Hospital,"kalyan- Ahilyanagar Highway Alephata,",9766999474,27,490,,2026-01-29 11:31:35,19.183953,74.096184,PMJAY
HOSP3P25168511,168511,Hospital,P,Aastha hosital ,"pattan road nurpur bedi ,",8427333443,3,42,"100005,100006,100011,100012,100015,100020,100023",2025-11-17 14:30:49,31.168600,76.476566,PMJAY
HOSP6P25169315,169315,Hospital,P,ONELIFE HOSPITAL AND TRAUMA CENTRE,"D S  TOWER  SANOLI ROAD PANIPAT ,",9053524452,6,71,"100001,100005,100006,100010,100011,100012,100015,100017,100020,100023",2025-07-16 15:46:14,29.389104,76.990612,PMJAY
HOSP9P25169835,169835,Hospital,P,PUSHPANJALI HOSPITAL,"HANUMAN MANDIR ROAD, BETIAHATA, GORAKHPUR,",9519345511,9,148,,2025-11-28 17:48:32,26.737030,83.365648,PMJAY
HOSP9P25169836,169836,Hospital,P,PRAYAS HEALTHCARE,"100 FITA ROAD. TULA SHERPUR,100 FITA ROAD",9897155455,9,130,,2025-12-19 13:58:30,28.387586,79.450206,PMJAY
HOSP23P25170060,170060,Hospital,P,Divya Advanced ENT Clinic,"E7/278 ARERA COLONY,Arera Colony",9425014427,23,396,100016,2025-12-31 15:29:08,23.20957446478917,77.43569646473702,PMJAY
HOSP27P26170517,170517,Hospital,P,RATHOD HOSPITAL AND NAVJEEVAN MULTISPECIALITY ,"CHOPDE LAYOUT, SANGAM SQURE BULDHANA,",8888120777,27,472,"100004,100005,100006,100012,100015,100020,100026",2026-01-14 13:07:02,20.5332280000001,76.175644,PMJAY
HOSP27G26170537,170537,Hospital,G,KURLAP,"kurlap, Kurlap",8806686226,27,493,"100001,100004,100005,100006,100010,100012,100017,100026",2026-03-17 10:31:37,16.95271,74.20681,PMJAY
HOSP3P25171468,171468,Hospital,P,SMT JAMNA DEVI MEMORIAL BALAJI HEALTH CENTRE ,"CANTT ROAD , NEAR SANJEEV PALACE FAZILKA,",7009822755,3,651,"100006,100015,100023",2025-08-16 08:36:21,30.407220,74.027185,PMJAY
HOSP27P26171557,171557,Hospital,P,Gadakh Children Hospital,"Muthe layout behind bus stand buldana,",9594971057,27,472,"100010,100017",2026-01-14 12:07:21,20.53882796766125,76.18439873022271,PMJAY
HOSP27P26171559,171559,Hospital,P,lambodar hospital,"x-278,mahavir chowk,pandharpur,waluj-MIDC,",9503517963,27,469,"100005,100006,100015,100023,100026",2026-01-09 14:55:06,19.840511,75.2349740000001,PMJAY
HOSP9P26171808,171808,Hospital,P,Pratik hospital,"n7/1DK, Pratik hospital,dlw bhu road, bhikharipur",9839185580,9,187,100006,2026-01-10 17:21:32,25.283831,82.969952,PMJAY
HOSP27G25172065,172065,Hospital,G, BELANKI,"Rural Hospital Belanki Near New Bus Stand Belanki,",9623819823,27,493,"100005,100012,100013",2025-12-30 10:58:51,16.8613510000001,74.869177,PMJAY
HOSP10P25172101,172101,Hospital,P,HTS CHILD HOSPITAL AND RESEARCH CENTRE PVT LTD,"L-39, ADARSH COLONY, KIDWAIPURI,",9431020134,10,212,"100010,100017",2025-05-09 17:01:48,25.617704,85.1375544,PMJAY
HOSP27P26172861,172861,Hospital,P,VARUNAM SUPERSPECIALTY HOSPITAL,"Varunam superspecialty hospital, ",9890955233,27,484,"100001,100004,100005,100006,100011,100015,100019,100020,100023,100026",2026-02-06 11:58:32,21.1337750000001,79.0746790000001,PMJAY
HOSP27P26173293,173293,Hospital,P,DR ANIL KULKARNI EYE HOSPITAL MIRAJ,"2/20,21,Hiremath plots near vantamure corner Sangli road miraj,",9822058204,27,493,100013,2026-01-08 11:24:31,16.846907,74.737828,PMJAY
HOSP9P25173562,173562,Hospital,P,RAJ HOSPITAL,"H.NO. 3/4381, MOUJA KHANALAMPURA DAR ABADI BAJORIA ROAD, OPP SAHARANPUR CLUB DISTT SAHARANPUR,",9813137412,9,177,,2025-02-27 17:07:04,29.971613,77.545516,PMJAY
HOSP9P25173613,173613,Hospital,P,VANI MEDICARE,"173 SADI TETARI BAZAR NAUGARH SIDDHARTHNAGAR UP 272207,",9648003000,9,182,100013,2025-11-10 18:30:14,27.281149,83.0686940000001,PMJAY
HOSP9P26173697,173697,Hospital,P,DR VIMLA GUPTA MEMORIAL HOSPITAL,73 ANANDPURI,9473910707,9,157,"100005,100006,100012,100015,100016",2026-06-29 19:25:08,26.46774889489741,80.30044320615173,PMJAY
HOSP3P25174970,174970,Hospital,P,Arora hospital ,"MAIN ROAD CHHEDATA ,",7087770778,3,27,"100002,100005,100006,100015,100023",2025-11-18 11:16:50,31.627728,74.783417,PMJAY
HOSP3P25175171,175171,Hospital,P,NANDA HOSPITAL,"VPO VERKA Batala Road Amritsar,",9876090471,3,27,"100002,100005,100006,100015,100023",2025-11-17 13:22:55,31.67099053154037,74.94257038686709,PMJAY
HOSP27P26175557,175557,Hospital,P,SUSHRUT MULTISPECIALITY HOSPITAL,"ALIPUR ROAD SHIVAJI NAGAR BARSHI,",7350476475,27,496,,2026-01-20 16:22:22,18.229688,75.679956,PMJAY
HOSP23P25175803,175803,Hospital,P,KAIWALY HOSPITAL,"02 RANIBAG INDORE Indore Block INDORE,",9617589291,23,410,"100015,100019,100023",2025-12-22 16:35:40,22.673546,75.8800360000001,PMJAY
HOSP9P26175869,175869,Hospital,P,PRAKASH EYE CARE CENTER KANPUR,"149 BOODH PUR MACHARIYA KANPUR NAGAR,",7652019432,9,157,100013,2026-03-09 16:20:30,26.443863,80.348467,PMJAY
HOSP27P26175973,175973,Hospital,P,NIKOP HOSPITAL PHALTAN,"RING ROAD LAXIMINAGAR PHALTAN,",9822037374,27,494,"100001,100002,100004,100005,100006,100007,100008,100011,100012,100014,100015,100019,100020,100021,100022,100023,100026",2026-01-17 16:31:50,17.9838960000001,74.4350690000001,PMJAY
HOSP27P26176151,176151,Hospital,P,SHRIDHA HOSPITAL,"Ajni Chowk, Samarth Nagar East, Nagpur,",9049905544,27,484,,2026-02-05 10:55:38,21.117202,79.072232,PMJAY
HOSP6P25176919,176919,Hospital,P,SIWATCH MATERNITY AND SURGICAL HOSPITAL,"BHATTU ROAD FATEHBAD,",9466092468,6,61,"100006,100012",2025-06-19 16:32:47,29.515766,75.447327,PMJAY
HOSP27P26176964,176964,Hospital,P,YEMUL ORTHOPAEDIC CENTRE,"Plot no. 16 /17 Behind Punjal Ground,Akkalkot Road, Near Water Tank",9922111152,27,496,"100004,100015,100020,100023",2026-01-09 10:57:40,17.676021000000006,75.91798499999999,PMJAY
HOSP6P25177257,177257,Hospital,P,PULSE HOSPITAL,"pulse hospital, nahar road kosli",9992697898,6,72,"100005,100006,100015,100023",2025-09-05 17:37:02,28.411371000000017,76.45712100000003,PMJAY
HOSP27P26177356,177356,Hospital,P,Shree Ramkrishna Netralaya,"1st floor , unit 1-4, Dosti Imperia Shopee Ghodbunder Road, Manpada,",9076058001,27,497,100013,2026-06-15 20:30:28,19.232284,72.975547,PMJAY
HOSP5P25177377,177377,Hospital,P,AAYUSHMAN MULTISPECIALITY HOSPITAL KASHIPUR,"Kashipur,",8700800036,5,56,"100004,100005,100006,100012,100013,100014,100015,100020",2025-11-04 12:02:23,29.206466,78.982694,PMJAY
HOSP9P25177737,177737,Hospital,P,CHANDRA KUSUM HOSPITAL,"14/33LULIPURVA,shukla ganj unnao",9839405894,9,186,"100005,100006",2025-12-08 18:40:52,26.180826,80.735938,PMJAY
HOSP27P26178009,178009,Hospital,P,MGM HOSPITAL PVT LTD.MANAGED BYB MODANOMICS AGRO PRODUCTS,"KALYAN SHILL ROAD,NEAR KATAI TOLL PLAZA,OPP.MAULI TALAW ,NILJE ,DOMBIVALI ( E),",7400165737,27,497,"100005,100006,100008,100012,100015,100017,100019,100020,100022,100023,100026",2026-04-06 12:43:54,19.1613873,73.075933,PMJAY
HOSP23G25178123,178123,Hospital,G,Phc bhagora ,"Bhagora,",8839177560,23,410,100005,2025-10-08 15:30:04,22.524683,75.8171110000001,PMJAY
HOSP10P25179111,179111,Hospital,P,chennai eye hospital,"devraj plaza paharpur more police colony anishabad patna 800002,",7979915609,10,212,100013,2025-07-15 17:56:10,25.583160,85.091645,PMJAY
HOSP27P26179367,179367,Hospital,P,Orchid Hospital,"2121, Kodoli Housing Society(East), Near Water Tank.,",9049003535,27,480,"100005,100006,100015,100023",2026-01-18 12:10:11,16.872246,74.193525,PMJAY
HOSP3P25179379,179379,Hospital,P,DMC HOSPITAL AND TRAUMA CENTRE,"57- SHAHEED UDHAM SINGH NAGAR, OPPOSITE TV CENTRE, JALANDHAR,57- SHAHEED UDHAM SINGH NAGAR, OPPOSITE TV CENTRE, JALANDHAR",9814060900,3,34,"100005,100006,100013,100015",2025-11-17 12:59:09,31.32,75.57,PMJAY
HOSP32P25179470,179470,Hospital,P,V TRUST HEALTH CARE LLP,"EDEN SQUARE, MAIN ROAD, KOYILANDI P.O,  KOZHIKODE,",9633040606,32,561,100013,2025-10-25 15:08:54,11.443632,75.686863,PMJAY
HOSP23P26179607,179607,Hospital,P,GOYAL HOSPITAL,"ea 154, scheme no. 94,opposite bharat petrol pump",7354680808,23,410,100015,2026-01-09 16:42:14,22.76400790000035,75.90730559999918,PMJAY
HOSP27P26179727,179727,Hospital,P,RAJAS HOSPITAL PVT LTD,"CTS No.7041, rajas hospital,Ring Road, Jilha Peth, Opp Mahesh Pragati Hall,",9423185991,27,478,"100015,100019,100020",2026-01-16 18:15:02,21.004495,75.557059,PMJAY
HOSP27P26179935,179935,Hospital,P,Runwal Accident and Maternity Hospital,"305, Priyadarshani Colony, Near BJP Office, Sambhaji Nagar, Jalna,",9421424411,27,479,"100012,100015,100020",2026-01-17 11:55:53,19.849912,75.889440,PMJAY
HOSP6G25180117,180117,Hospital,G,Primary Health Centre,"Village,Dhurala,Kurukshetra,",8053729295,6,68,100005,2025-02-24 15:05:27,30.03,76.81,PMJAY
HOSP3P26181146,181146,Hospital,P,CMC MULTISPECIALITY HOSPITAL,"OPP. SUVIDHA CENTRE, ADAMPUR, JALANDHAR,GAZIPUR",9815610117,3,34,"100005,100010,100017",2026-08-19 12:06:40,31.456511,75.679399,PMJAY
HOSP27G26181377,181377,Hospital,G,RURAL HOSPITAL KORPANA ,"RURAL HOSPITAL KORPANA WANI ROAD KORPANA,wani Road Korpana",9923623635,27,473,"100005,100006,100012,100017",2026-01-26 14:09:19,19.740391,78.989883,PMJAY
HOSP5P25181461,181461,Hospital,P,PARI HOSPITAL,"Thakurdwara road jaspur,",9559289164,5,56,,2025-11-14 16:38:29,29.276794,78.819261,PMJAY
HOSP10P25181565,181565,Hospital,P,arogyam emergency hospital pvt ltd,"90 ft road vijay nagar kankaarbagh patnaa,",8521211404,10,212,,2025-06-10 15:40:00,25.597889,85.155137,PMJAY
HOSP5G25181712,181712,Hospital,G,PHC Type A Bhiri,"PHC  Bhiri Rudraprayag,",9634845928,5,54,100005,2025-07-09 15:22:31,30.46714,79.07774,PMJAY
HOSP7P25182592,182592,Hospital,P,NAVJEEVAN HOSPITAL,"Golden Red Light, A-12 Pushpanjali Enclave Opp.Jaipur, Outer Ring Rd, Pushpanjali Enclave, Pitampura, ",9311030777,7,82,"100002,100005,100006,100012,100015,100023",2025-08-25 14:19:58,28.694914,77.1087920000001,PMJAY
HOSP7P25182614,182614,Hospital,P,NITIN HOSPITAL,"T1348MANGOLPURI,",9899841241,7,82,,2025-05-31 10:48:25,28.6905780000001,77.0823350000001,PMJAY
HOSP9P25182794,182794,Hospital,P,ARC PLUS SUPER SPECIALTY HOSPITAL A UNIT OF CLIDOARC LLP,"CHITAIPUR CHAURAHA, CHITAIPUR, VARANASI,",9313947441,9,187,"100002,100003,100004,100005,100006,100007,100011,100012,100015,100016,100019,100020,100022,100023,100026,10083",2026-07-02 10:13:48,25.264756,82.958382,PMJAY
HOSP22P25182990,182990,Hospital,P,SHREE RETINA CARE EYE HOSPITAL,"TV TOWER ROAD, TURNING POINT CHOWK,  MAIN ROAD, SHANKAR NAGAR,",7898103842,22,387,100013,2026-06-15 10:17:07,21.250668,81.662824,PMJAY
HOSP19P25183389,183389,Daycare Centre,P,Centre For Eye Sight,"centre for eye sight,burdwan Road ",9735930000,19,309,100013,2025-09-22 14:12:07,26.71532679220114,88.41983437876377,PMJAY
HOSP23P25183501,183501,Hospital,P,The county hospital and research centre ,"A-13,Vidhya Nagar,Hoshangabad Road, Bhopal,",8839070655,23,396,"100005,100006,100015,100017,100018,100023",2025-12-26 17:23:59,23.202518,77.454205,PMJAY
HOSP27P26184131,184131,Hospital,P,OM MULTISPECIALITY HOSPITAL,"Bhandari Plaza,Chinchkhed chaufuli ",8087088009,27,487,"100001,100002,100005,100006,100011,100012,100015,100020,100023,100026",2026-01-16 18:11:29,20.1735580000001,73.986971,PMJAY
HOSP27G26184157,184157,Hospital,G,Malegaon,"Bus Stand Road Malegaon ,",9172092828,27,499,"100001,100002,100003,100004,100005,100006,100007,100008,100009,100010,100011,100012,100013,100014,100015,100016,100017,100018,100019,100020,100021,100022,100023,100026,100028",2026-01-17 11:46:53,20.396867,77.107113,PMJAY
HOSP9P25184680,184680,Hospital,P,ANAND SPECTRUM HOSPITAL,"PLOT NO NH 11, POCKET D, SECTOR GAMMA-1, GREATER NOIDA,SECTOR GAMMA -1, GREATER NOIDA",9891642653,9,144,,2026-05-19 16:44:00,28.478419,77.536102,PMJAY
HOSP27P26184690,184690,Hospital,P,SHRI GURUKRUPA MULTISPECIALITY HOSPITAL AND RESEARCH CENTER,"BEHIND MNATRI BANK JALNA ROAD BEED,",8668271437,27,470,"100001,100002,100004,100005,100006,100009,100010,100011,100012,100014,100015,100016,100017,100018,100019,100020,100022,100023,100026",2026-01-08 12:39:38,18.998345,75.753881,PMJAY
HOSP27P26184710,184710,Hospital,P,UMRI CHRISTIAN HOSPITAL,"UMRI CHRISTIAN HOSPITAL UMRI TQ KELAPUR DIST YAVATMAL MAHARASHTRA,",7798996011,27,500,"100005,100006,100011,100015,100022,100023,100026",2026-01-16 12:30:15,20.100709,78.537886,PMJAY
HOSP3P25184803,184803,Hospital,P,DR OM PARKASH EYE INSTITUTE PVT LTD,"117-A THE MALL AMRITSAR,NEAR NOVELTY CHOWNK",9855599959,3,27,100013,2026-04-30 14:58:53,31.641628,74.874298,PMJAY
HOSP27P26184909,184909,Hospital,P,DHANVANTARI NURSING HOME ,"Dhanvantri Nursing Home.Main Road Neral Khanda Near Maruti Mandir,",9822197996,27,491,"100005,100006,100015,100017,100020,100023",2026-01-08 16:00:15,19.031445308332735,73.31745590674373,PMJAY
HOSP9P25185582,185582,Hospital,P,NEW DELHI CENTRE FOR SIGHT ,"Medical College Road opposite Vishal Mega Mart, Mugalaha Chauraha, Gorakhpur Uttar Pradesh",9958422442,9,148,100013,2025-07-29 18:34:14,26.623266000000115,83.45368900000017,PMJAY
HOSP9P26185803,185803,Hospital,P,LOKPRIYA HOSPITAL,"Sanjay Nagar Mati Road Akbarpur,",7525000858,9,156,"100004,100005,100006,100012,100014,100015,100017,100020,100023,100026",2026-05-06 13:58:30,26.346616,79.961766,PMJAY
HOSP32P25186232,186232,Hospital,P,RAPHA AROMA HOSPITAL,"CHENGAMANADU P.O , KOTTARAKKARA , KOLLAM, ",9961891123,32,559,"100004,100005,100006,100012,100015,100016,100017",2025-09-27 15:21:32,9.01107100000007,76.819104,PMJAY
HOSP7P25186244,186244,Hospital,P,MINIMAL ACCESS SMART SURGERY HOSPITALS PRIVATE LIMITED,"B-18, CHIRAG ENCLAVE GREATER KAILASH PART-1 NEW DELHI-110048,",9910955443,7,83,,2026-05-22 12:49:52,28.546821000000136,77.24962800000003,PMJAY
HOSP27P26186323,186323,Hospital,P,LIFE LINE HOSPITAL BEED,"lifeline hospital nagar naka,",9326898964,27,470,"100004,100005,100006,100008,100009,100011,100012,100013,100014,100015,100016,100017,100018,100019,100020,100022,100023,100026,100027",2026-01-08 12:58:23,18.990439,75.744976,PMJAY
HOSP23P25186630,186630,Hospital,P,VARDAN FRACTURE AND GENERAL HOSPITAL,"opp bsnl tower, A.B.ROAD shajapur , shajapur",9754143934,23,430,"100014,100015,100023",2025-12-26 16:47:22,23.41432736522559,76.26885548791051,PMJAY
HOSP9P25186905,186905,Daycare Centre,P,NATH EYE CARE AND DIAGNOSTICS,"A-8/11 DEV VIHAR,",9927453765,9,171,100013,2025-12-18 19:12:59,28.85971465115142,78.75374576347235,PMJAY
HOSP24P25187129,187129,Hospital,P,ADVANCED SUPERSPECIALITY HOSPITALS A UNIT OF ADVANCED HEALTHCARE AND RESEARCH PVT LTD,"Plot No.1283, Sector 6/D, Opp. Civil Hospital, Road No.3, Gandhinagar, Gujarat - 382006,Opp Civil HOspital",9687621577,24,446,"100006,100015,100016,100020,100023",2025-04-17 17:52:09,23.223954546832786,72.67838864841951,PMJAY
HOSP27G26187664,187664,Hospital,G,PHC MANGRUL KALAMB ,"At.po. Mangrul Tq. Kallamb Dist. Dharashiv,",9284604131,27,488,"100004,100005,100006,100009,100012,100016,100017,100023,100026",2026-01-21 10:37:26,17.92858,76.09249,PMJAY
HOSP27P26188054,188054,Hospital,P,LAXMI HOSPITAL,"arvi naka,",9822221674,27,498,"100010,100017,100018",2026-02-20 15:47:52,20.742309,78.606440,PMJAY
HOSP3P25188109,188109,Hospital,P,GOLD MEDICA SUPERSPECIALITY HOSPITAL BATHINDA,"Near St.Xavier School, Power House Road,Bathinda, ",9803017677,3,28,"100001,100002,100005,100006,100008,100010,100011,100012,100013,100015,100017,100018,100019,100020,100023",2025-05-26 15:42:35,30.20789887434188,74.95586810667194,PMJAY
HOSP9P26189293,189293,Hospital,P,PRAKASH EYE HOSPITAL ANANDPURAM SAHJANI SHUKLGANJ UNNAO,"NEAR BY ANGEL OF MERCY HOSPITALANANDPURAM SAHJANI SHUKLAGANJN UNNAO ,",9415932452,9,186,100013,2026-03-30 15:42:23,26.522352,80.397685,PMJAY
HOSP19P26189473,189473,Hospital,P,ASANSOL HEALTHWORLD PRIVATE LIMITED,"427, BLOCK -A, SRISTINAGAR, ASANSOL - 713305,",9046224405,19,704,,2026-04-06 12:41:04,23.704077731750687,86.94815498880376,PMJAY
HOSP3P25189722,189722,Hospital,P,NEO POLUS HEALTHCARE,"CORNER OF STREET NO 7 MAIN BHAGU ROAD BATHINDA ,",9463211244,3,28,,2025-08-25 12:37:40,30.185344,75.008898,PMJAY
HOSP1P89845,189845,Hospital,P,FLORENCE HOSPITAL,MAIN ROAD CHANAPORA,9419408267,1,13,"100001,100002,100004,100005,100006,100008,100012,100015,100019,100022,100023",2019-06-04 15:13:25,34.03907,74.80922,PMJAY
HOSP6G25190134,190134,Hospital,G,PHC Pattikalyana,"VPO Pattikalyana,",9466162400,6,71,"100004,100005,100006,100012,100014",2025-03-07 14:11:02,29.386741,76.956574,PMJAY
HOSP27P26190141,190141,Hospital,P,NEW MEDICARE HOSPITAL,"NEAR BSNL OFFICE WADALI ROAD SHRIGONDA,",9422739436,27,466,,2026-01-24 15:48:57,18.62805887017508,74.6979197796133,PMJAY
HOSP1P90215,190215,Hospital,P,WELL CARE MEDICAL CENTER,"Near patrol pump Soura,soura (near police station)",9419009325,1,13,100005,2019-05-16 18:22:17,34.13439230128323,74.8040696822095,PMJAY
HOSP9P26190320,190320,Hospital,P,CHARAK HOSPITAL,"VILL-GODHANA, POST- PDDU NAGAR,CHANDAULI",9919296499,9,135,"100006,100015,100016,100023",2026-01-10 16:23:00,25.251249,83.127697,PMJAY
HOSP5P25190423,190423,Hospital,P,Agarwal Hospital,"Moradabad road near illa mehrotra nursing home KASHIPUR,",9997305658,5,56,,2025-10-27 12:58:11,29.204079,78.948287,PMJAY
HOSP27P26190448,190448,Hospital,P,RAMESHWAR HOSPITAL,"NEAR KHARDA CHOUK,",9422269567,27,466,"100001,100002,100004,100005,100006,100007,100011,100012,100014,100015,100016,100017,100018,100020,100022,100023,100026",2026-01-08 17:15:36,18.732832476439853,75.31132170459307,PMJAY
HOSP27G26190602,190602,Hospital,G,Ramtirth,"At Ramtirth,Near The Bus stand , Ramtirth",8349637836,27,468,"100004,100005,100012,100013,100026",2026-01-19 11:07:13,20.859783906809966,77.21079499603456,PMJAY
HOSP3G26191141,191141,Hospital,G,Tertiary Cancer Care Centre,"Tertiary Cancer Care Centre, Senia Road, Fazilka,",8198880999,3,651,"100005,100012,100015",2026-05-06 17:24:16,30.407328,74.024638,PMJAY
HOSP9P26191302,191302,Hospital,P,NEW ADITYA MATTERNITY AND NURSING HOME,"Ward No.-11 sanjay nagar colony chandauli,Sanjay Nagar",9335909394,9,135,,2026-01-12 18:53:46,25.265736,83.260996,PMJAY
HOSP10P25191361,191361,Hospital,P,OM ENT AND MATERNITY HOSPITAL,"MANIK SARKAR,GHAT ROAD",9430676891,10,192,"100012,100016",2025-05-16 11:09:33,25.241539000020012,86.97256799994148,PMJAY
HOSP1P91422,191422,Hospital,P,NORTH KASHMIR NURSING HOME ,"BYPASS ROAD HANDWARA,BYPASS ROAD",9797276568,1,8,,2021-01-07 12:44:19,34.4072,74.291774,PMJAY
HOSP3G25191477,191477,Medical College Hospital,G,ESIC MEDICAL COLLEGE AND HOSPITAL,"BHARAT NAGAR CHOWNK, ",9711152370,3,36,"100005,100006,100012,100013,100015,100016,100017",2025-09-30 10:07:19,30.9019000000001,75.84,PMJAY
HOSP27P26191618,191618,Hospital,P,DISHA HOSPITAL,"2848/4/2 KADLAS NAKA SANGOLA ,",9423276442,27,496,"100006,100011,100013,100015,100019,100020",2026-01-09 11:45:24,17.432539,75.194555,PMJAY
HOSP1P91992,191992,Daycare Centre,P,SHARP SIGHT EYE HOSPITALS,"Baghat Chowk near Traffic Signal,Barzulla",9582211755,1,13,100013,2026-07-08 09:52:54,34.044674,74.802468,PMJAY
HOSP1P92375,192375,Hospital,P,KIDNEY HOSPITAL SONWAR SRINAGAR,"Sonwar Srinagar,sonwar srinagar",9906532361,1,13,"100005,100006,100012,100023",2019-06-03 15:17:17,34.07,74.84,PMJAY
HOSP9P25192823,192823,Hospital,P,BABYBLOOM HOSPITAL,"Plot No. 207, Knowledge Park 5, Greater Noida West,",7409085432,9,144,"100005,100006,100010,100012,100015,100017,100023",2025-09-15 19:23:40,28.5678770000001,77.4709230000001,PMJAY
HOSP5P25193028,193028,Hospital,P,Richhariya Hospital,"Near jaspur bus stand, Moradabad road, kashipur,",9758515818,5,56,"100005,100006,100012",2025-10-27 12:43:24,29.204589,78.952981,PMJAY
HOSP1P93744,193744,Daycare Centre,P,TEHQEEQ THE INVESTIGATION DIAGNOSTIC AND DIALYSIS CENTRE,"KOHINOOR COMPLEX GOLE MARKET KARAN NAGAR SRINAGAR,KARAN NAGAR",9906806306,1,13,100005,2021-11-29 15:24:44,34.085093846682966,74.79636577777615,PMJAY
HOSP27P26193794,193794,Hospital,P,Spectrum Hospital,"JYOTI APPERMENT 1 ST FLOOR,KALYAN BYPASS ROAD",9867797377,27,497,"100002,100003,100004,100005,100006,100007,100008,100011,100012,100014,100015,100016,100019,100020,100022,100023,100026",2026-01-17 10:45:48,19.245121,73.118950,PMJAY
HOSP23P25194105,194105,Hospital,P,LBS HOSPITAL,"73 TAJ UL MASAJID ROAD OPP MOTIA TALAB BHOPAL, ",8889844423,23,396,"100001,100002,100003,100005,100006,100010,100011,100014,100015,100016,100017,100018,100019,100020,100023",2025-10-10 14:32:42,23.264760347670077,77.39378352754437,PMJAY
HOSP27P26194222,194222,Hospital,P,VARAD HOSPITAL AND ICU,"DOCTORS LANE BEHIND SBI BANK VIP COLONY PATHRI,",9767577146,27,489,,2026-01-10 15:31:14,19.251605,76.4323560000001,PMJAY
HOSP9P26194531,194531,Hospital,P,SIINGH SURGICAL AND TRAUMA CENTER,"220/221, mauja keshavpur,service road ,nh-19,,",9927309834,9,167,,2026-03-16 19:02:11,27.501047,77.653346,PMJAY
HOSP24P25194743,194743,Hospital,P,ALPHA HOSPITAL ,"Ground floor , Empire Doctor House , Behind Kargil Petrol pump , sola , ",9825611033,24,438,,2025-09-18 15:48:16,23.079372,72.5234940000001,PMJAY
HOSP23P25194925,194925,Hospital,P,NAVJEEVAN HOSPITAL,"WARD NO 06 ,BYPASS ROAD ,IN FRONT OF BOI",8818884956,23,403,,2025-05-27 16:33:16,22.154448,75.349811,PMJAY
HOSP6G25194950,194950,Hospital,G,UHC SGM Nagar,"Near Police Chowki,Sector - 21 D",9899995486,6,60,"100004,100005,100010,100012,100013,100016",2025-07-17 12:15:49,28.416086865649035,77.29066284854082,PMJAY
HOSP3P25195016,195016,Hospital,P,SUKHMANI MULTISPECIALITY HOSPITAL,"nalhoti kalwa morh,",9878454057,3,42,"100005,100006,100015,100016,100020,100023",2025-05-26 14:21:51,31.227280482187325,76.40154693184923,PMJAY
HOSP27P26195052,195052,Hospital,P,DR PATHAK HOPSITAL,"trambak complex opo old bytco hopital nashik road,",9049512218,27,487,100016,2026-01-27 14:47:20,19.966937,73.827385,PMJAY
HOSP7P25195346,195346,Daycare Centre,P,Param Nethralaya,"132, Main Auchandi Road, Bawana,main auchandi road",8130488003,7,80,100013,2025-06-14 12:10:04,28.801018,77.034730,PMJAY
HOSP1G95464,195464,Hospital,G,Indra Gandhi Govt dental college,"ampahalla main chowk ,jammu,",9419318463,1,5,"100014,100026",2019-04-20 14:19:01,32.7458950000001,74.8641850000001,PMJAY
HOSP27P26195624,195624,Daycare Centre,P,ALL FOR EYES HOSPITAL,"14, UNIMOUNT EMPIRE, OLD MUMBAI PUNE HIGHWAY, KHOPOLI, RAIGAD,",7057458280,27,491,100013,2026-01-16 18:52:59,18.792347542386523,73.33673541297435,PMJAY
HOSP27P26195812,195812,Hospital,P,Janaki Multispeciality Hospital,"BAZAR PETH, GARGOTI,",9422412513,27,480,,2026-01-29 16:07:36,16.314398,74.137857,PMJAY
HOSP27P26196039,196039,Hospital,P,NITYASEVA HOSPITAL,"Shevgaon,Shevgaon",8884292362,27,466,"100001,100002,100004,100005,100006,100010,100012,100015,100017,100020,100023,100026",2026-01-08 17:13:53,19.359737000000024,75.22690600001113,PMJAY
HOSP27P26196208,196208,Hospital,P,NAVACHAITNYA MULTISPECIALITY HOSPITAL ,"467/7A/3B/26B SADARABAZAR ,NEAR CIVIL HOSPITAL ,",7414979737,27,494,"100006,100014,100019,100023",2026-01-19 12:50:03,17.693727,74.011312,PMJAY
HOSP27P26196276,196276,Hospital,P,OMKAR E.N.T HOSPITAL AND RESEARCH CENTRE,"SK EMPIRE 7TH FLOOR NEAR VED MANDIR, MICO CIRCLE, TRIMBAK ROAD, NASHIK,",9224507915,27,487,100016,2026-04-07 11:56:28,19.9945330274071,73.77344049564078,PMJAY
HOSP7P26196686,196686,Daycare Centre,P,DELHI EYE CARE,"4/21, Balraj Khanna Marg, East Patel Nagar,",9990809773,7,77,100013,2026-05-18 14:34:22,28.642838,77.174262,PMJAY
HOSP10P25196696,196696,Hospital,P,Kamy General Hospital,"Anisabad, Bypass Road, Vishnupuri More, Near Bank of Maharashtra,",9065562602,10,212,"100005,100006,100012",2025-04-24 12:29:13,25.5799587,85.1025056,PMJAY
HOSP27P26196714,196714,Hospital,P,SHREE NARAYANI CHILD CARE UNIT,"ADARSH NAGAR, NEAR UMAKIRAN COMPLEX , TENDULKAR COLONY BEED,",9096330447,27,470,"100010,100017,100018",2026-01-08 12:52:50,18.98881706180285,75.75382607351463,PMJAY
HOSP9P25197359,197359,Hospital,P,RISHUBH EYE HOSPITAL,"opposit Krishna Vihar, Haibatmau, Mawaiya, Main Rai Bareli Road Lucknow,",9140644218,9,162,100013,2025-11-25 15:53:28,26.76044157133994,80.94636355189641,PMJAY
HOSP27P26197401,197401,Hospital,P,JAI SHRADDHA MULTISPECIALITY HOSPITAL SAONER,"MAHESHWARI LAYOUT BEHIND POST OFFICE SAONER,",7447874441,27,484,"100001,100002,100003,100004,100005,100006,100008,100011,100012,100014,100015,100016,100017,100018,100019,100020,100022,100023,100026",2026-02-06 14:56:17,21.386607,78.919766,PMJAY
HOSP5G25197820,197820,Hospital,G,Primary Health Centre Type A Lawani Ukhimath,"APHC   Lawani Ukhimath Rudraprayag,",9760194308,5,54,100005,2025-06-23 11:18:22,30.516854,79.098301,PMJAY
HOSP3P25198169,198169,Hospital,P,CANCER CENTERS OF AMERICA AMRITSAR,"Model town GT Road Amritsart,",9875980102,3,27,"100008,100021,100022",2025-08-25 12:51:32,31.634347,74.8591060000001,PMJAY
HOSP27P26198391,198391,Hospital,P,SHRI SEVA HOSPITAL ,"CIVIL LINES , OPPOSITE DEVI MANDIR ,",9011692908,27,472,"100002,100005,100026",2026-01-10 13:30:52,20.714234999999988,76.56359800000007,PMJAY
HOSP24P26198456,198456,Hospital,P,Dhameliya Kidney Hospital And Lithotripsy Centre,"401 - 403 4th and 501 - 522 5th Floor, Excellent Buasiness Hub, Opp. Venus Hospital, Lal Darwaja,,",9904525927,24,459,"100006,100023",2026-03-11 17:09:35,21.210597,72.832553,PMJAY
HOSP21G25198671,198671,Medical College Hospital,G,PGIMER AND CAPITAL HOSPITALBHUBANESWAR,"Capital Hospital, Udyan Marg, Unit 6, Ganga Nagar, Bhubaneswar, Odisha, 751001.,",9437112454,21,362,"100002,100005,100006,100008,100012,100013,100015,100016,100017",2025-06-30 11:00:54,20.268045,85.8286550000001,PMJAY
HOSP7P26198775,198775,Hospital,P,Balaji Care Hospital,"PLot NO 1169 Utsav Vihar, Rama Vihar Bus stand , New Delhi-110081,",9654642627,7,82,"100005,100006,100010,100012,100017",2026-02-04 14:08:21,28.73417082802868,77.01930071880855,PMJAY
HOSP27P26198872,198872,Hospital,P,NANDADEEP EYE HOSPITAL KOLHAPUR,"1st floor Dattawad Renaissance Near Trade Center New Shahupuri Kolhapur,",7558679599,27,480,100013,2026-01-23 14:14:14,16.703462,74.237884,PMJAY
HOSP1P98893,198893,Hospital,P,American Oncology Institute,"American Oncology Institute , C/O Acharya Shri Chander Medical Sciences Hospital ,NH, By Pass Road Sidhra",8899002306,1,5,"100008,100021,100022",2022-08-30 15:32:57,32.7517710000001,74.9099570000001,PMJAY
HOSP27G25199114,199114,Hospital,G,PHC MENDADI,"AT POST MENDADI TAL. MHASLA DIST RAIGAD,",8999127606,27,491,"100001,100005,100012,100013,100026",2025-12-29 17:10:43,18.185907,73.0509070000001,PMJAY
HOSP3P26199245,199245,Hospital,P,GENESIS AMANDEEP MULTI SPECIALITY HOSPITAL FEROZEPUR ,"ADJOINING GENESIS INSTITUTE OF DENTAL SCIENCES & RESEARCH MOGA ROAD FEROZEPUR ,",9988055554,3,31,"100002,100005,100006,100011,100012,100015,100016,100017",2026-06-09 21:14:17,30.974801,74.613863,PMJAY
HOSP6P25200044,200044,Hospital,P,THE BLISS HOSPITAL,"NH-3 SECTOR 20 PANCHKULA,sector 20 panchkula near society no 88",9814426764,6,70,"100005,100006,100008,100012",2025-09-05 18:01:23,30.6642880000001,76.8581030000001,PMJAY
HOSP27P26200137,200137,Hospital,P,SUMANGAL HOSPITAL AND ICU ,"BEHIND NEW BUS STAND KESHAVNAGAR PALUS,PALUS ",9423870032,27,493,"100005,100006,100010,100011,100012,100015,100020,100022,100023",2026-01-22 17:06:02,17.097046,74.454789,PMJAY
HOSP27P26200510,200510,Hospital,P,WANI HOSPITAL ,"wani hospital samel pada opp.sopara english school nallasopara west ,",9869333645,27,665,"100005,100006,100015,100020,100023",2026-01-07 15:48:50,19.417465,72.7985340000001,PMJAY
HOSP2P00774,200774,Hospital,P,SHRI SAI MULTISPECIALITY HOSPITAL AND TRAUMA CENTRE,445/12 CHAKREDA ROAD NAHAN,8295959395,2,24,"100005,100006,100010,100011,100012,100013,100014,100015,100016,100017,100018,100019,100020,100022,100023",2018-09-21 09:27:27,30.5578572,77.2880633,PMJAY
HOSP23P25201626,201626,Hospital,P,CENTRE FOR SIGHT BHOPAL ,"PLOT NO. 31, ISBT COMMERCIAL CAMPUS,, HABIB GANJ, BHOPAL, MADHYA PRADESH",9650044492,23,396,100013,2025-12-31 15:35:56,28.66349205819094,76.85948070958602,PMJAY
HOSP3P25201995,201995,Hospital,P,BHIM NURSING HOME,"BHIM NURSING HOME HOSPITAL BARNALA 148101,",9888849144,3,605,"100005,100015",2025-07-15 13:02:29,30.371432,75.549541,PMJAY
HOSP23P25202291,202291,Hospital,P,SAHAJ HOSPITALS PVT LTD,"13/2, SOUTH TUKOGANJ, ",9302105067,23,410,"100006,100012,100015,100016,100023",2025-05-26 14:05:04,22.7168060000001,75.8753320000001,PMJAY
HOSP10P25202650,202650,Hospital,P,SIDHI VINAYAK HADDI HOSPITAL,"Sidhi Vinayak Haddi Hospital, Rana Bigha, Biharsharif, ",9631193440,10,209,,2025-10-22 12:27:41,25.177086,85.5120920000001,PMJAY
HOSP2P02668,202668,Hospital,P,MALHOTRA HOSPITAL AND TRAUMA CENTRE,"MALHOTRA HOSPITAL AND TRAUMA CENTRE, OPPOSITE KULDEEP PETROL PUMP, MAIN BAZAAR, NER CHOWK - 175008",8288849649,2,22,"100005,100006,100015,100017,100023,100026",2018-10-30 09:34:18,31.6087583,76.9144416,PMJAY
HOSP7P26202682,202682,Hospital,P,Tarak Hospitals India Pvt Ltd,"C-7, Jai Bharat Enclave, Dwarka More, New Delhi- 110059,C-7, JAI BHARAT ENCLAVE, DWARKA MORE, NEW DELHI- 110059",9217440054,7,84,"100002,100004,100005,100006,100007,100010,100011,100012,100013,100014,100015,100016,100017,100019,100023",2026-04-08 12:35:08,28.621774,77.033058,PMJAY
HOSP27P26203068,203068,Daycare Centre,P,UDAYGIRI LIONS EYE HOSPITAL UDGIR,"NANDED NAKA RAMCHADRA NAGAR,",9422955245,27,481,100013,2026-01-16 16:50:08,18.3980960000001,77.1037900000001,PMJAY
HOSP22P25203174,203174,Hospital,P,AMRIT SURGICAL CARE HOSPITAL,"SAVITRI NAGAR GALI NO. 3 ,",9818062154,22,386,"100005,100006",2025-10-06 11:12:44,21.89993592912778,83.37916884453233,PMJAY
HOSP27P26203575,203575,Hospital,P,CHINTAMANI HOSPITAL AND RESEARCH CENTRE PVT LTD,"PUNE SOLAPUR ROAD INAMDAR WASTI KOREGAON MUL TAL HAVELI PUNE 412202,",9822051422,27,490,"100004,100005,100006,100012,100013,100014,100015,100017,100023,100026",2026-01-29 18:01:04,18.48855774298761,74.11360917957646,PMJAY
HOSP27P26203637,203637,Hospital,P,DHANVANTARI HOSPITAL,"dhanvantari hospital warade chowk dalfail khamgaon,",8308497777,27,472,,2026-02-04 16:46:00,20.698922,76.564631,PMJAY
HOSP9P25203893,203893,Hospital,P,MEHARBAN HOSPITAL ,"SAHARANPUR ROAD, ARHAM COLONY, NEAR RIDER PIZZA, THANABHAWAN, SHAMLI,",8449200191,9,660,"100005,100006,100012",2025-06-30 17:16:13,29.589463,77.4245720000001,PMJAY
HOSP27P26204267,204267,Hospital,P,Deshmukh Nursing Home,"saliwadanaka Mahad Raigad,402301,",9822877183,27,491,"100002,100005,100006,100008,100009,100015,100020,100023",2026-01-16 18:51:09,18.080450208125626,73.41447532138747,PMJAY
HOSP9P25204785,204785,Hospital,P,OCTAVIA HOSPITAL A UNIT OF EIGHT LIONS HOSPITAL PRAVATE LIMITED,"SH 15/63-A-P-T Panchkoshi road, bharlai, shivpur,",9695130565,9,187,"100002,100004,100005,100006,100010,100011,100012,100015,100017,100020,100023",2026-04-18 13:01:32,25.366883,82.942271,PMJAY
HOSP27P26204871,204871,Hospital,P,SAHYOG HOSPITAL ,"Dongaon road sahyog hospital mehkar, ",9503023631,27,472,,2026-01-28 15:59:27,20.154236800000007,76.58230530000003,PMJAY
HOSP27P26205017,205017,Hospital,P,KRISHNA HOSPITAL," Vijayanand Plot No.740.2 A Ward. Near Sambhaji Nagar S.T. Stand Kolhapur-416012,",9822255275,27,480,"100005,100006,100015,100017,100026",2026-01-07 18:14:24,16.691498,74.218711,PMJAY
HOSP23P26205254,205254,Hospital,P,CHITRAKOOT NETRA CHIKITSALAYA AND LASER EYE SURGERY,"PLOT NO 9 ,BESIDE GLOBAL HOSPITAL BADI UKHRI CHOWK VIJAY NAGAR ,JABALPUR,,",9589392566,23,411,100013,2026-07-24 13:59:17,23.178091,79.911967,PMJAY
HOSP27P26205465,205465,Hospital,P,WARANA INSTITUTE OF URO SURGERY,"1099/1, Opp B T College, Shahupuri,",9822015130,27,480,"100005,100023",2026-01-07 18:03:42,16.7034620000001,74.2378840000001,PMJAY
HOSP6P25205761,205761,Hospital,P,Lord Rama Superspeciality Hospital,"Nehru garden MITC Near Mini Secartariat kaithal,",8059281355,6,66,"100005,100006,100015,100023",2025-05-05 15:30:05,29.795224,76.397560,PMJAY
HOSP5P25205927,205927,Hospital,P,jaya siddharth hospital,"dobachi road near It park shahstradhara road dehradun,",9897536677,5,49,"100002,100004,100005,100006,100011,100012,100014,100015,100016,100017,100019,100020,100023,100026",2026-06-06 09:57:28,30.362797,78.086996,PMJAY
HOSP5P25206001,206001,Hospital,P,DPNC HOSPITAL BHAGWANPUR ,"1542. 4 Near Rog degree college shahpur bhagwanpur haridwar uttarakhand ,",8765374693,5,50,"100010,100017",2025-11-13 16:32:42,29.940463,77.809044,PMJAY
HOSP10P26206576,206576,Hospital,P,AMAR JYOTI HOSPITAL,"SHUSHIL NAGAR BEGUSARAI NEAR ANUSHKA PVT ITI,",8873831650,10,191,"100005,100006,100010,100012,100014,100015,100023",2026-02-18 17:26:49,25.431007,86.089798,PMJAY
HOSP27P26207774,207774,Hospital,P,SANSKRITI HOSPITAL,"UNIT NO 5,6,7. ROMANA COMERCIAL COMPLEX VASAI PHATA VASAI EAST,",7028352381,27,665,"100001,100005,100006,100011,100017,100019",2026-01-07 15:51:18,19.407349,72.851751,PMJAY
HOSP22P25208088,208088,Hospital,P,JAI PATI MATA MULTISPESILITY HOSPITAL JOGIDIPA PATEWA,"MAIN ROAD JOGIDIPA PATEWA DISTRICT MAHASAMUND,",9575480039,22,385,"100005,100006,100012,100015",2025-11-27 15:16:04,21.217723,82.2502370000001,PMJAY
HOSP27G26208937,208937,Hospital,G,MO,"BADNAPUR, ",9423729672,27,479,"100004,100005,100006,100012,100013,100015,100020",2026-01-30 10:44:09,19.8684710000001,75.7211140000001,PMJAY
HOSP27P26209647,209647,Hospital,P,SHANTI PRABHA NURSING HOME,"1st floor, Mehadia Bhawan, Dhantoli, Near Kwality Wines (front Gate, above Bombay Medicos),",9689111332,27,484,100013,2026-06-22 17:40:57,21.137679361647812,79.07942443831575,PMJAY
HOSP9P26210045,210045,Hospital,P,MS AARAV MATERNITY AND MULTISPECIALITY,"RAPTI NAGAR PHASE 4 NIKAT CHARGAWAN MEDICAL COLLEGE ROAD ,",9565758888,9,148,"100006,100015",2026-05-18 14:03:21,26.806477,83.390642,PMJAY
HOSP10P26211249,211249,Daycare Centre,P,SATYABHAMA NETRALAYA PRIVATE LIMITED,"Ambedkar Chowk opp. Panchdeo Mandir, Mirchaibadi, Katihar, ",9304030836,10,201,100013,2026-01-01 10:05:36,25.533144497920375,87.5673477407226,PMJAY
HOSP24P26211463,211463,Hospital,P,AASTHA HOSPITAL,"B M CHOCK LILIYA ROAD AMRELI,",9879932842,24,439,"100006,100015,100020",2026-05-05 17:44:55,21.597142,71.219716,PMJAY
HOSP27P26211469,211469,Hospital,P,SHASHWAT HOSPITAL,"PLOT NO.12,13 NEAR BHARAT PETROL PUMP SILLOD ROAD BHOKARDAN DIST JALNA,near bharat petrol pump sillod road bhokardan",9518910118,27,479,"100001,100004,100005,100006,100012,100015,100019,100020,100026",2026-01-19 12:04:45,20.263247,75.8419470000001,PMJAY
HOSP21P25212201,212201,Hospital,P,CUTTACK LAPAROSCOPIC HOSPITAL,"PLOT NO. 566 NEW LIC COLONY BADAMBADI CUTTACK,",9924491048,21,350,"100004,100005,100006,100008,100009,100010,100011,100012,100014,100015,100016,100017,100018,100019,100020,100022,100023,100026,10083",2025-05-19 17:41:27,20.452648,85.885736,PMJAY
HOSP7P25213485,213485,Hospital,P,KUBER HOSPITAL AND UROLOGY CENTRE,"12 CHANDERLOK ENCLAVE PITAMPURA,",9811046835,7,82,100023,2025-07-18 12:14:31,28.68996506620634,77.1356585866825,PMJAY
HOSP27P26214136,214136,Daycare Centre,P,SANGOLE SUPERSPECIALITY NETRALAY,"JAYSTAMBH CHWOK BRAHMANAS COLONY SALEBAD PARATWADA AMRAVATI ,",9422858234,27,468,100013,2026-01-17 11:42:29,21.302866270933976,77.51319304760489,PMJAY
HOSP9P26214320,214320,Hospital,P,Krishna Hospital Multi Speciality Hospital,"Aziz ganj Near Vrindavan Garden Shahjahanpur ,",9554349555,9,180,,2026-06-01 16:39:09,27.854653,79.894971,PMJAY
HOSP9P25214364,214364,Hospital,P,DCDC Health Services Pvt Ltd,"3rd Floor L-629/631 L-Block Shastri Nagar, Hapur Road Meerut,",8506080484,9,169,100005,2025-06-19 15:11:35,28.946464,77.723782,PMJAY
HOSP27P26214404,214404,Hospital,P,JYOTIRMAYEE HOSPITAL,"At/p- Dutta Tekadi, Islampur,Kameri Road",9712648402,27,493,"100008,100022",2026-01-24 17:13:42,17.040537743152257,74.2600719912216,PMJAY
HOSP27P26214614,214614,Hospital,P,SATYA SAI PLATINUM HOSPITAL,"Chopra Rd, near Aman Talkies, Sidhi Vinayak Nagar, Ulhasnagar, Maharashtra 421003,",9325959115,27,497,"100002,100003,100004,100005,100006,100011,100012,100015,100016,100020,100023",2026-01-17 10:57:28,19.232280,73.157634,PMJAY
HOSP7P25214617,214617,Hospital,P,MOHAN EYE INSTITUTE,"11-B, ,GANGA RAM HOSPITAL MARG, NEW DELHI",9266625173,7,77,100013,2026-04-29 20:57:29,28.643125,77.190675,PMJAY
HOSP27G25214700,214700,Hospital,G,Jalkot,"Primary Health Centre, Jalkot,",9403650020,27,488,"100005,100006,100012",2025-12-30 15:14:49,17.780884,76.240559,PMJAY
HOSP9P25215048,215048,Hospital,P,SARAF PHACO LASER AND EYE CARE CENTRE,"111/447 ASHOK NAGAR 80 FEET ROAD KANPUR,",9336038291,9,157,100013,2025-11-15 16:59:59,26.4726620000001,80.3292280000001,PMJAY
HOSP27P26215683,215683,Hospital,P,GALAXYHOSPITALULWE,"1ST FLOOR NMS ICON BUILDING SEC 19 ULWE NAVI MUMBAI,",9987879092,27,491,"100005,100015",2026-01-16 18:54:55,18.9741680000001,73.0276000000001,PMJAY
HOSP6G25215808,215808,Hospital,G,PHC UCHANA KHURD,"PHC UCHANA KHURD,PHC UCHANA KHURD",7015001628,6,65,"100004,100005,100012",2025-02-20 15:55:43,29.467446992924565,76.12119700599987,PMJAY
HOSP5G25215839,215839,Hospital,G,PHC Type A Askot,"PHC Type A Askot,",9410961989,5,53,100005,2025-07-04 16:08:35,29.7191330000001,80.3369240000001,PMJAY
HOSP23G25216050,216050,Hospital,G,PHC awntipur badodiya,"dewan khedi road ,awntipur badodiya ",8959610225,23,430,100005,2025-08-06 14:35:47,23.14027535038899,76.5868354016643,PMJAY
HOSP21P25216077,216077,Hospital,P,RPM HOSPITAL,"RANGAMATIA MANCHESWAR,",9237100861,21,362,"100005,100006,100012,100014,100015,100016,100019,100022,100023",2025-07-09 13:27:12,20.320817,85.8332950000001,PMJAY
HOSP27P26216179,216179,Hospital,P,Anantwar Eye Hospital ,"plot no.500, power grid square, nari ring road, nagpur,",9823115854,27,484,100013,2026-01-19 13:12:42,21.188916,79.102876,PMJAY
HOSP5G25216262,216262,Hospital,G,Primary Health Centre Type A Thano,"APHC Thano  Dehradun,",9412912502,5,49,100005,2025-12-29 10:19:58,30.23865,78.20992,PMJAY
HOSP7P26216321,216321,Daycare Centre,P,KHANNA EYE CENTRE ,"A2/2, MODEL TOWN 1ST, DELHI -110009,A2/2, NEAR KOTAK MAHINDRA BANK MODEL TOWN 1ST, DELHI - 9",9810067048,7,80,100013,2026-02-02 15:07:14,28.706184,77.195196,PMJAY
HOSP7G25216586,216586,Hospital,G,INSTITUTE OF LIVER AND BILIARY SCIENCES,"D-1, Vasant Kunj,",8448884294,7,83,,2025-05-12 09:55:35,28.506714,77.1664010000001,PMJAY
HOSP27P26216762,216762,Hospital,P,SAHYADRI SUPERSPECIALITY HOSPITAL,"Saishree Plaza Samarth Chowk, Rameshwadi, Badlapur, Maharashtra ,",9890067357,27,497,"100001,100002,100004,100005,100006,100007,100008,100009,100010,100011,100012,100013,100014,100015,100016,100017,100018,100019,100020,100022,100023,100026,100027",2026-01-26 13:27:48,19.192765128376294,73.21378930664267,PMJAY
HOSP5G26217118,217118,Hospital,G,PHC Type A Karanpur,"Karanpur,",8077488082,5,56,100005,2026-02-17 14:32:19,29.273041,78.927479,PMJAY
HOSP27P26217266,217266,Hospital,P,Hirai Hospital,"Backside of Police Station, Hatkanangale Road, Peth Vadgaon,",9922938005,27,480,"100005,100006,100012,100022",2026-07-16 17:54:07,16.831501,74.319076,PMJAY
HOSP27P26217289,217289,Hospital,P,VEDANT MULTISPECILITY HOSPITAL,"GOVIND HIGHT CHS, OLD VIVA COLLAGE ROAD, NEAR FLY OVER VIRAR WEST,",9356216568,27,665,"100004,100005,100026",2026-01-07 17:06:30,19.457302,72.811093,PMJAY
HOSP19P26217677,217677,Hospital,P,RAIGANJ JEEVAN REKHA DIAGNOSTIC PVT LTD,"Ukilpara,",8436509580,19,311,"100001,100002,100004,100005,100006,100011,100012,100014,100015,100020,100023",2026-04-16 12:54:58,25.61228206255953,88.13372902288336,PMJAY
HOSP23P26217850,217850,Hospital,P,JEEVAN MULTISPECIALITY HOSPITAL AND TRAUMA CENTER,"indore bypass 220 feet ring road meena choraha bhopal m.p,",9713560458,23,396,"100006,100012,100014,100015,100017,100019,100020,100022,100023",2026-06-22 18:21:07,23.294322,77.415779,PMJAY
HOSP27P26219066,219066,Hospital,P,SAHYAADRIE MULTISPECIALITY HOSPITALS,"Chatrapati Sambhajiraje Marg,Dic Road,Kakade Plot Osmanabad,Osmanabad",9223537777,27,488,"100001,100004,100005,100006,100010,100011,100012,100015,100017,100018,100019,100020,100023,100026",2026-01-17 17:36:34,18.1991820000001,76.0373700000001,PMJAY
HOSP7P25219142,219142,Hospital,P,SAVE SIGHT CENTRE,"A-14, Adarsh Nagar, ",9958537766,7,80,100013,2025-11-23 17:33:33,28.717105971049293,77.17064582342289,PMJAY
HOSP27G26219169,219169,Hospital,G,Pachora,"Pachora,",9404507048,27,478,"100005,100006,100012,100026",2026-03-25 17:45:12,20.666643,75.349084,PMJAY
HOSP9P25219342,219342,Daycare Centre,P,PREM DRISHTI RETINA CARE,"379 KUSUM NAGAR OPP ANANDAM HOMES APPARTMENT DOHRA ROAD,",9634594543,9,130,100013,2025-12-11 14:40:28,28.3683448,79.4599816,PMJAY
HOSP27P26219786,219786,Hospital,P,Vighnharta Hospital,"opp Borawke nagar Bus Stop,Daund Kurkumbh Road Near SRPF Gruop No 7",9011869090,27,490,"100005,100006,100014,100015,100020,100022,100023",2026-01-20 10:24:15,18.437144686859583,74.5675396331203,PMJAY
HOSP27G25220181,220181,Hospital,G,ITKUR,"Primary Health Center, Itkur,Tq Kallam Dist Osmanabad",9420142742,27,488,"100004,100005,100006,100009,100012,100016,100017,100023,100026",2025-12-30 12:31:03,18.56203,75.91076,PMJAY
HOSP23P26220698,220698,Hospital,P,Sai shiva Netralaya,"Sai shiva Netralaya beside shalby hospital ahinsa chwok vijay nagar jabalpur ,vijay nagar",9981216981,23,411,100013,2026-06-24 23:05:43,23.188453,79.908691,PMJAY
HOSP9P26221195,221195,Hospital,P,SIYA DEVI MEMORIAL HOSPITAL,"INFRONT OF SANCHETNA COLLEGE NH AGRA ROAD ETAWAH,",7830516316,9,139,"100005,100006,100023",2026-02-06 15:23:33,26.808210,78.999956,PMJAY
HOSP5G26221389,221389,Hospital,G,SC Pothing,"Pothing Kapkot,",9639336132,5,46,100005,2026-02-12 11:30:33,29.975130,79.869820,PMJAY
HOSP9P25221514,221514,Hospital,P,ALEX MULTISPECIALITY HOSPITAL ,"Near shiv vatika Chandpur road bulandshar,",8449121398,9,134,"100005,100006",2025-10-30 17:17:03,28.400336,77.832028,PMJAY
HOSP27P26222238,222238,Hospital,P,DR.PATIL HOSPITAL RASAYANI,"NEAR RASAYANI POLICE STATION MIDC PATALGANGA INDUSTRIAL AREA,",9404562624,27,491,"100004,100005,100006,100011,100015,100017,100018,100020,100023,100026",2026-02-05 16:06:04,18.869661194299454,73.17509288447047,PMJAY
HOSP6G25222459,222459,Hospital,G,PHC Amargarh,"PHC Amargarh,",8307475990,6,65,"100004,100005,100012",2025-02-20 15:49:28,29.6176580000001,76.0034840000001,PMJAY
HOSP23G25222655,222655,Hospital,G,PHC DUDHIYA,"Gram Dudhia indore,",9753782685,23,410,100005,2025-08-12 12:15:46,22.67756,75.946514,PMJAY
HOSP3P25223352,223352,Hospital,P,NATIONAL EYE CARE HOSPITAL,"NATIONAL EYE CARE HOSPITAL,ADJOINING AXIS BANK ,,KAPURTHALA ROAD,NEAR SPORTS COLLEGE",9872479056,3,34,100013,2026-05-18 10:05:21,31.336126,75.550966,PMJAY
HOSP7P25223481,223481,Hospital,P,AS Kidney Hospital and Stone Centre Pvt. Ltd.,"RZ 70A, Main, Dabri - Palam Rd, adjoining Jindal Public School, Dashrath Puri,",9871775909,7,84,"100005,100006,100015,100023",2026-04-11 11:45:14,28.607198,77.081300,PMJAY
HOSP27G26223653,223653,Hospital,G,Tisangi,"at post tisangi tal khed,",8149407735,27,492,100005,2026-02-28 12:42:06,17.707293,73.489922,PMJAY
HOSP23P26224158,224158,Hospital,P,swasthyam hospital,"New ROB Road Near Chauhan Crane, Chamda Mill, Tansen Road, Gwalior,",9039612508,23,407,,2026-06-24 23:42:16,26.224543,78.181744,PMJAY
HOSP22P26224885,224885,Hospital,P,LIFEWORTH DIAGNOSTIC CENTRE PVT LTD,"OPP IDBI BANK SAMTA COLONY,",9425204258,22,387,"100005,100006,100015",2026-02-17 15:20:15,21.245662011225733,81.61752572575824,PMJAY
HOSP10P25225037,225037,Hospital,P,ANAAMIKA ORTHOPAEDIC CENTER AND MULTISPECIALTY HOSPITAL PVT LTD,"STATION ROAD SITALPUR ,",7991188625,10,218,,2025-05-30 10:17:02,25.742543340637823,85.00562099999962,PMJAY
HOSP23P25225094,225094,Hospital,P,SAWARIYA SUPERSPECIALITY HOSPITAL LLP,"RAJGHAT ROAD BARWANI , ",9893631951,23,393,,2025-12-17 16:19:28,22.034707554783722,74.90050300611531,PMJAY
HOSP27G26225129,225129,Hospital,G,Rural Hospital Pathri,"Rural Hospital Pathri,Main Road Pathari",8975662765,27,489,"100004,100005,100012,100015",2026-01-21 16:57:29,19.263240,76.430280,PMJAY
HOSP27P26225298,225298,Hospital,P,Shree Amba Multispeciality hospital and research centre,"Mudhodkar peth Badnera road,",9370101378,27,468,"100006,100023",2026-07-28 11:20:47,20.929832,77.750676,PMJAY
HOSP5G26225332,225332,Hospital,G,PHC TYPE B TAKULA," Takula  Almora,",9758042087,5,45,100005,2026-01-01 14:41:21,29.6995160000001,79.6890320000001,PMJAY
HOSP27G26226004,226004,Hospital,G,Sawargaon,"near MSEB station,suratgaon road, sawargaon",9167361871,27,488,"100001,100004,100005,100006,100012,100017,100023",2026-04-20 16:20:14,17.905529,75.931603,PMJAY
HOSP6P25226350,226350,Hospital,P,BOHRA HOSPITAL AND MEDICAL COUNCIL,"K NO 1721, KHAN , DELHI ROAD BYPASS, FEROZEPUR JHIRKA,",9999181870,6,604,"100005,100006,100012,100015,100023",2025-09-05 18:05:37,27.7883606843952,76.94947003685547,PMJAY
HOSP23P25227003,227003,Hospital,P,Prakash Eyecare and Laser Centre,"plot number 131/14,zone iI MP NAGR BHOPAL",8085133033,23,396,100013,2026-04-28 11:52:31,23.228865,77.435633,PMJAY
HOSP27P26227104,227104,Hospital,P,Kalpataru Hospital Fracture Accident Multispeciality,"Desai Complex, A  B Wing, Bail Bazar Chowk, Near Kalyan Railway Station, Kalyan West, Thane District,",9405680978,27,497,,2026-01-17 12:14:30,19.237179,73.125719,PMJAY
HOSP27P26227137,227137,Hospital,P,ANNASAHEB DANGE AYURVED MEDICAL COLLEGE DHANVANTARI HOSPITAL,"AT/POST - ASHTA TAL - WALWA DIST - SANGLI,",7719954457,27,493,"100005,100006,100013,100015,100020,100023",2026-01-27 13:57:41,16.946579160323623,74.40915404760972,PMJAY
HOSP23G25227464,227464,Hospital,G,PHC Piwday,"Gram piwday indore,",8827449035,23,410,100005,2025-07-29 16:07:41,22.630299,76.0291100000001,PMJAY
HOSP27G26227757,227757,Hospital,G,Deulgaon Gat,"Deulgaongat,",8010661392,27,489,100005,2026-01-23 11:05:41,19.4506960000001,76.4390550000001,PMJAY
HOSP23G25227837,227837,Hospital,G,phc harosla,"MHOW ROAD HARSOLA,mhow road harsola",9827327441,23,410,"100001,100005,100012,100013,100017",2025-07-29 16:04:18,22.564508922832374,75.81431063771231,PMJAY
HOSP23P25228833,228833,Hospital,P,ER. H N NEMA MEMORIAL SUPER SPECIALITY HEART AND CRITICAL CARE HOSPITAL,"nema heart hospitalisbt bus stand near deendyal chowk jabalpur,isbt",7697335555,23,411,"100002,100005",2026-05-07 13:42:40,23.193717,79.912982,PMJAY
HOSP9P25229399,229399,Hospital,P,VIMALA HOSPITAL,"SARESAR SAKALDIHA ROAD MUGHALSARAI CHANDAULI, ",9956822851,9,135,"100006,100015,100023",2025-11-19 14:54:33,25.28803535213946,83.14978391760053,PMJAY
HOSP10P25229435,229435,Hospital,P,R K HOSPITAL ,"Gate no.1,26 naya tola, opp.litera valley school bhagawat nagar kumhrar,",9386811461,10,212,"100005,100006,100012,100015",2025-07-02 15:26:29,25.598363020947446,85.18047129665109,PMJAY
HOSP7P25229580,229580,Hospital,P,Medis Hospital,"A-56, Gali No.8, Jyoti Colony, Shahdara,",9999621232,7,671,"100005,100006,100012,100015,100016",2025-05-29 15:52:20,28.686623155880028,77.29108927547128,PMJAY
HOSP27P26229650,229650,Hospital,P,Dr Bhat Nursing Home,"Opp To Roha Panchayt Samiti,Roha Bhuneshwar Roha Raigad,",8149999794,27,491,"100001,100004,100005,100006,100008,100011,100012,100014,100015,100016,100019,100020,100022,100023,100026",2026-01-08 16:02:18,18.433884,73.120167,PMJAY
HOSP7P25229692,229692,Daycare Centre,P,EYE CARE,"BB47B and 48B (WEST), ,Jhulelal Mandir Marg, Shalimar Bagh, Delhi",9310115745,7,82,100013,2025-09-08 13:26:19,28.72,77.16,PMJAY
HOSP27G25230291,230291,Hospital,G,Mahan,"Phc mahan tq barshitakli ,Manglurpir road",9665442467,27,467,"100005,100006,100010,100012,100026",2025-12-30 13:10:08,20.49019,77.1638130000001,PMJAY
HOSP9P25230616,230616,Hospital,P,SANKATMOCHAN HOSPITAL ,"NH28 deoria by pass Amar Ujala Tiraha Gorakhpur 273016,",9519636664,9,148,"100005,100006,100011,100015,100016,100020,100023",2025-10-10 17:21:38,26.7372819,83.3732164,PMJAY
HOSP27P26230823,230823,Hospital,P,GALAXY HOSPITAL,"GALAXY HOSPITAL, VASUDEV ARCADE,NEAR LAXMI PARK, BEHIND MARKET POINT,,",8097855892,27,497,"100004,100005,100006,100008,100014,100015,100016,100018,100022,100023,100026",2026-01-08 10:36:55,19.295947,72.875356,PMJAY
HOSP24P25231247,231247,Hospital,P,OM SAIRAM CARDIAC AND MULTISPECIALITY HOSPITAL,"Opp Leuva patidar samaj wadi, beside agasimata mandir, surat dhuliya road, N.H 53 Bardoli Surat,",9825395852,24,459,"100005,100006,100015,100016,100020,100023",2025-06-17 15:53:42,21.109883112796922,73.12650729298042,PMJAY
HOSP9P25231557,231557,Hospital,P,B M HOSPITAL AND TRAUMA CENTER,"NH-9 ,VILLEGAE MASURI, DIST -GHAZIABAD,",9999099963,9,145,"100004,100005,100006,100011,100012,100015",2025-12-30 16:05:57,28.69034959363084,77.55278415401364,PMJAY
HOSP23P26231575,231575,Hospital,P,NARAYANA HOSPITAL ,"16/249,Jiwaji Ganj,Near SBI",9753131609,23,417,"100006,100012,100017",2026-06-24 22:58:21,26.4989882122144,77.99324835636708,PMJAY
HOSP7P25231755,231755,Daycare Centre,P,SHASHIKANTA EYE  LASER CENTRE,"24/46, MAIN 100 FEET ROAD, CHAJJUPUR, SHAHDARA, ",9690240282,7,671,100013,2025-07-31 14:33:48,28.688561922528464,77.28560524499534,PMJAY
HOSP5G25232260,232260,Hospital,G,PHC Type A Mehala,"PHC Mahela,PHC Mahela",9410711350,5,45,100005,2025-06-23 11:17:47,29.6427830000001,79.63307,PMJAY
HOSP5P26232394,232394,Hospital,P,B D PATHAK HOSPITAL,"18/1 , d1 - d2 , CIVIL LINE NEAR SGAD COMPLEX , RUDRAPUR , US NAGAR , UTTRAKHAND ,",9837009632,5,56,"100006,100010,100015,100017",2026-02-24 10:09:00,28.993295,79.403756,PMJAY
HOSP6P25232420,232420,Hospital,P,BHULLAR MULTISPECIALITY HOSPITAL,"Dabwali Road sirsa ,",8708291437,6,74,"100006,100012,100016,100023",2025-05-05 15:16:53,29.54487364130773,75.02825035479574,PMJAY
HOSP27P26232447,232447,Hospital,P,Dr Chinchole Eye Hospital And Laser Centre,"Circular Road,,",9822693404,27,472,100013,2026-01-19 10:57:11,20.52657,76.177375,PMJAY
HOSP6G25232658,232658,Hospital,G,uphcdabua,"halwai chowk near lezer velly park dabua colony ,Halwai Chowk Near Lezer Velly Park Dabua Colony ",9999094158,6,60,"100004,100005,100010,100012",2025-11-07 12:37:42,28.382175993948877,77.28196796279076,PMJAY
HOSP3P25232795,232795,Hospital,P,AGGARWAL HOSPITAL,"ST XAVIER SCHOOL BYE PASS ROAD RAMPURA,",9417653578,3,28,"100010,100013,100017",2025-08-16 08:32:08,30.2636220000001,75.2349830000001,PMJAY
HOSP7P25233166,233166,Hospital,P,Mahesh hospital,"D-437, Main Road, West Vinod Nagar, I.P.Extn. East Delhi, East Delhi,D-437, Main Road, West Vinod Nagar, I.P.Extn. East Delhi, East Delhi",9990687999,7,78,"100005,100006,100012,100015",2025-10-31 15:32:38,28.63,77.30,PMJAY
HOSP7P25233311,233311,Daycare Centre,P,VISITECH EYE CENTRE A UNIT OF JASOLA HEALTHCARE LLP,"Plot No.2,Pocket-1,Jasola Vihar, New Delhi-110025,",9810198857,7,670,100013,2026-04-24 15:14:14,28.542536,77.298059,PMJAY
HOSP6P25233373,233373,Hospital,P,AMRIT HOSPITAL AND TRAUMA CENTRE,"ON GT ROAD NEAR NEW AGGARWAL IRON FOUNDARY,",9812421800,6,71,"100001,100002,100004,100005,100006,100010,100011,100012,100013,100014,100015,100016,100017,100019,100020,100022,100023",2025-09-05 17:32:30,29.24830362217091,77.00927328712805,PMJAY
HOSP3P25233596,233596,Hospital,P,KAILASH HOSPITAL,"NEAR ADARSH SCHOOL LODHIPUR,",8054701130,3,42,"100005,100006,100010,100011,100015,100016,100017,100019,100020,100023",2025-09-18 12:22:51,31.2233200000001,76.492733,PMJAY
HOSP5G25233631,233631,Hospital,G,PHC Type A Bannakhera,"Bannakhera,",9198045532,5,56,100005,2025-12-23 16:01:16,29.239154672177747,79.15965100858347,PMJAY
HOSP27P26233802,233802,Hospital,P,SWAMI SAMARTH HOSPITAL,"Swami samarth hospital near oscor wadi misal,",9096830173,27,490,"100001,100002,100004,100005,100006,100008,100011,100014,100015,100016,100019,100020,100023,100026",2026-01-19 18:24:21,18.2810940000001,74.1525310000001,PMJAY
HOSP9P26233873,233873,Hospital,P,MANJU MULTISPECIALITY HOSPITAL,"14/15 Indira Nagar,",9839144221,9,162,"100006,100012,100015,100023",2026-02-24 17:40:19,26.890866,80.996075,PMJAY
HOSP19P25234000,234000,Hospital,P,Susrut Eye Foundation and Research Centre,"HB-36/A/1, Sec.-III, Salt lake City, ,",9830333451,19,303,100013,2025-10-15 15:49:59,22.575495,88.417788,PMJAY
HOSP27P26234026,234026,Hospital,P,MMKR Healthcare Pvt Ltd Kasturba Specialty Hospital,"A/99 kasturba society,off lohegaon air port road",9967090083,27,490,"100005,100006,100008,100012,100014,100015,100022,100023",2026-01-27 15:25:42,18.573511689779266,73.88281113489177,PMJAY
HOSP27G25234306,234306,Hospital,G,MH ESI SOCIETY HOSPITAL CHINCHWAD,"S.No.130, Plot No.9-11,Block D3, Mohan Nagar, Chinchwad,",8805277438,27,490,"100002,100003,100004,100005,100006,100008,100009,100010,100011,100012,100013,100015,100016,100017,100018,100019,100020,100026,100027,10083",2025-12-30 12:01:43,18.644301,73.795167,PMJAY
HOSP27G26234834,234834,Hospital,G,Phc Dhoksal ,"Dhoksal ,",9552063867,27,479,"100004,100005,100006,100010,100012,100016,100017,100023,100026",2026-01-12 15:55:46,19.748325766071815,76.36828784340798,PMJAY
HOSP5G25235028,235028,Hospital,G,PHC Type A Daulaghat,"PHC Daulaghat ,",9410122022,5,45,100005,2025-06-23 11:25:24,29.670523571690225,79.575994946484,PMJAY
HOSP7G25235530,235530,Medical College Hospital,G,DR. BABA SAHEB AMBEDKAR HOSPITAL,"Sector-6 , Rohini,",8368209460,7,82,"100005,100006,100010,100012,100013,100015,100016,100017,100020,100023",2025-05-17 17:05:04,28.714882,77.113322,PMJAY
HOSP27P26236314,236314,Hospital,P,Ashtvinayak Hospitals Pvt Ltd,"Sector 6 plot no 10 Khanda Colony New Panvel- 410206,",9819194395,27,491,"100001,100002,100003,100004,100005,100006,100007,100008,100011,100012,100014,100015,100017,100019,100020,100021,100022,100023,100026",2026-01-22 18:05:17,19.010501,73.109788,PMJAY
HOSP2P36382,236382,Medical College Hospital,P,Maharishi Markandeshwar Medical College and Hospital,"Laddo Sultanpur Road, kumarhatti Solan ( H.P),",8427187630,2,25,"100001,100002,100004,100005,100006,100009,100010,100011,100012,100013,100015,100016,100017,100019,100020,100023,100026",2018-11-22 18:00:12,30.870000,77.090000,PMJAY
HOSP27P26236383,236383,Hospital,P,BREATHEWELL MULTISPECIALITY HOSPITAL,"parshvanath nagar miraj sangli road miraj,",7709887799,27,493,"100004,100005,100006,100008,100015,100020,100023,100026",2026-01-20 10:58:08,16.838292020048172,74.64893090139407,PMJAY
HOSP27G26236606,236606,Standalone Dialysis Centre,G,Thane Municipal Corporation Dialysis Center C R Wadia,"C R Wadia Hospital Opposite Anand Dighe Saheb Office Tembhi Naka Thane West,",9082567181,27,497,100005,2026-01-08 15:10:06,19.198635,72.976037,PMJAY
HOSP5P26237230,237230,Hospital,P,JEEVANDHARA HOSPITAL ,"CHAKRATA ROAD, SELAQUI ,",9927070036,5,49,"100005,100006,100012,100015,100016,100023",2026-01-28 15:48:03,30.332311,77.990313,PMJAY
HOSP27P26238089,238089,Hospital,P,BHUSARI HOSPITAL ,"Bhuasari hospital near hanuman temple, Tanaji nagar buldhana,",9767699623,27,472,"100001,100004,100005,100006,100010,100017,100020,100026",2026-01-23 18:36:38,20.553419,76.184478,PMJAY
HOSP9P26238696,238696,Hospital,P,POONAM NETRALAYA,"AVAS VIKAS COLONY BUDAUN,",9368157286,9,133,100013,2026-01-10 18:59:22,28.032717,79.126987,PMJAY
HOSP21P25238955,238955,Hospital,P,SHANTILATA HOSPITAL  AND RESERCH CENTER PRIVATE LIMITED,"PATRAPADA KACHERIROAD,",9819496454,21,373,"100001,100002,100003,100005,100006,100010,100011,100012,100014,100015,100016,100017,100018,100019,100020,100023",2025-05-19 17:39:35,22.18267756016492,83.96747106347647,PMJAY
HOSP27P26239339,239339,Hospital,P,PATIL MULTISPECIALITY HOSPITAL ICU AND TRAUMA CENTER ,"PANCHAMI HOTEL SHEJARI MANDAVGOAN ROAD SHIRGONDA,",9730734545,27,466,"100002,100004,100005,100006,100011,100015,100020,100023",2026-01-16 13:22:56,18.627425,74.706345,PMJAY
HOSP7P25239895,239895,Daycare Centre,P,SAI RETINA FOUNDATION,"f-5, basement and ground floor,dilshad colony",9811011294,7,671,100013,2025-07-18 15:52:06,28.683442,77.327934,PMJAY
HOSP27P26240436,240436,Hospital,P,SIDDHIVINAYAK HOSPITAL,"Siddhivinayak Hospital, near Icchadevi Mandir, NH53,ICCHADEVI SQUARE,NEAR ICCHADEVI TEMPLE",9422283331,27,478,"100010,100012,100017",2026-01-16 18:29:26,20.995022,75.567417,PMJAY
HOSP9P25240641,240641,Hospital,P,FAH SUPER SPECIALITY HOSPITAL,"PLOT NO. E-3/N.H-5 SITUATED AT NURSING HOME AMRAPALI YOJNA,LUCKNOW",9838767758,9,162,"100002,100003,100005,100006,100008,100011,100012,100014,100015,100016,100017,100019,100022,100023",2025-07-03 13:44:25,26.889922,80.859965,PMJAY
HOSP7P26240865,240865,Hospital,P,K K SURGICAL AND MATERNITY CENTRE,"B-37 EAST JYOTI NAGAR,LONI ROAD SHAHDARA",9810115673,7,671,"100006,100012,100023",2026-03-27 14:15:29,28.693091,77.291974,PMJAY
HOSP3P25240934,240934,Hospital,P,Kapoor Hospital,"vrindavan garden, nangli, amritsar,",9888873009,3,27,"100005,100006,100012,100015,100016,100019,100023",2025-10-09 12:34:48,31.681001,74.880801,PMJAY
HOSP27P26241254,241254,Hospital,P,Saykhedkar Hospital,"S.N.Plaza ,Kamathwada Road,  Trimurti Chowk, Cidco, Nashik",9422247020,27,487,"100005,100006,100011,100023,100026",2026-01-16 17:58:55,19.980466,73.753428,PMJAY
HOSP20P25241477,241477,Hospital,P,SANJEEV NETHRALAYA LLP,"Plot no 261, near SBI bank, Bari Co-operative Colony, Bokaro Steel Cit,",8591017484,20,322,100013,2025-11-11 13:46:59,23.647857,86.124392,PMJAY
HOSP24P26241869,241869,Hospital,P,VRAJ SHREE MULTISPECIALITY HOSPITAL,"VRAJ BUILDING, VESIDES CHANDANBALA FLATS, NR SUVIDHA CENTRE, NR PRIMAL UNDERBRIDGE, PALDI, AHMEDABAD,",9824069826,24,438,"100015,100020",2026-04-22 15:52:14,23.013768,72.560281,PMJAY
HOSP9P25242226,242226,Hospital,P,ASIAN MEDICAL CENTRE,"C-1, ASIAN MEDICAL CENTRE,VIKRAM COLONY, RAMGHAT ROAD",9457718882,9,119,100023,2025-12-22 12:27:27,27.900573703126383,78.09501351497443,PMJAY
HOSP9P25242647,242647,Daycare Centre,P,India Eye Institute,"17/2 Knowledge Park 3 Greater Noida 201310 Gautam Buddha Nagar,Above Croma Near Parichowk",9052393000,9,144,100013,2025-06-11 16:33:00,28.4845396545644,77.49185501744682,PMJAY
HOSP7P25242865,242865,Hospital,P,DHARAMVEER SOLANKI HOSPITAL ,"b-2 lakh ram park near ndpl office 100 feet road opp sector 22 rohini delhi 110086, ",8800234363,7,82,"100001,100005,100006,100012,100014,100015,100016,100017,100019,100020,100023",2025-07-21 12:49:02,28.715132,77.0582370000001,PMJAY
HOSP5P25243460,243460,Hospital,P,Bakhetia Hospital,"87, Avdhoot Ashram Marg, Rishikesh, Dehradun,",8267896450,5,49,"100004,100005,100006,100012,100015,100023",2025-09-24 14:31:20,30.108936,78.292666,PMJAY
HOSP3P25243569,243569,Hospital,P,NIRMAL SUPERSPECIALITY HOSPITAL,"NEAR GPS SCHOOL MANDI GOBINDGARH , ",9914400012,3,30,"100005,100006,100015,100020,100023",2025-07-15 12:16:35,30.6640330000001,76.2789020000001,PMJAY
HOSP23G26243612,243612,Hospital,G,PHC SAORI ,"SAORI ,",7000758535,23,399,100005,2026-01-27 16:13:02,21.9672380000001,78.76653,PMJAY
HOSP7P25244209,244209,Hospital,P,NULIFE HOSPITAL,"R26 Nehru Enclave Kalkaji, ",9811818199,7,670,"100005,100006,100010,100012,100015,100017,100019,100023",2025-06-06 13:25:05,28.54524906548812,77.25172994505488,PMJAY
HOSP27P26245089,245089,Hospital,P,Dr Regundwar Nursing Home,"Vivek Nagar Near Chandrapur CT Scan Center,",9822220477,27,473,100015,2026-01-14 13:35:46,19.9677820000001,79.30553099999997,PMJAY
HOSP27G25245189,245189,Hospital,G,SANGADI,"Sangadi,",8975076343,27,471,"100004,100005,100006,100009,100012,100026,10083",2025-12-30 15:50:01,20.967550,79.975800,PMJAY
HOSP5P25245336,245336,Hospital,P,Katyayani Medical Centre,"NH-74, Katyayani Medical Centre,",9690390009,5,56,"100002,100005,100006,100010,100011,100012,100013,100015,100016,100017,100020,100023",2025-09-25 12:53:52,28.997462,79.320882,PMJAY
HOSP7P25245421,245421,Hospital,P,Doctor Dhawans Netra Eye Hospital,"WZ-99, DAYAL SAR ROAD, UTTAM NAGAR, NEW DELHI,",9310440455,7,84,100013,2025-08-04 13:51:10,28.616478,77.0602640000001,PMJAY
HOSP32P25245649,245649,Hospital,P,KONGAD DAYA MEDICAL CENTRE LLP,"Pathiripala Road, Kongad, ",9048409334,32,563,,2025-10-24 12:32:19,10.852117337189085,76.52129543811338,PMJAY
HOSP27P26245869,245869,Hospital,P,Orange Multispeciality Hospital Pvt Ltd,"1004/5A/1/A near firangi mandir kalkai lane Shivaji peth kolhapur,",9890608265,27,480,"100005,100012,100013,100015,100020,100023",2026-01-18 12:12:25,16.689272268519048,74.22571401029862,PMJAY
HOSP27G25246485,246485,Hospital,G,Jawalethar,"jawalethar,",8983403270,27,492,100005,2025-12-30 14:33:47,16.62255,73.71818,PMJAY
HOSP5P25246713,246713,Hospital,P,Ramakrishna Mission Sevashrama,"RK Mission Road, P.O Kankhal,",9411702782,5,50,"100005,100006,100012,100013,100015,100016,100017",2025-10-27 12:22:06,29.932781,78.147857,PMJAY
HOSP9P26246888,246888,Hospital,P,NEO HOSPITAL,"MAHEWAGANJ NIGHASAN ROAD NEAR POLICE CHAUKI, LAKHIMPUR KHERI, UTTAR PRADESH ,",9919138888,9,159,"100005,100006,100015,100016,100017,100023",2026-02-04 13:03:43,27.982060046746412,80.7873594125196,PMJAY
HOSP9P25247046,247046,Hospital,P,NIVOK SUPERSPECIALITY HOSPITAL,"KHASRA NO 223, SADABAD JAKHAIVA, OPP RELIANCE PETROL PUMP, MODINAGAR,",7760488222,9,145,,2026-06-01 21:21:32,28.797170,77.534312,PMJAY
HOSP9P25247654,247654,Hospital,P,Dixit hospital,"15/252/2 M P PURA, TAJGANJ, FATHEHABAD ROAD,",9837037406,9,118,"100006,100012,100016",2025-10-06 13:54:38,27.1610420000001,78.0401610000001,PMJAY
HOSP27G25247708,247708,Hospital,G,Primary Health Center Parinche,"parinche,Parinche",8446165192,27,490,100005,2025-12-29 18:13:18,18.191792500646002,74.08505580205303,PMJAY
HOSP27P26247722,247722,Hospital,P,DHANWANTARI AROGYA DHAM AYURVEDIK HOSPITAL AND SNAKE BITE CENTER,"GAIGAON BK,",9422881166,27,472,"100002,100003,100004,100005,100006,100007,100011,100015,100017,100020,100023,100026",2026-01-22 18:25:09,20.827724,76.7325720000001,PMJAY
HOSP27P26247816,247816,Hospital,P,Kai Shantabai Shivshankar Arali Multiplicity Hospital Jath,"Sangli Road  NearUma Hospital ,",9822348142,27,493,"100004,100005,100006,100010,100012,100013,100014,100015,100016,100017,100020,100023,100026",2026-01-26 14:58:34,17.146123,75.211489,PMJAY
HOSP23G25248042,248042,Hospital,G,PRIMARY HEALTH CENTER VEERPUR,"IMLI NAKA VEERPUR,",9425122057,23,407,"100005,100012",2025-08-04 14:50:33,26.2121260000001,78.195295,PMJAY
HOSP24P26248144,248144,Hospital,P,Krishna Shalby Hospital ,"Green City, 319, Ghuma Rd, Bopal, Ahmedabad, Gujarat 380058,",7046333367,24,438,"100002,100003,100008,100021,100022",2026-08-07 12:03:39,23.024290,72.441965,PMJAY
HOSP7P25248181,248181,Hospital,P,SK JAIN HOSPITAL,"11/83-84 GEETA COLONY,",9999033323,7,78,"100003,100005,100006,100012,100015,100017,100023",2025-10-13 13:37:32,28.654539,77.276592,PMJAY
HOSP22P26248277,248277,Hospital,P,NARAYANI HOSPITAL,"NARAYANI HOSPITAL,MUNGELI ROAD MANGLA CHOWK",9893008639,22,375,,2026-02-25 09:57:35,22.090658,82.123890,PMJAY
HOSP9P25248512,248512,Hospital,P,Landmark Advance Neurospine Care Superspeciality Hospital,"M-II/016-CC, Sector I, Jankipuram, Near Prabhat Chauraha, Lucknow, UP,",8400136465,9,162,"100006,100011,100015,100023",2025-08-11 12:59:34,26.920768460821733,80.94695128580042,PMJAY
HOSP27P26248832,248832,Hospital,P,reigner hospital,"plotno82, sector23E, ulwe , navi mumbai,",9819880668,27,491,"100002,100003,100004,100005,100006,100007,100008,100009,100010,100011,100012,100013,100014,100015,100016,100017,100018,100019,100020,100021,100022,100023,100026,100028",2026-01-21 16:17:20,18.9770270000001,73.032628,PMJAY
HOSP27G25248844,248844,Hospital,G,Pathrud,"PATHRUD,",8975845979,27,488,"100004,100005,100006,100009,100012,100016,100017,100023,100026",2025-12-30 13:02:25,18.55728,75.5402,PMJAY
HOSP27P26249189,249189,Hospital,P,CRITI CARE ICCU MULTISPECIALITY AND TRAUMA CENTRE,"SWAMI SAMARTH COMPLEX PLO, SECTOR 16, AIROLI NAVI MUMBAI",8080926999,27,497,"100002,100003,100004,100005,100006,100008,100011,100012,100015,100016,100017,100019,100020,100022,100023,100026",2026-06-04 16:26:20,19.1168512,72.9382912,PMJAY
HOSP27G25249713,249713,Hospital,G,KHAMBA,"Khamba,",7057163202,27,471,"100004,100005,100006,100009,100012,100026,10083",2025-12-30 15:35:49,21.165740,80.039520,PMJAY
HOSP27P26250028,250028,Hospital,P,AASTHA HOSPITAL AND RESEARCH CENTRE," Aastha medical centre, Ramnagar, Chandrapur, Maharashtra, India,",9822239611,27,473,"100005,100006,100012,100026",2026-01-17 15:24:02,19.962251,79.2963320000001,PMJAY
HOSP9P25250036,250036,Hospital,P,LATEEF HOSPITAL,"Madia Jalilpur Padao mughalsarai chandauli, ",9889126439,9,135,"100006,100015,100023",2025-10-31 14:08:18,25.319578512312518,83.07142304199095,PMJAY
HOSP7P25251045,251045,Daycare Centre,P,True vision eye care center ,"F1,F2,CSC4, Pocket B7, Kondli, Gharoli ,Mayur Vihar Phase 3 ,",9999746594,7,78,100013,2025-07-14 16:16:41,28.616651,77.338670,PMJAY
HOSP9P26251389,251389,Hospital,P,HARSH HOSPITAL,"76-A, LOWTHER ROAD, NEAR MEDICAL CROSSING, PRAYAGRAJ (UTTAR PRADESH),",9415215550,9,120,"100004,100005,100006,100007,100010,100011,100012,100014,100015,100016,100017,100019,100020,100023,100026",2026-05-27 14:20:02,25.446277,81.851250,PMJAY
HOSP7P26251548,251548,Hospital,P,NAMOKAR NURSING HOME,"B-1467-470 SULTANPURI ,",9213767688,7,82,"100005,100006,100012",2026-03-24 14:30:17,28.700249,77.081068,PMJAY
HOSP3P26251724,251724,Hospital,P,VIDYANAND HOSPITAL,"NEAR POLICE STATION DINANAGAR,",9815648921,3,32,"100005,100006,100012,100015,100023",2026-08-19 10:40:00,32.129330,75.469190,PMJAY
HOSP9P26251803,251803,Hospital,P,REGENCY HOSPITAL ,"3,5,6 (part ), Khurram Nagar, Ring Road Lucknow,",7880458555,9,162,,2026-02-26 11:41:23,26.898658,80.967816,PMJAY
HOSP27G26251806,251806,Hospital,G,REGIONAL MENTAL HOSPITAL,"49, Baba Farid Nagar Koradi Road,nelson square chhinwada road nagpur",9422978738,27,484,100009,2026-02-16 17:03:43,21.176092,79.078542,PMJAY
HOSP7P26251861,251861,Hospital,P,I CREATE HOSPITAL,"a-3/24, 3rd Floor, Janak Puri, New Delhi-110058,a-3/24, 3rd Floor, Janak Puri, New Delhi-110058",9599046694,7,84,100013,2026-02-27 12:24:51,28.610215,77.095738,PMJAY
HOSP23P26252402,252402,Hospital,P,Perfect Multispeciality Hospital and Cancer Center,"Tajul Masjid motia talab bhopal,",7000261158,23,396,"100006,100008,100011,100015,100019,100020,100022,100023",2026-06-16 10:52:36,23.279519,77.322117,PMJAY
HOSP5G25252563,252563,Hospital,G,SC Paldichina,"Paldichina Bageshwar,",9919877476,5,46,100005,2025-06-23 11:26:46,29.7961340000001,79.874801,PMJAY
HOSP27P26252718,252718,Hospital,P,SURAJ EYE INSTITUTE,"Plot no. 6, Sector No. 21, MIHAN, Nagpur 441108,MIHAN",9884093001,27,484,100013,2026-02-06 12:35:05,21.045585,79.052905,PMJAY
HOSP5P25253377,253377,Daycare Centre,P,JYOTI NETRALAYA,"GB PANT MARG BHOTIA PARAO TIKONIA HALDWANI,",9837622777,5,51,100013,2025-08-01 15:49:24,29.226288649139732,79.5314705494161,PMJAY
HOSP5P25253624,253624,Daycare Centre,P,UTTARAKHAND NETRA HOSPITAL,"UTTARAKHAND NETRA HOSPITAL,Tanakpur Road",7252957731,5,56,100013,2025-09-26 11:37:40,28.925879,79.976284,PMJAY
HOSP23P25254349,254349,Hospital,P,Suyog Hospital ,"195,Bhanwar kua main road,under juni indore railway bridge",8871480380,23,410,,2025-12-22 16:42:10,22.704393,75.860706,PMJAY
HOSP34P25254495,254495,Hospital,P,Dr. Babu Rajendrans Hospital,"206, KAMARAJAR SALAI,KARAIKAL",9940912034,34,598,"100005,100006,100015",2025-12-29 13:08:59,10.928369,79.8385620000001,PMJAY
HOSP27P26254669,254669,Hospital,P,Ajanta hospital ,"Ward no 6,Shivaji nagar mehkar",9422158111,27,472,"100011,100014,100015,100019,100020,100022",2026-01-28 15:54:31,20.237081,76.4517440000001,PMJAY
HOSP7P25254983,254983,Daycare Centre,P,First Eye Care,"Main Kanjavla Road, ",9899500328,7,82,100013,2025-08-01 13:46:02,28.71884893919011,77.01127178739307,PMJAY
HOSP27G26255533,255533,Hospital,G,RH DEULGAON RAJA,"deulgaonraja,",7038033377,27,472,"100005,100015",2026-02-05 13:45:30,20.0180790000001,76.0391000000001,PMJAY
HOSP21P25255696,255696,Hospital,P,shrusti eye care centre,"KALINGAVIHAR ROAD KALINGANAGAR ,",8249144897,21,362,100013,2025-07-09 13:28:22,20.26938538246776,85.75949033962712,PMJAY
HOSP27P26256322,256322,Hospital,P,KHELWADE CHILDRENS HOSPITAL,"Plot no.1, Pratap nagar, Opposite to Swami Samarth Kendra, jalgaon,",8055369800,27,478,"100010,100017",2026-01-14 13:40:17,21.001714,75.563170,PMJAY
HOSP9P25256394,256394,Hospital,P,N R HOSPITAL,"NEW THDC BY PASS NAIPHAL URF UNCHA GAON,",9259120171,9,134,"100005,100006",2025-11-17 13:35:00,28.1576610000001,77.924314,PMJAY
HOSP27P26256474,256474,Hospital,P,Shree bhagwan mahaveer hospital ,"cannaught place, cidco old BMC bank, Chhatrapati Sambhajinagar ,",8750812345,27,469,"100002,100003,100005,100006,100007,100008,100011,100013,100015,100022,100023",2026-03-09 12:07:46,19.888905,75.325307,PMJAY
HOSP27P26256691,256691,Hospital,P,DR.R.N.PATIL SURAJ HOSPITAL,"SUN PALM VIEW BLDG.PLOT NO 1AND 1A SECTOR 15 SANPADA NAVI MUMBAI,",9820332608,27,497,"100002,100005,100007",2026-01-29 18:48:45,19.0625410000001,73.005992,PMJAY
HOSP27P26256730,256730,Hospital,P,VIVEKANAND CANCER AND SUPERSPECIALITY HOSPITAL,"P-55  OPPOSITE FORD SHOWROOM MIDC LATUR, ",9860905592,27,481,"100004,100005,100006,100008,100011,100014,100019,100021,100022,100023,100027",2026-01-08 15:14:24,18.4145310000001,76.5385860000001,PMJAY
HOSP10P25256737,256737,Hospital,P,Jay Prabha Medanta Super Specialty Hospital,"Kanlarbagh Patna,",9155591754,10,212,"100003,100021",2025-12-22 16:34:10,25.598845,85.152916,PMJAY
HOSP23P25256949,256949,Hospital,P,ADVANCE HOSPITAL,"H. NO. 3 SHAMS TOWER PORTION NO. A, THANA SHAJAHANABAD MAIN ROAD BHOPAL,",9753504534,23,396,100015,2025-05-26 19:00:32,23.2642440000001,77.389104,PMJAY
HOSP27P26257044,257044,Hospital,P,Prabhavati ENT Center,"G003 chandresh palace chs ltd st depot road Nalasopara west,",9833604464,27,665,100016,2026-05-23 11:35:04,19.419816,72.808947,PMJAY
HOSP9P25257311,257311,Daycare Centre,P,SRIJAN NETRA CHIKITSALAYA,"NATIONAL HIGHWAY IN FRONT OF HIRA COLD STORE , ",9161447808,9,158,100013,2025-06-05 17:06:17,25.673167,81.311535,PMJAY
HOSP23P25257317,257317,Hospital,P,MANGALAM HOSPITAL,"256/3/497 ,MANGLAM COMPLEX NEAR BHARATL PETROL PUMP ,MOTHER TERESA NAGAR KATANGI BYPASS ROAD ,",9926782125,23,411,,2025-12-26 17:59:08,23.180045,79.926985,PMJAY
HOSP27G26257526,257526,Hospital,G,RH LONAR,"Loni-Risod Road Lonar,",9421793368,27,472,,2026-01-12 17:48:00,19.987222,76.5193620000001,PMJAY
HOSP27P26258114,258114,Hospital,P,"Dr Pawar Hospital, Dighanchi","Dighanchi,",9403156323,27,493,"100004,100005,100006,100010,100012,100013,100015,100020,100023,100026",2026-01-21 18:57:55,17.529458,74.9258770000001,PMJAY
HOSP2P58376,258376,Hospital,P,Jagriti Medical Centre,"jagriti medical centre purani mandi h.P 175001,",9816003020,2,22,"100005,100006,100012,100017,100023,100026",2018-11-22 18:01:13,31.703533,76.944093,PMJAY
HOSP27P26258744,258744,Hospital,P,Pulse Multispeciality Hospital,"New Posari,",8692069569,27,491,"100001,100004,100005,100015,100017,100020,100023,100026",2026-01-08 16:18:09,18.897468,73.184780,PMJAY
HOSP27P26259765,259765,Hospital,P,Satara Diagnostic Centre and Multispecialty Hospital Satara,"CTS NO.518/1/15, Plot No.4, Devi Colony, Sadar Bazar, Satara,",8805199200,27,494,"100002,100003,100004,100007,100023",2026-01-17 16:50:16,17.685521,74.017750,PMJAY
HOSP7P25259807,259807,Hospital,P,SANT PARMANAND HOSPITAL YAMUNA BAZAR,"PLOT NO 1 2 3 PARK AREA YAMUNA BAZAR,SANT PARMANAND HOSPITAL PLOT NO 1 2 3 PARK AREA YAMUNA BAZAR DELHI",9717380293,7,77,"100002,100006,100023",2025-09-11 15:44:28,28.662017,77.235180,PMJAY
HOSP27P26259871,259871,Hospital,P,City Super Speciality Center ,"43 Sarswati Colony,Main Road Deopur",9907742434,27,474,"100012,100015,100017,100023",2026-01-29 16:25:29,20.92538978261715,74.77664235032361,PMJAY
HOSP27P26260355,260355,Hospital,P,JADHAO PULSE HOSPITAL AND MATERNITY CENTER,"JADHAO PULSE HOSPITAL , NEAR BUS STAND, SANGAM CHOWK, BULDHANA 443001,SANGAM CHOWK, NEAR BUS STAND",9987602080,27,472,"100005,100012",2026-01-10 13:11:26,20.533956,76.177435,PMJAY
HOSP27P26261090,261090,Hospital,P,CARDION HOSPITAL (A UNIT OF CARDION HEATH CARE PVT LTD),"11, Amravati Road Campus Bharat Nagar, Nagpur.,",7498427275,27,484,,2026-02-05 14:48:14,21.152591,79.112188,PMJAY
HOSP27P26261414,261414,Hospital,P,Gurjar Balrugnalaya,"Muthey lay out,Behind Bus stand",9673839043,27,472,"100001,100004,100005,100010,100017,100026",2026-01-24 17:18:15,20.536421,76.180577,PMJAY
HOSP21P26262399,262399,Hospital,P,PRIYAMBADA EYE HOSPITAL,"Majhikhanda,po/ps -Niali,dist -cutttack ,pin-754004,",9937743504,21,350,100013,2026-08-20 12:15:19,20.133446392555342,86.06469819580047,PMJAY
HOSP3P25262724,262724,Hospital,P,GURDASPUR MEDICITY,"GT ROAD , OPP MERITORIOUS SCHOOL , GURDASPUR, GT ROAD , OPP MERITORIOUS SCHOOL , GURDASPUR",7087869693,3,32,,2025-05-26 15:50:30,31.86360320000908,75.25826559999814,PMJAY
HOSP23P26263136,263136,Hospital,P,Centre for Sight Jabalpur ,"811, Renuka Tower, near Bhavartal Garden,Road, Napier Town, Jabalpur, Madhya Pradesh",9810423972,23,411,100013,2026-06-24 23:11:02,23.159608,79.930397,PMJAY
HOSP5G25263474,263474,Hospital,G,Primary Health Centre Type A Muwani,"APHC Muwani Pithoragarh,",8946935595,5,53,100005,2025-06-24 10:47:55,29.75574,80.12737,PMJAY
HOSP5P25263505,263505,Hospital,P,New Sukhmani Hospital,"Vill Siseya,kichha road",7906130473,5,56,"100004,100005,100006,100012",2025-09-24 14:26:22,28.875293,79.666379,PMJAY
HOSP5G25263507,263507,Hospital,G,PHC Type A Chandernagar,"Government Health Center, Chandra Nagar, Augustmuni, Rudraprayag,",8077981882,5,54,100005,2025-12-30 18:07:20,30.4048,79.1472830000001,PMJAY
HOSP3P26264129,264129,Hospital,P,DR SANJEEV SUPERSPECIALITY HOSPITAL,"Plot No 732, Shri Guru Hargobind Nagar, Phagwara, ",9501595093,3,35,"100002,100004,100005",2026-02-06 11:24:12,31.216865999999996,75.77608300000009,PMJAY
HOSP27P26264218,264218,Hospital,P,JANAI MATERNITY HOSPITAL DHARASHIV ,"DIC ROAD DHARASHIV ,",7709445561,27,488,"100004,100005,100006,100010,100011,100012,100014,100015,100017,100018,100019,100020,100022,100023",2026-01-17 17:39:39,18.192481,76.0588210000001,PMJAY
HOSP7P25264336,264336,Hospital,P,Radious hospital,"Kh- 110/41 Auchandi ,  NEAR UNION BANK DELHI - 110039,",9873354405,7,80,"100005,100006,100012,100015,100023",2026-07-04 12:46:24,28.806349,76.962202,PMJAY
HOSP6G25264496,264496,Hospital,G,PHC Habri,"Pundri Road, VPOI Habri,Near Gurudawa",8397929453,6,66,"100004,100005,100012",2025-09-18 12:05:02,29.7009319097,76.6309647096,PMJAY
HOSP9P25264720,264720,Hospital,P,global kamla hospital and trauma center ,"Abhay Chandra Nagar Near Leprosy Chauraha Naini Prayagraj Uttar Pradesh : 211008					,",8889995858,9,120,"100005,100006,100012,100013,100015,100020,100023",2025-12-08 20:01:49,25.414449,81.855601,PMJAY
HOSP6G25264833,264833,Hospital,G,Primary Health Center Gudha,"VPO Gudha ,",8295049689,6,68,100005,2025-03-17 15:53:15,30.0696060000001,77.049269,PMJAY
HOSP7P25265365,265365,Hospital,P,AALOK HOSPITAL,"PLOT NO-136, KH. NO-103/14,MAIN KANJHAWALA ROAD, RAJEEV NAGAR, SEC-38, ROHINI DELHI-110086",9310204289,7,82,"100005,100006,100012,100015,100017,100020,100023",2026-06-11 16:26:03,28.725684,77.056347,PMJAY
HOSP27P26265579,265579,Daycare Centre,P,INFIGO EYE CARE HOSPITAL RATNAGIRI,"Shop No. 3/4/5 Shantadurga Sankul Main Road, Salvi Stop, Ratnagiri, Maharashtra 415612,",9820102404,27,492,100013,2026-01-19 13:43:59,16.993099,73.3256200000001,PMJAY
HOSP19P26265901,265901,Hospital,P,VIVACITY MULTISPECIALITY HOSPITAL (A UNIT OF NEPHRO CARE INDIA LIMITED),"Holding No. 361/23, Jessore Road (South), Kolkata, PO Madhyamgram, PSMadhyamgram, District North 24 ,",9038277277,19,303,"100002,100003,100005,100006,100010,100011,100012,100014,100015,100019,100020,100023,100028",2026-06-27 21:48:04,22.688471,88.463792,PMJAY
HOSP27G25266241,266241,Hospital,G,PHC NIVALI,"PHC NIVALI,",9405385330,27,481,"100004,100005,100006,100009,100012,100016,100017,100023,100026",2025-12-29 17:40:01,18.3725890000001,76.6980780000001,PMJAY
HOSP7P26266298,266298,Hospital,P,Kapil Multispeciality Hospital,"Nathu Pura,",9911445775,7,77,"100005,100006,100015",2026-02-20 14:10:13,28.767682,77.181959,PMJAY
HOSP24P26266384,266384,Hospital,P,ASG HOSPITAL PRIVATE LIMITED,"Jash Brayant, Beside Vanita Vishram Ground,Ring Road, Athwagate, Near to Mahaveer Hospital, Surat",8875020736,24,459,100013,2026-05-01 17:38:07,21.182735,72.813998,PMJAY
HOSP6P25266403,266403,Hospital,P,AASTHA HOSPITAL ,"BAMBULIA ROAD MATANHAIL,",9896938671,6,64,"100004,100005,100006,100010,100012,100013,100015,100016,100017,100023",2025-09-05 16:45:01,28.557951,76.492685,PMJAY
HOSP5P25266485,266485,Hospital,P, VARDAN  MULTISPECIALITY HOSPITAL ,"near pnb  branch kundeshwari ,",7534865625,5,56,"100005,100006,100010,100012,100015,100017",2025-10-17 12:44:52,29.198569,79.007510,PMJAY
HOSP9P25266543,266543,Hospital,P,VARDHAN HOSPITAL A UNIT OF VARDHAN RAJ HOSPITAL,"A-125/D, Lalpur Housing Scheme Phase-1, Bada Lalpur, Varanasi, BHOJUBEER ORDELY BAZAR VARANASI",8795821845,9,187,"100002,100003,100005,100006,100015,100023",2025-05-07 15:28:13,25.382513451878637,82.97346095201272,PMJAY
HOSP9P26267421,267421,Hospital,P,DEV HOSPITAL,"SIKANDRABAD BYPASS BARAL ROAD, ,",9557687433,9,134,"100005,100006",2026-03-25 20:38:17,28.45799012913197,77.71806541089671,PMJAY
HOSP9P25267656,267656,Hospital,P,LUCKNOW HEALTHCITY TRAUMA CENTRE AND SUPERSPECIALITY HOSPITAL,"NH -A AND B/2 VIJAY KHAND -2 LUCKNOW ,",9839182092,9,162,"100005,100006,100008,100011,100012,100015,100016,100017,100019,100020,100022,100023",2025-11-06 17:15:41,26.8566950000001,80.99341600000002,PMJAY
HOSP7P26267936,267936,Standalone Dialysis Centre,P,DCDC Health services Pvt ltd,"B-2/59 Mohan Cooperative Industrial area Delhi-110044,",8506080484,7,670,100005,2026-02-20 15:39:49,28.493592,77.302235,PMJAY
HOSP27P26269747,269747,Hospital,P,RIDDHI VINAYAK MULTISPECIALITY HOSPITAL,"Plot No. 302, Near Railway Carshed Yeshwant Gaurav Road, Nallasopara West, Maharashtra 401203,",9223186550,27,665,"100002,100003,100005,100006,100015,100023",2026-01-07 16:22:02,19.436203,72.811173,PMJAY
HOSP5P25269847,269847,Hospital,P,Saksham hospital,"5 km milestone,Delhi Road, Rookee",8755526555,5,50,"100005,100006,100011,100012,100015,100017",2025-05-05 16:18:12,29.881221,77.875255,PMJAY
HOSP23P25270216,270216,Hospital,P,vindhyanchal hospital and cancer care ,"house 984 ward 7 khutehi rewa,",9425185093,23,424,"100001,100006,100019,100020,100023",2025-12-23 17:19:49,24.544004,81.301643,PMJAY
HOSP7P25270306,270306,Hospital,P,YOGESH EYE CENTRE,"B5/15 SECTOR-4 ROHINI, DELHI,",9811056857,7,82,100013,2025-06-25 15:33:45,28.707770,77.102983,PMJAY
HOSP7P25270406,270406,Daycare Centre,P,Eye Care Centre,"F-182, Dilshad Colony Delhi - 110095,",9312320033,7,671,100013,2025-09-04 13:57:31,28.684038,77.330450,PMJAY
HOSP23G25270537,270537,Hospital,G,phctillorekhurd,"tillore khurd,",7089075701,23,410,"100005,100012",2025-07-29 18:12:20,22.619947999999596,75.94255099999327,PMJAY
HOSP27P26270719,270719,Daycare Centre,P,RAHI CARE DIALYSIS ,"SOLAR PLEX HOS THIRD FLOOR DURGA CHAUK AKOLA,",9779925382,27,467,100005,2026-01-17 16:01:26,20.716635,77.011166,PMJAY
HOSP6P25271724,271724,Hospital,P,IBM HOSPITAL AND TRAUMA CENTRE A UNIT OF GAURAV HOSPITAL PVT LTD,"IBM HOSPITAL & TRAUMA CENTRE (A UNIT OF GAURAV HOSPITAL PVT LTD), ",9996330353,6,71,"100002,100005,100006,100011,100015,100016,100020,100023",2025-09-05 16:59:23,29.386741,76.956574,PMJAY
HOSP5P26272116,272116,Hospital,P,SOURABH HOSPITAL,"TANAKPUR ROAD KHATIMA,",9412017924,5,56,"100005,100006",2026-05-04 13:29:10,28.923549,79.973856,PMJAY
HOSP7P25272130,272130,Standalone Dialysis Centre,P,DCDC HEALTH SERVICES PVT LTD,"Plot No1 2nd. and 3rd floor Chander Lok  Enclave  Pitampura Delhi 110034,",8506080484,7,82,100005,2025-08-25 14:54:10,28.69246019554903,77.1354427293947,PMJAY
HOSP7P25272322,272322,Daycare Centre,P,RANA EYE CENTRE,"C-8/28 SEC 7 ROHINI NEW DELHI ,",9810150651,7,82,100013,2026-06-05 11:29:53,28.708490,77.124270,PMJAY
HOSP9P25272432,272432,Hospital,P,Shubham fracture and maternity hospital,"near dm road ,",9458317766,9,134,,2025-12-05 16:42:43,28.405565,77.846281,PMJAY
HOSP5G25272578,272578,Hospital,G,PHC Type A Kafligair,"Kafligair Bageshwar,",7607380112,5,46,100005,2025-12-30 18:05:14,29.77672,79.74792,PMJAY
HOSP9P25272644,272644,Hospital,P,PRIME HEALTH CENTRE,"B-2/332, SECTOR A, JANKIPURAM, LUCKNOW, LUCKNOW, UTTAR PRADESH - 226021,",9415405534,9,162,"100011,100015",2025-09-15 19:26:35,26.908891989572126,80.94422982509411,PMJAY
HOSP27P26272779,272779,Hospital,P,AMIT ORTHOPAEDIC CENTER,"4776/108 NEAR UMA COLLEGE,KARAD ROAD",9822110115,27,496,"100015,100020",2026-01-19 16:23:21,17.670327,75.31526100000008,PMJAY
HOSP27P26273040,273040,Hospital,P,HARAL HOSPITAL,"Haral Hospital, Nagar-Kalyan Road,,Opp. Jadhav Petrol Pump",9404755355,27,466,"100002,100004,100005,100006,100011,100012,100015,100016,100017,100019,100020,100022,100023,100026",2026-01-21 16:36:41,19.096126,74.720356,PMJAY
HOSP27P26273076,273076,Hospital,P,Pragati Netra Rugnalay,"1982 E Ward, 9th Lane, Rajarampuri,Bus Route",9822704427,27,480,100013,2026-01-21 11:08:43,16.693752,74.244509,PMJAY
HOSP9P25273593,273593,Hospital,P,NOVA MULTISPECIALITY HOSPITAL ,"2C/6 AWAS VIKAS 1 OPP. POLICE CHIKI, DM ROAD, BULANDSHAHR ,",9045030300,9,134,"100006,100011,100012,100014,100015,100016,100020,100023",2025-06-26 16:25:21,28.405565,77.846281,PMJAY
HOSP22P25273836,273836,Hospital,P,SURAJ NURSING HOME,"IIT Road Arya Nagar Kohka,",9301865185,22,378,"100005,100006,100008,100015,100023",2025-09-01 15:06:56,21.225986,81.3375590000001,PMJAY
HOSP27P26274123,274123,Hospital,P,SHRI SIDDHIVINAYAK MULTISPECIALITY HOSPITAL RAMPUR,"AP. RAMPUR , TAL -CHIPLUN , DIST - RATNAGIRI,",9881983383,27,492,"100001,100004,100005,100006,100008,100010,100012,100014,100015,100016,100017,100020,100022,100023,100026",2026-02-09 19:17:34,17.479754298766096,73.4311962805183,PMJAY
HOSP6P25274145,274145,Hospital,P,Kamal Nursng Home,"Near Patiala Chowk,",9992697400,6,65,"100010,100017",2025-09-05 16:24:47,29.321204,76.297476,PMJAY
HOSP9P25274255,274255,Hospital,P,RADHIKA SUPER SPECIALITY AND ADVANCE TRAUMA CENTRE,"65,1, GRAM JALIM NAGLA POST KHANPUR , ",9627583236,9,130,"100002,100003,100005,100006,100010,100011,100012,100015,100016,100017,100023",2025-09-20 15:04:53,28.3812610000001,79.394703,PMJAY
HOSP27P26274336,274336,Hospital,P,SIDDHIVINAYAK HOSPITAL,"Shinde nashik naigaon nashik,",8379073843,27,487,"100001,100002,100004,100005,100006,100008,100010,100014,100015,100017,100018,100019,100020,100026",2026-01-22 17:48:39,19.91807778520611,73.90113895522077,PMJAY
HOSP7G25275171,275171,Medical College Hospital,G,MAULANA AZAD INSTITUTE OF DENTAL SCIENCES,MAULANA AZAD INSTITUTE OF DENTAL SCIENCES DELHI GATE,8368490625,7,77,100014,2025-05-28 19:22:34,28.635765,77.239884,PMJAY
HOSP23P25275482,275482,Hospital,P,GURUMAYA CHILDREN HOSPITAL,"itarsi, ",9993998265,23,409,"100010,100017",2025-12-26 16:21:01,22.6102100000001,77.76732,PMJAY
HOSP27P26275504,275504,Daycare Centre,P,Swaraashi Netralaya,"605/606, Neptune uptown bldg,n.s.road",9892657656,27,483,100013,2026-07-16 17:20:20,19.173878,72.956017,PMJAY
HOSP6P25276032,276032,Hospital,P,RAHEJA HOSPITAL,"Jind Kanchi Bawala ,",9812119527,6,63,"100005,100006,100010,100017",2025-09-05 17:54:52,29.358807,75.903949,PMJAY
HOSP9P26276336,276336,Hospital,P,BHARGAVA HOSPITAL,"15/263 CIVIL LINES KANPUR NAGAR,",9044005500,9,157,"100005,100006,100012,100015,100016,100023",2026-01-23 20:16:59,26.480040,80.354718,PMJAY
HOSP23P25276682,276682,Hospital,P,HP EYE AND RETINA CARE ,"2/3 CHHATRASHAL NAGAR JK ROAD BHOPAL, ",7089024356,23,396,100013,2025-12-31 15:47:19,28.6472799,76.8130644,PMJAY
HOSP9P26277009,277009,Hospital,P,Bharat Nursing Home,"Angoori Bagh Road, Dahabganj Chauraha,Farrukhabad",9075392372,9,141,"100005,100006",2026-05-15 11:59:52,27.393939,79.587354,PMJAY
HOSP9P25277142,277142,Hospital,P,DEWANTI RAJ HOSPITAL,"Lohia Colony, Jataha road, Ambey Chouk, Padrauna,",8192833433,9,160,"100005,100006,100015",2025-11-24 16:41:36,27.018349,83.993334,PMJAY
HOSP24G25277195,277195,Hospital,G,PRIMARY HEALTH CENTER TENPUR,"bhudasan,",9898373407,24,672,"100004,100005,100012",2025-05-13 17:16:00,23.210971203077378,73.00376739448495,PMJAY
HOSP27P26277323,277323,Hospital,P,GURU NANAK HOSPITAL AND RESEARCH CENTRE," S 341, near Collector Office, Gandhi Nagar, Bandra East, Mumbai, Maharashtra 400051, ",9833090756,27,483,"100002,100003,100004,100005,100006,100008,100011,100012,100015,100016,100019,100023,100026",2026-01-14 16:37:52,19.06295,72.856692,PMJAY
HOSP27P26277552,277552,Daycare Centre,P,Lotus Eye Hospital,"13, Vithalnagar Society, North South Road, Juhu, Mumbai, Maharashtra 400049,",9769557032,27,483,100013,2026-01-14 16:42:10,19.1109970000001,72.825502,PMJAY
HOSP9P25278141,278141,Hospital,P,INDUS CARE MULTISPECIALITY HOSPITAL ,"DELHI SAHARANPUR ROAD JALALABAD,",9997710008,9,660,"100005,100006,100015",2025-08-27 16:41:54,29.618994,77.4330770000001,PMJAY
HOSP3P25278365,278365,Hospital,P,NAVSIMRAN MULTISPECIALITY HOSPITAL ,"GT ROAD MANAWALA,",7009278852,3,27,,2025-08-25 12:43:45,31.612643,74.966598,PMJAY
HOSP9P25278624,278624,Hospital,P,JAYA HOSPITAL,"GAUTAMPURI COLONY, SALEMPUR ROAD , SONDA, DEORIA,",8787012339,9,137,"100005,100006,100012,100015,100023",2025-10-09 13:11:35,26.467891,83.788768,PMJAY
HOSP27P26278755,278755,Hospital,P,YASHODA HOSPITAL ,"infront of Shivshaknar Bazzhar Gulve Nagar Akluj ,",9881360910,27,496,"100004,100005,100006,100012,100014,100015,100020,100023,100026",2026-02-18 16:44:47,17.887752872367344,75.0187691660864,PMJAY
HOSP27P26279388,279388,Hospital,P,STH HOSPITALS PVT LTD,"J ABHISHEJK APART JUHU VARSOVA LINK ROAD DUTTA MARG ANDHERI WEST,",8369295949,27,483,"100003,100005,100006,100023",2026-07-03 15:28:17,19.1230380000001,72.8370170000001,PMJAY
HOSP5P25279912,279912,Hospital,P,Chandan Hospital Unit of Chandan Super Specialty Hospital Limited ,"Plot No-503, Khasra No-247, Bhotia Parav, Haldwani ,",9919933333,5,51,"100001,100002,100003,100004,100005,100006,100010,100011,100012,100015,100017,100019,100020,100022,100023",2026-08-16 19:41:30,29.216514,79.526331,PMJAY
HOSP3P26280127,280127,Hospital,P,CARE MULTISPECIALITY CENTER,"BANK COLONY, ROAD NO.13",9781922020,3,41,,2026-04-13 17:43:14,30.9131,75.84950000000003,PMJAY
HOSP9P25280151,280151,Hospital,P,INDRAPUSHP HOSPITAL,"Jewar road khurja junction,",8532814159,9,134,"100005,100006",2025-11-26 18:20:59,28.2122830000001,77.8185790000001,PMJAY
HOSP3P26280990,280990,Hospital,P,ALPHA CHANDIGARH HOSPITAL LLP,"nh-05, np gharuan, vill mamupur, near chandigarh university, teh kharar, dist sAS nagar -140413, ",9592036215,3,608,"100005,100006,100010,100012,100013,100014,100015,100016,100017,100019,100023",2026-03-02 11:20:14,30.76876374827242,76.57578731335923,PMJAY
HOSP7G26281197,281197,Hospital,G,esic hospital rohini,"ESIC HOSPITAL ROHINI SEC 15 DELHI,",9811309221,7,82,"100004,100005,100006,100012,100013,100015,100016,100017",2026-02-02 15:46:34,28.727678,77.1265940000001,PMJAY
HOSP27P26281480,281480,Daycare Centre,P,Infigo Eye Care Hospital Palghar,"1-10, Shree Heritage, near IDBI Bank, Palghar, Maharashtra 401404,",9820102404,27,665,100013,2026-01-07 16:23:45,19.6962980000001,72.7687900000001,PMJAY
HOSP27P26281820,281820,Hospital,P,DR POTDUKHE HOSPITAL,"Janta College Chowk, ",9970924888,27,473,100005,2026-01-24 15:24:32,19.972010555183147,79.28635991045837,PMJAY
HOSP23G25281837,281837,Daycare Centre,G,PHC KARANWAS,"KARANVAS,",7440874871,23,422,100005,2025-08-05 16:56:42,23.806418433332098,76.80649820295162,PMJAY
HOSP27P26282248,282248,Hospital,P,PKC Hospital,"Plot No. 57, Sec 15A, Vashi, Navi Mumbai,",8655605328,27,497,"100002,100003,100005,100006,100007,100011,100013,100015,100020,100023",2026-01-22 17:51:22,19.080563,73.002979,PMJAY
HOSP10P25282455,282455,Hospital,P,raj laxmi nursing home and stone centre,"bahadurpur gumti kankarbagh main road patna,",9334110614,10,212,"100006,100015,100023",2025-06-04 15:19:47,25.5978890000001,85.1551370000001,PMJAY
HOSP27G25282933,282933,Hospital,G,PHC VIREGAON,"VIREGAON,",8411856079,27,479,"100001,100002,100003,100004,100005,100006,100007,100008,100009,100010,100011,100012,100013,100014,100015,100016,100017,100018,100019,100020,100021,100022,100023,100026,100028,10083",2025-12-29 17:30:17,19.709317,76.145018,PMJAY
HOSP23G25283012,283012,Hospital,G,PRIMARY HEALTH CENTRE PANDIYA CHHAPARA,"PHC PANDIYA CHHAPARA,",7000739569,23,428,"100005,100012,100017",2025-08-08 17:49:08,22.126741085503397,79.99846251221953,PMJAY
HOSP27P26283553,283553,Hospital,P,sai snehdeep hospital,"Plot no 12/13, Sector 20, adjacent to Indian oil petrol pump, Kopar khairane, Navi Mumbai, 400709,",9850000705,27,497,"100001,100002,100003,100004,100005,100006,100007,100008,100009,100010,100011,100012,100013,100014,100015,100016,100017,100018,100019,100020,100022,100023,100026,100027",2026-01-26 13:35:16,19.108481,73.0017680000001,PMJAY
HOSP2P83633,283633,Hospital,P,shivam orthocare,"shivam orthocare,",8894612270,2,26,"100004,100005,100015,100026",2019-06-20 11:29:34,31.470725,76.270940,PMJAY
HOSP5G25283915,283915,Hospital,G,PHC Type A Kodi Pantwadi,"PHC Type A Kodi Pantwadi Jaunpur,",8476810714,5,55,100005,2025-06-23 15:53:11,30.583904387174357,78.0833137454722,PMJAY
HOSP9P25284314,284314,Hospital,P,SHAKTI EYE HOSPITAL,"NEAR POWER HOUSE KASHIPUR ROAD AFZALGARH,",9927582334,9,132,100013,2025-10-13 18:57:08,29.3960870000001,78.6736890000001,PMJAY
HOSP7P25284472,284472,Hospital,P,SSB Multispeciality Hospital,"A-19/A, Kailash Colony, New Delhi-110048,",9911982426,7,83,,2026-04-17 10:58:40,28.555687,77.241246,PMJAY
HOSP6P25284560,284560,Hospital,P,SAMRAT HOSPITAL,"AZAD CHOK, Anand Nagar, Shanti Nagar, Rewari, Haryana 123401,",8930605605,6,72,"100005,100006,100011,100012,100013,100015,100020,100023",2025-09-05 16:42:30,28.201321,76.623847,PMJAY
HOSP21P25284976,284976,Hospital,P,Health Scope Hospital,"At-Santarapur, Badapokhari Tala, Atopur, Keonjhar,",7978326297,21,361,,2025-10-18 16:08:19,21.634598,85.6104500000001,PMJAY
HOSP9P26285093,285093,Hospital,P,SHRI NATH BABA HOSPITAL AND RESERCH CENTRE,"NAGRA TO GARWAR ROAD NAGRA,",8601360111,9,126,,2026-06-01 18:27:48,25.957338446380035,83.88121016057084,PMJAY
HOSP27P26285308,285308,Hospital,P,AAROGYA SUPER SPECIALITY HOSPITAL ,"kalwa,thane",9833556580,27,497,"100002,100004,100005,100006,100015,100020,100023",2026-01-17 10:43:01,19.201623,73.000867,PMJAY
HOSP27G26287114,287114,Daycare Centre,G,WALHA,"Walha, ",8668213418,27,490,"100004,100005,100006,100012,10083",2026-01-21 15:24:55,18.187873,74.15245,PMJAY
HOSP7G26287117,287117,Hospital,G,sanjay gandhi memorial hospital,"mangolpuri , S block,",8745011253,7,82,"100004,100005,100006,100010,100012,100013,100015,100016,100017",2026-01-29 14:16:56,28.694112,77.080286,PMJAY
HOSP19P25287249,287249,Hospital,P,Saroj Gupta Cancer Centre and Research Institute,"Mahatma Gandhi Road,Thakurpukur,",9007087270,19,315,"100008,100021,100022,100027",2025-12-12 18:01:13,22.459202,88.320185,PMJAY
HOSP9P25287824,287824,Hospital,P,SHRADDHA CARE HOSPITAL,"OPP PREM NURSERY,MINI BYPASS ROAD",9758284825,9,130,"100005,100006,100010,100012,100017,100023",2025-10-14 14:36:49,28.380067,79.406080,PMJAY
HOSP27P26287847,287847,Hospital,P,Malti Hospital and Urology Centre,"Behind Hotel Palace Near ST Bus Stop Chandrapur,",9822364836,27,473,"100006,100015,100020,100023",2026-01-26 12:59:18,19.9657550000001,79.298234,PMJAY
HOSP23P25288835,288835,Hospital,P,RDS HOSPITAL,"BANJARI CHOWK REULA ROAD KOTMA ANNUPUR MP,",9753276208,23,390,,2025-05-28 17:09:31,23.2060323660845,81.9578793135035,PMJAY
HOSP27P26289133,289133,Hospital,P,SHEWALE BALRUGNALAY AND CRITICAL CARE CENTRE AND BAL GOPAL HOSPITAL,"BEHIND BUS STAND BULDANA ,",8805499022,27,472,"100010,100017",2026-06-10 16:46:47,20.533681,76.172704,PMJAY
HOSP23P25289154,289154,Hospital,P,Golchha Hospital And Urological Research Centre,"56 NAPIER TOWN OPP BHANWARTAL PARK MARHATAL JABALPUR,",7987945807,23,411,"100006,100012,100015,100023",2025-06-05 15:05:18,23.1635600000001,79.933367,PMJAY
HOSP9P25289448,289448,Hospital,P,GRACE HOSPITAL,"NH 1 D BLOCK ,PREET VIHAR HAPUR ",9897892786,9,661,"100005,100006,100015",2025-08-19 18:23:02,28.72770990246987,77.74102627747857,PMJAY
HOSP6P25289705,289705,Hospital,P,MALIK SUPERSPECIALITY HOSPITAL,"gandhi Market Kalra building Hansi, Taxi Stand",7011356656,6,63,"100005,100006,100012,100015,100016,100023",2025-06-19 15:46:09,29.095103055761783,75.96403824981621,PMJAY
HOSP23P26289808,289808,Hospital,P,MARVEL HOSPITAL PRIVATE LIMITED,"C-02 Laxmi Vihar Opposite HP Petrol Pump Bhopal,",7350899735,23,396,"100005,100006,100011,100012,100015,100016,100017,100018,100019,100020,100023",2026-01-06 16:08:59,23.27986266397562,77.4484568806925,PMJAY
HOSP23P25290074,290074,Hospital,P,MAA PITAMBARA  MULTISPECIALITY  HOSPITAL,"NIZZAMUDDIN ROAD,NARELA JODD, AYODHYA BYPASS , BHOPAL, ",9702470180,23,396,"100005,100006,100015,100023",2025-05-26 17:57:36,23.267179158017257,77.4663974065711,PMJAY
HOSP19P25290304,290304,Hospital,P,DESUN HOSPITAL,"KAWAKHALI, NORTH BENGAL MEDICAL COLLEGE RD, SILIGUIRI WEST BENGAL 734012,",9748148866,19,309,"100002,100006,100007,100008,100011,100012,100014,100015,100019,100023",2025-12-12 18:04:38,26.689513,88.396114,PMJAY
HOSP27P26290723,290723,Hospital,P,KRISHNA ORTHOPEDIC CARE,"11, sHIVAJI NAGAR, ,ARNI ROAD, NEAR ZILHA PARISHAD, YAVATMAL",7588783937,27,500,"100005,100011,100014,100015",2026-01-30 17:44:00,20.375453,78.111497,PMJAY
HOSP10P25290817,290817,Hospital,P,UNITY INSTITUTE OF MEDICARE AND RESEARCH,"RCA-14 BAHADURPUR HOUSING COLONY NEAR TV TOWER 800026,",9939009337,10,212,"100005,100006,100010,100012,100015",2025-07-31 13:16:50,25.5942420000001,85.170843,PMJAY
HOSP5P25291839,291839,Daycare Centre,P,Niranjana health care pvt ltd,"kanjabag road khatima,",8447854238,5,56,100013,2025-11-20 14:28:43,28.920535,79.970567,PMJAY
HOSP5P26291847,291847,Hospital,P,RISHI HOSPITAL,"612, ASHOK MARG, RAMNAGAR,ROORKEE-247667 ,",8576052511,5,50,"100006,100012,100015,100019,100020,100023",2026-01-09 10:47:51,29.876435,77.898402,PMJAY
HOSP10P25292511,292511,Hospital,P,kumar eye centre,"kumar eye centre, arya kumar road, patna, bihar,",8051406719,10,212,100013,2025-12-03 15:53:19,25.612172,85.1595830000001,PMJAY
HOSP6P25292582,292582,Hospital,P,YMC HOSPITAL NEONATAL AND PAEDIATRIC CENTER,"Opp. Atithi Hotel Near Shiv Chowk Circular Road Sirsa,",9416284844,6,74,"100010,100017",2025-07-16 17:14:42,29.536864,75.026593,PMJAY
HOSP5P26292953,292953,Hospital,P,AVIRAL MULTI SPECIALITY HOSPITAL,"375 HARIDWAR ROAD DANDA DHARAMPUR,",8595038368,5,49,"100004,100005,100006,100012,100015,100017,100026",2026-04-22 15:15:49,30.314382,78.051266,PMJAY
HOSP27P26293005,293005,Hospital,P,SHRI RENUKA MULTISPECIALITY HOSPITAL AND ICU,"MAIN ROAD, BALINGE,",9850469896,27,480,"100005,100006,100015,100019,100020,100023",2026-01-21 18:30:47,16.6923380000001,74.1973590000001,PMJAY
HOSP23P25293325,293325,Hospital,P,AROGYA HOSPITAL ,"3, Shujalpur Mandi Rd, Gandhi Colony, Shujalpur, Madhya Pradesh 465333, ",9893458798,23,430,"100005,100006,100015,100023",2025-12-23 16:21:15,23.4050328,76.7051119,PMJAY
HOSP27P26293397,293397,Daycare Centre,P,Infigo Eye Care Hospital Bhayander,"1001, First Floor, C-Wing Janaki Heritage, Opp. Maxus Mall Bhayander (W) Maharashtra 401101,",9820102404,27,497,100013,2026-01-19 13:38:22,19.294460,72.848762,PMJAY
HOSP24P26293439,293439,Hospital,P,VIMS HOSPITAL managed by Visat Institute of Medical Sciences and Hospitals Private Limited,"Nr Narendra Modi Stadium, b/h City Gold Cinema,",9825026577,24,438,"100015,100020,100023",2026-04-24 17:57:59,23.092500,72.592256,PMJAY
HOSP7P25293717,293717,Hospital,P,PRABHA EYE HOSPITAL,"1982, indira colony, railway road, opp. lampur mod, ",7379277779,7,80,100013,2025-08-01 12:27:55,28.85036138109504,77.08782992793027,PMJAY
HOSP9P25294446,294446,Hospital,P,VINOD PRAKASH LIFE CARE MULTISPECIALITY HOSPITAL AND TRAUMA CENTER,"USKA ROAD BELAHIYA CHAURAHA THRAULI BALMIKI NAGAR SIDDHARTH NAGAR,",9838368749,9,182,"100005,100006,100010,100011,100015,100017,100020",2025-08-19 18:51:35,27.264682,83.085102,PMJAY
HOSP10P26294860,294860,Hospital,P,AWADH HOSPITAL ,"BAKHRI CHOWK DARBHANGA ROAD NEAR HANUMAN MANDIR MUZAFFARPUR,",7870377639,10,208,100015,2026-02-26 19:26:36,26.158939,85.421676,PMJAY
HOSP27P26295408,295408,Hospital,P,VARTAMAN HEALTHCARE PVT LTD SANCHLIT DR HIREMATH CO OP HOSPITAL BARSHI,"AGALGAON ROAD, BARSHI,",9822095314,27,496,"100002,100004,100005,100006,100010,100011,100012,100013,100014,100015,100016,100017,100020,100023,100026",2026-03-11 11:26:51,18.244791,75.696871,PMJAY
HOSP22P25295742,295742,Hospital,P,LAXMI NARAYAN CHARITABLE HOSPITAL,"NEAR INDRAPRASTHA STADIUM DHABBA ROAD MAANPUR,",7582039573,22,761,100005,2025-07-10 10:40:12,20.3748000000001,80.7257970000001,PMJAY
HOSP27P26296350,296350,Hospital,P,Jaju Hospital,"Front Of Vishwamitra Hotel Deshpande Colony, Khardekar Stop Latur,",9960700648,27,481,"100006,100011,100014,100015,100019,100020,100022,100023",2026-01-16 15:26:23,18.402591,76.582246,PMJAY
HOSP27P26296899,296899,Hospital,P,NEW MANAK HEALTHCARE HOSPITAL ,"New Manak Healthcare Hospital , Sec 8, Phase 2 , Nerul West Navi Mumbai, ",9921784786,27,497,"100001,100004,100005,100006,100008,100009,100011,100012,100013,100014,100015,100016,100017,100018,100019,100020,100022,100023,100026",2026-01-29 11:34:00,19.04331934444228,73.01793605242315,PMJAY
HOSP9P26296921,296921,Hospital,P,Madnani Medicare PVT LTD,"236 B Lukerganj,",9415284744,9,120,"100005,100006,100012,100013,100015,100023",2026-05-27 14:58:07,25.453555,81.827317,PMJAY
HOSP6P25296952,296952,Hospital,P,SUNFLAG GLOBAL HOSPITAL KAHNAUR,"main bazar kahnaur, ",9992056175,6,73,"100005,100006,100015",2025-06-19 16:43:11,28.762922502141024,76.48853754070456,PMJAY
HOSP3P26297184,297184,Hospital,P,Sant Gurmail Singh Ji memorial hospital,"Sant Gurmail Singh Ji Memorial hospital,Garhi Kanugoan",9876059160,3,40,"100005,100006,100015,100023",2026-06-16 10:06:18,31.075833,76.253624,PMJAY
HOSP21P26297382,297382,Hospital,P,ODISHA NURSING HOME,"AT- BANAMALI PRASAD, PO- MANGALPUR, NEAR KENDRIYA VIDYALAYA DHENKANAL, ",9337567672,21,352,"100006,100012",2026-01-09 13:24:13,20.638735579291307,85.57353934021006,PMJAY
HOSP32P26297581,297581,Hospital,P,IMBICHIBAVA MEMORIAL HOSPITAL,"IMCH  ,ALATHIYUR TIRUR ,MALAPPURAM 676102,",9446301884,32,562,"100002,100006,100012,100015,100016,100017,100023",2026-01-13 15:55:07,10.8561790000001,75.938586,PMJAY
HOSP27P26297828,297828,Hospital,P,Life Line Multispeciality Hospital bhiwandi,"Jyoti Apartment Opposite Tata Armantra City Ranjnoli Naka Kalyan Bhiwandi Bypass Bhiwandi City,",9867797377,27,497,"100001,100003,100005,100006,100007,100008,100011,100012,100014,100015,100017,100018,100019,100020,100021,100022,100023",2026-01-22 17:52:48,19.268380,73.084534,PMJAY
HOSP21P26297898,297898,Hospital,P,VISION CARE EYE HOSPITAL,"1st Tota Street, Bijipur, Berhampur, ",9437109194,21,354,100013,2026-08-20 11:49:26,19.301359721570364,84.79450521274134,PMJAY
HOSP9P25298485,298485,Hospital,P,CARE HOSPITAL,"CARE HOSPITAL, OPP CRPF GATE NEAR PHOTO CHUNGI,MORADABAD ROAD RAMPUR",8510018540,9,176,"100005,100006,100012,100016,100023",2025-10-13 20:18:50,28.785354905430978,79.01294322045123,PMJAY
HOSP33G25298554,298554,Hospital,G,ESIC MEDICAL COLLEGE AND HOSPITAL K K NAGAR CHENNAI,"ASHOK PILLAR ROAD K K NAGAR CHENNAI,",9766580155,33,568,"100005,100006,100012,100013,100015,100016,100017",2025-06-10 13:49:23,13.040734,80.2010440000001,PMJAY
HOSP6P25298665,298665,Hospital,P,VINAYAK HEART CARE HOSPITAL,"48 JARNAILY COLONY, OPP.CIVIL HOSPITAL KARNAL,",8295534857,6,67,100002,2025-09-05 16:58:17,29.6873140000001,76.9907880000001,PMJAY
HOSP10P26298777,298777,Hospital,P,SANT KABIR HOSPITAL PVT LTD CIN NO U86100BR2025PTC073980,"Jayjpatti Rampur Jalalpur Road Dalsinghsarai samastipur,",9199847502,10,217,,2026-02-05 12:51:08,25.669647,85.844093,PMJAY
HOSP23G25299280,299280,Daycare Centre,G,CHC kampel,"Village kampel indore,",9669999909,23,410,100005,2025-07-29 16:01:53,22.6186530000001,76.0495230000001,PMJAY
HOSP9P25299851,299851,Hospital,P,SP HOSPITAL,"44 Hanuman nagar near Maruti State Crossing Bodla Agra, ",9837714820,9,118,"100002,100005,100006,100007,100008,100011,100012,100015,100016,100017,100019,100022,100023",2025-05-02 15:25:58,27.174217694729236,77.97956846488569,PMJAY
HOSP9P25299997,299997,Hospital,P,DCDC HEALTH SERVICES PVT LTD,"G.Floor Tahira Hospital Station Road, Opp. Balaji Prakash hotel, Basti Khas, Basti, U.P 272002, ",8506080484,9,131,100005,2025-05-22 13:42:28,26.80744879737786,82.76268577438321,PMJAY
HOSP3P10674,310674,Hospital,P,A ONE NAGI HOSPITAL AND EH RESEARCH CENTER ,"LUHAM ROAD MUDKI FEROZPUR ,LUHAM ROAD MUDKI",9878328810,3,31,"100005,100006",2019-06-24 15:31:00,30.776638,74.882875,PMJAY
HOSP3P10675,310675,Hospital,P,Delhi Heart Institute and Multispeciality Hospital Bathinda,"G T Road, Neart Tin Koni, ,bathinda",9914176770,3,28,"100002,100003,100005,100006,100011,100015,100020,100023",2019-07-03 16:04:43,30.211768,74.932613,PMJAY
HOSP3P10697,310697,Hospital,P,PULSE HOSPITAL,"maqbool pura chowk,mehta road ",9815604117,3,27,"100002,100005,100006,100011,100012,100015,100018,100020",2021-03-17 11:15:19,31.62319,74.90542,PMJAY
HOSP3P10941,310941,Hospital,P,Doctor Kulwant Nursing Home and Surgical Care Centre Mansa,"Water Works Road Near Central Water Works,",9115783835,3,37,"100006,100012,100015,100023",2019-06-24 18:03:49,29.9811280000001,75.4099560000001,PMJAY
HOSP3P11001,311001,Hospital,P,SHARMA EYE HOSPITAL,"Sharma Eye Hospital, Mander Enclave, Bus Stand Road,",9814741229,3,43,100013,2019-07-04 11:51:27,30.368931181435187,75.85741569776144,PMJAY
HOSP3P11108,311108,Hospital,P,Vijay kids super sperspeciality hospital,"STREET NO 2,",9780053006,3,28,"100010,100017",2019-07-03 16:12:58,30.2610345,74.9324705,PMJAY
HOSP3P11274,311274,Hospital,P,GURU NANAK HOSPITAL RAJPURA,"Sham Nagar Near LIC Office,Rajpura",9814527808,3,41,"100005,100006,100012,100015,100017,100023",2019-06-24 18:09:09,30.479745,76.591668,PMJAY
HOSP3P11361,311361,Hospital,P,J P EYE HOSPITAL,"KOTHI NUMBER 35, PHASE-7",9216066614,3,608,100013,2021-05-06 15:07:00,30.70777,76.7263,PMJAY
HOSP3P11484,311484,Daycare Centre,P,BRAR EYE HOSPITAL PRIVATE LIMITED,"FARIDKOT ROAD, KOTKAPURA,",9855757850,3,29,100013,2019-06-24 21:57:17,30.588582,74.816828,PMJAY
HOSP3P11538,311538,Hospital,P,USHA BANSAL NURSING HOME PVT LTD,"KOTKAPURA ROAD ,",9814162023,3,39,"100001,100005,100006,100011,100012,100014,100015,100019,100020,100023",2019-07-03 16:07:23,30.474791,74.522051,PMJAY
HOSP3P11828,311828,Hospital,P,WADI HOSPITAL,"NEAR PUKHRAJ CINEMA G.T.ROAD BATHINDA,",9814061110,3,28,,2019-10-07 12:27:47,30.222682061997233,74.95882109325456,PMJAY
HOSP3P12139,312139,Hospital,P,Sankara Eye Hospital,"Vipul World, Village Banohar, Post Dakha, Near Haweli,Ferozepur Road.",8725000270,3,36,100013,2019-06-24 20:25:59,30.86093045121939,75.70416227085957,PMJAY
HOSP3P12536,312536,Hospital,P,NEELAM HEALTHCARE PRIVATE LIMITED,"NH-7, OPP CHITKARA UNIVERSITY",7527023303,3,41,"100001,100002,100003,100004,100005,100006,100007,100008,100010,100011,100012,100014,100015,100016,100017,100018,100019,100020,100022,100023,100026,100028",2026-05-18 09:50:38,30.518672,76.658409,PMJAY
HOSP3P12798,312798,Hospital,P,VIKRAM NEW BORN AND CHILDREN HOSPITAL AND GAGAN MATERNITY HOME,"VIKRAM NEW BORN HOSPITAL,",9814194920,3,29,"100010,100012,100017",2021-04-01 12:02:43,30.501804,74.747865,PMJAY
HOSP3P13265,313265,Hospital,P,Raikhy Nursing Home and surgical Centre Mansa,"chakerian road mansa,Chakerian Road Mansa",9815545029,3,37,"100006,100012,100023",2019-07-03 14:44:11,29.985811,75.405194,PMJAY
HOSP3P13748,313748,Hospital,P,AASTHA HOSPITAL,"14,GURU RAVIDASS NAGAR ,NEAR RAVIDASS CHOWK,",9876560816,3,34,"100005,100015",2019-06-24 22:35:54,31.362802,75.5545900000001,PMJAY
HOSP3P13791,313791,Hospital,P,NOVA MEDICITY HOSPITAL,"PRITAM ENCLAVE , GT ROAD , BYE PASS,",9876158806,3,27,"100002,100005,100006,100011,100012,100015,100020",2026-05-29 10:19:57,31.669612,74.904119,PMJAY
HOSP3P13794,313794,Hospital,P,DHINGRA GENERAL HOSPITAL,"77-79 , AJIT NAGAR",9417881616,3,27,"100005,100006,100012,100015,100018,100023",2021-05-06 15:07:00,31.321190,75.564960,PMJAY
HOSP3P14339,314339,Hospital,P,BADYAL MULTISPECIALITY HOSPITAL AND TRAUMA CENTRE ,"BIBI WALA ROAD, NEAR D.A.V. COLLEGE,BATHINDA 151001 ,NEAR D.A.V. COLLEGE",9814035411,3,28,"100005,100006,100011,100015,100020",2019-07-04 12:54:23,30.215600,74.949113,PMJAY
HOSP3P14357,314357,Hospital,P,ALTIS MULTISPECIALITY HOSPITAL ,"332 A -B LAJPAT NAGAR,",9814018185,3,34,"100005,100006,100013,100023",2026-05-14 09:31:59,31.315618,75.576669,PMJAY
HOSP3P14817,314817,Hospital,P,NEELKANTH HOSPITAL,"NEELKANTH HOSPITAL,FATEHGARH CHURIAN ROAD BYE PASS AMRITSAR",9815718900,3,27,"100005,100006,100011,100012,100015,100016,100019,100023",2022-03-04 19:41:58,31.672701999929373,74.87736633429381,PMJAY
HOSP3P15615,315615,Hospital,P,THE CORPORATE HOSPITAL,Batala Road,7009732373,3,27,"100002,100005,100006,100011,100014,100015",2021-05-06 15:07:00,31.649671,74.907013,PMJAY
HOSP3P15671,315671,Hospital,P,LIFELINE MULTISPECIALITY HOSPITAL,"25 ACRE EXT,,NEAR FOUNTAIN CHOWK",9216322630,3,605,"100005,100006,100012,100015,100017,100019,100023",2019-10-07 11:09:55,30.379826,75.543690,PMJAY
HOSP3P16686,316686,Hospital,P,LOONA NURSING HOME,"Sitto Road Abohar,near railway crossing",9417776111,3,651,"100006,100012,100015,100023",2019-07-04 12:22:54,30.141004,74.222153,PMJAY
HOSP3P19597,319597,Hospital,P,GURDEV HOSPITAL,"kangar road,",9815440742,3,42,"100002,100003,100005,100006,100008,100010,100011,100012,100015,100016,100017,100019,100020,100022,100023",2019-09-18 15:14:03,31.136668,76.467778,PMJAY
HOSP3P19632,319632,Hospital,P,SIDHU HOSPITAL PVT LTD,"GT ROAD,",9814022094,3,36,"100005,100006,100011,100012,100015,100018,100020",2019-06-24 21:08:28,30.796837,76.0336730000001,PMJAY
HOSP3P19649,319649,Hospital,P,MEDICAID HOSPITAL,"circular road,CIRCULAR ROAD ",9779117273,3,27,"100002,100006,100015,100016,100023",2026-04-30 09:50:33,31.659485,74.869596,PMJAY
HOSP3P19700,319700,Hospital,P,SANGHA HOSPITAL ,"ZAIL SINGH NAGAR SANGHA HOSPITAL,",9781998605,3,42,"100005,100006,100011,100012,100015,100020,100022",2019-07-03 14:38:44,30.972716,76.529916,PMJAY
HOSP3P21005,321005,Hospital,P,LONGIA EYE HOSPITAL,"RAJPURA,",9357770999,3,41,100013,2019-06-24 17:20:24,30.477010,76.281281,PMJAY
HOSP3P21239,321239,Hospital,P,INDRANI HOSPITAL,"NAMDEV ROAD,BATHINDA, PUNJAB,NEAR BHATTI ROAD",9888079279,3,28,"100004,100005,100006,100015,100023",2019-10-09 10:47:53,30.221725,74.944165,PMJAY
HOSP3P21928,321928,Hospital,P,"O DR THIND EYE CARE
PVT LTD","701L,MALL ROAD,MODEL TOWN",9814061060,3,34,100013,2021-03-17 11:15:19,31.3107996999999,75.5762601,PMJAY
HOSP3P23124,323124,Hospital,P,GUPTA HOSPITAL  ,"12-F,RACE COURSE ROAD",9814054497,3,27,"100005,100006,100012,100015,100023",2021-05-06 15:07:00,31.6521,74.8819,PMJAY
HOSP3P23988,323988,Hospital,P,Shri Krishna Netralaya and Dantalaya,"National Highway 503,Village Brahmpur, Nangal",9569911001,3,42,100013,2019-06-24 17:19:15,31.335711908258943,76.40013493523543,PMJAY
HOSP3P24138,324138,Hospital,P,PANCHAM HOSPITAL,"PANCHAM HOSPITAL, SCO 34-34 CANAL ROAD OPP MODEL TOWN EXT LUDHIANA ,",8283019911,3,36,"100002,100003,100005,100006,100008,100022,100023",2019-11-01 10:57:40,30.8827910000001,75.8309830000001,PMJAY
HOSP3P24411,324411,Hospital,P,AROGYA HOSPITAL,"JASSIAN ROAD,NEAR BABA BALAK NATH MANDIR, HAIBOWAL KALAN",9815550152,3,36,"100005,100006,100008,100012,100015,100019,100020,100022,100023",2019-10-11 12:09:21,30.926907,75.816723,PMJAY
HOSP3P25377,325377,Hospital,P,APEX HOSPITAL,"NH- 64, BARNALA ROAD, RAMPURA PHUL, DISTT BATHINDA,",9872266779,3,28,"100005,100006,100011,100015,100020",2019-10-07 12:29:11,30.262564,75.239740,PMJAY
HOSP3P25897,325897,Hospital,P,SHARMA EYE HOSPITAL AND LASER CENTER,"SHARMA EYE HOSPITAL AND LASER CENTER,GIANI ZAIL SINGH NAGAR",9888116042,3,42,100013,2019-06-24 17:18:14,30.972109238951134,76.53002335160886,PMJAY
HOSP3P27369,327369,Daycare Centre,P,SODHI EYE HOSPITAL,SCO 9 SST NAGAR,9814007006,3,41,100013,2024-07-12 17:52:13,30.3335,76.4157,PMJAY
HOSP3P27412,327412,Hospital,P,sidhu nursing home,"Sidhu Nursing Home,natt road talwandi sabo",9877782855,3,28,"100006,100012,100015",2019-09-09 16:02:13,29.993488,75.084769,PMJAY
HOSP3P27540,327540,Hospital,P,PRIME MULTISPECIALITY HOSPITAL,"Badungar Road,Prime Hospital",9878211168,3,41,,2019-09-09 16:00:03,30.3339940000001,76.3729500000001,PMJAY
HOSP3P28996,328996,Medical College Hospital,P,ADESH INSTITUTE OF MEDICAL SCIENCE  RESARCH,"ADESH UNIVERSITY ,BARNALA ROAD , NH -7",8146437162,3,28,"100001,100002,100005,100006,100008,100010,100011,100012,100013,100015,100016,100017,100018,100022,100023",2021-08-05 15:27:15,30.22320543613351,75.05915656507193,PMJAY
HOSP3P29128,329128,Hospital,P,MY HOSPITAL ,"SITE 1 AND 2, SEC 69. NEAR GURUDWARA SINGH SHAHEEDAN MOHALI ,",8725088876,3,608,"100002,100005,100006,100007,100008,100011,100014,100015,100019,100023",2021-03-17 11:15:19,30.726427,76.707677,PMJAY
HOSP3P30412,330412,Hospital,P,Capitol Hospital ,"jalandhar-Pathankot Road Near Reru Chowk Jalandhar ,Jalandhar",9876088888,3,34,"100002,100003,100008,100015,100021,100022",2021-05-06 15:07:00,31.374934,75.606865,PMJAY
HOSP3P32871,332871,Hospital,P,LIFECAREMULTISPECIALITY HOSPITAL,"Lifecare Multispeciality Hospital, Village Kot Jog Raj, P.O. Kala Bala, Near Pul Sathiali, Gurdaspur,",9217990029,3,32,"100005,100006,100023",2019-07-04 12:40:18,31.902154224746965,75.42078633083429,PMJAY
HOSP3P34388,334388,Hospital,P,BBC HEART CARE,301 lajpat nagar jalandhar,9316988888,3,34,"100002,100003",2021-05-06 15:07:00,31.317548,75.574194,PMJAY
HOSP3P34643,334643,Hospital,P,SANDHU HOSPITAL,"sandhuhospitaldharampuracolonybatala,",9646889588,3,32,,2020-05-12 14:19:38,31.8077880000001,75.211867,PMJAY
HOSP3P35652,335652,Hospital,P,HARTEJ HOSPITAL,"A-290-292, RANJIT AVENUE,A - Block, Ranjit Avenue",9876551279,3,27,,2026-06-15 13:19:13,31.634227,74.874001,PMJAY
HOSP3P39371,339371,Hospital,P,shri chuni lal memorial gulati hospital,"NEAR GURDWARA BHAI JIWAN SINGH,CHAMIYARI ROAD  AJNALA",9814088369,3,27,"100005,100006,100012,100017,100023",2019-10-04 13:27:58,31.9094630000001,74.8221820000001,PMJAY
HOSP3P41116,341116,Hospital,P,CHHABRA HOSPITAL & TEST TUBE BABY CENTRE,"80 Feet Road , Near Stadium",9216781118,3,28,"100005,100006,100008,100012,100015,100023",2023-11-21 18:22:13,30.210994,74.9454745,PMJAY
HOSP3P41653,341653,Hospital,P,KSM MEMORIAL HOSPITAL,"16 A CIRCULAR ROAD ,CIRCULAR ROAD",9501108806,3,27,"100005,100006,100012,100015,100023",2021-03-17 11:15:19,31.647788,74.883499,PMJAY
HOSP3P46255,346255,Hospital,P,Soni eye care centre,"araichan chowk ,doraha",8872111151,3,36,100013,2019-06-24 18:00:44,30.7919880000001,76.0426450000001,PMJAY
HOSP3P47862,347862,Hospital,P,AKAL EYE HOSPITAL,"606-R, MALL ROAD, MODEL TOWN",9814178867,3,34,100013,2021-05-06 15:07:00,31.306825,75.571163,PMJAY
HOSP3P49877,349877,Hospital,P,SAREEN HOSPITAL,"SANDHU AVENUE,NEAR AUTO PISTON,BATALA ROAD ,AMRITSAR",9815289900,3,27,"100005,100006,100012,100015,100018,100022",2019-10-22 14:24:59,31.643852,74.8982999,PMJAY
HOSP3P50507,350507,Hospital,P,GBM DUKH NIWARAN HOSPITAL (A UNIT OF DUKH NIWARAN HEALTHCARE SERVICES)),"A-2-3, Ranjit Avenue, Near Kachehri Chowk, Amritsar",9501095012,3,27,"100006,100011,100015,100023",2019-06-24 17:22:59,31.645577,74.859483,PMJAY
HOSP3P52368,352368,Hospital,P,DEV HOSPITAL ,"OPPOSITE RISHAB AUTO BATALA ROAD, AMRITSAR ,",9417273646,3,27,"100005,100006,100012,100023",2026-06-14 09:54:48,31.652577,74.913276,PMJAY
HOSP3P53030,353030,Hospital,P,GURNOOR HOSPITAL,"291 RANJIT NAGAR, QADIAN ROAD BATALA,",9815351925,3,32,100005,2019-07-04 13:39:57,31.81213,75.2225300000001,PMJAY
HOSP3P54306,354306,Hospital,P,BAJWA HOSPITAL,qadian road,9814750897,3,32,100013,2019-06-24 22:30:20,31.825967,75.221842,PMJAY
HOSP3P56191,356191,Hospital,P,R.P. ARORA MEDICITY,"BSF Road, Near Railway Station Chowk, Gurdaspur,BSF Road, Near Railway Station Chowk, Gurdaspur",9814032700,3,32,"100005,100006,100013,100015,100023",2019-10-11 10:25:24,32.043367545953075,75.41737742801206,PMJAY
HOSP3P57133,357133,Hospital,P,KAUSHAL HOSPITAL KHARAR,"KAUSHAL HOSPITAL KHARAR, NEAR RORI SAHIB GURUDWARA ,ARYA COLLAGE ROAD KHARAR",9855465655,3,608,"100001,100002,100005,100006,100007,100008,100011,100012,100014,100015,100016,100017,100019,100020,100022,100023",2019-10-04 14:04:01,30.7404588,76.6528113,PMJAY
HOSP3P57665,357665,Hospital,P,RANA HOSPITAL,"688-F SBS NAGAR PAKHOWAL ROAD,",9815702323,3,36,"100012,100013",2019-06-24 18:02:56,30.8753333,75.8125601,PMJAY
HOSP3P57751,357751,Hospital,P,AMAR HOSPITAL,sector 70,9646007034,3,608,"100002,100005,100006,100011,100012,100013,100015,100020",2021-03-17 11:15:19,30.695431,76.716690,PMJAY
HOSP3P57777,357777,Hospital,P,MOKHA HOSPITAL AND KIDNEY CARE CENTRE,"mokha hospital,905/13 batala road near dental college",7626050000,3,27,"100005,100006,100023",2026-05-11 10:53:27,31.638912938198104,74.88459282664849,PMJAY
HOSP3P58001,358001,Hospital,P,KUMAR HOSPITAL,"near bus stand ,",9815513424,3,42,,2021-01-04 10:04:11,31.167149,76.479891,PMJAY
HOSP3P58209,358209,Hospital,P,Sanjivni new born and child care hospital bathinda,"BIBI WALA ROAD, NEAR FAUJI CHOWK, BATHINDA,",9855474117,3,28,"100010,100013,100017",2022-05-26 09:14:55,30.214946,74.948679,PMJAY
HOSP3G58215,358215,Hospital,G,CHC Bajakhana,"CHC Bajakhana,",9592720937,3,29,"100001,100002,100003,100004,100005,100006,100007,100008,100009,100010,100011,100012,100013,100014,100015,100016,100017,100018,100019,100020,100021,100022,100023",2019-06-01 09:19:39,30.4555560000001,74.9809450000001,PMJAY
HOSP3P58289,358289,Hospital,P,RANA HOSPITAL,"main road khalra,MAIN ROAD KHALRA ,DISTT TARNTARAN",9855088415,3,609,"100005,100006,100015,100023",2019-09-18 15:16:10,31.400831,74.615452,PMJAY
HOSP3G58365,358365,Hospital,G,CHC BHARATGARH,CHC Bharatgarh,6284615281,3,42,"100001,100002,100003,100004,100005,100006,100007,100008,100009,100010,100011,100012,100013,100014,100015,100016,100017,100018,100019,100020,100021,100022,100023",2019-05-31 17:26:57,31.099583,76.616801,PMJAY
HOSP3P58556,358556,Hospital,P,New Delhi Hospital and Nursing Home,"Near Truck Union, Jalalabad Raod, Sri Muktsar Sahib,",9530714042,3,39,"100002,100005,100006,100012,100015,100023",2019-10-04 14:06:57,30.482417,74.501848,PMJAY
HOSP3P58568,358568,Hospital,P,ABH HEALTHCARE LTD,"ANIL BAGHI ROAD , FEROZEPUR,",7888837787,3,31,,2019-09-18 15:18:26,31.006941,74.634287,PMJAY
HOSP3P58829,358829,Hospital,P,LIFELINE HOSPITAL,"LIFELINE HOSPITAL GILL ROAD LUDHIANA,",9888830792,3,36,"100005,100006,100012,100015,100017",2019-06-24 17:58:44,30.883564,75.858434,PMJAY
HOSP3P58849,358849,Hospital,P,KHANNA NURSING HOME A UNIT OF KHANNA MULTISPECILITY HOSPITALS PVT. LTD.,"Khanna Nursing Home a unit of Multispeciality Hospital,OPP GILL PETROL PUMP GT ROAD KHANNA",9815131403,3,36,"100002,100005,100006,100010,100015,100017,100023",2019-06-24 17:56:27,30.711392,76.2042920000001,PMJAY
HOSP3P59413,359413,Hospital,P,KAUSHAL HOSPITAL AND SURGICAL CENTRE,Kaushal hospital and Surgical centre,9855060264,3,36,"100005,100006,100012,100015,100016,100022,100023",2019-11-05 13:26:32,30.89927,75.91409,PMJAY
HOSP3P59485,359485,Hospital,P,DR PARDEEP SHARMA HOSPITAL BARNALA,"K.C ROAD,K.C ROAD",9815344644,3,605,100015,2023-10-17 16:42:43,30.372761,75.544121,PMJAY
HOSP3P59586,359586,Hospital,P,SHRI GURU TEGBAHADUR MULTI SPECIALITY HOSPITAL,"SHRI NAINA DEVI ROAD,NEAR CIVIL HOSPITAL ANANDPUR SAHIB",9815750819,3,42,"100002,100005,100006,100012,100015,100016,100023",2019-07-04 11:41:05,31.2289890000001,76.512889,PMJAY
HOSP3P59662,359662,Hospital,P,GOEL KIDNEY CARE HOSPITAL,"417 ADARSH NAGAR,KAPURTHALA CHOWK",9815589418,3,34,"100005,100006,100023",2022-06-22 16:47:16,31.334235,75.562062,PMJAY
HOSP3P59683,359683,Hospital,P,MADAAN HOSPITAL,"1 PINK AVENUE MAJITHA ROAD AMRITSAR,",9815553331,3,27,"100005,100015,100020",2026-05-27 12:11:41,31.642241,74.883682,PMJAY
HOSP3P60234,360234,Hospital,P,JAIN MULTISPECIALITY HOSPITAL,"Near Dussehra Ground Opposite Electricity Board G.T Road Khanna,NEAR DUSSEHRA GROUND OPPOSITE ELECTRICITY BOARD G.T ROAD KHANNA ",9814534429,3,36,"100002,100005,100006,100012,100015",2019-10-04 16:36:23,30.695617758032995,76.23710928418222,PMJAY
HOSP3P60563,360563,Hospital,P,RANDHAWA HOSPITAL CARDIAC CARE,Randhawa Hospital,9814052303,3,27,"100002,100005,100006,100012,100015",2021-03-17 11:15:19,31.6423666,74.8646574,PMJAY
HOSP3P60900,360900,Hospital,P,KOSMOSS BONE AND JOINT CENTRE,"215-L, Dugri Rd, near Reliance Fresh, Pritm Nagar, Model Town, Ludhiana, Punjab 141002,",9876848197,3,36,100015,2019-08-17 17:15:39,30.886035205576817,75.84080675847486,PMJAY
HOSP3G61164,361164,Hospital,G,CHC JAITU,"CHC  jaito,CHC JAITO ",8146800424,3,29,"100001,100003,100004,100005,100007,100008,100009,100010,100012,100014,100016,100017,100019,100023",2019-05-31 17:13:22,30.44841839849049,74.87886194259147,PMJAY
HOSP3P61412,361412,Hospital,P,Sri guru ram das charitable hospital,"Mehta Road, Vallah",9781045111,3,27,"100002,100003,100005,100006,100011,100013,100015,100018,100021,100022",2022-09-28 17:44:21,31.635090,74.965600,PMJAY
HOSP3P61660,361660,Hospital,P,APEX HOSPITAL AND MATERNITY HOME,"521 NEW JAWAHAR NAGAR JALANDHAR CITY PUNJAB,NEAR GURU NANAK MISSION CHOWK JALANDHAR ",9779975244,3,34,"100002,100005,100023",2021-03-17 11:15:19,31.315990,75.579352,PMJAY
HOSP3G62462,362462,Hospital,G,CHC GONIANA,goniana mandi ,9855057998,3,28,"100004,100005,100006,100010,100012,100017",2019-06-01 09:28:04,30.3191305,74.9146364,PMJAY
HOSP3P62720,362720,Daycare Centre,P,Dr Ramesh Superspecialty Eye and Laser Centre,"65-A, BRS Nagar,Ferozepur Road, Ludhiana, PB,,near verka milk plant",9417387457,3,36,100013,2019-07-04 11:36:57,30.890248,75.8058340000001,PMJAY
HOSP3P62852,362852,Hospital,P,D.D. BONE & JOINT HOSPITAL ,"D D BONE AND JOINT HOSPITAL,155/A",9530588807,3,28,100015,2019-12-20 16:17:51,30.217590,74.932984,PMJAY
HOSP3P63332,363332,Hospital,P,SOBTI HOSPITAL,"973 KVM SCHOOL ROAD CIVIL LINES LUDHIANA 141001,",9814601484,3,36,"100005,100006,100011,100015,100023",2019-07-04 12:48:53,30.916950902399606,75.82452079944073,PMJAY
HOSP3P63429,363429,Hospital,P,RAJEEV HOSPITAL,"FEROZPUR rOAD MOGA,",9814368368,3,38,"100005,100006,100012,100014,100015,100020",2019-08-14 17:13:41,30.823130,75.168186,PMJAY
HOSP3P65756,365756,Hospital,P,INDUS FATEHGARH SAHIB HOSPITAL,"pijain opp grain market ,",9781226227,3,30,,2019-06-24 17:26:05,30.575160,76.440639,PMJAY
HOSP3P65872,365872,Hospital,P,INDUS SUPER SPECIALITY HOSPITAL,"Opp Old D C office Sector 55,pHASE 1",9646735235,3,608,,2021-05-06 15:07:00,30.729262,76.722026,PMJAY
HOSP3P66289,366289,Hospital,P,Simrita Nursing Home,"68 Dalima Vihar, Near Railway Fly Over,",9814120222,3,41,,2019-09-09 16:07:15,30.480001,76.594641,PMJAY
HOSP3P66980,366980,Hospital,P,Simran hospital,"Simran Hospital,Khemkaran Road, Bhikhiwind",9872072294,3,609,,2019-09-27 15:21:01,31.340729,74.688871,PMJAY
HOSP3P67589,367589,Hospital,P,DR G.S. RANDHAWA EYE HOSPITAL & LASIK CENTRE PATIALA,"46, DHALIWAL COLONY, PATIALA",9872292255,3,41,100013,2019-06-24 17:24:58,30.333410,76.384350,PMJAY
HOSP3P68582,368582,Hospital,P,KATARIA MEDICAL CENTRE PVT LTD,"MOGA ROAD, NEAR MILAN PALACE,",9781333041,3,29,"100005,100006,100012,100015,100023",2019-10-07 12:42:56,30.568159,74.815613,PMJAY
HOSP3P69756,369756,Hospital,P,PRAGMA MEDICAL INSTITUTE BATHINDA,"DABWALI ROAD, BATHINDA,",9876819922,3,28,"100002,100003,100005,100006,100008,100010,100011,100012,100013,100015,100016,100017,100020,100021,100023",2019-08-17 18:07:45,30.159174594500072,74.92910959705549,PMJAY
HOSP3P70154,370154,Hospital,P,VARDHMAN MAHAVEER HEALTH CARE,"SCO 34, Vardhman Mahaveer Health Care, Urban Estate, Phase 2",9464650550,3,41,"100005,100006,100012,100015,100016,100023",2019-10-15 13:12:57,30.3594,76.452,PMJAY
HOSP3P70927,370927,Hospital,P,ANAND HEART & MULTISPECIALITY HOSPITAL,"OPP. IBP PETROL PUMP, AMRITSAR ROAD BHIKHIWIND,",9988454579,3,609,,2019-10-04 14:08:17,31.351275053183187,74.6949879436711,PMJAY
HOSP3P71432,371432,Hospital,P,PUNJAB CANCER CARE AND MULTISPECIALITY HOSPITAL,"PUNJAB CANCER CARE,GONIANA ROAD, NEAR TINKONI",8728840999,3,28,"100005,100006,100008,100015,100021,100022,100027",2026-07-16 10:26:38,30.220992,74.938320,PMJAY
HOSP3P73589,373589,Hospital,P,SWASTIK AROGYA NURSING HOME ,"vill nangli ,",9501522248,3,42,,2019-10-07 14:44:05,31.30149800587668,76.41786141100624,PMJAY
HOSP3G77043,377043,Hospital,G,DH Bathinda,"Mansa Road,Civil Hospital, Bathinda",9041725562,3,28,"100004,100005,100006,100008,100009,100010,100012,100013,100015,100016,100017,100020",2019-06-01 09:17:07,30.195295,74.949269,PMJAY
HOSP3G81096,381096,Hospital,G,DH FATEHGARH SAHIB,"Opp. Shakti Sadan Sainik Rest House,",9096914976,3,30,"100001,100002,100003,100004,100005,100006,100007,100008,100009,100010,100011,100012,100013,100014,100015,100016,100017,100018,100019,100020,100021,100022,100023",2019-06-01 09:47:38,30.64701,76.39041,PMJAY
HOSP3G81950,381950,Hospital,G,CH Ludhiana,"Civil Hospital, Field Ganj, Namdhari Samarak Park, ludhiana",9872094196,3,36,"100001,100002,100003,100004,100005,100006,100007,100008,100009,100010,100011,100012,100013,100014,100015,100016,100017,100018,100019,100020,100021,100022,100023",2019-06-01 12:33:02,30.9065209,75.8596364,PMJAY
HOSP3G81984,381984,Hospital,G,CHC Majitha,"CHC Majitha,",9914267277,3,27,"100001,100003,100004,100005,100006,100007,100008,100009,100010,100012,100014,100015,100016,100017,100019,100023",2019-05-31 17:52:35,31.760596000000817,74.95672199999865,PMJAY
HOSP3G81986,381986,Hospital,G,DH JALANDHAR,"Jyoti chowk,opposite rainak bazar,jalandhar,",8427700896,3,34,"100001,100003,100004,100005,100006,100007,100008,100009,100010,100012,100013,100014,100015,100016,100017,100019,100020,100023",2019-06-01 09:39:13,31.326250620013525,75.57339510929683,PMJAY
HOSP3P82841,382841,Hospital,P,BASSI NURSING HOME PVT LTD,"970 B RAJPURA ROAD NEAR DHOBI GHAT CIVIL LINES LUDHIANA,",8146421133,3,36,,2021-03-05 15:03:41,30.916888,75.823958,PMJAY
HOSP3P84050,384050,Hospital,P,CHAHAL HOSPITAL ,"OPP- DAV COLLEGE , BIBI WALA ROAD BATHINDA,BIBI WALA ROAD ",9815454300,3,28,"100006,100012,100023",2019-10-07 11:13:40,30.217108,74.950664,PMJAY
HOSP3G85223,385223,Hospital,G,DH MOHALI,"phase 6,mohali",8566856661,3,608,,2019-06-01 12:26:10,30.7355465,76.7120706,PMJAY
HOSP3P89415,389415,Hospital,P,DR. ADARSH HEART & SUPERSPECIALITY HOSPITAL,13 Basant Avenue Circular Road Rattan Singh Chowk,9501523399,3,27,"100002,100005,100023",2020-06-29 16:44:05,31.65699,74.87296,PMJAY
HOSP3G89881,389881,Hospital,G,CHC BUDHABAR,"CHC Budhabar,near punjab national bank",9872334492,3,33,"100001,100002,100003,100004,100005,100006,100007,100008,100009,100010,100011,100012,100013,100014,100015,100016,100017,100018,100019,100020,100021,100022,100023,100026,10083",2019-06-01 14:40:23,32.0464930000001,75.6970690000001,PMJAY
HOSP3P89888,389888,Hospital,P,RAM HOSPITAL,"WARD NUMBER 10 KHAMANO ,",9781841132,3,30,"100002,100005,100006,100015,100016,100020,100023",2021-07-08 10:47:06,30.8147760000001,76.3405990000001,PMJAY
HOSP3P89898,389898,Hospital,P,Edison Hospital,"D-226, Sector 90, (Ind. Area Phase-8B) Mohali,mohali",9815690003,3,608,,2026-07-31 15:44:24,30.727892,76.722542,PMJAY
HOSP3P91130,391130,Hospital,P,DOABA HOSPITAL PVT LTD,"329 LAJPAT NAGAR  NEAR NOKDAR CHOWK JALANDHAR ,",9814131065,3,34,"100005,100006,100007,100010,100011,100015,100017,100023",2021-01-13 09:47:11,31.322497,75.574977,PMJAY
HOSP3P91871,391871,Hospital,P,HIND HOSPITAL,"Hind Hospital,Bhai Bir Singh Gurudwara road",9814098004,3,737,"100005,100006,100012,100015,100017,100023",2019-07-03 15:39:38,30.672729840213748,75.82044587560381,PMJAY
HOSP3P92416,392416,Hospital,P,SNA PAHWA C HOSPITAL,"GILL ROAD INDUSTRIAL AREA B LUDHIANA,",9914852800,3,36,"100005,100015",2020-01-23 15:07:34,30.900255577088316,75.88685800600933,PMJAY
HOSP3P92697,392697,Hospital,P,UROCARE KIDNEY STONE AND SURGICAL CENTRE,"GT ROAD,",9876549808,3,36,"100006,100023",2019-07-04 11:42:30,30.696512166895914,76.23725310356326,PMJAY
HOSP3P93201,393201,Hospital,P,New Ruby Hospital Private Limited,"26, 27 Link Road, Lajpat Nagar, Jalandhar,",8146133375,3,34,,2026-04-13 14:03:20,31.315407,75.573102,PMJAY
HOSP3P98324,398324,Hospital,P,LUDHIANA MEDIWAYS HOSPITAL,"NEAR OCTROI POST FEROZEPUR ROAD LUDHIANA,NEAR MBD MALL",8725800502,3,36,,2019-10-04 13:58:52,30.916024,76.066135,PMJAY
HOSP3P98811,398811,Hospital,P,NARADHOSPITAL MULTISPECIALITY & TRAUMA CENTRE,"FATEHGARH ROAD, NEAR SESSION CHOWK, HOSHIARPUR",9417665100,3,33,"100002,100005,100011,100015,100020",2019-10-04 13:45:47,31.52525,75.91401,PMJAY
HOSP3P99164,399164,Hospital,P,PARMAR HOSPITAL ,"Parmar Hospital, Bela road ropar,",9814574778,3,42,"100006,100013,100015,100016,100023",2019-10-04 14:02:41,30.9636990000001,76.5213660000001,PMJAY
HOSP3P99374,399374,Hospital,P,SATYAM HEARTH AND SUPERSPECIALITY HOSPITAL,"NAMDEV MARG, 40 FT ROAD, BATHINDA 151001,",9646527685,3,28,100002,2020-04-06 11:19:33,30.2218865,74.944215,PMJAY
HOSP3P99510,399510,Hospital,P,ARMAAN HOSPITAL,"TANDA ROAD ,NEAR KMV COLLEGE , JALANDHAR",9316149141,3,34,100016,2019-10-11 12:11:20,31.299845,75.5965577,PMJAY
HOSP4P02792,402792,Hospital,P,Eden Critical Care Hospital,"plot no 115,industrial area phase 1",9814114214,4,44,"100002,100005,100006,100011,100015,100016,100020,100023",2026-04-30 14:20:55,30.711493,76.808978,PMJAY
HOSP4G03896,403896,Hospital,G,GOVT MULTISPECIALITY HOSPITAL SECTOR 16 CHANDIGARH,"sector 16 sukhna lake road CHD,",8284818600,4,44,"100001,100005,100006,100009,100010,100012,100013,100014,100015,100016,100017,100019",2018-08-14 19:57:31,30.7518090000,76.7815790000,PMJAY
HOSP4P04814,404814,Hospital,P,Santokh hospital ,"santokh hospital 846 sector 38a Chandigarh ,",9316059846,4,44,"100005,100006,100012,100015,100023",2026-04-30 14:17:00,30.747815,76.748882,PMJAY
HOSP4P06558,406558,Hospital,P,Sanjeev Kumar bhatia ,"2164,Sector 21C Chandigarh ",9815579797,4,44,"100005,100006,100023",2023-12-20 10:33:36,30.724463000000057,76.77529900000013,PMJAY
HOSP4G15575,415575,Medical College Hospital,G,GOVERNMENT MEDICAL COLLEGE AND  HOSPITAL CHANDIGARH,"sector 32,",9646121561,4,44,"100001,100002,100003,100004,100005,100006,100007,100008,100009,100010,100011,100012,100013,100014,100015,100016,100017,100018,100019,100020,100021,100022,100023",2018-10-03 16:57:07,30.708952,76.783217,PMJAY
HOSP4P62024,462024,Daycare Centre,P,Grover Eye Laser and ENT Hospital,"140 Sector 35 A,Lane 6",8146694359,4,44,100013,2026-04-13 14:07:25,30.727789,76.760173,PMJAY
HOSP4P81206,481206,Hospital,P,Mukat Hospital and Heart Institute,"sco 47-49 ,sECTOR 34A",9814105686,4,44,"100002,100003,100005,100006,100008,100015,100016,100023",2021-03-17 11:15:19,30.7226660000001,76.7643620000001,PMJAY
HOSP4P91096,491096,Hospital,P,DHARAM HOSPITAL PRIVATE LIMITED,"2040 SECTOR 15C CHANDIGARH,SECTOR 15-C",9815160167,4,44,"100003,100005,100006,100012,100015,100016,100019,100023",2019-06-19 15:19:55,30.752116,76.771995,PMJAY
HOSP5P00827,500827,Hospital,P,Premsukh Hospital and Dialysis Centre,"23/18 Tondon Marg, Laxman Chowk, Dehradun,",9412998075,5,49,"100002,100003,100004,100005,100006,100007,100008,100011,100012,100015,100016,100017,100018,100019,100020,100021,100022,100023",2026-06-04 15:12:30,30.317715,78.025638,PMJAY
HOSP5P00865,500865,Hospital,P,DEV BHOOMI HOSPITAL AND MEDICAL RESEARCH CENTRE,"Near Haridwar Colony,",9639001760,5,50,"100005,100006,100010,100012,100015,100017,100023",2024-09-11 16:28:40,29.973416,78.176573,PMJAY
HOSP5G01837,501837,Hospital,G,Soban Singh Jeena Base Hospital,"Near Roadways Bus Stand , Haldwani,",7409549937,5,51,"100004,100005,100006,100013,100015,100016,100017,100023,100026",2018-08-27 12:30:23,29.123725,79.699477,PMJAY
HOSP5P01857,501857,Hospital,P,Ramrati Eye Hospital,"34-2 Sprcial Wing, Near Amitabh Textile, Premnagar, Dehradun,",9258334800,5,49,100013,2018-08-25 12:14:32,30.335265,77.969284,PMJAY
HOSP5P01869,501869,Daycare Centre,P,Abhilasha Eye Hospital,"Railway Road Roorkee, District Haridwar,",9897079700,5,50,100013,2018-11-24 08:57:29,29.856571,77.879288,PMJAY
HOSP5P01887,501887,Daycare Centre,P,EYE Q VISION PVT LTD,"8/6 Bhotiaparaw, Nainital Road, Haldwani,",9717292625,5,51,100013,2018-11-24 08:58:19,29.166636,79.5212520000001,PMJAY
HOSP5P01888,501888,Daycare Centre,P,EYE Q VISION PVT LTD,"h. no 637 first floor,near sindhi sweets Chanderpuri",9717292625,5,50,100013,2018-12-16 14:01:12,29.868425648103766,77.87999336445591,PMJAY
HOSP5P01986,501986,Hospital,P,The Hans Foundation Eye Care,"DELHIHARIDWAR HIGHWAY BAHADRABAD,",8283815315,5,50,100013,2018-09-23 07:59:52,29.919964,78.053836,PMJAY
HOSP5P02124,502124,Medical College Hospital,P,Dr KKBM Subharti Hospital,"Dr.KKBM Subharti Hospital, Subharti Puram, Jhajra, MH-72, Chakrata Road, Dehradun (UK),",9910855611,5,49,"100001,100002,100005,100006,100007,100008,100010,100011,100012,100013,100015,100016,100017,100019,100023,100027",2026-06-04 15:48:12,30.343482,77.966148,PMJAY
HOSP5P02130,502130,Daycare Centre,P,DRISHTI EYE INSTITUTE,"16 Subhash Road, astley Hall, Opp. Hotel Pacific, Dehradun,16 Subhash Road, Astley Hall, Opp. Hotel Pacific, Dehradun",9412059188,5,49,100013,2026-06-04 15:05:09,30.327507,78.047849,PMJAY
HOSP5G02134,502134,Hospital,G,SBBPCHCKICHHA,"CHC KICHHA,Sitarganj road, Udham Singh Nagar,sitaganj road kichha ",9368370067,5,56,"100001,100002,100003,100004,100005,100006,100007,100008,100009,100010,100011,100012,100013,100014,100015,100016,100017,100018,100019,100020,100021,100022,100023,100026",2018-08-25 11:39:32,28.913001,79.567068,PMJAY
HOSP5P02194,502194,Hospital,P,City Hospital and Research Center,"Teen Pani , Bareilly Road, Haldwani,",9837350453,5,51,"100005,100012",2019-01-21 16:56:17,29.1783310000001,79.5203270000001,PMJAY
HOSP5G02223,502223,Hospital,G,District Hospital Rudraprayag,"DH Rudraprayag,",9410573325,5,54,"100005,100006,100012,100013,100015,100017",2018-08-13 17:59:53,30.285080,78.978880,PMJAY
HOSP5G02288,502288,Hospital,G,Community Health Center Chaukhutia ,"Community Health Center Chaukhutia,Chaukhutia",9457986322,5,45,100005,2018-08-27 10:33:58,29.881186,79.350150,PMJAY
HOSP5P02568,502568,Hospital,P,Chamunda Hospital,"Ramnagar Road, Kashipur, US Nagar,",7302014444,5,56,"100001,100005,100006,100012,100015,100023",2018-09-04 10:54:03,29.275647,78.986462,PMJAY
HOSP5P02636,502636,Medical College Hospital,P,HIMALAYAN HOSPITAL JOLLY GRANT,"Swami Rama Nagar, Jolly Grant, Dehradun,",9412009592,5,49,"100002,100003,100005,100006,100007,100008,100010,100011,100012,100013,100014,100015,100016,100017,100018,100019,100020,100021,100022,100023,100027",2026-06-13 11:42:03,30.192671,78.164571,PMJAY
HOSP5G02642,502642,Hospital,G,CHC Gangolihat,"CHC Gangolihat,",9717377365,5,53,"100004,100005,100026",2018-08-27 13:03:52,29.6578510000001,80.0411020000001,PMJAY
HOSP5P02664,502664,Hospital,P,Ujala Health Care,"Kachnal Ghazi, Manpur Road, Kashipur, US Nagar,",8909617823,5,56,"100002,100005,100006,100008,100010,100012,100013,100015,100016,100017,100023",2022-11-24 10:44:16,29.237000,78.964700,PMJAY
HOSP5G02711,502711,Hospital,G,CHC Augustmuni,"community health center Augustmuni, Rudraprayag, ,kedarnath road",8755180913,5,54,"100005,100006,100017",2018-08-25 11:14:52,30.391540,79.022937,PMJAY
HOSP5P02722,502722,Medical College Hospital,P,Shri Mahant Indiresh Hospital,"Patel Nagar, Dehradun,",9389922425,5,49,"100001,100002,100003,100004,100005,100006,100007,100008,100009,100010,100011,100012,100013,100014,100015,100016,100017,100018,100019,100020,100021,100022,100023,100026,100027,100028,10083",2026-06-08 21:52:24,30.305007,78.020999,PMJAY
HOSP5P02731,502731,Hospital,P,ANAND HOSPITAL AND RESEARCH CENTRE,"OPP. Old Government Hospital, Sitarganj Road, Khatima, Udham Singh Nagar,",9412089299,5,56,"100005,100006,100015",2024-09-12 14:15:45,28.920914,79.969632,PMJAY
HOSP5P02810,502810,Hospital,P,Vedanta Netralya,"VEDANTA NETRALYA LLP NEAR AURUM SCHOOL CANAL ROAD TIKONIA HALDWANI DIST-NAINITALUTTRAKHAND-263139,CANAL ROAD ",9760027515,5,51,100013,2018-11-24 08:58:48,29.2277,79.52974499999999,PMJAY
HOSP5P02869,502869,Hospital,P,Sanjeevani Hospital,"Sati Kund, Laksar Road, Kankhal Haridwar,",9719314634,5,50,"100005,100006,100012,100015,100023",2018-12-16 14:02:42,29.922267,78.136951,PMJAY
HOSP5P02909,502909,Hospital,P,TAPAN HOSPITAL AND RESEARCHA CENTRE,"Sitarganj Road, Khatima , US Nagar,",9927076432,5,56,"100006,100023",2024-09-27 11:05:22,28.923270,79.965780,PMJAY
HOSP5P02928,502928,Hospital,P,KANDARI NURSING HOME,"331/2 Dehradun Road, Rishikesh,",9760244482,5,49,"100006,100023",2018-09-01 19:20:56,30.115338,78.290380,PMJAY
HOSP5P03285,503285,Hospital,P,THE HANS FOUNDATION GENERAL HOSPITAL AUNIT OF HANS CALTURAL CENTER,"Dayal Puram, Chamolisain, Banghat Road, Satpuli, Pauri Garhwal,",8283815315,5,52,"100005,100006,100012,100013,100015,100016,100017",2018-11-24 09:06:42,29.944406,78.692345,PMJAY
HOSP5G03324,503324,Hospital,G,Govind Singh Mahara Government Hospital,"Sadar Bazar, Near Roadways Station, Ranikhet,",9837503074,5,45,"100001,100004,100005,100006,100012,100013,100015,100016,100023",2018-08-25 14:10:49,29.643530,79.438970,PMJAY
HOSP5P03340,503340,Hospital,P,Hi Tech Hospital,"girital road kashipur,",9837120191,5,56,100013,2023-07-03 17:09:36,29.219655000000003,78.96956699999998,PMJAY
HOSP5P06039,506039,Hospital,P,Krishna Medical Centre,"22 Inder Road, Dalanwala, Dehradun,",8937053000,5,49,"100002,100005,100006,100008,100012,100015,100016,100017,100020,100023",2021-03-17 11:15:19,30.312851,78.055132,PMJAY
HOSP5P06075,506075,Hospital,P,QUADRA HOSPITAL,"Village Belda , Haridwar Road, Near Montfort School, Roorkee,",9897157042,5,50,"100005,100006,100012,100015,100023",2019-03-02 10:39:56,29.887948,77.953683,PMJAY
HOSP5P06107,506107,Hospital,P,Shri Swami Bhumanand Hospital Haridwar,"Ranipur Jhal, Roorkee Road, Jawalapur, Haridwar,",9627657884,5,50,"100002,100005,100006,100010,100011,100012,100013,100014,100015,100016,100017,100023",2026-08-04 17:43:34,29.927630,78.124169,PMJAY
HOSP5P06930,506930,Hospital,P,AGARWAL HOSPITAL AND TRAUMA CENTRE,"14/15 bhurarani Road rudrapur (u.s.nagar),",7895138242,5,56,"100006,100012,100013,100015",2019-03-13 10:45:58,28.976471,79.383641,PMJAY
HOSP5G07083,507083,Hospital,G,CHC Bhikiyasen,"CHC Bhikiyasain, Almora,",9411316137,5,45,100005,2018-08-27 16:13:43,29.698788,79.264338,PMJAY
HOSP5G07119,507119,Hospital,G,CHC Munsyari,"CHC Munsyari,",8958031633,5,53,100005,2018-08-27 12:01:59,30.069650,80.235539,PMJAY
HOSP5P07349,507349,Hospital,P,Govil Super Speciality Hospital,"Ramnagar Road, Kashipur, US Nagar,",9997740708,5,56,"100005,100006,100012,100015,100020",2021-02-02 16:55:16,29.275647,78.9864620000001,PMJAY
HOSP5G07351,507351,Hospital,G,Community Health Center Dhauladevi,"CHC , Dhauladevi, Almora,",9012478082,5,45,"100001,100002,100003,100004,100005,100006,100007,100008,100009,100010,100011,100013,100014,100015,100016,100017,100018,100019,100020,100021,100022,100023,100026",2018-08-28 12:23:51,29.5743420000001,79.8742020000001,PMJAY
HOSP5P08498,508498,Hospital,P,SK Memorial Hospital,"12 E C Dehradun uttarakhand, ",9897082000,5,49,"100005,100006,100010,100012,100015,100017,100020,100023",2026-06-04 15:23:49,30.3287490000001,78.0525000000001,PMJAY
HOSP5G13092,513092,Hospital,G,State Mental Health Institute,"Near Suarana Bridge, Selaqui, Dehradun,",9997769858,5,49,100009,2018-09-14 12:54:13,30.365362,77.841195,PMJAY
HOSP5P18823,518823,Hospital,P,HERBERTPUR CHRISTIAN HOSPITAL,"Herbatpur,",9837940922,5,49,"100005,100006,100010,100015,100016,100017",2018-09-26 12:40:14,30.4483950000001,77.755187,PMJAY
HOSP5P25834,525834,Hospital,P,Keshav Medical centre,"Gms Road Near Olympus high school sewla kala dehradun,",9837116987,5,49,100016,2018-11-24 09:03:30,30.299565,78.0012580000001,PMJAY
HOSP5P26920,526920,Daycare Centre,P,Drishti Center For Advanced Eye Care,"Durga City Center ,Near M B Degree College",7088998333,5,51,100013,2026-08-08 20:07:12,29.229391,79.529870,PMJAY
HOSP5P27771,527771,Hospital,P,Ojas Hospital,"Sarai Nagar, Jawalapur, Haridwar,",9634111100,5,50,"100005,100006,100012,100015,100023",2024-09-18 16:03:03,29.915773,78.102241,PMJAY
HOSP5P28198,528198,Hospital,P,Dr Turna Surgical Hospital,"Kichha Road, Sitarganj,",9837207272,5,56,"100005,100006,100012,100015",2024-08-29 16:06:45,28.936518,79.763986,PMJAY
HOSP5P28517,528517,Hospital,P,MEDICARE HOSPITAL,"CHAKRATA ROAD, NEAR SPICE HOTEL SELAQUI",9897515847,5,49,"100001,100005,100006,100012,100015,100016,100023",2019-01-23 08:37:55,30.3591859,77.849113,PMJAY
HOSP5P58907,558907,Hospital,P,Maharaja Agrasen Hospital,"Kichha Road, Agrasen Nagar, Rudrapur,",7011766292,5,56,"100005,100013,100015",2024-09-18 16:03:50,28.974060,79.407935,PMJAY
HOSP5P61739,561739,Daycare Centre,P,Anand Netralaya,"19, Tilak Road, Dehradun,Opp. Silver Bells School",9643985493,5,49,100013,2019-01-23 08:38:46,30.324137,78.033362,PMJAY
HOSP5G86318,586318,Hospital,G,CHC Kanda," Kanda Bageshwar,",8192019650,5,46,100005,2020-02-14 20:07:51,29.803639,79.905621,PMJAY
HOSP5P88623,588623,Hospital,P,VELMED HOSPITALS,"Velmed Hospital, Turner Road, Clement Town, Near ISBT, Morowala, Dehradun, Uttarakhand, 248002,",9915599902,5,49,"100002,100003,100005,100006,100008,100015,100023",2019-03-26 11:12:42,30.272201,78.008049,PMJAY
HOSP5P98996,598996,Hospital,P,GANGA MATA CHARITABLE EYE HOSPITAL,"sapt rishi link road ,haridwar ",8077989877,5,50,100013,2021-07-13 14:16:41,29.935399,78.133397,PMJAY
HOSP6P00515,600515,Hospital,P,vision care eye hospital,"visioncare eye hospital,choutala road ",9896416245,6,74,100013,2019-04-05 11:42:48,29.9582600000001,74.7012800000001,PMJAY
HOSP6P00631,600631,Hospital,P,LIFE CARE HOSPITAL,"BHATTU ROAD,",7357311000,6,61,,2022-12-30 11:11:57,29.5067465,75.444179,PMJAY
HOSP6P00650,600650,Hospital,P,AASTHA HOSPITAL,"81S MODEL TOWN,HISAR",9034003400,6,63,"100006,100015,100023",2019-12-20 10:42:51,29.135158101809992,75.74058424671853,PMJAY
HOSP6P00704,600704,Hospital,P,BHARAT MULTISPECIALITY HOSPITAL,"BHARAT MULTISPECIALITY HOSPITAL,nEAR JINDAL CHOWK",9467429210,6,63,,2018-09-19 15:59:15,29.135390,75.748163,PMJAY
HOSP6P00784,600784,Hospital,P,Krishnawati Hospital,"Anil Vihar, opposite Malviya School, Gohana Road, Sonipat,",8607100600,6,75,"100006,100012,100023",2018-09-15 14:50:45,29.00,77.01,PMJAY
HOSP6P00805,600805,Hospital,P,G C GUPTA HOSPITAL,"372-373 SECTOR -11 HUDA PANIPAT,372-373 SECTOR -11 HUDA PANIPAT",8053124411,6,71,,2018-09-16 16:04:29,29.380726696418478,76.97704657725217,PMJAY
HOSP6P00810,600810,Hospital,P,Gupta Eye Hospital,"Model Town,332 R Model Town, Panipat",9416016332,6,71,100013,2018-09-19 16:05:15,29.39,76.96,PMJAY
HOSP6P00812,600812,Hospital,P,MEENAKSHI JAIN HOSPITAL,"55/6 GANDHI NAGAR JIND,NEAR OLD BUS STAND",9416954141,6,65,"100005,100006,100012,100023",2018-10-09 12:04:30,29.313623,76.325013,PMJAY
HOSP6P00833,600833,Hospital,P,Ravindra Hospital and Heart Centre,"Plot no 9 and 10,Model town hisar",9896021115,6,63,"100002,100005,100006,100015",2020-06-29 10:10:00,29.133135,75.746080,PMJAY
HOSP6P00841,600841,Hospital,P,VK NEUROCARE AND TRAUMA  RESEARCH HOSPITAL ,"N-159, Model Town,N-159, Model Town",8295130562,6,63,,2018-09-19 15:56:29,29.129789,75.743309,PMJAY
HOSP6P00898,600898,Hospital,P,Jeevanshree Hospital ,"JEEVANSHREE HOSPITAL RISHI NAGAR HISAR HARYANA ,NEAR SEWAK SABHA ",9896400541,6,63,"100005,100006,100010,100012,100015,100016,100017,100023",2019-12-20 10:41:59,29.163880,75.719337,PMJAY
HOSP6P00901,600901,Hospital,P,LIFELINE INSTITUTE OF MEDICAL SCIENCES,"Plot No.-6, Jindal Chowk Hisar",9992555550,6,63,"100005,100010,100012,100013,100015,100017,100020,100023",2018-09-15 14:43:01,29.13485,75.74629,PMJAY
HOSP6P00924,600924,Hospital,P,GOEL HOSPITAL,"House No.290 Goel Hospital,Sawan Puri ,Jagadhri Yamuna Nagar,house no.290 goel hospital,sawan puri ,jagadhri yamuna nagar",9812028011,6,76,100015,2018-09-17 17:46:27,28.482183121292607,76.87864512158149,PMJAY
HOSP6P00938,600938,Hospital,P,JASPAL NURSING HOME,"JASPAL NURSING HOME, 69 MODEL TOWN",9416020051,6,58,"100005,100006,100010,100012,100017,100023",2018-09-16 15:19:26,30.3659473,76.7927636,PMJAY
HOSP6P01093,601093,Hospital,P,Dr Ram Naraian Soni Ortho Hospital,"DR. RAM NARAIAN SONI ORTHO HOSPITAL 125001,Dr. ram naraian soni Ortho Hospital",9896421283,6,63,100015,2020-12-23 12:55:55,29.135959152805626,75.72108969042128,PMJAY
HOSP6P01180,601180,Hospital,P,Rajasthan Medical Centre,"914/12,Kainchi chowk, Chandigarh road ",9315683206,6,61,"100002,100005,100006,100010,100012,100015,100017,100023",2019-09-06 10:40:49,29.706824,75.905806,PMJAY
HOSP6P01216,601216,Hospital,P,SAINI EYE CARE CENTRE,"HOUSE NO 218,SECTOR 7 URBAN ESTATE",9416035050,6,68,100013,2018-10-09 12:13:12,29.974405,76.876583,PMJAY
HOSP6P01329,601329,Hospital,P,Vishal Hospital,"Vishal nagar, Jagadhri Road Yamuna Nagar Haryana,",9671304343,6,76,"100006,100010,100012,100015,100017",2018-10-09 12:26:00,30.152583,77.308357,PMJAY
HOSP6P01440,601440,Hospital,P,Gulati Hospital,"169, Sarojini Colony, Phase I, Yamuna Nagar Haryana,169 sarojini colony ynr",9355532633,6,76,,2024-08-23 13:37:44,30.137236,77.277611,PMJAY
HOSP6P01453,601453,Hospital,P,Medicity Multispeciality Hospital And Neuro Care Center,"NURSING HOME SITE 02, SECTOR 16-17, HISAR,",9416044519,6,63,"100005,100006,100011,100012,100015,100020",2019-08-02 12:39:37,29.128261,75.733721,PMJAY
HOSP6P01508,601508,Hospital,P,Shah Hospital,SHAH HOSPITAL,9812513700,6,66,,2018-12-03 11:43:20,29.8005907,76.4028874,PMJAY
HOSP6P01513,601513,Hospital,P,SONAKSHI CHILDREN HOSPITAL,"jindal hospital road,,Near ITI, HIsar",8570884649,6,63,"100010,100012,100017,100018",2018-12-28 10:00:45,29.12997084980337,75.74430903466407,PMJAY
HOSP6P01546,601546,Hospital,P,PARKHOSPITALA UNITOFPARKMEDICENTERSANDINTITUTIONSPVTLTD,"Q Block South City 2, Badshahpur Sohna Rd Hwy, Main, Sector 47, Gurugram, Haryana 122001,",9810853355,6,62,,2026-04-25 17:30:14,28.428786593034005,77.0475986931175,PMJAY
HOSP6P01558,601558,Hospital,P,PARK HOSPITAL A UNIT OF DMR HOSPITALS PVT LTD,"CHD CITY, SECTOR-45, GT KARNAL ROAD",9501737546,6,67,"100001,100002,100003,100005,100006,100010,100011,100012,100013,100014,100015,100016,100017,100019,100020,100022,100023",2018-09-18 16:54:47,29.74431,76.95773,PMJAY
HOSP6P01559,601559,Hospital,P,GABA HOSPITAL,"Ward no 11,BYE PASS ROAD YAMUNA NAGAR ",8708934151,6,76,,2018-09-17 17:47:08,30.150000,77.290000,PMJAY
HOSP6P01584,601584,Hospital,P,Sanjivni Eye And Medicare Centre,"1176/663, B-9,Kartar Nagar, Model Town, Ambala City",9896209691,6,58,100013,2018-09-19 15:17:05,30.36272848540159,76.79134163428216,PMJAY
HOSP6P01598,601598,Hospital,P,SARWAL HOSPITAL,"plot no 4,4 CIVIL LINES NEAR ARYA CHOWK OPP BSNL EXCHANGE AMBALA CITY HARYANA",9416025535,6,58,"100006,100008,100012,100015,100020,100022,100023",2018-09-17 16:58:54,30.372905,76.786238,PMJAY
HOSP6P01618,601618,Hospital,P,Onyx Stones Hospital,"11-L MODEL TOWN,11-L MODEL TOWN",9354847444,6,73,"100005,100006,100023",2018-09-17 17:27:54,28.891174,76.6079970000001,PMJAY
HOSP6P01621,601621,Hospital,P,PARK HOSPITAL A UNIT OF PARK MEDICITY INDIA PRIVATE LIMITED,"GT Road,nH 1",7206941465,6,71,"100001,100002,100003,100005,100006,100008,100010,100011,100012,100013,100015,100016,100017,100019,100021,100022,100023",2026-06-19 12:35:08,29.385591,76.971095,PMJAY
HOSP6P01691,601691,Hospital,P,KOHLI HOSPITAL,"2 PURAN VIHAR,",9812031877,6,76,100015,2018-12-03 11:37:28,30.150516,77.273555,PMJAY
HOSP6P01767,601767,Hospital,P,Virat Hospital ,"Virat Hospital ,Near Dharuhera Chungi",9990968366,6,72,"100002,100004,100005,100006,100011,100012,100015,100023",2018-09-17 17:40:03,28.1982405926629,76.6243950740186,PMJAY
HOSP6P01785,601785,Hospital,P,Riti Eye Care,"289, model Town,Rewari",8527187555,6,72,100013,2019-01-25 11:48:27,28.187089,76.614227,PMJAY
HOSP6P01798,601798,Hospital,P,Geetanjali Hospital,"270, Model Town,Gurudwara Road",9896081735,6,63,"100005,100006,100010,100011,100012,100013,100015,100016,100017,100020,100023",2018-10-09 12:00:46,29.132341913077497,75.74326228826862,PMJAY
HOSP6P01864,601864,Daycare Centre,P,EYE Q VISION PVT LTD,"eyeq vision pvt ltd near rohtak gate bhiwani,",9717292625,6,59,100013,2024-08-06 14:56:29,28.7942330000001,76.1458440000001,PMJAY
HOSP6P01866,601866,Daycare Centre,P,EYE Q VISION PVT LTD,"H.NO 433/9C/2, TAYAL GARDEN BARWALA ROAD HISAR HARYANA ,",9717292625,6,63,100013,2018-10-09 12:02:30,29.169394,75.721371,PMJAY
HOSP6P01882,601882,Daycare Centre,P,EYE Q VISION PVT LTD,"707, Makroli House, Sonepat Road, Opposite Jagmohan Motors, Rohtak",9717292625,6,73,100013,2024-08-06 14:48:40,28.43333,77.0594,PMJAY
HOSP6P01886,601886,Daycare Centre,P,EYE Q VISION PVT LTD,"18, Arya nagar, Near Savera school, Jhajjar",9717292625,6,64,100013,2018-09-15 14:44:07,28.43333,77.0594,PMJAY
HOSP6P01914,601914,Hospital,P,AGGARWAL HOSPITAL,"Main Road, Jagadhri, Yamunanagar, Haryana,Main Road, Jagadhri, Yamunanagar, Haryana",9355550000,6,76,"100005,100006,100012,100015,100017,100023",2018-09-19 16:07:23,30.1477090000001,77.305525,PMJAY
HOSP6P01916,601916,Hospital,P,rainbow hospital,"152 r ,model town",9996203823,6,71,"100005,100006,100010,100012,100015,100017,100018,100023",2018-09-17 17:30:16,29.392595,76.957839,PMJAY
HOSP6P01925,601925,Hospital,P,LEELAWATI HOSPITAL,"8/9 INDER NAGAR NEAR ARYA CHOWK POLICE LINE ROAD AMBALA CITY ,",9416020376,6,58,100013,2021-05-06 15:07:00,30.378508,76.783274,PMJAY
HOSP6P01927,601927,Hospital,P,VOHRA EYE HOSPITAL,"R 15, gobind nagar, jagadhri road ambala cantt,R 15, gobind nagar, jagadhri road ambala cantt",9215142422,6,58,100013,2019-10-31 17:23:21,30.338071437232017,76.85910695636699,PMJAY
HOSP6P01928,601928,Hospital,P,Rotary Ambala Cancer And General Hospital,"Ram Bagh Road Ambala Cantt,",9896369274,6,58,"100001,100002,100005,100006,100007,100008,100010,100011,100015,100016,100017,100018,100019,100020,100022,100027",2026-05-11 10:32:11,30.368487,76.767364,PMJAY
HOSP6P01931,601931,Hospital,P,CYGNUS JK HINDU HOSPITAL,"INDUSTRAIL AREA ROHTAK ROAD SONIPAT,INDUSTRAIL AREA ROHTAK ROAD flyover SONIPAT",8800252638,6,75,"100002,100004,100005,100006,100010,100011,100012,100013,100015,100016,100017,100020,100023",2018-09-16 18:58:27,28.9752280000001,77.0124680000001,PMJAY
HOSP6P01964,601964,Hospital,P,BANSAL GLOBAL HOSPITAL,"36,PREM NAGAR,AMBALA CITY,36 PREM NAGAR",9466509150,6,58,"100006,100015",2019-04-05 11:33:52,30.368191,76.786001,PMJAY
HOSP6P01989,601989,Hospital,P,RADHAKISHAN HOSPITAL,"RADHAKISHAN HOSPITAL ,RED ROAD JYOTI NAGAR ",9416029516,6,68,"100005,100006,100010,100017,100018,100023,100026",2018-09-14 12:54:08,29.972493,76.843039,PMJAY
HOSP6P02007,602007,Hospital,P,SANJIVANI MULTISPECIALITY HOSPITAL,"Sanjivani Multispeciality Hospital,Tayal Garden,Barwala Road",8295767767,6,63,"100005,100006",2022-02-23 09:41:59,29.16930610507123,75.72123868309313,PMJAY
HOSP6P02013,602013,Hospital,P,BRAHM SHAKTI SANJIVANI SUPER SPECIIALITY HOSPITAL,"OPPSITE TELEPHONE EXCHANGE BRAHM SHAKTI HOSPITAL,BAHADURGARH",9466678311,6,64,"100002,100004,100005,100006,100012,100013,100015,100016,100017,100019,100020,100023",2018-09-15 14:43:40,28.690634,76.9386840000001,PMJAY
HOSP6P02091,602091,Hospital,P,ISHWAR EYE CENTRE LLP,"926, VIJAY PARK JHANG COLONY,",9729072025,6,73,100013,2019-01-25 11:52:27,28.894752608904213,76.6029393372869,PMJAY
HOSP6P02104,602104,Hospital,P,MMIMSR,"MMIMSR HOSPITAL,NEAR SBI BANK",8059931477,6,58,,2026-05-30 11:39:56,30.248251,77.050833,PMJAY
HOSP6P02165,602165,Hospital,P,AAROGYA HOSPITAL,"AAROGYA HOSPITAL,OPPOSITE VISHWAS SCHOOL, URBAN ESTATE-II",9896539143,6,63,"100012,100015,100020",2018-09-16 19:26:58,29.140411,75.7445920000001,PMJAY
HOSP6P02186,602186,Hospital,P,S MEHTA SURGICAL AND MATERNITY HOSPITAL ,"MEHTA HOSPITAL ,JYOTI NAGAR ",8950213292,6,68,"100006,100012,100023",2018-09-17 17:41:57,29.9733350000001,76.8386840000001,PMJAY
HOSP6P02251,602251,Hospital,P,MM HOSPITAL,"6 POLICE LINE,POLICE LINE",9896121133,6,58,"100006,100012,100016,100023",2018-09-19 15:22:59,30.379872948711068,76.78294189074927,PMJAY
HOSP6P02380,602380,Hospital,P,Aneja hospital and nursing home,"Preet Nagar,Jagadhari Road",9416028186,6,58,"100006,100012,100023",2018-09-17 16:57:26,30.336518,76.865261,PMJAY
HOSP6P02402,602402,Hospital,P,Jaipur Hospital,"Jaipur Hospital,Behind District Court,  Rishi Nagar",9729143283,6,66,"100006,100012,100015,100023",2019-07-19 15:22:55,29.803355,76.416075,PMJAY
HOSP6P02412,602412,Hospital,P,POONIA HOSPITAL,"POONIA HOSPITAL,AMBEDKAR CHOWK, NEAR PETROL PUMP, OPP.  SETH TULA RAM DHARAMSHALA",9996001213,6,74,"100002,100005,100006,100012,100013,100016,100023",2018-09-15 14:50:17,29.532111867609686,75.03417263030656,PMJAY
HOSP6P02422,602422,Hospital,P,Nest Hospital,"42-P, SECTOR 15, OPPOSITE MG MALL, SONIPAT,",8053850067,6,75,"100010,100012,100017",2018-10-22 16:39:58,29.007562,77.044921,PMJAY
HOSP6P02433,602433,Hospital,P,SAPRA MULTISPECIALITY HOSPITAL HISAR,"RAJGARH ROAD HISAR,hisar",9896099555,6,63,"100001,100002,100003,100005,100006,100010,100011,100012,100014,100015,100016,100017,100018,100019,100020,100022,100023",2019-03-05 10:10:31,29.092847,75.677997,PMJAY
HOSP6P02441,602441,Hospital,P,SHAKTI NEURO SCIENCE CENTRE,BARWALA ROAD HISAR,9354320685,6,63,100005,2018-09-19 16:00:45,29.17015,75.72119,PMJAY
HOSP6P02475,602475,Hospital,P,DAYANAND HOSPITAL AND CRITICAL CARE CENTRE,"DAYANAND HOSPITAL AND CRITICAL CARE CENTRE,KAKROI ROAD NEAR RAVI DHARAM KANTA SONIPAT",9027200005,6,75,"100005,100006,100008,100013,100015,100022,100023",2026-06-04 20:43:31,28.987431,77.006230,PMJAY
HOSP6P02480,602480,Hospital,P,ARISTO HOSPITAL AND TRAUMA CARE CENTRE ,"SHANKAR COLONY, old DC road",9466461636,6,75,"100006,100015,100020,100023",2024-02-06 14:33:01,28.97839,77.02639,PMJAY
HOSP6P02606,602606,Hospital,P,CYGNUS SUPERSPECIALITY HOSPITAL,"Rewari,",7082216830,6,72,"100002,100004,100005,100006,100008,100011,100012,100015,100017,100020,100023",2019-01-25 11:49:11,28.202632652881775,76.61912392645422,PMJAY
HOSP6P02652,602652,Hospital,P,DRISHTI EYE HOSPITAL,"PLOT NO 209SP, SECTOR 10 PANCHKULA,",9417004447,6,70,100013,2021-03-17 11:15:19,30.68812905094687,76.84995511933414,PMJAY
HOSP6P02670,602670,Hospital,P,NOBLE HEART HOSPITAL,"PLOT NO 2, RAJ GARDEN, DELHI BYPASS CHOWK, ROHTAK, HARYANA, 124001,",9992502053,6,73,,2018-09-16 19:18:20,28.915345,76.569521,PMJAY
HOSP6P02825,602825,Hospital,P,ARYA EYE HOSPITAL,"218 l, model town, atlas road,",9813135550,6,75,100013,2018-09-17 17:36:56,28.960144407120026,76.98614408159892,PMJAY
HOSP6P02860,602860,Hospital,P,SUSHIL GARG HOSPITAL,"Sushil Garg Hospital, 1942-43, Sec-13, Urban Estate, Karnal,KARNAL",9812078828,6,67,100013,2018-09-18 16:51:21,29.682673920947693,76.99858608007219,PMJAY
HOSP6P02906,602906,Hospital,P,VIRK HOSPITAL PVT LTD,"363-364 Randhir Lane,",9812444400,6,67,"100002,100005,100006,100010,100011,100012,100013,100014,100015,100016,100017,100019,100020,100023",2018-09-15 14:46:30,29.694014,76.989063,PMJAY
HOSP6P02923,602923,Hospital,P,PC SHARMA EYE HOSPITAL,"25, CIVIL LINES, ARYA CHOWK",8168391951,6,58,100013,2021-03-17 11:15:19,30.3805381,76.7804581,PMJAY
HOSP6P02982,602982,Hospital,P,Sukhda Multispeciality Hospital,"Delhi Road,Opposite Green Belt",9996637473,6,63,"100002,100004,100005,100006,100008,100011,100012,100014,100015,100016,100022,100023",2018-09-16 19:12:36,29.137289822847293,75.74093392330838,PMJAY
HOSP6P02997,602997,Hospital,P,CYGNUS MAHARAJA AGGERSSAIN HOSPITAL,"CYGNUS MAHARAJA AGGERSSAIN HOSPITAL,",8059010390,6,71,,2018-09-19 16:04:13,29.3993600000001,76.975556,PMJAY
HOSP6P03009,603009,Hospital,P,Shree balaji hospital ,"shree balaji hospital,",9050405511,6,74,"100012,100016",2018-09-18 16:45:13,29.53371002779737,75.03706975010346,PMJAY
HOSP6P03041,603041,Hospital,P,GETWELL HOSPITAL,"MAHENDERGARH ROAD,",9416063921,6,69,,2020-10-06 15:50:31,28.098294,75.991194,PMJAY
HOSP6G03059,603059,Hospital,G,KALKA RAILWAY HEALTH UNIT,"Railway Road Kalka,",9468188869,6,70,"100004,100005,100006,100012,100013,100014,100016,100026",2018-09-11 14:01:57,31.1788963606746,76.9450039635375,PMJAY
HOSP6G03073,603073,Hospital,G,chc raipur rani,"Village Raipur rani,",9417095466,6,70,"100004,100005,100006,100012,100014,100026",2019-01-25 11:03:17,30.582161,77.018309,PMJAY
HOSP6G03077,603077,Hospital,G,CIVIL HOSPITAL HISAR,"Sirsa Road Hisar,",8950184481,6,63,"100004,100005,100006,100009,100010,100012,100013,100014,100015,100016,100017,100020,100023,100026",2018-08-14 16:08:18,29.17,75.72,PMJAY
HOSP6P03079,603079,Hospital,P,R M ANAND HOSPITAL,"NEAR SHIV CHOWK,SANOLI ROAD ",9812430866,6,71,"100006,100010,100012,100015,100017,100023",2018-09-19 16:05:57,29.388817,76.985490,PMJAY
HOSP6P03080,603080,Hospital,P,MEHNDIRATTA HOSPITAL ,"106, Manali House Ambala City",9464696046,6,58,"100001,100005,100006,100008,100011,100015,100019,100023",2018-09-16 15:17:56,30.370696,76.788042,PMJAY
HOSP6P03083,603083,Hospital,P,Bhatia Orthopaedic Centre Karnal,"Purushotam Garden Kunjpura Road Karnal,Purushotam Garden Kunjpura Road Karnal",9812344559,6,67,100015,2020-10-23 19:07:51,29.6948610000001,76.994694,PMJAY
HOSP6P03090,603090,Hospital,P,KD HOSPITAL MRI AND CT SCAN,"1, Green Park,MAHESH NAGAR, JAGADHARI ROAD ",9812023347,6,58,,2022-07-29 16:11:01,30.337150,76.862650,PMJAY
HOSP6P03100,603100,Hospital,P,C.Lall hospital,"530, ARYA NAGAR AMBALA CANTT,",9416275557,6,58,"100012,100015",2026-05-25 09:57:21,30.340000,76.870000,PMJAY
HOSP6P03158,603158,Hospital,P,Pardeep Kansal Multispecility Hospital,"Inderparsth Colony Near Bus Stand Hisar,NEAR BUS STAND HISAR",7056012400,6,63,"100005,100006,100010,100012,100017,100018,100019",2019-03-05 10:38:02,29.220784,75.756078,PMJAY
HOSP6P03163,603163,Hospital,P,MEDLINE HOSPITAL ,"505,MODEL TOWN,OPP.SBI BANK",8950008420,6,67,"100005,100006,100010,100011,100012,100015,100016,100017,100019,100023",2024-08-05 11:01:19,29.6949931,76.9916018,PMJAY
HOSP6P03252,603252,Hospital,P,PRABHA EYE HOSPITAL,"kalyan enclave near pappan plaza ,near alawalpur chowk",9999962221,6,619,100013,2019-12-20 10:50:27,28.1761440000001,77.3760920000001,PMJAY
HOSP6P03263,603263,Hospital,P,ent and skin,"plot 45,medical enclave chandigarh road tohana",9728593507,6,61,100016,2018-09-15 14:41:16,29.7112554,75.9114716,PMJAY
HOSP6P03330,603330,Hospital,P,SHIVAM LIVER AND GASTRO SUPER SPECIALITY HOSPITAL,"civil road near shant mai chowk,civil road",8295973377,6,73,"100005,100006,100026",2018-09-16 16:08:24,28.8977130000001,76.583082,PMJAY
HOSP6P03397,603397,Hospital,P,Santosh Multispeciality Hospital,"3F/139, N.I.T.,3f-139",9711248940,6,60,"100005,100006,100008,100012,100013,100014,100015,100017,100023",2021-03-17 11:15:19,28.395577057193478,77.28970781452972,PMJAY
HOSP6P03423,603423,Hospital,P,DR KC SACHDEVA HOSPITAL,"NEAR MELA RAM SCHOOL,SECTOR-12, URBAN ESTATE",9812051130,6,67,"100006,100012,100015,100023",2018-09-15 14:46:52,29.6945470000001,76.9973330000001,PMJAY
HOSP6P03484,603484,Hospital,P,APNA HOSPITAL,"APNA HOSPITAL,RED ROAD,OPP RADHA KISHAN HOSPITAL,",9896055533,6,68,100015,2020-06-29 10:12:31,29.9718,76.8433,PMJAY
HOSP6G03503,603503,Hospital,G,sdhkosli,"sdh kosli,near police station kosli",8930834007,6,72,"100001,100002,100004,100005,100006,100008,100009,100010,100012,100013,100014,100015,100016,100017,100018,100019,100020,100026",2018-09-10 13:23:58,28.3948,76.4971,PMJAY
HOSP6P03512,603512,Hospital,P,SAI HOSPITAL,tosham road near HUDA Office Hisar,9896866299,6,63,100016,2018-09-19 15:58:04,29.132396,75.740942,PMJAY
HOSP6P03538,603538,Hospital,P,MITTAL SURGICAL AND MATERNITY HOSPITAL,"MITTAL SURGICAL AND MATERNITY HOSPITAL,",7206517252,6,66,,2020-10-23 19:06:10,29.80598528054908,76.40627980736684,PMJAY
HOSP6P03548,603548,Hospital,P,Galaxy Hospital,"Assandh Road,Near Aneja Petrol Pump",7027768001,6,71,,2019-07-20 21:15:07,29.384266,76.951907,PMJAY
HOSP6P03558,603558,Hospital,P,TALWAR HOSPITAL IVF CENTRE,"talwar hospital and ivf centre sirsa ,Hisar Road",9416499333,6,74,"100005,100006,100012",2018-09-17 17:31:29,29.534465,75.041206,PMJAY
HOSP6P03563,603563,Hospital,P,DAHIYA EYE AND MATERNITY HOSPITAL,"OLD DC ROAD, NEAR I.T.I. CHOWK",9416104620,6,75,"100012,100013",2018-09-16 18:51:50,28.97848,77.02688,PMJAY
HOSP6P03635,603635,Hospital,P,bansal hospital,"bansal hospital,circular road near valmiki chowk sirsa",9812536888,6,74,"100006,100012,100013",2018-11-05 14:38:56,29.536535535024186,75.02278124904376,PMJAY
HOSP6P03641,603641,Hospital,P,CHHABRA HOSPITAL ,"1 A, NARAIN SINGH PARK ,ASSANDH ROAD ",9812569778,6,71,,2018-09-15 14:48:49,29.395007,76.959070,PMJAY
HOSP6P03656,603656,Hospital,P,DHIR HOSPITAL,"Meham Chowk Circular Road,",8307972489,6,59,100013,2018-09-17 09:11:11,28.798320,76.141980,PMJAY
HOSP6P03687,603687,Hospital,P,Goyal Netra Chikitsalaya,"Goyal Netra Chikitsalaya, Mahavir Chowk, Mahendergarh Road, Narnaul,",7855024825,6,69,100013,2019-10-31 17:33:38,28.05351,76.10729,PMJAY
HOSP6P03693,603693,Hospital,P,EYE AND GYNECOLOGY AND OBSTETRICS,"NEAR KAINCHI CHOWK,TOHANA",9416109198,6,61,"100006,100012,100013",2021-02-11 13:20:30,29.693935598063135,75.90330670832668,PMJAY
HOSP6P03702,603702,Hospital,P,SOBTI NURSING HOME,Sobti Nursing Home,9896362621,6,68,"100013,100014",2018-09-17 17:45:17,29.97194,76.84361,PMJAY
HOSP6P03718,603718,Hospital,P,SONI ORTHOPEDIC HOSPITAL ,"1664 sector 13 urban estate,pipli road, near telephone exchange kurukshetra",9416301628,6,68,"100005,100006,100015,100019,100020",2019-07-19 15:16:24,29.973173,76.8578330000001,PMJAY
HOSP6P03747,603747,Hospital,P,PAWAN SURGICAL HOSPITAL,"NEAR OLD BUSTAND,RED ROAD KUK",9812031635,6,68,"100006,100008,100012,100023",2023-09-27 16:39:25,29.971972,76.839912,PMJAY
HOSP6P03767,603767,Hospital,P,DR LALIT ENT CARE CENTRE,"h.no 10p,sector 13",9466468841,6,68,100016,2024-04-26 12:39:52,29.973359,76.860254,PMJAY
HOSP6G03825,603825,Hospital,G,BPS GMC for Women,"BPS GMC For Women Khanpur Kalan,",9215331331,6,75,"100004,100005,100006,100009,100010,100012,100013,100014,100015,100016,100017,100018,100023,100026",2018-09-10 13:10:02,29.150562982561965,76.80937900012759,PMJAY
HOSP6P03948,603948,Hospital,P,R Yadav Surgical and Rekha Eye Hospital,"R Yadav Surgical and Rekha Eye Hospital,Opp.Govt Girls School,Circular Road",9467664485,6,72,,2019-11-07 16:42:30,28.19878800000002,76.60939700000017,PMJAY
HOSP6P04011,604011,Hospital,P,SAMVEDNA HOSOITAL,"Behind DC Residence,Narnaul,huda Sector -1",9001592778,6,69,"100005,100006,100012,100013,100014,100015,100023",2018-09-19 16:11:25,28.05725000000011,76.10527500000012,PMJAY
HOSP6P04071,604071,Hospital,P,Centre for Sight ,"Plot No. 1 Huda Market No.1 Beside Hanuman Mandir ,Sector 16A Near Old Faridabad Metro Station Faridabad",9958422442,6,60,100013,2021-03-17 11:15:19,28.411691,77.314858,PMJAY
HOSP6P04077,604077,Hospital,P,Thakur eye and maternity hospital ,"house no 638 ward no 18, new char chaman ,NEAR HEAD POST OFFICE OPPOSITE MAHABIR DAL HOSPITAL ",9466182888,6,67,100013,2024-08-23 13:40:45,29.6883050000001,76.9915580000001,PMJAY
HOSP6P04105,604105,Hospital,P,SANTOSH HOSPITAL,"NEAR GOVT SCHOOL, GOBINDPURI",9996105105,6,76,"100002,100005,100006",2019-01-25 11:56:12,30.12997248820054 ,77.267451830683,PMJAY
HOSP6P04140,604140,Hospital,P,Goel Orthopaedic Centre,"Goel Orthopaedic Centre, SCF 15-16, HUDA Complex, ,Opp. DRDA, Gohana Road, Jind",9416060800,6,65,100015,2019-01-25 11:30:44,29.312019999999848,76.32828000000029,PMJAY
HOSP6P04176,604176,Hospital,P,AAKASH HOSPITAL,Aakash hospital,9896131057,6,63,"100006,100012,100016,100023",2020-10-23 19:08:38,29.16587,75.71942,PMJAY
HOSP6P04290,604290,Hospital,P,IMRAN ENT HOSPITAL,"NARNAUL,REWARI ROAD ,NEAR BUS STAND",8708074201,6,69,100016,2018-10-09 12:19:09,28.151799,76.122060,PMJAY
HOSP6P04351,604351,Hospital,P,SHIVAM HOSPITAL UNIT OF R R HOSPITALS PVT LTD,"SHIVAM HOSPITAL NAHRA NAHRI ROAD, LINE PAR,",9468001020,6,64,,2018-12-28 10:03:51,28.705049,76.937985,PMJAY
HOSP6P04565,604565,Hospital,P,AAROGYA HOSPITAL,"8,9 mathura nagari, Police lines,8,9 mathura nagari, police line ",9896814468,6,58,"100006,100012,100023",2021-02-11 11:55:54,30.3781468896389,76.78780396090508,PMJAY
HOSP6P04942,604942,Hospital,P,BAGLA EYE HOSPITAL,"BAGLA EYE HOSPITAL,COLONY ROAD, NEAR B.Ed COLLAGE,MANDI DABWALI,HARYANA,",9896295129,6,74,100013,2019-06-10 16:36:55,29.96353,74.7062900000001,PMJAY
HOSP6P05179,605179,Hospital,P,Balaji Hospital,"Link Road Adjoining Church,Mall Road",9812052697,6,67,"100001,100006,100013,100019",2018-09-15 14:45:34,29.696556585232216,76.98024053640052,PMJAY
HOSP6P05263,605263,Hospital,P,POOJA HOSPITAL NARNAUL,"MAHENDRAGARH ROAD, NARNAUL,NARNAUL",8178815008,6,69,100015,2023-07-21 09:39:02,28.0982935000001,75.9911940000001,PMJAY
HOSP6P05356,605356,Hospital,P,Arora eye and lasik laser centre,"h/no 650 sector -7 karnal,",9254018122,6,67,100013,2019-01-25 11:32:37,29.682392,77.0104260000001,PMJAY
HOSP6P05506,605506,Hospital,P,DEEPHOSPITAL,"Circular Rd, opposite Government Girls Senior Secondary School,Raam Bagh Mahalla, Rewari",9416064342,6,72,"100006,100012,100023",2019-11-07 16:41:56,28.307056,76.5030540000001,PMJAY
HOSP6P05568,605568,Daycare Centre,P,DR JASPREET AGGARWAL,"1402 677 NEW MODEL COLONY OP.OLD SESSION COURTS PETROL PUMP AMBALA HARYANA ,",9812187821,6,58,"100013,100016",2018-09-19 15:20:15,30.376000,76.771603,PMJAY
HOSP6P05626,605626,Hospital,P,DELHI HOAPITAL AND NURSING HOME,"NEAR SHYAM JI COMPLEX,MAIN DELHI ROHTAK ROAD",9811052442,6,64,,2018-09-17 17:12:40,28.690450,76.940978,PMJAY
HOSP6P06030,606030,Hospital,P,Navjeevan Multispeciality Hospital,"255 model town, 255 Model Town ",8901265704,6,63,"100005,100006,100012,100015,100023",2020-12-23 12:58:47,29.1343118857001,75.74158609327048,PMJAY
HOSP6P06317,606317,Hospital,P,GOSWAMI HOSPITAL,"near bus stand, rishi nagar,",9643599183,6,63,"100005,100006,100012",2019-07-19 15:21:27,29.16331212751372,75.71834597125007,PMJAY
HOSP6P06514,606514,Hospital,P,SHREE HARI HOSPITAL,"Shree Hari Hospital 31, ashoka colony, 31, ashoka colony",9416357500,6,67,,2018-10-09 12:08:12,29.68569,76.99048,PMJAY
HOSP6P06987,606987,Daycare Centre,P,MUSKAAN DENTALS,"C 1039 SUSHANT LOK PHASE 1,NEAR VYAPAAR KENDRA",9494947304,6,62,100014,2026-03-23 17:55:31,28.459170,77.084566,PMJAY
HOSP6P07624,607624,Hospital,P,DR MOHAR SINGH SURGICAL AND MATERNITY HOSPITAL,"opp new bus stand near national collage ( eicher tractor agency ) hisar road sirsa,HISAR ROAD",9467407777,6,74,"100006,100012,100023",2018-12-28 10:38:05,29.535120,75.046090,PMJAY
HOSP6P07914,607914,Hospital,P,OSCAR SUPER SPECIALITY HOSPITAL AND TRAUMA CENTRE ROHTAK,"UH2 PGIMS ROAD MEDICAL MOR ROHTAK HARYANA 124001,UH2 PGIMS ROAD MEDICAL MOR ROHTAK HARYANA 124001",9992193331,6,73,"100002,100005,100006,100012,100015,100020",2018-09-17 17:26:15,28.8871310000001,76.6091710000001,PMJAY
HOSP6P08140,608140,Hospital,P,MAAN EYE HOSPITAL,"669 PLA nEAR Camp Chowk Kamiri Road,",9467400365,6,63,100013,2019-12-20 10:43:55,29.144809333333328,75.72597133333333,PMJAY
HOSP6P08636,608636,Hospital,P,PARAS NURSING HOME,"1995,",9896923082,6,67,"100006,100012,100023",2019-01-25 11:34:12,29.687128,77.0122610000001,PMJAY
HOSP6P08743,608743,Hospital,P,RAJVIR EYE HOSPITAL,"house no 424 near old bus stand Jhajjar ,",9896208861,6,64,100013,2021-05-11 13:08:54,28.607671,76.652274,PMJAY
HOSP6P08818,608818,Hospital,P,HARYANA HOSPITAL,"HOSPITAL SITE NO 5 , SECTOR 7 ,MAIN MARKET ",9896557067,6,67,"100015,100020",2018-10-09 12:09:26,29.687508226085072,77.0103986117208,PMJAY
HOSP6P08858,608858,Hospital,P,Sewak Sabha Charitable Trust Hospital,"New Rishi Nagar ,Gali no 1 Near Bus Stand ",8222880133,6,63,"100005,100006,100010,100012,100013,100014,100015,100017",2018-12-28 09:59:52,29.163387,75.719841,PMJAY
HOSP6P09207,609207,Hospital,P,Uttam Clinic cum Hospital,"37 sector 14 UE,",9896002231,6,67,"100006,100010,100012,100018",2023-07-21 09:53:07,29.6825390000001,76.9960150000001,PMJAY
HOSP6P09392,609392,Hospital,P,Seth Hospital,"1 NIRMAL COLONY BEHIND MELA RAM SCHOOL,",9812631300,6,67,"100005,100006,100012,100015",2018-11-05 14:27:50,29.69507,76.99747,PMJAY
HOSP6P09597,609597,Hospital,P,SINGHAL MEDICAL SURGICAL & MATERNITY CENTRE,OPP CIVIL HOSPITAL,9812204951,6,69,"100005,100006,100010,100012,100015,100016,100017,100020,100023",2019-03-05 10:16:44,28.05429,76.09732,PMJAY
HOSP6P09739,609739,Daycare Centre,P,P D MEMORIAL CHAUHAN EYE AND MATERNITY HOSPITAL ,126/5 urban estate kurukshetra ,9416654844,6,68,100013,2019-01-25 11:34:54,29.97471,76.8807,PMJAY
HOSP6P09969,609969,Hospital,P,OSCAR SUPER SPECIALITY HOSPITAL AND TRAUMA CENTRE,"CIVIL ROAD OPP CIVIL HOSPITAL JHAJJAR 124103,CIVIL ROAD OPP CIVIL HOSPITAL JHAJJAR 124103",7876859200,6,64,"100002,100005,100006,100012,100015,100020,100023",2018-12-03 11:22:14,28.606997,76.6455950000001,PMJAY
HOSP6P10725,610725,Daycare Centre,P,GANGA DEVI PANDEY EYE HOSPITAL,"LEO CHOWK, KONSIWAS ROAD, NEAR BMG MALL REWARI,OLD NARNAUL ROAD",8295069811,6,72,100013,2018-09-19 16:12:00,28.193933,76.623491,PMJAY
HOSP6P10791,610791,Daycare Centre,P,Bhatnagar Eye Care Centre,"Bhatnagar Eye Care Centre,52 Jarnaily Colony, Opp. Civil Hospital, Karnal",9728551710,6,67,100013,2018-09-19 16:13:05,29.69673,76.99307,PMJAY
HOSP6P12362,612362,Hospital,P,New Apna hospital  house number 163& red road kkr,"NEW APNA HOSPITAL ,PARAS ROAD, KURUKSHETRA, HARYANA ",9354666333,6,68,100006,2019-04-05 11:40:51,29.971423,76.843185,PMJAY
HOSP6G12570,612570,Hospital,G,CHC Badli,"Badli,",9212721086,6,64,"100004,100010,100012,100014,100026",2018-12-27 17:23:33,28.58,76.81,PMJAY
HOSP6G12810,612810,Hospital,G,chc dubaldhan,"CHC Dubaldhan,",8958327445,6,64,"100004,100005,100010,100017,100026",2018-12-27 17:21:53,28.688927,76.48114,PMJAY
HOSP6P13464,613464,Daycare Centre,P,MUSKAAN DENTALS,"H no 449 Main Market Opposite Community Centre Sector 14,NEAR UNION BANK",9891127779,6,62,100014,2026-05-01 12:33:42,28.476372,77.045570,PMJAY
HOSP6P13478,613478,Daycare Centre,P,MUSKAAN DENTALS,"H NO 167P FIRST FLOOR SECTOR 56,NEAR KENDRIYA VIHAR",9891127779,6,62,100014,2026-04-07 12:34:45,28.425902,77.094686,PMJAY
HOSP6P16055,616055,Hospital,P,Gupta Hospital,"Gupta Hospital,Sector-14,Opposite new grain market, Hisar,",9560428092,6,63,100005,2018-10-09 11:59:37,29.173979,75.713443,PMJAY
HOSP6P16486,616486,Hospital,P,Shanti Hospital And Research Centre,"Nizampur Road ,Near Hero Honda Chowk",9416065786,6,69,"100005,100006,100010,100012,100013,100015,100016,100017,100023",2018-12-28 10:01:53,28.054787,76.1030840000001,PMJAY
HOSP6P19599,619599,Hospital,P,SARASWATI EYE CARE CENTRE,"66/6, GANDHI NAGAR,",8199920054,6,65,100013,2018-10-09 12:03:40,29.313992,76.325269,PMJAY
HOSP6P21434,621434,Hospital,P,AASTHA HOSPITAL,"84/6, GANDHI NAGAR,,RAJWAHA ROAD,",9992029988,6,65,"100005,100010,100013,100017",2019-09-13 21:27:01,29.314538885437912,76.32547798415635,PMJAY
HOSP6P23411,623411,Hospital,P,SHRI SAI HOSPITAL,"Shri Sai hospital,New Sohna road",9671063262,6,619,"100006,100012,100015,100023",2019-12-20 10:49:36,28.136391506022193,77.32094365750504,PMJAY
HOSP6P24652,624652,Hospital,P,KANSAL.HOSPITAL,"MITC Colony Gali No 1 , Kaithal",8199039945,6,66,"100006,100012,100023",2020-10-06 15:53:21,29.48049,76.24576,PMJAY
HOSP6P25666,625666,Hospital,P,Pushpanjali Hospital,"plot no.1 rajesh pilot chowk rewari,plot no.1 rajesh pilot chowk rewari, PUSHPANJALI HOSPITAL",9671456664,6,72,"100002,100005,100006,100010,100011,100012,100013,100015,100016,100017,100020,100023",2019-04-05 11:41:32,28.179697,76.624322,PMJAY
HOSP6P31021,631021,Hospital,P,Vivek Eye Hospital ,"Surkhab Chowk,near jhunthra dharmshala",9812750825,6,74,100013,2019-08-02 12:29:34,29.531941,75.034739,PMJAY
HOSP6P34756,634756,Hospital,P,Golden Hospital,"GOLDEN HOSPITAL,SOHNA ROAD",9962050483,6,619,"100005,100006,100012,100015,100020",2024-07-12 15:13:31,28.1396,77.32376,PMJAY
HOSP6P35160,635160,Hospital,P,ARPANA HOSPITAL,"Arpana Hospital, Madhuban",9818049120,6,67,,2018-11-05 14:27:04,29.60637,76.9775,PMJAY
HOSP6P37421,637421,Hospital,P,SPS HOSPITAL,"Dabwali Road,Near Sangwan Chowk, Sirsa,",9893930979,6,74,"100002,100005,100006,100010,100011,100012,100015,100016,100017,100020,100023",2019-07-19 15:32:39,29.540000,75.030000,PMJAY
HOSP6P37982,637982,Hospital,P,PRP Hospital Kidney Centre & Blood Bank,"OPP CIVIL HOSPITAL,KARNAL,",9416030301,6,67,100005,2019-04-05 11:39:11,29.695816,76.992559,PMJAY
HOSP6P58489,658489,Medical College Hospital,P,SGT MEDICAL COLLEGE HOSPITAL AND RESEARCH INSTITUTE,"HANSI GATE,Village Budhera",8527090295,6,59,"100001,100002,100005,100006,100010,100011,100012,100013,100014,100015,100016,100017,100019,100020",2018-12-03 11:59:22,28.797557,76.1328310000001,PMJAY
HOSP6P66754,666754,Hospital,P,ABHISHEK MEMORIAL HOSPITAL,"BARODA ROAD, GOHANA, HARYANA 131301, LAXMI NAGAR,LAXMI NAGAR",9728865055,6,75,"100002,100005,100012,100017",2019-03-05 09:51:08,29.137264,76.695879,PMJAY
HOSP6P70276,670276,Hospital,P,VIKRAM HOSPITAL ,"H.NO 7 , RAM NAGAR , GOBIND PURI , NEAR KANHIYA CHOWK,",8607561066,6,76,"100010,100017",2023-08-10 16:02:18,30.14257019308775,77.2856939808637,PMJAY
HOSP6P70994,670994,Hospital,P,GOBIND NURSING HOME,"h.no 120, opp jat college, het ram park",9896100112,6,63,"100012,100013",2019-09-12 10:13:06,29.15011,75.72519,PMJAY
HOSP6P72294,672294,Hospital,P,HOODA HOSPITAL,"Hooda Hospital, 520/15 ,Gohana Adda ,HOODA HOSPITAL GOHANA ADDA ",9812078211,6,73,"100010,100017",2024-07-25 14:42:00,28.901667129069565,76.58295065891002,PMJAY
HOSP6G74495,674495,Hospital,G,COMMUNITY HEALTH CENTRE UJHANA,COMMUNITY HEALTH CENTRE UJHANA,9416152999,6,65,"100004,100005,100012,100014,100026",2019-01-25 11:08:45,29.715575,76.126107,PMJAY
HOSP6P74529,674529,Hospital,P,Hospital cardiology cath lab,"45 RANDHIR LANE NEAR DYAL SINGH COLLEGE KARNAL,",9896913164,6,67,"100006,100011,100012,100015,100019,100020",2019-04-30 10:06:57,29.707726901412045,77.00034721458167,PMJAY
HOSP6G77493,677493,Hospital,G,CHC RAJOUND,"COMMUNITY HEALTH CENTER RAJOUND/KAITHAL ROAD,KAITHAL ROAD",9466677060,6,66,"100004,100005,100012,100026",2019-01-25 11:04:27,29.576109,76.482491,PMJAY
HOSP6G78625,678625,Hospital,G,CHC Julana,"chc julana,",9991520620,6,65,"100004,100005,100012,100014,100026",2019-01-25 11:09:21,29.1218500000001,76.3983000000001,PMJAY
HOSP6G79358,679358,Hospital,G,CHC Kairu,"Village Kairu,Vpo kairu",8607771500,6,59,"100004,100005,100012,100014,100017,100026",2019-01-25 11:19:05,28.6989130000001,75.8777590000001,PMJAY
HOSP6P81275,681275,Hospital,P,PRADHAN  MEDICARE CENTRE,"22 MC COLONY LOHARU ROAD CHARKHI DADRI,",9416240016,6,701,"100004,100005,100006,100015,100016,100023",2019-08-02 12:36:29,28.592879,76.246689,PMJAY
HOSP6G82637,682637,Hospital,G,UHC Sec 25,HUDA SECTOR-25,9034515665,6,71,"100001,100004,100005,100006,100009,100010,100012,100013,100014,100015,100016,100017,100019,100020,100026",2019-03-05 09:56:30,29.3741047,76.980008,PMJAY
HOSP6P82681,682681,Hospital,P,A R MITTAL HOSPITAL,"GOHANA ROAD KRISHANPURA,PANIPAT",9215149890,6,71,"100005,100006,100012,100015,100016,100023",2019-08-02 12:33:29,29.3796980000001,76.9679290000001,PMJAY
HOSP6P83105,683105,Hospital,P,BANSAL EYE HOSPITAL,"121 CIVIL LINES MIXI CHOWK NEAR KALKA CHOWK AMBALA,AMBALA CITY",9896219069,6,58,100013,2026-05-30 11:45:26,30.381532,76.784198,PMJAY
HOSP6P86211,686211,Hospital,P,Savitri Devi Eye Hospital,"Near Rao Tula ram Chowk,",9499364955,6,69,100013,2023-02-28 12:10:04,28.2733020000001,76.1413700000001,PMJAY
HOSP6P86730,686730,Hospital,P,TIRUPATI KIDNEY AND LASER HOSPITAL,"OPPOSITE SURAJ CINEMA COMPLEX,DABWALI ROAD",8295854304,6,74,100023,2019-06-10 16:36:16,29.542338373595513,75.02923967663992,PMJAY
HOSP6P87139,687139,Daycare Centre,P,Bansal Eye Care Hospital,"BANSAL EYE CARE HOSPITAL,GAU SHALA ROAD MAHENDERGARH",9560544671,6,69,100013,2019-04-30 10:06:21,28.273620065513967,76.1525773648749,PMJAY
HOSP6P90734,690734,Hospital,P,MALHOTRA MOTHER AND CHILD HOSPITAL,"656 - R Pruthi Chowk Model Town, Panipat Haryana -132103,656 - R Pruthi chowk Model Town, Panipat Haryana -132103",9996007312,6,71,"100005,100006,100010,100012,100015,100017",2019-12-20 10:53:48,29.383371,76.958503,PMJAY
HOSP6P91145,691145,Hospital,P,DISHA CHILDREN HOSPITAL AND DENTAL CARE CENTER,"285-R, OLD GAS GODOWN ROAD, NEAR BAL VIKAS SCHOOL, MODEL TOWN, PANIPAT,285-R,OLD GAS GODOWAN ROAD,NEAR BAL VIKAS SCHOOL,MODEL TOWN,PANIPAT",8396868556,6,71,"100006,100010,100012,100017,100018",2019-10-31 17:31:50,29.389410,76.952766,PMJAY
HOSP6P92328,692328,Hospital,P,AYUSHMAN BHAV HEALTH INSTITUTE ,"g t road near police lines sewah panipat,sewah",9896183860,6,71,"100005,100006,100012,100015",2019-07-19 15:26:58,29.336878,76.97874,PMJAY
HOSP6P92417,692417,Hospital,P,L J EYE INSTITUTE,"251,251 model town",9050374555,6,58,100013,2026-05-09 13:38:51,30.361885,76.793535,PMJAY
HOSP6P93392,693392,Hospital,P,Sharda Hospital,"Gurudwara road,model town,hisar,",8059606617,6,63,"100006,100012",2020-10-06 15:42:10,29.134650937179345,75.74421338353585,PMJAY
HOSP6P98291,698291,Hospital,P,MAHATMA GANDHI INSTITUTE OF MEDICAL SCIENCES,"ITI CHOWK HISAR,TOSHAM ROAD",8708799596,6,63,,2019-09-06 10:42:53,29.1291830000001,75.741744,PMJAY
HOSP6P98504,698504,Hospital,P,Kaddam Multispeciality Hospital,"Mini Bypass,Bank Colony",8950721119,6,59,"100002,100004,100005,100006,100011,100012,100015,100016,100017,100023",2019-12-20 11:13:17,28.795011,76.157674,PMJAY
HOSP6P98941,698941,Hospital,P,Dev eye care,"10A NARAIN SINGH PARK,Narayan sinigh park , assandh road ",8708553117,6,71,100013,2019-07-19 15:26:15,29.395064291577704,76.95847310223347,PMJAY
HOSP6P99467,699467,Hospital,P,GURU FAQIR SAHAJ JAIN CHARITABLE TRUST,"JAIN GALI,JAIN GALI NEAR CHANDIGARH ROAD",9812433809,6,61,"100005,100006,100012,100013,100017",2023-02-28 12:17:38,29.718651,75.905835,PMJAY
HOSP6P99968,699968,Hospital,P,RAVINDRA NEONATAL HOSPITAL PVT LTD,"43W MODEL TOWN DELHI ROAD,OPP PUSHPA COMPLEX",9812035536,6,63,"100010,100017",2019-11-07 16:39:58,29.136088,75.742192,PMJAY
HOSP7P07825,707825,Hospital,P,Sonia hospital ( A unit of altius healthcare private limited),"1 Gulshan Park main rohtak road,Nangloi,Delhi,",8750060740,7,85,"100002,100005,100006,100008,100010,100011,100012,100013,100015,100016,100017,100020,100022,100023",2026-05-12 21:16:38,28.680000,77.050000,PMJAY
HOSP7P07850,707850,Hospital,P,Dr. Kapurs The Healing Touch Eye & Maternity Centre,"D-8, Vikas Puri",9599404000,7,84,100013,2021-03-17 11:15:19,28.640250,77.066270,PMJAY
HOSP7P08039,708039,Hospital,P,Dr. Shroffs Charity Eye Hospital,"5027, Kedarnath Road, Daryaganj,",9871489515,7,77,100013,2026-06-19 15:37:03,28.645868,77.241996,PMJAY
HOSP9P00399,900399,Hospital,P,MAXWELL SUPER MULTI SPECIALITY HOSPITAL PVT LTD,"DAFI BYPASS NEAR TOLL PLAZA,N H 2 VARANASI",7897991777,9,187,"100001,100002,100005,100006,100008,100011,100012,100013,100014,100015,100016,100017,100018,100019,100023",2026-05-30 15:29:18,25.247563030032637,82.9934496295341,PMJAY
HOSP9P00501,900501,Daycare Centre,P,Lucknow Eye Hospital Perfect Vision Clinic Pvt Ltd,"82/031, Guru Govind Singh Marg Lalkuan Lucknow,",9839018451,9,162,100013,2018-09-25 12:58:36,26.837907,80.9278253,PMJAY
HOSP9P00502,900502,Medical College Hospital,P,G S MEDICAL COLLEGE AND HOSPITAL,"PIPLABANDPUR ,PILKHUWA NH9 DELHI ROAD HAPUR",7055514536,9,661,"100002,100003,100005,100006,100008,100010,100011,100012,100013,100014,100015,100016,100017,100021,100022,100023",2018-08-27 19:56:39,28.7161580000001,77.6788760000001,PMJAY
HOSP9P00646,900646,Hospital,P,HOLY CITY HOSPITAL AND TRAUMA CENTRE,"SA -6/186 - E1 SRINAGAR COLONY AKTHA PAHARIYA VARANASI,",7668171031,9,187,"100005,100006,100012,100015,100016,100023",2018-10-09 13:07:14,25.358051,83.007112,PMJAY
HOSP9P00773,900773,Hospital,P,Baraut Medicity Hospital,"Baraut Medicity Hospital,Kotana Road",9412206497,9,124,,2018-09-06 12:16:17,29.105083,77.159534,PMJAY
HOSP9P00844,900844,Hospital,P,ROHILKHAND MEDICAL COLLEGE AND HOSPITAL,"OPP SURESH SHARMA NAGAR,",8171790347,9,130,"100001,100002,100004,100005,100006,100007,100008,100010,100011,100012,100013,100014,100015,100016,100017,100018,100019,100020,100021,100022,100023,100026",2026-06-18 14:19:39,28.380279,79.462157,PMJAY
HOSP9P00852,900852,Hospital,P,CREST HOSPITAL,"PREM NAGAR,KANTH ROAD,MORADABAD",9837371754,9,171,"100005,100006,100008,100010,100011,100012,100015,100016,100022,100023",2018-08-23 19:53:19,28.8817105,78.7379773,PMJAY
HOSP9P00859,900859,Hospital,P,JIVANJYOTI HOSPITAL AND FRACTURE CENTRE ,"Indira Mill Chauraha ,Bhadohi,INDIRAMILL CHAURAHA CHAURI ROAD",9415336626,9,179,"100005,100006,100011,100015,100020,100023",2018-09-21 13:55:44,25.383797,82.5897931,PMJAY
HOSP9P00860,900860,Hospital,P,ANKERITE PUSHPA SRIRAM HOSPITAL,"ANKERITE PUSHPA SRIRAM HOSPITAL CRPF CHOURAHA MATI ROAD LUCKNOW,",8400700188,9,162,,2018-10-10 20:04:31,26.727887612572445,80.90206801236775,PMJAY
HOSP9P00882,900882,Hospital,P,LUCKNOW SURGICAL HOSPITAL ,"Kanpur Road,Banthra,",9936351264,9,162,"100005,100006,100012",2018-09-25 12:51:27,26.725530,80.893450,PMJAY
HOSP9P00884,900884,Hospital,P,DR BHASKAR MALL MEMORIAL HOSPITAL,"Chatra Sangh Crossing,,",7007733660,9,148,"100005,100006,100011,100013,100014,100015,100016,100019,100020,100023",2018-10-09 19:05:46,26.745316,83.380096,PMJAY
HOSP9P00891,900891,Hospital,P,SHAMBHAVI HOSPITAL,"Park Road , Civil Lines 1,",9415246039,9,148,"100002,100005,100006,100012,100015,100018,100023",2018-09-11 15:23:26,26.7549373,83.3790411,PMJAY
HOSP9P00934,900934,Hospital,P,Siddh Multispeciality Hospital,"Harthala Industrial Estate Kanth Road,",9412235166,9,171,"100002,100005,100006,100010,100011,100012,100013,100014,100015,100016,100017,100018,100019,100020,100023",2026-05-29 14:13:06,28.877876,78.739908,PMJAY
HOSP9P00935,900935,Hospital,P,CHANDNI HOSPITAL PVT LTD,"9/60 ARYA NAGAR,",9336105274,9,157,"100001,100002,100004,100005,100006,100008,100010,100011,100012,100013,100014,100015,100016,100017,100018,100019,100020,100022,100023,100026,100027",2018-09-10 17:33:01,26.483095,80.322028,PMJAY
HOSP9P00988,900988,Hospital,P,Sunayan Eye Hospital,"Near Thana Prem Nagar,",9837153306,9,130,100013,2018-08-23 19:09:00,28.369983,79.424633,PMJAY
HOSP9P00997,900997,Hospital,P,SUN EYE HOSPITAL AND LASER CENTRE PRIVATE LIMITED,"57-B,Singar Nagar,Alambagh,Lucknow,U.P.-226005,",9415027888,9,162,100013,2018-09-25 12:56:16,26.8069120000001,80.8959740000001,PMJAY
HOSP9P01015,901015,Hospital,P,GLOBUS HOSPITAL A UNIT OF HOSPITAL INFOTECH PVT LTD,"117/N/33,AVON MARKET KAKADEV KANPUR NAGAR,117/N/33,AVON MARKET KAKADEV KANPUR NAGAR",8604297231,9,157,100015,2026-04-22 14:53:53,26.475986,80.294284,PMJAY
HOSP9P01022,901022,Hospital,P,LIFELINE SUPERSPECIALITY HOSPITAL AND HEART CENTRE,"Kanpur Road Jhansi,Bundelkhan University ",9415030615,9,153,"100002,100003,100005,100006,100007,100011,100012,100015,100016,100023",2019-01-08 19:12:02,25.456517,78.611251,PMJAY
HOSP9P01026,901026,Hospital,P,Shaheed Bhagat Singh Eye Hospital,"Bannuwal Nagar, Opposite Silver Estate, Pilibhit Bypass Road, Bareilly,",9258035248,9,130,100013,2019-03-08 18:02:40,28.391611,79.4549012,PMJAY
HOSP9P01038,901038,Hospital,P,SHAKUNTALA HOSPITAL,"3B, TASHKAND MARG, CIVILLINE, PRAYAGRAJ,",9839970922,9,120,"100002,100005,100006,100012,100015",2026-05-22 14:45:42,25.4538680000001,81.8430890000001,PMJAY
HOSP9P01048,901048,Hospital,P,Sri Sai Hospital,"Near Locoshed Bridge Delhi Road Moradabad,",9359702122,9,171,"100002,100004,100005,100006,100010,100011,100012,100015,100017,100018,100020,100023",2026-05-28 14:23:56,28.840157,78.752975,PMJAY
HOSP9P01069,901069,Hospital,P,Anuska Netra Clinic,"KASBA KOIRI SHADIABAD GHAZIPUR UP ,",9452871130,9,146,100013,2019-01-30 18:44:11,25.674317679129317,83.37521133500394,PMJAY
HOSP9P01071,901071,Daycare Centre,P,prakash eye hospital and laser centre,"10 GARDEN HOUSE COLONY,10 GARDEN HOUSE COLONY AT JANTA NAGAR NEAR NAI SARAK GARH ROAD MEERUT",9411618093,9,169,100013,2026-05-28 12:58:44,28.966279,77.731254,PMJAY
HOSP9P01085,901085,Hospital,P,Fortune Hospital,"117/Q/40-A , FORTUNE HOSPITAL , SHARDA NAHAR,",9889422111,9,157,"100002,100003,100005,100006,100008,100009,100010,100011,100012,100013,100014,100015,100016,100017,100018,100019,100020,100021,100022,100023,100027",2026-06-15 21:29:23,26.488014,80.289147,PMJAY
HOSP9P01094,901094,Hospital,P,ALLIANCE HOSPITAL,"C-20/1-73, RAMAKANT NAGAR COLONY, SIGRA VARANASI,",9415359544,9,187,"100005,100006,100010,100012,100015,100023",2021-08-17 14:12:45,25.31915660239744,82.99646563368174,PMJAY
HOSP9P01130,901130,Hospital,P,RAHI MEDICAL CENTER PVT LTD,"79 New Mig Barra 2 Kanpur,BARRA 2",9935575000,9,157,,2026-06-08 16:40:37,26.432742000777466,80.30449899997393,PMJAY
HOSP9P01139,901139,Hospital,P,APUS NOVA MULTI SPECIALITY HOSPITAL AND TRAUMA CENTRE A UNIT OF SARANYA HEALTH SERVICES PVT LTD,"C-6, Sec-1Raksha Puram, Mawana Roadmeerutu.P,MAWANA ROAD ",9927710044,9,169,"100001,100002,100005,100006,100011,100012,100013,100015,100016,100017,100019,100023,100026",2018-09-25 13:19:51,29.010642,77.750123,PMJAY
HOSP9P01158,901158,Hospital,P,MAHARAJGANJ HOSPITAL,CHHATRAPATI SAHU JI MAHARAJ NAGAR MAHARAJGANJ,9415855323,9,164,"100006,100014,100015",2018-09-26 19:56:38,27.1453291,83.5467198,PMJAY
HOSP9P01162,901162,Hospital,P,Narayan Swaroop Hospital,"40A NEEMSARAI MUNDERA DHOOMANGANJ PRAYAGRAJ U.P.,",9336304050,9,120,"100001,100002,100004,100005,100006,100008,100010,100011,100012,100013,100015,100016,100017,100019,100020,100022,100023,100026",2026-04-27 18:16:41,25.449794,81.764402,PMJAY
HOSP9P01199,901199,Hospital,P,Patel Hospital,"NH27, Bhujaini, Sant kabeer Nagar,",9935119795,9,178,"100005,100006,100012,100023",2018-12-09 08:42:04,26.788325,82.960032,PMJAY
HOSP9P01204,901204,Hospital,P,Upchar Hospital And Research Centre ,"Upchar Hospital Infront Of Bundelkhand University, Kaimasan Nagar, Kanpur Road, Jhansi,",9415030183,9,153,"100005,100006,100012,100015,100020",2018-11-18 21:16:54,25.456440,78.599135,PMJAY
HOSP9P01267,901267,Hospital,P,ROYAL MATERNITY AND NURSING HOME,"N 6/20 A-5 Chitaipur, Bhu Road, Varanasi,Up,",9415352515,9,187,"100005,100006,100012,100015,100016,100023",2018-10-25 20:19:08,25.271168,82.968059,PMJAY
HOSP9P01275,901275,Hospital,P,RAMKRISHNA SEWASHRAM HOSPITAL ,"ramkrishna sewashram hospital ,near ojhla pool vindhyachal road,VINDHYACHAL ROAD ",8787095718,9,170,"100005,100006,100012,100013,100014,100015,100016,100020,100023",2022-06-10 10:45:45,25.152045,82.530837,PMJAY
HOSP9P01284,901284,Hospital,P,Rana Hospital,", , BULANDSHAHR, UTTAR PRADESH,bhoor",7534004040,9,134,"100005,100006,100012,100015,100020",2018-08-29 20:12:19,28.414644123145592,77.83182097230349,PMJAY
HOSP9P01285,901285,Hospital,P,K K Hospital,"87/88 Nabiullah Road River Bank Colony Lucknow,",9794679000,9,162,"100002,100005,100006,100008,100010,100011,100012,100015,100020,100022,100023",2026-04-17 11:06:38,26.864517,80.923380,PMJAY
HOSP9P01378,901378,Hospital,P,APEX HOSPITAL,"Apex Hospital,  Opposite Hotel Park Square  Near Majholi Chauraha Moradabad244001,",9997055553,9,171,"100002,100004,100005,100006,100010,100011,100012,100014,100015,100017,100020,100023",2018-10-08 23:22:09,28.833539,78.745497,PMJAY
HOSP9P01398,901398,Hospital,P,DIVYANSHI FRACTURE AND MATERNITY HOSPITAL PVT LTD ,"RAM NAGAR ROAD, NEAR SBI BANK, FRIENDS COLONY ETAWAH UTTAR PRADESH,",9411991779,9,139,,2018-09-25 18:11:30,26.789103,79.027661,PMJAY
HOSP9P01410,901410,Hospital,P,SURYA HOSPITAL SURGICAL AND MATERNITY CENTRE ,"580 C SAFIPUR 1ST RAMADEVI CHAURAHA KANPUR,",8601172021,9,157,"100004,100005,100006,100012,100015,100016,100017,100026",2018-10-07 22:09:50,26.411743882027793,80.38690110556172,PMJAY
HOSP9P01446,901446,Hospital,P,SPARSH HOSPITAL,"BHUJAINI,DANDWA CHAURAHA",9793140672,9,178,"100005,100006,100012,100013,100023",2018-10-20 00:00:00,26.775128,82.960804,PMJAY
HOSP9P01448,901448,Hospital,P,Kashi Netralaya,"27-A, Bhuvneshwar Nagar Colony, Orderly Bazar, Varanasi,",9695400610,9,187,100013,2018-10-23 17:49:20,25.350615,82.978357,PMJAY
HOSP9P01458,901458,Hospital,P,RSD SAMARPAN HOSPITAL,"1056,GOYALA JAINABAD DEWA ROAD CHINHAT LUCKNOW",9473666888,9,162,,2018-09-18 14:39:56,26.9245858,81.0614366,PMJAY
HOSP9P01472,901472,Medical College Hospital,P,TMHRC MORADABAD,"Bagarpur Delhi Road, Pakbara Moradabad,",9410613183,9,171,"100001,100002,100003,100005,100006,100009,100010,100011,100012,100013,100014,100015,100016,100017,100019,100020,100023",2026-05-30 18:29:22,28.834529,78.742678,PMJAY
HOSP9P01474,901474,Hospital,P,RAJDHANI HOSPITAL,"09 a amrapalli ,near railway line rbl road telibagh",9415162686,9,162,"100001,100002,100004,100005,100006,100008,100011,100012,100013,100014,100015,100016,100020,100022,100023,100026",2019-03-08 17:58:14,26.773683,80.943261,PMJAY
HOSP9P01479,901479,Hospital,P,SADBHAVANA NURSING HOME,"AASHIYANA,KANTH ROAD",8126414245,9,171,,2018-10-08 23:19:23,28.877410909189976,78.74329083675082,PMJAY
HOSP9P01481,901481,Medical College Hospital,P,DR. KNS MEMORIAL INSTITUTE OF MEDICAL SCIENCES,"FAIZABAD ROAD,GADIA,BARABANKI",8601872205,9,129,"100004,100005,100006,100010,100012,100013,100015,100016,100020,100023",2018-09-06 17:01:32,26.909608,81.1417797,PMJAY
HOSP9P01493,901493,Hospital,P,NIDHI EYE AND MULTISPECIALITY HOSPITAL,"Janta Colony, Shahganj,",9458558886,9,118,100013,2018-10-11 19:20:38,27.1804565,77.9786939,PMJAY
HOSP9P01496,901496,Hospital,P,Ganga Amrit Multi Specialty Hospital,"GANGA AMRIT MULTISPECIALTY HOSPITAL,DELHI SAHARNPUR ROAD SHAMLI",9992927777,9,660,"100002,100003,100004,100005,100006,100011,100012,100015,100023,100026",2018-09-11 12:28:38,29.446607,77.302282,PMJAY
HOSP9P01506,901506,Hospital,P,JAMUNA SEWA SADAN AND RESEACH CENTRE,"S-15/47,PANCHKOSHI ROAD, SHIVPUR",9415204376,9,187,"100005,100006,100011,100012,100013,100015,100023",2026-06-15 16:57:21,25.358718,82.952907,PMJAY
HOSP9P01507,901507,Hospital,P,Sharda Multispeciality  hospital and trauma center,"Mau Road, Tiwaripur, Sidhari, Azamgarh,",9415621147,9,123,,2018-09-06 12:30:01,26.0467124,83.1970857,PMJAY
HOSP9P01540,901540,Hospital,P,Shiv surgical nursing home pvt ltd,"Akatha Tiraha, Paharia, Ghazipur Road,",9415202299,9,187,"100004,100005,100006,100011,100012,100015,100020,100023,100026",2018-09-15 12:02:53,25.3589303,83.0135475,PMJAY
HOSP9P01548,901548,Hospital,P,KOPAL HOSPITAL,"PILIBHIT BYE PASS ROAD SURESH SHARMA NAGAR,PILIBHIT BYE PASS ROAD SURESH SHARMA NAGAR",9412290068,9,130,"100005,100006,100012,100014,100015,100016,100017,100023",2018-09-13 19:11:26,28.380800,79.454428,PMJAY
HOSP9P01552,901552,Hospital,P,Hanuman Prasad Poddar Cancer Hospital And Research Institute,"Gita Vatika,Shahpur, Gitavatika",9919100146,9,148,"100004,100005,100008,100011,100012,100015,100019,100021,100022,100026",2018-09-20 23:06:23,26.771410,83.386495,PMJAY
HOSP9P01601,901601,Hospital,P,RAMA DEVI MEDICAL CENTRE PRIVATE LIMITED,"205,G.T ROAD, SAFIPUR, RAMADEVI,",9453501804,9,157,"100001,100002,100005,100006,100008,100009,100010,100011,100012,100013,100014,100015,100017,100018,100019,100020,100023",2026-06-25 17:29:12,26.414135,80.388969,PMJAY
HOSP9P01616,901616,Hospital,P,DEV NANDINI HOSPITAL ,"NEAR RAILWAY CROSSING GARH ROAD HAPUR,GARH ROAD HAPUR",9837021364,9,661,"100005,100006,100012,100013,100015,100016,100017,100023",2019-03-18 22:20:47,28.728729,77.7921630000001,PMJAY
HOSP9P01632,901632,Hospital,P,ADARSH HOSPITAL A UNIT OF ADARSHCURE MEDICITY PRIVATE LIMITED,N 8/243 E-D  nevada sunderpur,7903029160,9,187,"100002,100005,100006,100008,100011,100012,100015,100016,100019,100022,100023",2018-10-14 22:15:23,25.3080893,82.9868585,PMJAY
HOSP9P01634,901634,Hospital,P,SEVARTH SANSTHAN TRAUMA AND PHYSIOTHERAPY DHARMARTH SAMITI ,"NH-2 AGRA ROAD,",9837034050,9,143,"100002,100005,100006,100011,100012,100013,100015,100016,100023",2018-08-29 20:02:13,27.159872,78.384859,PMJAY
HOSP9P01641,901641,Hospital,P,MAHENDRA GAYATRI HOSPITAL,"MAHENDRA GAYATRI HOSPITAL,IZZATNAGAR ",9412293473,9,130,"100001,100005,100006,100010,100011,100012,100013,100014,100015,100016,100017,100018,100020,100023",2018-09-15 14:47:45,28.378643,79.402283,PMJAY
HOSP9P01656,901656,Hospital,P,SHRI KRISHNA MISSION HOSPITAL,DHORIKA ROAD BARGADWA BADEBAN ,8005070397,9,131,,2018-09-06 13:05:27,26.8128847,82.7195067,PMJAY
HOSP9P01680,901680,Hospital,P,Charak Hospital And Research Centre,"Hardoi Road, Dubagga,",7408001800,9,162,"100002,100003,100006,100007,100011,100012,100013,100014,100015,100016,100018,100019,100020,100021,100023,100028",2018-10-10 19:46:34,26.872623,80.871304,PMJAY
HOSP9P01684,901684,Hospital,P,Bhaskar Hospital Multi Speciality Trauma Center,"BHASKAR HOSPITAL,NAINITAL MINI BY PASS ROAD",9837049765,9,130,"100001,100004,100005,100006,100011,100012,100015,100020,100023,100026",2018-09-13 19:03:46,28.388175,79.407961,PMJAY
HOSP9P01688,901688,Hospital,P,CHIRANJEEV MEDICAL CENTRE,"Chiranjeev Medical Centre Kanpur Road,",9839777166,9,153,"100005,100006,100011,100012,100015,100017,100020,100023",2018-09-15 13:20:18,25.453331,78.604812,PMJAY
HOSP9P01689,901689,Hospital,P,SIS HOSPTAL AND RESEARCH CENTRE,"3-COM 1/9 AMBEDKARPURAM AWAS VIKAS NO 03 KALYANPUR KANPUR,",9336119188,9,157,"100006,100011,100012,100014,100015,100016,100020,100023",2026-05-21 14:32:41,26.484758,80.256225,PMJAY
HOSP9P01717,901717,Hospital,P,Netra Jyoti Centre ,"Sa 15/171-D-1-5,Gautam Buddh Raj Path , Aktha tiraha Mawaiya",9918531666,9,187,100013,2019-05-07 13:13:07,25.357989,83.014356,PMJAY
HOSP9P01747,901747,Daycare Centre,P,KAILASH EYE HOSPITAL AND LASER CENTER ,"A 29 BANKE BIHARI MANDIR ROAD,RAJENDRA NAGAR ",9927883311,9,130,100013,2018-08-23 19:21:10,28.3839150000001,79.4234230000001,PMJAY
HOSP9P01758,901758,Hospital,P,SARASWATI HOSPITAL AND RESEARCH CENTRE,"233 TIWARI GANJ, CHINHAT,",9889003206,9,162,"100004,100005,100006,100011,100012,100013,100014,100015,100016,100019,100022,100023,100026",2026-07-03 11:30:03,26.8897400000001,81.0439860000001,PMJAY
HOSP9P01799,901799,Hospital,P,shyama india hospital pvt ltd,"sh-8/34,2k gilat bazar varanasi,",9451887283,9,187,"100013,100015",2018-09-07 15:50:42,25.355713,82.965427,PMJAY
HOSP9P01870,901870,Hospital,P,RSD Hospital,"Ram Ganga Vihar Phase 2 .Moradabad,",9837075443,9,171,"100004,100005,100006,100010,100012,100014,100015,100017,100023,100026",2018-08-23 20:01:23,28.872877,78.754493,PMJAY
HOSP9P01893,901893,Hospital,P,EYE Q Vision Pvt Ltd,"b-60 sec-b Aliganj Lucknow ,",9717292625,9,162,100013,2018-09-06 17:32:31,26.887021,80.940078,PMJAY
HOSP9P01897,901897,Hospital,P,EYE Q VISION PVT LTD,"171 ABOVE AXIS BANK LTD, CIVIL LINE SOUTH COURT ROAD MUZAFFARNAGAR ,171 ABOVE AXIS BANK LTD , CIVIL LINE SOUTH COURT ROAD MUZAFFARNAGAR ",6399330088,9,172,100013,2018-09-07 16:01:02,29.467183,77.7087980000001,PMJAY
HOSP9P02016,902016,Hospital,P,Purvanchal Metrocity Hospital,"H N Singh Chowk, Medical Road, Gorakhpur",9598072090,9,148,,2018-10-03 19:46:48,26.7866494,83.3841461,PMJAY
HOSP9P02089,902089,Hospital,P,Abhishek Hospital,"ward no-5, Lokmanya Tilak Nagar, Sakaldiha road chandauli",9415224892,9,135,"100004,100005,100006,100012,100015,100023",2019-01-08 18:57:30,25.272236,83.266565,PMJAY
HOSP9P02192,902192,Hospital,P,EYENOVA HOSPITAL,"5-a ekta nagar ,stadium road",9837065222,9,130,100013,2026-06-15 17:10:05,28.382925,79.433122,PMJAY
HOSP9P02219,902219,Hospital,P,Popular Medicare Limited Unit Mirzapur,"243/3, near Natwan Police Booth, Jangi Road,jangi road",9594269699,9,170,,2019-01-30 20:21:38,25.132092,82.551036,PMJAY
HOSP9P02255,902255,Hospital,P,SHUBHAM HOSPITAL,"S-8/108-F5A,M.A.ROAD, KHAJURI VARANASI,",9415990143,9,187,"100002,100003,100004,100005,100006,100010,100011,100012,100015,100017,100020,100023",2026-05-31 13:05:47,25.343927,82.988056,PMJAY
HOSP9P02271,902271,Hospital,P,ASHOKA HOSPITAL AND ORTHOPAEDIC CENTRE,"ASHOK VIHAR PATKHAULI NEAR R T O OFFICE KHALILABAD SANT KABIR NAGAR,NEAR R T O OFFICE",9580442274,9,178,100015,2018-10-07 22:57:09,26.774905,83.063060,PMJAY
HOSP9P02338,902338,Hospital,P,DRS HOSPITAL,"H1 DRS HOSPITAL ,TRANSPORT NAGAR PRAYAGRAJ",7769092762,9,120,"100005,100006,100011,100012,100023",2026-06-13 09:27:08,25.450404,81.766779,PMJAY
HOSP9P02384,902384,Hospital,P,JEEVANDEEP HOSPITAL,"kamhari ghoraval road robertsganj sonbhadra,",9453987202,9,184,,2018-10-23 17:33:25,24.694944,83.056946,PMJAY
HOSP9P02389,902389,Hospital,P,SHREE KRISHNA HOSPITAL,"D-14 Phase-2, Trans Yamuna Colony  Rambagh,",9412257292,9,118,"100001,100002,100003,100005,100006,100010,100011,100012,100015,100016,100018,100019,100020,100023",2018-09-21 17:48:05,27.2040261,78.0470946,PMJAY
HOSP9P02401,902401,Hospital,P,DIRGHAYU HOSPITAL AND SURGICAL CENTRE,"Mavaiya,  Ashapur-Paharia Road, Paharia ",9415201141,9,187,"100005,100006,100013,100015,100023",2018-11-07 13:46:18,25.02356,83.0201374,PMJAY
HOSP9P02405,902405,Hospital,P,UPADHYAY HOSPITAL,"C/O Ramdin Upadhyay 4 -c UPADHYAY HOSPITAL DAYA NAGAR shamshabad road Agra,",9897147407,9,118,"100002,100004,100005,100006,100011,100012,100015,100016,100026",2018-09-21 17:17:31,27.155128,78.0341320000001,PMJAY
HOSP9P02429,902429,Hospital,P,Shakuntala Devi Hospital Limited,"Bank Colony, G T Road,",9319005407,9,145,"100005,100006,100012,100013,100015,100023",2018-08-21 13:55:04,28.841311,77.581010,PMJAY
HOSP9P02454,902454,Hospital,P,PRECISION UROLOGY HOSPITAL,"652B/37, Pratap Nagar , Ring Road, Terhi Puliya",9427389237,9,162,"100005,100022,100023,100028",2018-11-19 12:05:46,26.9064344,80.9583305,PMJAY
HOSP9P02463,902463,Hospital,P,CL Gupta Eye Institute ,"Ram Ganga Vihar, Phase-2, Moradabad,",8937834443,9,171,100013,2026-06-05 18:23:59,28.878919,78.749362,PMJAY
HOSP9P02504,902504,Daycare Centre,P,Brahma Netralaya eye hospital,"149,avas vikas,pili kothi,moradabad,149,Avas Vikas,Pili Kothi,Moradabad",9412454711,9,171,100013,2018-08-23 20:08:06,28.845241903868498,78.76347455951259,PMJAY
HOSP9P02523,902523,Hospital,P,Purvanchal Netralaya and Retina Care Centre ,"S-5/A 10-1 , Khajuri Police Line Varanasi,Khajuri Police Line Varanasi",9935780022,9,187,100013,2026-06-15 17:27:07,25.341991,82.991543,PMJAY
HOSP9P02527,902527,Hospital,P,GARG HOSPITAL AND PATHLABS PVT LTD,"35A-1 RAMPUR GARDEN, RAMPUR GARDEN,RAMPUR GARDEN",9359956005,9,130,"100005,100016",2018-09-30 13:54:24,28.352267,79.4214020000001,PMJAY
HOSP9P02538,902538,Medical College Hospital,P,ERAS LUCKNOW MEDICAL COLLEGE AND HOSPITAL,"sarfarzganj , hardoi road",9451954436,9,162,"100001,100002,100003,100005,100006,100007,100008,100009,100010,100011,100012,100013,100014,100015,100016,100017,100018,100019,100020,100021,100022,100023,100027",2018-09-18 15:23:45,26.877218,80.8716420000001,PMJAY
HOSP9P02541,902541,Hospital,P,SHRI SIDDHI VINAYAK HOSPITAL,"112, CIVIL LINES, NEAR PRABHA TALKIES, DISTT-BAREILLY,",9997110009,9,130,"100005,100006,100011,100012,100015,100020",2018-09-30 14:15:36,28.341683,79.425649,PMJAY
HOSP9P02546,902546,Hospital,P,Care Hospital,"DR NIKUNJ GOEL SANT BHAWAN,C/O CARE HOSPITAL STADIUM ROAD",9917239996,9,130,"100002,100005,100006,100011,100012,100013,100014,100015,100016,100017,100018,100019,100020,100022,100023",2026-04-30 15:01:10,28.380000,79.440000,PMJAY
HOSP9P02587,902587,Hospital,P,Gaurav nursing home,"Near Chhaya cinema,",9415248878,9,126,"100006,100012,100015",2018-10-16 17:37:50,25.7752780000001,84.1605700000001,PMJAY
HOSP9P02596,902596,Hospital,P,Gopi Krishna Laser Stone Center,"B-1-2/F SADAF CENTER KAPOOR THALA BAGH,ALIGANJ",9935006599,9,162,,2018-09-18 11:38:31,26.883174,80.946276,PMJAY
HOSP9P02684,902684,Hospital,P,AASTHA HOSPITAL,"BUILDING NO 1 OPP IVRI MAIN GATE ,IZZATNAGAR BAREILLY",9837032267,9,130,"100005,100006,100012,100023",2018-08-23 19:19:41,28.3738112,79.4230784,PMJAY
HOSP9P02787,902787,Hospital,P,M S Memorial Netralaya,"Warsi Nagar Nirhu Ka Pura  Post Dildar Nagar,Near Railway Station",9415074672,9,146,100013,2019-07-24 16:07:56,25.499985,83.645357,PMJAY
HOSP9P02800,902800,Hospital,P,NAV JEEVAN HOSPITAL,LASAR (BHITI CHAURAHA) BARAUT HANDIA PRAYAGRAJ,9695738314,9,120,,2023-06-22 16:41:56,25.333861,82.287134,PMJAY
HOSP9P02806,902806,Daycare Centre,P,Akshi Eye Care Centre,"2/344 a Nawab Ganj (Azad Nagar ),opp. Pandit Deen Dayal Vidyalay",9415125522,9,157,100013,2018-09-26 19:21:47,26.498389,80.311902,PMJAY
HOSP9P02815,902815,Hospital,P,DR R D MEMORIAL HOSPITAL,"Ward No.3 Nehru Nagar,Near Police Line",9415452354,9,135,"100005,100006,100012,100015,100016,100023",2018-10-23 19:08:42,25.2595152,83.2398943,PMJAY
HOSP9P02852,902852,Hospital,P,AVADH HOSPITAL AND HEART CENTRE,"lucknow,KANPUR ROAD",9935599966,9,162,,2025-02-15 12:38:17,26.802314,80.895714,PMJAY
HOSP9P02880,902880,Hospital,P,SHARDA NARAYAN HOSPITAL,"SHARDA NARAYAN HOSPITAL  SAHADATPURA  MAU,SAHADATPURA",9984090345,9,168,"100002,100005,100011,100013,100015,100017,100020",2018-09-17 23:07:10,25.925528,83.566957,PMJAY
HOSP9P02882,902882,Hospital,P,GAYATRI HOSPITAL,"CHHEDI PURWA STATION ROAD,",9415165148,9,147,"100006,100012,100023",2018-09-26 19:33:28,27.174918,82.001387,PMJAY
HOSP9P02942,902942,Hospital,P,Vedanta Hospital,"Vedanta Hospital,Billariyaganj road , Lachhirampur",9415410872,9,123,"100002,100005,100006,100011,100012,100015,100020,100023",2018-09-06 12:31:52,25.987734,83.144176,PMJAY
HOSP9P03069,903069,Hospital,P,APOLLO LASER EYE HOSPITAL,"5, Avas Vikas Colony,5,Avas vikas Colony",9412235599,9,171,100013,2018-08-28 12:49:56,28.8471452,78.7629285,PMJAY
HOSP9P03086,903086,Hospital,P,park hospital,"Betiahata Hunman Mandir Road,",9336853010,9,148,"100005,100006,100012,100014,100015,100016,100019,100023",2018-08-30 11:11:38,26.740320,83.367812,PMJAY
HOSP9P03239,903239,Daycare Centre,P,shantiram netra center,"A36/26-a-6-r BHADAU CHUNGI RAJGHAT VARANASI,",9335332846,9,187,100013,2018-10-07 00:58:15,25.327364,83.030225,PMJAY
HOSP9P03328,903328,Hospital,P,Varanasi Hospital,"B.25/33-50, Jawahar Nagar Extension, Gurudham Colony,Bhelupur",9839212133,9,187,"100004,100005,100006,100023",2018-11-06 15:52:38,25.293293,82.996620,PMJAY
HOSP9P03344,903344,Clinic,P,ORTHO AND FRACTURE NURSING HOME,"1378/ ORTHO AND FRACTURE NURSING HOME,",9412860745,9,166,100015,2018-10-22 22:51:23,27.23180200000003,79.0378290000001,PMJAY
HOSP9P03345,903345,Hospital,P,GANGASHEEL ADVANCED MEDICAL RESEARCH INSTITTUTE,"C17 DEEN DAYAL PURAM BAREILLY,",9690054444,9,130,"100002,100003,100005,100006,100008,100010,100011,100012,100015,100017,100020,100023",2026-06-15 12:03:43,28.382319,79.430472,PMJAY
HOSP9P03367,903367,Hospital,P,RELIEF HOSPITAL TRAUMA AND CRITICAL CARE,"SITAPUR ROAD,Triveni Nagar",9455555777,9,162,"100004,100005,100006,100007,100010,100011,100012,100014,100015,100016,100017,100018,100020,100023,100026,100028",2018-09-25 12:40:30,26.888998,80.9341111,PMJAY
HOSP9P03389,903389,Hospital,P,Dr Ragini Agarwal Nursing Home,"IN FRONT OF NEW TEHSIL,Court Road Mainpuri",9837001759,9,166,100015,2024-02-06 15:37:57,27.228499,79.024952,PMJAY
HOSP9P03417,903417,Medical College Hospital,P,INTEGRAL HOSPITAL,"Integral Hospital, Integral University, Dasauli, Kursi Road, Lcuknow",9897246810,9,162,"100001,100002,100003,100004,100005,100006,100010,100011,100012,100013,100014,100015,100016,100017,100018,100019,100020,100023,100026",2018-11-06 14:18:14,26.9580019,81.0026823,PMJAY
HOSP9P03419,903419,Hospital,P,GLOBAL SHANTI CARE HOSPITAL,"Kairana  Road Shamli,",9917202020,9,660,"100005,100006,100012,100016,100023",2018-09-11 15:17:09,29.440483,77.294343,PMJAY
HOSP9P03422,903422,Hospital,P,RAMANUUJ HOSPITAL,"158,NEAR AGARWAL HEIGHTS, KDP GOL CHAKKAR , RAJ NAGAR EXT GHAZIBAD",9705730155,9,145,"100005,100006,100012,100015,100023",2021-05-06 15:07:00,28.701528,77.424245,PMJAY
HOSP9P03471,903471,Hospital,P,MANAS HOSPITAL SHARMA MEDICAL CENTRE PVT LTD,"MANAS HOSPITAL , A 93,SECTOR 34 NOIDA, GAUTAM BUDDHA NAGAR, UTTAR PRADESH",8377823090,9,144,"100005,100006,100012,100015,100020",2021-03-17 11:15:19,28.582918,77.358273,PMJAY
HOSP9P03505,903505,Hospital,P,SANTOSH HOSPITAL,"Shastri Nagar Hapur Road Ward No 12 Meerut Urban,hapur road meerut",9810339099,9,169,"100002,100005,100006,100011,100012,100015,100020",2025-04-30 11:54:20.400633,28.950000,77.720000,PMJAY
HOSP9P03537,903537,Medical College Hospital,P,Heritage Institute of Medical Sciences,"NH-2 GT ROAD BYPASS BHADWAR VARANASI,",9919190000,9,187,"100001,100002,100003,100005,100006,100007,100010,100011,100012,100013,100014,100015,100016,100017,100019,100020,100022,100023",2026-07-23 16:40:26,25.255472,82.912120,PMJAY
HOSP9P03582,903582,Hospital,P,SHIVANI HOSPITAL MAINPURI,"Mainpuri,coart road mainpuri",9897729977,9,166,,2018-09-25 13:22:15,27.23,79.04,PMJAY
HOSP9P03601,903601,Hospital,P,sakshi charitable hospital,"lala bajar handia,",9005234627,9,120,100006,2018-11-06 13:37:40,25.106147,82.255128,PMJAY
HOSP9P03616,903616,Hospital,P,Eshan Hospitals Pvt Ltd,"F-1 RAMPUR GARDEN,f1 rampur garden opp vikas bhawan bareilly",9837041574,9,130,"100001,100006,100015,100019",2018-10-06 23:19:03,28.35092583157997,79.42652664786374,PMJAY
HOSP9P03707,903707,Hospital,P,Guru Shri Gorakshnath Chikitsalay ,"Gorakhnath Mandir Parisar,Gorakhnath",9450438192,9,148,,2018-08-23 21:32:21,26.772010,83.358148,PMJAY
HOSP9P03724,903724,Hospital,P,medhansh hospital,"Bahar Chungi, Near Aonla Bus Stand Nekpur,",8923210405,9,130,,2018-10-17 15:39:51,28.343335,79.404216,PMJAY
HOSP9P03752,903752,Hospital,P,PANNALAL SHYAMLAL HOSPITAL,"NEHRU NAGAR,",9711941070,9,145,"100005,100006,100012,100013,100015,100016",2021-03-17 11:15:19,28.663306,77.435121,PMJAY
HOSP9P03778,903778,Hospital,P,RAJ SCANNING LTD,"1 MANAS NAGAR JIAMAU LUCKNOW ,",9839070175,9,162,"100008,100012,100016,100021,100022",2018-11-06 14:15:36,26.845356,80.962721,PMJAY
HOSP9P03801,903801,Hospital,P,Pratima Hospital And Trauma Centre,"Indramil Chauraha,Jaunpur Road Bhadohi,jaunpur road ",9451660072,9,179,"100006,100011,100012,100014,100015,100016,100020,100023",2018-09-20 22:45:20,25.385792,82.591352,PMJAY
HOSP9P03844,903844,Hospital,P,Shree balaji hospital and trauma center,"Shukla ganj unnao,Rajdhani Marg",9369208702,9,186,"100004,100005,100006,100015,100020",2018-09-06 12:46:47,26.4765715000001,80.3835995000001,PMJAY
HOSP9P03940,903940,Hospital,P,GET WELL HOSPITAL AND ULTRASOUND PVT LTD,"Bye Pass Road,Railpar,",9548201575,9,660,100012,2018-11-13 11:52:24,29.439687,77.315994,PMJAY
HOSP9P04032,904032,Hospital,P,MADHU HOSPITAL ,"KISHAN GANJ ,GARH ROAD HAPUR",9720000036,9,661,"100004,100005,100006,100012,100015,100023,100026",2019-02-25 14:37:04,28.728962,77.787157,PMJAY
HOSP9P04054,904054,Hospital,P,VARDAN HOSPITAL,"MITRA NAGAR ALIGARH,",7500975003,9,119,100013,2019-02-25 13:57:53,27.891050,78.063450,PMJAY
HOSP9P04112,904112,Hospital,P,HARI BANDHU HOSPITAL PVT LTD,"Ashok vihar, Panchkroshi chauraha, Paigamberpur, Varansi, Uttar Pradesh 221007,panchkroshi chauraha",9415085373,9,187,,2026-07-20 11:20:24,25.350081,83.022662,PMJAY
HOSP9P04235,904235,Hospital,P,MAA DULESHWARI NETRALAYA PVT LTD,"35/A, NEW AAMGHAT SAHAKARI COLONY,",9415281747,9,146,100013,2018-11-12 14:15:52,25.5827400000001,83.5815460000001,PMJAY
HOSP9P04288,904288,Hospital,P,Jagdish Hospital,"Jagdish Hospital ,Nahar Road,Rustampur,",9415322726,9,148,"100005,100006,100023",2018-10-09 12:40:38,26.734910,83.371180,PMJAY
HOSP9P04307,904307,Hospital,P,SUDHA SURGICAL HOSPITAL PVT LTD,"S-2/1-9T S-2/1-17K,TAGORE TOWN COLONY ",9415221741,9,187,"100002,100003,100005,100006,100011,100015,100023",2026-06-04 17:24:01,25.3517810000001,82.9777010000001,PMJAY
HOSP9P04357,904357,Daycare Centre,P,UMAPREM NETRALAY EYE HOSPITAL,"N 6-13-E-1-2, INDIRA NAGAR EXT.2, CHITAIPUR,CHITAIPUR",9454717085,9,187,100013,2026-07-03 11:27:12,25.271989541259927,82.96788251028079,PMJAY
HOSP9P04385,904385,Hospital,P,Neelabh hospital and research centre pvt ltd,"Opposite sports college bargadwan road,",9889137711,9,148,,2018-10-02 09:40:09,26.791042,83.386778,PMJAY
HOSP9P04525,904525,Hospital,P,NAVIN HOSPITAL,"RAILWAY ROAD NEAR SINGHAL SWEETS,",9810029751,9,144,"100002,100005,100006,100015,100023",2026-08-11 09:31:47,28.549568,77.549812,PMJAY
HOSP9P04588,904588,Hospital,P,JAVITRI DEVI MEMORIAL HOSPITAL,"Main Arjun Nagar  Road Agra,",9412888696,9,118,"100001,100004,100005,100006,100010,100011,100012,100015,100017,100019,100020,100023,100026",2018-10-06 21:58:14,27.169003632849993,77.98340035972944,PMJAY
HOSP9P04590,904590,Hospital,P,KRUSH DIVINE HOSPITAL,"TULSI VIHAR,NEAR RAILWAY STATION DADRI",9811364831,9,144,100012,2026-04-01 12:35:35,28.541588,77.537541,PMJAY
HOSP9P04591,904591,Hospital,P,OM HOSPITAL AND RESEARCH CENTER ,"BAJRANG DHARM KATA,STATION ROAD FIROZABAD ",9837169300,9,143,"100005,100006,100012,100015,100017,100022,100023",2018-10-09 13:50:56,27.14932,78.3871100000001,PMJAY
HOSP9P04640,904640,Hospital,P,TRAUMA CENTRE,"HUNDAL KHEL,",9415119317,9,180,"100006,100012,100015,100016",2018-09-25 18:37:32,27.855901,79.909381,PMJAY
HOSP9P04665,904665,Hospital,P,vidya hospital,"sidhari Azamgarh,Sidhari",9889195020,9,123,"100006,100012,100023",2018-09-06 12:28:09,26.043457,83.18989,PMJAY
HOSP9P04670,904670,Hospital,P,Kamla Hospital and Maternity Centre,"Babuzai Shahjahanpur,",9415035391,9,180,"100005,100012",2018-08-29 20:16:25,27.867529059453517,79.91399597047666,PMJAY
HOSP9P04680,904680,Hospital,P,H C MEMORIAL HOSPITAL ,"Hc Memorial Hospital Moh Bijlipura,jai",9415060564,9,180,100015,2018-09-25 18:42:18,27.8719664,79.9146635,PMJAY
HOSP9P04747,904747,Hospital,P,Purushottamdas Savitridevi cancer Care and research Centre,"605 neerav nikunj ,delhi- agra bye pass road, sikandra",9927086266,9,118,"100005,100006,100008,100014,100015,100019,100020,100021,100022,100023",2018-09-21 17:28:12,27.213125861509923,77.95849049250967,PMJAY
HOSP9P04757,904757,Hospital,P,SAI HOSPITAL,"OPP TELEPHONE TOWER,STADIUM ROAD BAREILLY",9412372373,9,130,"100005,100006,100012,100022,100023",2022-01-20 12:45:48,28.377968,79.434033,PMJAY
HOSP9P04838,904838,Hospital,P,Dr. KNS Memorial Hospital Private Limited,"Vikas Khand-2, Gomti Nagar,",9632429336,9,162,"100001,100002,100004,100005,100006,100007,100010,100012,100014,100015,100016,100017,100019,100020,100023,100026,100028",2018-11-18 16:45:32,26.850000,81.000002,PMJAY
HOSP9P04862,904862,Hospital,P,NIPUN HOSPITAL,"495 - Tarin Bahadurganj, Near Machinery Market, Shahjahanpur (UP) - 242001,",9956478964,9,180,100015,2018-10-10 18:44:57,27.878684210821703,79.91124981092025,PMJAY
HOSP9P04988,904988,Hospital,P,UNNAO MEDICAL CENTER,"386, Kabba Kheda, Civil Lines,",8433763869,9,186,"100004,100005,100006,100010,100011,100012,100015,100016,100017,100023",2018-09-06 12:43:52,26.557422,80.478544,PMJAY
HOSP9P05006,905006,Hospital,P,Shri Sai Hospital,"85, Gaurabagh Near Shiv Mandir Kursi Road",8853545555,9,162,"100005,100006,100011,100012,100014,100015,100016,100022,100023",2018-10-16 18:52:51,26.9595943,80.9995648,PMJAY
HOSP9P05019,905019,Hospital,P,Kaushalya Devi Eye Institute,"Near Chhatri Chauraha,",9897504744,9,173,100013,2018-10-23 18:52:11,28.620740,79.810057,PMJAY
HOSP9P05032,905032,Hospital,P,KHUSHLOK HOSPITAL,"5 A, HAJIYAPUR,NEAR SINDHI MARKET,  STADIUM ROAD, ",9897710096,9,130,"100001,100002,100004,100005,100006,100008,100010,100011,100012,100013,100014,100015,100016,100017,100018,100019,100020,100022,100023,10083",2018-10-04 16:31:03,28.369524,79.430708,PMJAY
HOSP9G05063,905063,Hospital,G,DR B R AMBEDKAR COMBINED HOSPITAL MALE ETAWAH,"Etawah,Etawah",9412709676,9,139,"100004,100005,100006,100013,100015,100016,10083",2018-09-11 20:30:37,26.788109,79.0059148,PMJAY
HOSP9P05089,905089,Hospital,P,scpmhospital,"scpm hospital ,",9415120583,9,147,"100001,100002,100004,100005,100006,100011,100012,100014,100015,100017,100019,100020,100022,100023",2018-09-26 19:29:24,27.138662,81.964452,PMJAY
HOSP9P05101,905101,Hospital,P,JEEVAN JYOTI HOSPITAL ,"SOOT MILL CHARURAHA G T ROAD,khair bye pass g.t road aligarh ",9837086858,9,119,"100006,100008,100011,100012,100015,100023",2018-09-14 19:09:29,27.8827167,78.0594762,PMJAY
HOSP9P05114,905114,Hospital,P,rkshah hospital and diagnostic centre,"240 A-1 HARJINDER NAGAR,RKSHAH HOSPITAL",9839615208,9,157,"100005,100006,100015",2018-10-07 22:07:43,26.416179,80.393237,PMJAY
HOSP9P05131,905131,Hospital,P,Ameyash Hospital,"Opp Block, Ananta Enclave, Khurja Rd.,",7906613375,9,134,,2018-09-25 18:15:38,28.441718,77.822229,PMJAY
HOSP9P05279,905279,Hospital,P,SHRI BHOLA NATH GLOBAL HOSPITAL,"Bisalpur Road Near Bank Of Baroda,Bareilly ",7500554565,9,130,,2018-08-23 19:49:13,28.359790,79.462545,PMJAY
HOSP9G05329,905329,Hospital,G,District Women Hospital Gorakhpur,"Gorakhpur,Gorakhpur",9454455381,9,148,"100005,100012,100017,10083",2018-08-27 11:26:25,26.7488,83.3667,PMJAY
HOSP9P05342,905342,Hospital,P,Dr Shroffs Charity Eye Hospital,"Dr Shroff Charity Eye Hospital Near Manani Railway Station Delhi Road Saharanpur,NEAR MANANI RAILWAY STATION, DELHI- SAHARANPUR ROAD , MANANI",9368951362,9,177,100013,2019-01-16 17:43:34,29.952261,77.547630,PMJAY
HOSP9P05363,905363,Medical College Hospital,P,Rama Hospital And Research Centre,"A- 1/8   Lakhanpur,near sale tax office ",8400836432,9,157,"100001,100002,100004,100005,100006,100007,100008,100009,100010,100011,100012,100013,100014,100015,100016,100017,100018,100019,100020,100022,100023,100026,100027,10083",2018-09-26 18:54:57,26.498963,80.273733,PMJAY
HOSP9G05376,905376,Hospital,G,SRI RAM HOSPITAL,"SRI RAM HOSPITAL AYODHYA,",7275007572,9,140,"100004,100005,100013,100015,10083",2018-09-07 15:56:52,26.792406,82.199532,PMJAY
HOSP9P05456,905456,Hospital,P,KAMLA HOSPITAL,"Jhusi Kohan,Allahabad,JHUNSI KOHNA",9793587777,9,120,"100005,100006,100012,100015,100023",2018-10-16 18:46:00,25.43,81.90,PMJAY
HOSP9P05578,905578,Hospital,P,GLP HOSPITAL PVT LTD,"prakash nagar mahera chungi etawah,Prakash Nagar Mahera Chungi Etawah",9410056363,9,139,"100005,100006",2018-09-25 18:09:36,26.777922,79.035916,PMJAY
HOSP9P05584,905584,Hospital,P,R. K. DEVI MEMORIAL HOSPITAL,"113/157, Swaroop Nagar,113/157, Swaroop Nagar",9838006165,9,157,100013,2018-10-07 00:50:45,26.4634368,80.3340288,PMJAY
HOSP9P05713,905713,Hospital,P,SMARTCITYHOSPITAL,"KARAMCHARI NAGAR CHAURAHA MINIBYPASS ROAD BAREILLY,",8171557777,9,130,"100006,100012,100013,100015,100019,100023",2018-09-13 19:01:54,28.384911,79.396785,PMJAY
HOSP9G05722,905722,Hospital,G,DISTRICT WOMEN HOSPITAL,rakab ganj,9621678000,9,140,"100005,100012,100017,10083",2018-08-23 21:12:49,26.7778715,82.1420814,PMJAY
HOSP9P05732,905732,Hospital,P,SURYA HOSPITAL,"Sector -16,Kamruli",9415931825,9,640,"100005,100006,100011,100015,100017,100022,100023",2018-09-21 17:59:27,26.4777320000001,81.5741980000001,PMJAY
HOSP9P05850,905850,Hospital,P,JK HOSPITAL ETAWAH,"JK HOSPITAL PRIVATE LIMITED FARRUKHABAD ROAD DATTAWALI ETAWAH,",8006001000,9,139,"100001,100004,100005,100006,100008,100012,100014,100015,100016,100020,100022,100023",2018-10-03 20:05:06,26.801426,79.0459950000001,PMJAY
HOSP9G05853,905853,Hospital,G,Mental Hospital Varanasi,"Varanasi,Varanasi",8090992778,9,187,"100009,10083",2018-08-28 18:57:39,25.352100,82.987400,PMJAY
HOSP9P05919,905919,Hospital,P,shanti madan hospital,"244 NORTH CIVIL LINE MUZAFFARNAGAR,",9837037026,9,172,"100006,100023",2018-10-07 21:21:14,29.473554,77.705225,PMJAY
HOSP9G06037,906037,Hospital,G,CHC NAUGARH CHANDAULI,CHC NAUGARH,9415994423,9,135,"100005,100006,100012,100013,10083",2018-09-10 17:35:21,24.833766,83.2546152,PMJAY
HOSP9G06053,906053,Hospital,G,UMA SHANKER DIXIT DISTRICT MALE HOSPITAL UNNAO,UMA SHANKER DIXIT MALE HOSPITAL UNNAO,8090307016,9,186,"100001,100002,100003,100004,100005,100006,100007,100008,100009,100010,100011,100012,100013,100014,100015,100016,100017,100018,100019,100020,100021,100022,100023,100026,100028,10083",2018-09-11 20:17:59,26.538046,80.4784366,PMJAY
HOSP9G06094,906094,Hospital,G,Uma Shanker Dixit District Women Hospital Unnao,"Unnao,Unnao",9598705841,9,186,"100001,100002,100003,100004,100005,100006,100007,100008,100009,100010,100011,100012,100013,100014,100015,100016,100017,100018,100019,100020,100021,100022,100023,100026,100028,10083",2018-08-27 11:15:54,26.5373,80.478,PMJAY
HOSP9P06116,906116,Hospital,P,BRIJRANI HOSPITAL RATH,"Brijrani Hospital ,Aundera Road Rath Distt Hamirpur (U.P.),rath",9415974147,9,149,100012,2019-03-08 18:46:06,25.6021251,79.5659633,PMJAY
HOSP9G06159,906159,Hospital,G,Bilariyagang,"Azamgarh,Azamgarh",9794725403,9,123,"100005,100006,10083",2018-09-11 20:11:48,26.193279,83.347085,PMJAY
HOSP9P06266,906266,Medical College Hospital,P,RAMA HOSPITAL AND RESEARCH CENTRE,"RAMA CITY G T ROAD MANDHANA KANPUR NAGAR,RAMA CITY G T ROAD MANDHANA KANPUR NAGAR",9805696369,9,157,"100001,100002,100005,100006,100008,100009,100010,100011,100012,100013,100014,100015,100016,100017,100019,100022,100023,100027",2018-10-07 21:30:39,26.2971650000001,80.4039450000001,PMJAY
HOSP9P06395,906395,Hospital,P,Kailash Hospital,"Plot No 1727,Tappal Road Jewar",8744013867,9,144,"100004,100005,100006,100012,100013,100015,100016,100017,100023,100026",2018-09-15 11:50:27,28.111393,77.556322,PMJAY
HOSP9P06548,906548,Hospital,P,GAMA CHIKITSA SANSTHAN AND TRAUMA CENTER,"bikapur hanumanganj prayagraj UP,",9450308837,9,120,,2018-09-27 18:51:05,25.414921,82.026250,PMJAY
HOSP9G06591,906591,Hospital,G,Miyaganj,"Unnao,Unnao",9616999593,9,186,"100004,100005,100026,10083",2018-09-11 20:26:55,26.7743540000001,80.6362490000001,PMJAY
HOSP9P06759,906759,Hospital,P,TIRUPATI EYE CENTRE ,"C 53 C SECTOR 33 NOIDA ,",9560889495,9,144,100013,2026-06-24 16:35:48,28.587426,77.357041,PMJAY
HOSP9P06799,906799,Hospital,P,DR SHROFFS CHARITY EYE HOSPITAL,"Dr Shroffs charity eye hospital,Village -sahdewa ,Gola shahjahanpur road",7505876494,9,159,100013,2018-09-30 21:28:57,27.939162,80.175372,PMJAY
HOSP9G06826,906826,Hospital,G,Nawabganj,"Unnao,Unnao",7905384523,9,186,"100001,100002,100003,100004,100005,100006,100007,100008,100009,100010,100011,100012,100013,100014,100015,100016,100017,100018,100019,100020,100021,100022,100023,100026,100028,10083",2018-08-27 12:48:06,26.7743540000001,80.6362490000001,PMJAY
HOSP9G06884,906884,Hospital,G,Bangermau,"Unnao,Unnao",7379356995,9,186,"100001,100002,100003,100004,100005,100006,100007,100008,100009,100010,100011,100012,100013,100014,100015,100016,100017,100018,100019,100020,100021,100022,100023,100026,100028,10083",2018-09-11 20:39:23,26.8277130149028,80.2078432417279,PMJAY
HOSP9G06913,906913,Hospital,G,CHC SAFIPUR,"Sarai Subedar,Safipur",9415405217,9,186,"100001,100002,100003,100004,100005,100006,100007,100008,100009,100010,100011,100012,100013,100014,100015,100016,100017,100018,100019,100020,100021,100022,100023,100026,100028,10083",2018-09-11 19:09:22,26.7350049,80.3463754,PMJAY
HOSP9G07024,907024,Hospital,G,Asoha,"Unnao,Unnao",7080801320,9,186,"100001,100002,100003,100004,100005,100006,100007,100008,100009,100010,100011,100012,100013,100014,100015,100016,100017,100018,100019,100020,100021,100022,100023,100026,100028,10083",2018-09-11 19:24:11,26.7025570000001,80.4657220000001,PMJAY
HOSP9P07026,907026,Hospital,P,das nursing home,"1/139talaiya lane fatehgarh farrukhabad,1/139talaiya lane fatehgarh farrukhabad",9919299993,9,141,"100006,100012,100013,100015,100023",2018-10-24 19:11:09,27.345384,79.614987,PMJAY
HOSP9G07032,907032,Hospital,G,Bichhiya,"Unnao,Unnao",8303071752,9,186,"100004,100005,100026,100028,10083",2018-11-06 15:09:58,26.5561660000001,80.4820530000001,PMJAY
HOSP9P07206,907206,Hospital,P,Sam Eye Hospital,"Sam Eye Hospital, 21/31, Tilak marg,",9415010741,9,162,100013,2018-09-25 13:35:55,26.849461,80.946894,PMJAY
HOSP9P07217,907217,Hospital,P,PUSHPA HOSPITAL UNNAO,"Unnao,",9236993532,9,186,"100005,100006,100012,100015",2018-09-21 18:29:33,26.556166,80.482053,PMJAY
HOSP9P07280,907280,Hospital,P,Sri Hari Kamal Netra Neelayam Laser Center And Womens Clinic,"C-20 Sec -M Aliganj Lucknow,C-20 SEC-M ALIGANJ  NEAR GULACHIN  MANDIR KURSI ROAD lKO -226022",8318668934,9,162,100013,2018-10-16 17:57:22,26.896611,80.954983,PMJAY
HOSP9P07426,907426,Hospital,P,Shakuntal Multispecialiti Hospital,"120 indian oil road trivenipuram jhushi prayagraj,",8007166559,9,120,"100005,100006,100012,100015",2018-09-27 18:44:56,25.4276590000001,81.9189370000001,PMJAY
HOSP9P07459,907459,Hospital,P,KARUNASHRAY HOSPITAL,"KARUNASHRAY HOSPITAL,",9454047607,9,185,"100005,100006,100012",2018-10-22 22:39:07,26.260755,82.069888,PMJAY
HOSP9P07675,907675,Hospital,P,vivek hospital,"Vivek Multispeciality Hospital,Marauli manduadih Varansi",7892834171,9,187,"100005,100006,100010,100012,100015,100017,100023",2018-10-02 09:24:58,25.300724,82.956654,PMJAY
HOSP9P07715,907715,Hospital,P,DR JAWAHARLAL ROHATGI SMARAK NETRA CHIKITSALAYA,"117/52, Sarvodaya Nagar, Near Gol Chauraha, below Flyover,Near RTO office",9415051753,9,157,100013,2018-09-26 19:02:36,26.47868829142584,80.30544654799269,PMJAY
HOSP9P07848,907848,Hospital,P,SHRI JI BABA CHIKITSA SANSTHAN,"Goverdhan Road Mathura,Goverdhan Road",9412280508,9,167,100013,2019-07-15 13:45:42,27.499351,77.640036,PMJAY
HOSP9P07942,907942,Hospital,P,POONAM HOSPITAL,"HIG 1 ADA COLONY ,DEVPRAYAGAM JHALWA",9415289339,9,120,"100005,100006,100012",2018-11-06 13:41:11,25.435427,81.776618,PMJAY
HOSP9P08103,908103,Hospital,P,KAILASH EYE AND GENERAL HOSPITAL,"60 MIG JANAKPURI BAREILLY,60, MIG JANAKPURI BAREILLY",9837892555,9,130,100013,2018-10-06 23:04:09,28.3797791118662,79.40671257861436,PMJAY
HOSP9P08259,908259,Hospital,P,ASHISH NURSING HOME,"sahadatpura mau nath bhnajan mau,near sbi bank",9450326449,9,168,,2018-12-03 16:31:47,25.929648,83.566537,PMJAY
HOSP9P08472,908472,Hospital,P,JAWAHAR EYE HOSPITAL PVT LTD,"194/15, DELHI ROAD, ,OPP. ROADWAYS BUS STAND, mEERUT CANTT. ",9837020234,9,169,100013,2026-06-02 12:30:50,28.989180,77.700286,PMJAY
HOSP9P09074,909074,Hospital,P,ELITE HOSPITAL AND CHILD CARE CENTER,"BHITTI ,RAMNAGAR VARANASI",9936480039,9,187,100005,2019-11-04 13:28:58,25.256952000121686,83.03827399978093,PMJAY
HOSP9P09484,909484,Hospital,P,hema eye hospital,"radha raman road , bhawant chaurah,Radha raman road , bhwant chaurah ",9219553148,9,166,100013,2018-09-25 13:31:07,27.220227603961703,79.03942133279384,PMJAY
HOSP9P09617,909617,Hospital,P,BHARAT RASHMI NURSING HOME,"tanakpur road, ashok colony, pilibhit,SAME",9897894996,9,173,"100005,100015,100020",2018-09-30 21:05:05,28.623389579245938,79.81516899491908,PMJAY
HOSP9P09743,909743,Hospital,P,ASHIRWAD HOSPITAL & RESEARCH CENTRE,"ashirwad hospital and research centre polytechnic chauraha jaunpur,",9415287571,9,152,"100006,100012,100015",2018-12-21 19:21:12,25.727398,82.675526,PMJAY
HOSP9P09818,909818,Hospital,P,SANWAL HOSPITAL AND BETWA STONE CLINIC,"Sanwal Hospital,Bundelkhand University",9415057201,9,153,"100005,100006,100016,100023",2021-09-13 17:40:47,25.452719,78.608731,PMJAY
HOSP9P12462,912462,Hospital,P,Prakash Netra Kendr Private Limited ,"Nh-2, Vipul Khand-4, Gomti Nagar, Lucknow,",9935856643,9,162,100013,2026-04-27 11:39:08,26.845922,80.987117,PMJAY
HOSP9P13815,913815,Hospital,P,LOTUS SUPER SPECIALITY HOSPITAL,"VINAYAK MALL, DIWANI CROSSING, M G ROAD, AGRA,",8958951100,9,118,"100002,100005,100006,100008,100011,100012,100015,100016,100022,100023",2022-08-02 11:29:52,27.2067145,78.0030777,PMJAY
HOSP9P15363,915363,Hospital,P,C B MEMORIAL NURSING HOME,"K 67 PALHERA CHOPLA PALLAVPURAM PHASE 2 ,PALLAVPURAM PHASE 2",8979186366,9,169,"100002,100004,100005,100006,100007,100010,100011,100012,100013,100014,100015,100016,100017,100018,100019,100020,100023",2026-06-02 12:33:01,29.059563143336945,77.70915779501456,PMJAY
HOSP9P15703,915703,Hospital,P,M S HOSPITAL AND RESEARCH CENTER,"421, BHAKHAMAU, NEAR ITEGRAL UNIVERCITY,KURSI ROAD, LUCKNOW",8601800117,9,162,,2024-08-08 14:31:50,26.9643068920073,80.99926563442841,PMJAY
HOSP9P17940,917940,Hospital,P,RAMANURSINGHOME,"INDRA CHOWK, MALGODAM ROAD,civil lines",9997698104,9,133,,2020-03-02 16:33:12,28.029821,79.133702,PMJAY
HOSP9P19829,919829,Hospital,P,Neelu Hospital,"34 CHAK HARIHARVAN CHHATNAG ROAD JHUNSI PRAYAGRAJ,34 CHAK HARIHARVAN CHHATNAG ROAD JHUNSI PRAYAGRAJ",9451051205,9,120,"100005,100006,100012,100015,100023",2018-10-07 00:11:30,25.4286521,81.9207316,PMJAY
HOSP9P21323,921323,Hospital,P,PRAKASH SURGICAL CLINIC,"36 C Circular Road Infront Of Kauwabag Police Chauki gorakhpur ,",9415280491,9,148,,2022-11-22 12:47:57,26.748567,83.370293,PMJAY
HOSP9P22251,922251,Hospital,P,Centre For Trauma and Joint Replacement,"5-a, M G road, Agra,",9639004832,9,118,100015,2024-06-25 13:14:37,27.19,78.00,PMJAY
HOSP9P23275,923275,Hospital,P,LAKSHYA HEALTHCARE CENTER,28 badrishpuram near Canara bank Kankerkhera meerut,9760470652,9,169,100012,2018-12-28 15:57:15,29.0265736,77.6886853,PMJAY
HOSP9P25264,925264,Daycare Centre,P,Kushwaha Eye Hospital,"Kushwaha Eye Hospital,",9457135353,9,172,100013,2018-10-16 18:26:34,29.458208,77.706019,PMJAY
HOSP9P25429,925429,Hospital,P,Pareek Hospital And Research Centre,"4/10 BAGH FARZANA,CIVIL LINE AGRA",7247869379,9,118,"100005,100006,100012,100015,100023",2026-06-29 17:08:19,27.200138,78.001422,PMJAY
HOSP9P25855,925855,Hospital,P,Shri Ram Janki Netralaya,"A D Chowk Jublee Road,",9415212935,9,148,"100013,100026,100028",2018-10-03 19:58:28,26.75299,83.365921,PMJAY
HOSP9P26786,926786,Daycare Centre,P,Mittal Eye Hospital,"Mittal Eye Hospital Near Munshi Prem Chand Park Betiahata,munshi prem chand park road betiahata gorakhpur",8127744301,9,148,100013,2018-11-19 11:10:46,26.755061993313944,83.37968081985696,PMJAY
HOSP9P27886,927886,Hospital,P,SHIVALIK MEDICAL CENTRE PVT LTD,Main Road Hoshiyarpur Sector-51 G.B.Nagar Noida (U.P.)-201301,9582369518,9,144,"100005,100006,100012,100015,100020",2021-03-17 11:15:19,28.584058,77.3690764,PMJAY
HOSP9P32210,932210,Hospital,P,Shri Vinayak Hospital,"43A Jail Road P.O. Geeta Vatika,P.O. Geeta Vatika, Gorakhpur",9839628811,9,148,"100005,100006,100015,100022,100023",2018-11-06 13:53:21,26.770422,83.383572,PMJAY
HOSP9P32889,932889,Medical College Hospital,P,APEX INSTITUTE OF MEDICAL SCIENCES ,"1,APEX HOSPITAL",9628214214,9,170,"100002,100005,100006,100008,100012,100013,100015,100016,100023",2018-10-22 23:04:02,25.100988,82.851200,PMJAY
HOSP9P34836,934836,Hospital,P,Guru Nanak Hospital,"New friends colony ,hundal khel kachcha katra ",9415035052,9,180,"100005,100006,100008,100011,100012,100013,100014,100015,100016,100017,100018,100019,100022,100023",2018-10-02 20:48:29,27.869959,79.907724,PMJAY
HOSP9P36477,936477,Hospital,P,Shantideep Hospital Sp. Heart & Lung Institute ,"dELHI ROAD OPPOSITE DISTT SESSION COURT GATE KOTHIYAT BULANDSHAHR,",9412227913,9,134,"100002,100003,100004,100005,100006,100012,100015,100016,100023",2018-10-16 18:41:21,28.416088,77.828096,PMJAY
HOSP9P36642,936642,Hospital,P,OJAS EYE CARE,"Delhi Road, Bhoor,DELHI ROAD, BHOOR",9897566551,9,134,100013,2018-10-16 18:40:08,28.4147913,77.8325207,PMJAY
HOSP9P37155,937155,Hospital,P,MAITREY HOSPITAL,"N.H 28 , GORAKHPUR RAOD KASIA,",7905079678,9,160,"100006,100011,100015,100023",2018-10-09 15:44:15,26.7456015,83.895992,PMJAY
HOSP9P38389,938389,Daycare Centre,P,AK Eye Hospital Pvt Ltd,"1136 Sanjay Nagar Stadium Road Bareilly,",7042749590,9,130,100013,2018-10-17 15:34:45,28.382242,79.435353,PMJAY
HOSP9P39596,939596,Hospital,P,SUSHEELA HOSPITAL,"Para Medical K Samne Kumhar Ka Kuwa Kanpur Baipass Jhansi,BEHIND SHIKSHAK INTER COLLEGE ",9519791900,9,153,"100002,100004,100005,100006,100007,100010,100011,100012,100014,100015,100016,100020,100023",2019-01-30 19:25:19,25.471624,78.621284,PMJAY
HOSP9P40210,940210,Hospital,P,Baba clinic nursing home,"Ward No.2 ,SHASTRI NAGAR",9415358414,9,135,"100006,100012,100015,100016,100023",2023-08-30 16:40:27,25.260858,83.264355,PMJAY
HOSP9P41247,941247,Hospital,P,MAHASHWETA HOSPITAL PVT LTD,"S 10/6 SA-3AP,MAQBOOL ALAM ROAD CHAUKAGHAT VARANASI",9415228020,9,187,"100004,100005,100006,100012,100015,100016,100020,100023,100026",2026-06-08 10:44:31,25.340142758617816,82.9920186356278,PMJAY
HOSP9P43373,943373,Hospital,P,PARVATI HOSPITAL PVT. LTD.,"126/50, A, JLN ROAD TAGORE TOWN,",7355996697,9,120,,2026-05-29 09:18:40,25.461321,81.857766,PMJAY
HOSP9P45183,945183,Hospital,P,shankar eye & maternity clinic,"NH 28 INFRONT OF MADHAV FILLING STATION DAUDPUR GORAKHPUR,NH28, INFRONT OF MADHAV FILLING STATION DAUDPUR ",9415322050,9,148,100013,2018-12-14 18:25:52,26.73864195121675,83.37576570462465,PMJAY
HOSP9P45733,945733,Hospital,P,MEDIVERVE HOSPITAL MEERUT,"C- 13/5, Jagrati Vihar Meerut,",7830666616,9,169,"100005,100006,100010,100012,100015,100017,100023",2019-06-12 15:29:15,28.9594519,77.7485801,PMJAY
HOSP9P47748,947748,Hospital,P,J R HOSPITAL,"Beta 2 Noida,",9810642548,9,144,,2019-03-18 12:55:40,28.396039,77.5289220000001,PMJAY
HOSP9P48294,948294,Hospital,P,Nagpal Eye Care centre,"MARRIS ROAD ALIGARH,",9528576400,9,119,"100012,100013",2018-11-25 23:24:01,27.898516,78.086598,PMJAY
HOSP9P49070,949070,Hospital,P,DR RAMJI NARAIN RURAL DEDICAL CENTRE,"Laskerpur urf chamari kheda,",9837260718,9,177,100013,2018-11-06 15:15:28,30.0141600000001,77.7140220000001,PMJAY
HOSP9P51007,951007,Hospital,P,ORIANA HOSPIYTAL PVT LTD,"B27/35-9-A RAVINDRAPURI VARANASI,",9415698135,9,187,"100005,100006,100011,100013,100015,100023,100028",2026-06-01 11:57:01,25.276105,82.988393,PMJAY
HOSP9P51282,951282,Hospital,P,raj health care society,c-168/18 naseerabad,9935657999,9,148,100013,2018-12-14 18:21:03,26.7448496,83.3655823,PMJAY
HOSP9P54009,954009,Hospital,P,Global multispecialty hospital and trauma centre,"Jamin Sidhari, Mau Road Jairampur Azamgarh,Baitholi Tiraha, mau road, sidhari, azamgarh Baitholi Tiraha, Mau Road, Sidhari, Azamgarh.",9889206677,9,123,,2019-01-31 15:56:07,26.046497,83.206146,PMJAY
HOSP9P55420,955420,Hospital,P,R M EYE CENTRE,"112, Indraprasth Enclave,Dhauli pyao Road",8979044024,9,167,100013,2019-01-27 22:18:04,27.46192386153814,77.67347788292363,PMJAY
HOSP9P55912,955912,Hospital,P,ICARE EYE HOSPITAL,"E-3A, SECTOR-26,SECTOR-26",9811300286,9,144,100013,2021-03-17 11:15:19,28.5798960000001,77.335564,PMJAY
HOSP9P56035,956035,Hospital,P,AMRITSAR EYE CENTRE &LASIK LASER,"plot No. 111,136, dD D PURAM BAREILLY,",9837030023,9,130,100013,2019-05-27 14:28:28,28.380228,79.429044,PMJAY
HOSP9P56451,956451,Hospital,P,J R CHAUDHARY HOSPITAL PVT. LTD.,"plot no 32,34 knowledge park 3 sharda hospital greater noida,",9810200669,9,144,"100005,100006,100012,100015",2021-02-12 18:11:51,28.474702,77.4827290000001,PMJAY
HOSP9P57115,957115,Hospital,P,NARAINA HOSPITAL AND RESEARCH CENTRe,1170 Ganga Ganj Panki Kanpur,8009622644,9,157,"100004,100005,100006,100010,100011,100012,100013,100015,100016,100017,100023,100026",2026-06-24 14:11:24,26.463299,80.220739,PMJAY
HOSP9P57565,957565,Clinic,P,Sri Paramhans Yogananda Netra Chikitsalya,"D45 ,Site C Industrial Area Sikandra",9958804437,9,118,100013,2018-12-03 16:03:07,27.211276225886238,77.94523555397541,PMJAY
HOSP9P58404,958404,Hospital,P,YASHRAJ HOSPITAL SIKANDRABAD,"GT ROAD SIKANDRABAD,",9837482597,9,134,"100005,100006,100012,100015",2021-08-31 12:33:28,28.445802,77.712740,PMJAY
HOSP9P58533,958533,Hospital,P,NARAYAN HOSPITAL AND TRAUMA CENTRE,"Near Ark Hotel, Opp. R.A.N. Public School, Bilaspur Road Bharatpur, P.O. Chinimill,",7500244401,9,176,"100002,100005,100006,100010,100012,100015,100017",2019-02-25 13:49:15,28.907586,79.2907890000001,PMJAY
HOSP9P58577,958577,Daycare Centre,P,SHANTI EYE CLINIC,"OPP. SABJI MANDI DELHI ROAD SAHARANPUR,",8126695749,9,177,100013,2018-11-25 23:02:19,29.917935,77.516582,PMJAY
HOSP9P59853,959853,Daycare Centre,P,SAI EYE CARE CENTRE,"SAIEYECARECENTER,",9410409194,9,130,100013,2019-01-06 21:13:57,28.365534,79.4209960000001,PMJAY
HOSP9P62258,962258,Hospital,P,krishna orthopedic centre,"a-239,ashiyna phase 1,ashiyana phase 1",9411865991,9,171,100015,2023-03-20 15:09:24,28.882690,78.742060,PMJAY
HOSP9P62658,962658,Hospital,P,DAMYANTI DEVI NURSING HOME,"KALAGARH ROAD DHAMPUR,NEAR SBI MAIN BRANCH",8899115253,9,132,"100006,100012,100023",2018-12-03 16:21:54,29.309990,78.515050,PMJAY
HOSP9P65493,965493,Hospital,P,Dayawati Hospital,"Dayawati Hospital Kalagarhroad Dhampur,",9412361023,9,132,100015,2018-12-21 19:07:04,29.310600,78.519200,PMJAY
HOSP9P67179,967179,Hospital,P,R C MULTISPECIALITY HOSPITAL and trauma centre,"near st marys school, najibabad road,",8587098420,9,132,"100005,100006,100013",2019-05-07 13:10:59,29.392120,78.149118,PMJAY
HOSP9P67608,967608,Hospital,P,Umedha eye hospital civil line etawah,"Civil line etawah,CIVI LINE ETAWAH",8193916279,9,139,100013,2019-12-27 12:29:23,26.7806410000001,79.0113230000001,PMJAY
HOSP9P68106,968106,Hospital,P,SARTHAK NURSING HOME,Sarthak Nursing Home G-23 Kamla Nager Bye Pass Road,9837067939,9,118,"100004,100005,100006,100010,100011,100012,100015,100017,100018,100019,100020,100023",2018-12-30 13:39:58,27.2079409,78.0265026,PMJAY
HOSP9P68742,968742,Hospital,P,Rashmi Medicare Centre,"331, shreenathpuram,Mughal road , kamla nagar, agra",8890957279,9,118,"100002,100023",2022-09-15 15:30:03,27.226236,78.017151,PMJAY
HOSP9P69786,969786,Hospital,P,GEETA NETRA CHIKITSALAYA PVT LTD,"ARAON ROAD,AROAN ROAD SIRSAGANJ ",9557696939,9,143,100013,2019-03-05 12:35:21,27.151517,78.700162,PMJAY
HOSP9G69982,969982,Medical College Hospital,G,Dr Ram Manohar Lohia Institute of Medical Sciences,"Lohiya Hospital, Vibhuti Khand, Gomti Nagar, Lucknow, Uttar Pradesh 226010,Lohiya Hospital, Vibhuti Khand, Gomti Nagar, Lucknow, Uttar Pradesh 226010",9931733280,9,162,"100001,100002,100003,100004,100005,100006,100007,100008,100009,100010,100011,100012,100013,100014,100015,100016,100017,100018,100019,100021,100022,100023,100026,100028,10083",2018-12-12 15:15:30,26.869704,80.999190,PMJAY
HOSP9P70138,970138,Hospital,P,Dr. G. K. Shrivastava Hospital Pvt Ltd,"13-D Rampur Garden,",9927025776,9,130,"100005,100006,100015,100016,100023",2018-12-21 18:53:21,28.350487,79.426338,PMJAY
HOSP9P70143,970143,Hospital,P,BANARAS MEDICITY HEART AND MULTI SUPERSPECIALITY HOSPITAL,"D59/32A-1sigra mahmoorganj varanasi,",8874306000,9,187,"100002,100005,100006,100012,100023",2026-05-18 13:50:41,25.3077930000001,82.9937340000001,PMJAY
HOSP9P70267,970267,Hospital,P,DR KAMLESH TANDON HOSPITAL AND TEST TUBE BABY CENTRE,"4/48 B, LAJPAT KUNJ,BAGH FARZANA, CIVIL LINES",8979445227,9,118,"100004,100005,100006,100012,100015,100023",2024-07-25 11:07:32,27.201464046724283,77.9981198797883,PMJAY
HOSP9P72226,972226,Hospital,P,APEX HOSPITAL A UNIT OF APEX WELCARE PVT LTD,"N7/2A-5, BLW, HYDEL ROAD, VARANASI,",9036126814,9,187,,2026-05-09 08:50:51,25.283150,82.968465,PMJAY
HOSP9P72970,972970,Hospital,P,AONE HOSPITAL,mohaddipur chauk towords Paidleyganj road,9935400773,9,148,"100001,100005,100006,100012,100015,100016,100019,100020,100023,100024,100057,100058,100060",2019-04-16 15:50:59,26.7516196,83.4016388,PMJAY
HOSP9P73206,973206,Hospital,P,sanjeevani hospital ,"112,thika gali",8960259883,9,179,"100005,100006,100012,100013,100015,100023",2019-05-27 15:15:39,25.457170,82.422275,PMJAY
HOSP9P74543,974543,Hospital,P,Upkar Hospital,"N8/c191, Nevada, Sundarpur, vns,",9554944039,9,187,"100001,100002,100004,100005,100006,100008,100012,100015,100016,100019,100022,100023",2026-06-03 16:58:22,25.283513,82.979471,PMJAY
HOSP9P78617,978617,Hospital,P,Agra heart Centre,"5 Church Road Ramnagar colony agra,",9837027126,9,118,"100002,100005,100006,100012,100013,100015",2019-04-02 14:22:18,27.2036890000001,78.0013510000001,PMJAY
HOSP9P80389,980389,Hospital,P,Rama Multi Speciality Hospital Trauma Centre,"Narauli Azamgarh,AZAMGARH",8808757323,9,123,"100002,100003,100004,100005,100006,100008,100012,100013,100014,100015,100016,100022,100023",2019-01-31 21:13:21,26.048119,83.170646,PMJAY
HOSP9P81211,981211,Hospital,P,NAVODAY HOSPITAL MINI BYE PASS BAREILLY ,"navodaya hospital mini bypass road karamchari nagar bareilly,",8865002849,9,130,,2019-03-26 13:46:10,28.383886,79.398949,PMJAY
HOSP9P81760,981760,Daycare Centre,P,Sharp Vision Eye Care Centre,"Sakoorpura Atrasi Road Amroha,",8449391100,9,154,100013,2019-06-03 18:19:59,28.8940997,78.4612414,PMJAY
HOSP9P83958,983958,Hospital,P,APOLLO SPECTRA HOSPITALS,"14/138 near BNSD college chunniganj kanpur nagar,CHUNNIGANJ",9935039304,9,157,"100006,100015,100020",2026-07-20 15:02:22,26.477834,80.337359,PMJAY
HOSP9P84560,984560,Daycare Centre,P,SUNAYAN EYE CENTRE,"19,DIAVIL NAGAR, KRISHNA NAGAR,Near P C Jewellers ",9837468448,9,167,100013,2020-03-02 16:25:58,27.5019707,77.6650548,PMJAY
HOSP9P84629,984629,Hospital,P,KASIH HEALTH CARE CENTRE,"DHAMARIYA, PANI TANKI ( OPP POST OFFICCE, BESIDE OF MAZAR)",8840021634,9,187,"100005,100006,100016,100023",2019-04-12 15:07:54,25.3213243,82.9232635,PMJAY
HOSP9P85597,985597,Hospital,P,SOOD EYE CLINIC,"babuzai berichowki ,",9235276060,9,180,100013,2019-02-28 15:04:43,27.8684050000001,79.914767,PMJAY
HOSP9P87181,987181,Hospital,P,DEEP HOSPITAL ,"DEEP HOSPITAL NEAR HAFIZPUR POLICE STATION,BULANDSHAHR ROAD HAPUR",9997247256,9,661,"100005,100006,100015,100023",2022-05-25 16:50:42,28.665825,77.784789,PMJAY
HOSP9P88873,988873,Hospital,P,Gangaram Hospital,"Gangaram Hospital, Sadar Bazar ,Muzaffarnagar,",9837033074,9,172,"100006,100012",2019-03-28 13:19:46,29.47082,77.700664,PMJAY
HOSP9P89969,989969,Hospital,P,BK Heart Hospital Pvt.Ltd.,"Plot No. N-7/1-R-12, Bhikharipur, Newada, BLW-BHU Road, Varanasi, 221004 UP,",9415204446,9,187,,2024-07-12 17:52:13,25.282648,82.970549,PMJAY
HOSP9P90273,990273,Hospital,P,SJM Super Speciality Hospital,"SJM Super Speciality Hospital,SJM Chowk, Near NH-9, Hindon Bridge",9818860889,9,144,,2026-06-17 13:32:27,28.634029,77.391028,PMJAY
HOSP9P90873,990873,Hospital,P,Jagat Hospital Research Centre Pvt Ltd,"326 Panchsheel Colony Garh Road Meerut, ",9719122280,9,169,"100005,100006,100012,100015,100017",2019-08-18 23:45:27,28.9698,77.7235,PMJAY
HOSP9P91140,991140,Daycare Centre,P,LASER SIGHT INDIA PVT LTD,"215 MANAS NAGAR,BODLA ROAD SHAHGANJ",8954936969,9,118,100013,2019-06-03 18:33:38,27.182142,77.973796,PMJAY
HOSP9P93168,993168,Hospital,P,Dr Dutta ENT and Child Hospital,"126/18 moti bagh bulandshahr,",9760019195,9,134,100016,2022-06-27 15:10:36,28.407757,77.853825,PMJAY
HOSP9P93209,993209,Hospital,P,MAXCARE HOSPITAL,"BAREILLY,35-E1A RAMPUR GARDAN BAREILLY",9837002909,9,130,"100006,100012,100023",2019-07-18 17:44:05,28.351881,79.427510,PMJAY
HOSP9P93243,993243,Hospital,P,SHISHODIA ORTHOPAEDIC CENTRE,"168 B,",7309010007,9,148,100015,2019-04-16 15:52:30,26.779714,83.384741,PMJAY
HOSP9P98657,998657,Hospital,P,jigyasa medical nursing home,"B-45/46,B-45/46 GANDHI NAGAR ",8006409800,9,171,100005,2019-10-10 11:57:10,28.826533,78.775644,PMJAY
HOSP9P98966,998966,Hospital,P,Aastha The Center For Geriatric Medicine Palliative Care Hospital Hospice And Social Welfare Society,"Aastha Geriatric Hospital, B 52,  J Park,  Mahanagar,  Lucknow,B-52, J park , Mahanagar",8303240000,9,162,"100005,100012",2019-08-18 23:33:47,26.880521,80.956702,PMJAY
HOSP9P99205,999205,Hospital,P,PRATAP HOSPITAL,Mini bypass road Karamchari Nagar,9956108080,9,130,"100005,100006,100011,100012,100015,100017,100023",2019-05-27 14:37:27,28.381209,79.3949449,PMJAY
HOSP9P99380,999380,Medical College Hospital,P,United Institute of Medical Sciences,"United Institute of Medical Sciences,Rawatpur",9305100015,9,120,"100001,100002,100003,100004,100005,100006,100007,100008,100009,100010,100011,100012,100013,100014,100015,100016,100017,100018,100019,100020,100021,100022,100023,100026,100027",2026-06-09 16:53:22,25.390013,81.764726,PMJAY
HOSP9P99609,999609,Hospital,P,DEVALK NETRALAYA,"DOHRA ROAD OPPOSITE RUDRAKSH APARTMENT BAREILLY,NEAR LAVANYA LAWN",9675097170,9,130,100013,2026-05-29 14:07:53,28.375998,79.460935,PMJAY
HOSP10P00393,1000393,Hospital,P,GHSPL BEGUSARAI HEALTHCARE LLP,"Shushil Nagar NH-31 Reliance Petrol Pump Begusarai,",9523096206,10,191,"100005,100006,100012,100013,100014,100015,100023",2018-11-24 01:09:45,25.4296120000001,86.0916330000001,PMJAY
HOSP10P00621,1000621,Hospital,P,ASG HOSPITAL PVT LTD,"Old R.K. Avenue, Rajendra Nagar ,Near Dinkar Golambar, Patna",8875020446,10,212,100013,2026-05-04 10:31:36,25.609763,85.163111,PMJAY
HOSP10P02897,1002897,Hospital,P,JEEVAN JYOTI SUPER SPECIALITY HOSPITAL,"Patel naer Nala road, Bihar sharif Nalanda,",9835010862,10,209,"100002,100005,100006,100015,100023",2024-03-18 16:12:44,25.203962600000594,85.50971249999816,PMJAY
HOSP10P03407,1003407,Daycare Centre,P,NETRA NIDAN EYE HOSPITAL AND RESEARCH CENTRE,"NETRA NIDAN EYE HOSPITAL AND RESEARCH CENTRE,A/55, SACHIVALAY COLONY, KANKARBAGH",7783877925,10,212,100013,2020-01-14 10:53:14,25.5990110000001,85.1609480000001,PMJAY
HOSP10P04719,1004719,Hospital,P,B S L EYE CARE,"85 A BLOCK , AYODHYA NIWAS,ROAD NO. 2, RAJENDRA NAGAR",9771490319,10,212,100013,2020-01-06 17:11:19,25.608602,85.157992,PMJAY
HOSP10P06472,1006472,Hospital,P,Shri Murlidhar Memorial Nursing Home Barh,"Main Road, Near  Town Hall, Barh, Patna,",9955706874,10,212,"100004,100005,100006,100012,100013,100014,100015,100016,100017,100020,100023",2019-07-03 15:50:42,25.470000,85.700000,PMJAY
HOSP10G06721,1006721,Hospital,G,Sadar Hospital Banka,"Jagatpur, Banka,",8084263380,10,190,"100001,100002,100003,100004,100005,100006,100007,100008,100009,100010,100011,100012,100013,100014,100015,100016,100017,100018,100019,100020,100021,100022,100023",2018-08-31 16:09:16,24.868126,86.9185854,PMJAY
HOSP10P07435,1007435,Hospital,P,Sri Sai Lions Netralaya,"d1-A/16,PC COLONY KANKARBAGH",9471002353,10,212,100013,2019-07-02 16:49:31,25.593126,85.152886,PMJAY
HOSP10P07699,1007699,Hospital,P,ANUP INSTITUTE OF ORTHOPAEDICS AND REHABILITATION PVT LTD,"G 75-77, P.C., Colony, Kankarbagh,",9431080915,10,212,100015,2019-10-17 15:47:59,25.60100921617375,85.15671687549036,PMJAY
HOSP10P08405,1008405,Hospital,P,R N Superspeciality Hospital and Research Centre Pvt Ltd,"Khajpura, Near Shiv Mandir, In front of Pillar No- 24, Bailey Road,",9835491081,10,212,"100005,100006,100011,100012,100015,100020,100023",2026-05-20 16:01:35,25.605061,85.079204,PMJAY
HOSP10P08770,1008770,Hospital,P,SAHYOG HOSPITAL,"40 ,pataliputra colony patna",9334103827,10,212,"100006,100012,100015,100016,100023",2026-04-17 15:51:43,25.629107,85.108276,PMJAY
HOSP10P11929,1011929,Hospital,P,RAHMANIA MEDICAL CENTRE,"NH-28A, BARIYARPUR MOTIHARI,",9405882019,10,213,"100005,100006,100012,100015,100023",2019-11-15 17:11:20,26.641158,84.924327,PMJAY
HOSP10P12145,1012145,Hospital,P,Oxygen Trauma Multispeciality Hospital,"Biscoman Golamber, Near-Kumhrar, Po-Gulzarbagh, Patna-800007,SANJEEVNI PATH,MAURYA COLONY",9006989338,10,212,"100005,100006,100012,100015,100020",2026-05-30 16:00:03,25.602740,85.192130,PMJAY
HOSP10P14477,1014477,Hospital,P,JEEVAK HEART HOSPITAL AND RES.INST.PVT.LTD.,"6, doctors colony,kankarbagh",9334763500,10,212,"100002,100003,100005",2026-04-30 09:28:30,25.601369,85.158669,PMJAY
HOSP10G15454,1015454,Hospital,G,CHC AKBAPRUR,"CHC AKBARPUR,Vill - PANTI AKBARPUR",8294500330,10,210,"100001,100002,100003,100004,100005,100006,100007,100008,100009,100010,100011,100012,100013,100014,100015,100016,100017,100018,100019,100020,100021,100022,100023",2018-09-20 18:11:01,24.75,85.56,PMJAY
HOSP10G15614,1015614,Hospital,G,CHC BHAGWANPUR,"PHC BHAGWANPUR, VAISHALI,CHC BHAGWANPUR",8809318101,10,224,"100001,100002,100003,100004,100005,100006,100007,100008,100009,100010,100011,100012,100013,100014,100015,100016,100017,100018,100019,100020,100021,100022,100023",2018-09-18 19:42:07,25.8582,85.3027,PMJAY
HOSP10G16211,1016211,Hospital,G,dhaka,"Dhaka, East champaran,",9470003182,10,213,"100001,100002,100003,100004,100005,100007,100008,100009,100010,100011,100013,100014,100015,100016,100017,100018,100019,100020,100021,100022,100023",2018-09-21 14:08:02,26.694108,85.1979420000001,PMJAY
HOSP10G16283,1016283,Hospital,G,RH ARERAJ,"areraj,",9079368956,10,213,"100001,100002,100003,100004,100005,100006,100007,100008,100009,100010,100011,100012,100013,100014,100015,100016,100017,100018,100019,100020,100021,100022,100023",2018-09-21 13:58:35,26.54818764442922,84.67316966102021,PMJAY
HOSP10G16378,1016378,Hospital,G,Chc Harsidhi,"Harsidhi,",9430679771,10,213,"100001,100002,100003,100004,100005,100006,100007,100008,100009,100010,100011,100012,100013,100014,100015,100016,100017,100018,100019,100020,100021,100022,100023",2018-09-21 14:01:41,26.6647754,84.7119632,PMJAY
HOSP10G16414,1016414,Hospital,G,Community health centre keshariya,"Keshariya,",8797815480,10,213,"100001,100002,100003,100004,100005,100006,100007,100008,100009,100010,100011,100012,100013,100014,100015,100016,100017,100018,100019,100020,100021,100022,100023",2018-09-21 14:02:59,26.3034200000001,84.8277840000001,PMJAY
HOSP10G16440,1016440,Hospital,G,APHC Patjilwa,"APHC Patjilwa,",9470003181,10,213,"100001,100002,100003,100004,100005,100006,100007,100008,100009,100010,100011,100012,100013,100014,100015,100016,100017,100018,100019,100020,100021,100022,100023",2018-09-21 13:53:54,26.65049,85.0338,PMJAY
HOSP10G16482,1016482,Hospital,G,CHC Dhoraiya,"Dhoraiya,",8877667774,10,190,"100001,100002,100003,100004,100005,100006,100007,100008,100009,100010,100011,100012,100013,100014,100015,100016,100017,100018,100019,100020,100021,100022,100023",2018-09-22 00:25:59,24.98,87.13,PMJAY
HOSP10G16490,1016490,Hospital,G,PHC HANUMANNAGAR,HANUMANNAGAR,9431287269,10,195,"100001,100002,100003,100004,100005,100006,100007,100008,100009,100010,100011,100012,100013,100014,100015,100016,100017,100018,100019,100020,100021,100022,100023",2018-09-20 20:21:13,26.1717428,85.753206,PMJAY
HOSP10G16508,1016508,Hospital,G,CHC PAHARPUR,PAHARPUR,9038888001,10,213,"100001,100002,100003,100004,100005,100006,100007,100008,100009,100010,100011,100012,100013,100014,100015,100016,100017,100018,100019,100020,100021,100022,100023",2018-09-21 14:04:14,26.6031974,84.5981913,PMJAY
HOSP10P16591,1016591,Hospital,P,DR RUNGTA CLINICAL CENTER,"368 K G ROAD ARA,K G ROAD",9199409610,10,193,"100012,100013",2018-10-26 16:23:53,25.5542150000001,84.66652,PMJAY
HOSP10G19567,1019567,Hospital,G,Community Health Center Patahi,"patahi,",8084808665,10,213,"100001,100002,100003,100004,100005,100006,100007,100008,100009,100010,100011,100012,100013,100014,100015,100016,100017,100018,100019,100020,100021,100022,100023",2018-09-21 14:04:51,26.57403258792003,85.14858099959906,PMJAY
HOSP10G19605,1019605,Hospital,G,CHC Shankarpur,"shankarpur,near block",8409744569,10,205,"100001,100002,100003,100004,100005,100006,100007,100008,100009,100010,100011,100012,100013,100014,100015,100016,100017,100018,100019,100020,100021,100022,100023",2018-09-22 20:20:00,26.0323940000001,86.8651300000001,PMJAY
HOSP10G19607,1019607,Hospital,G,CHC Gamhariya,"primary Health Centre Gamhariya,phc Gamhariya",8877538671,10,205,"100001,100002,100003,100004,100005,100006,100007,100008,100009,100010,100011,100012,100013,100014,100015,100016,100017,100018,100019,100020,100021,100022,100023",2018-09-22 15:54:14,26.054695,86.7291630000001,PMJAY
HOSP10G19642,1019642,Hospital,G,CHC Alamnagar,"Primary Health Centre Alamnagar,",9470760801,10,205,"100001,100002,100003,100004,100005,100006,100007,100008,100009,100010,100011,100012,100013,100014,100015,100016,100017,100018,100019,100020,100021,100022,100023",2018-09-20 16:34:38,25.5716200000001,86.9045820000001,PMJAY
HOSP10G20929,1020929,Hospital,G,Community Health Centre Turkauliya,"Turkauliya,Turkauliya",9560622048,10,213,"100001,100002,100003,100004,100005,100006,100007,100008,100009,100010,100011,100012,100013,100014,100015,100016,100017,100018,100019,100020,100021,100022,100023",2018-09-26 17:46:06,26.61,84.83,PMJAY
HOSP10P21036,1021036,Hospital,P,MARC HOSPITAL,"MARC HOSPITAL ,DURGASTHAN CHOWK KATIHAR",9304637048,10,201,100006,2019-08-05 17:01:41,25.542807,87.578827,PMJAY
HOSP10P21172,1021172,Hospital,P,RADIANT HOSPITAL,"D S COLLEGE ROAD ISLAMPUR KATIHAR RADIANT HOSPITAL,D S COLLEGE ROAD ISLAMPUR KATIHAR",9430947809,10,201,,2019-08-05 17:02:08,25.532730601254215,87.58932227187256,PMJAY
HOSP10P21225,1021225,Hospital,P,LAXMI NETRALAYA ,"LAXMI NETRALAYA ,DUDHI NAGAR MAHAVIR TOLA ",9431053806,10,193,100013,2018-10-26 16:30:55,25.55969,84.6679800000001,PMJAY
HOSP10G21294,1021294,Hospital,G,CHC Revilganj,"CHC Revilganj,Revilganj - Manjhi Main Road",9470003713,10,218,"100001,100002,100003,100004,100005,100006,100007,100008,100009,100010,100011,100012,100013,100014,100015,100016,100017,100018,100019,100020,100021,100022,100023",2018-09-21 17:17:26,25.79,84.64,PMJAY
HOSP10G21357,1021357,Hospital,G,PRIMARY HEALTH CENTRE KADWA,"DURGAGANJ MAHAMMADPUR KADWA,",9934717833,10,201,"100001,100002,100003,100004,100005,100006,100007,100008,100009,100010,100011,100012,100013,100014,100015,100016,100017,100018,100019,100020,100021,100022,100023",2018-09-22 15:41:31,25.657973,87.702816,PMJAY
HOSP10P21836,1021836,Hospital,P,SWAMI VIVEKANAND CANCER ASPATAL,"VIVEKANAND NAGAR MABBI DARBHANGA,MABBI",7003287704,10,195,"100005,100006,100008,100012,100015,100016,100021,100022,100023,100027",2019-07-02 16:33:22,26.180501,85.851851,PMJAY
HOSP10P22075,1022075,Hospital,P,RAJ RETINA AND EYE CARE CENTRE,"EAST PATEL NAGAR ROAD NO-08, H.NO-25, NEAR GANDHI MURTI, PATNA, BIHAR,nEAR eNERGY pARK",9264190479,10,212,100013,2020-09-25 11:02:54,25.6170280000001,85.103324,PMJAY
HOSP10P22169,1022169,Hospital,P,RUBAN MEMORIAL HOSPITAL,"17,19, PATLIPUTRA COLONEY ,NEAR PATLIPUTRA GOLAMBER ",9835023983,10,212,"100002,100003,100006,100023",2026-04-21 16:27:12,25.63,85.11,PMJAY
HOSP10P22304,1022304,Hospital,P,HOSPITAL,"213/10,sahu chowk dumra road sitamarhi",6202242138,10,221,"100005,100006,100010,100012,100015,100017",2018-12-12 14:29:51,26.581795,85.507432,PMJAY
HOSP10P24718,1024718,Hospital,P,AKHAND JYOTI EYE HOSPITAL ,"Shrirameshpuram, Saidpur, Mastichak,",9934752812,10,218,100013,2018-12-12 14:31:26,25.86965198098447,85.0370271115874,PMJAY
HOSP10P25069,1025069,Hospital,P,R L MEMORIAL HOSPITAL ,"R L MEMORIAL HOSPITAL,INFRONT OF DISTRICT JUDGE KOTHI, RAMNA PAKRI ROAD",7782877222,10,193,,2019-10-17 12:30:47,25.55920624429227,84.66035655344785,PMJAY
HOSP10P25104,1025104,Hospital,P,Vedanta Ortho Care Center,"NH 106,",9572227879,10,205,100015,2023-09-22 16:47:01,26.0220369704481,86.7976197590984,PMJAY
HOSP10P25231,1025231,Hospital,P,MINAKSHI MULTISPECIALITY HOSPITAL,"Minakshi multi speciality hospital,Main Road Brahampura muz",9431539690,10,208,,2019-11-15 16:38:52,26.131306,85.366288,PMJAY
HOSP10P25295,1025295,Hospital,P,CRIBS HOSPITAL,"cribs hospital,basuara",9717700651,10,206,"100002,100005,100006,100010,100012,100013,100015,100023",2019-01-29 14:42:43,26.325299,86.045955,PMJAY
HOSP10P30114,1030114,Hospital,P,SRI SIDDHI VINAYAK HOSPITAL,"CHANDAN BAKHARI FORLANE AHIYAPUR MUZAFFARPUR,",8873295115,10,208,"100005,100006",2019-01-29 14:38:20,26.14868,85.393964,PMJAY
HOSP10P47588,1047588,Hospital,P,KRISHNA HOSPITAL,"KRISHNA HOSPITAL SHALINI FOUNDATION,PATEPUR ROAD MAHUA",9097835853,10,224,100006,2019-10-17 12:42:10,25.81630866567292,85.39828467452708,PMJAY
HOSP10P60908,1060908,Hospital,P,DARBHANGA CHILDREN HOSPITAL,"GAMI COMPLEX AVOBE HDFC BANK BENTA CHOWK LAHERIASARAI DARBHANGA,",9097183710,10,195,"100010,100017",2021-05-19 12:37:27,26.130692,85.904830,PMJAY
HOSP10P61127,1061127,Hospital,P,S.S. HOSPITAL,"SS HOSPITAL, BESIDE 9 TO 9 SUPERMARKET,NEAR LAL MANDIR, ANISABAD, PATNA",7654388444,10,212,"100005,100006,100015",2020-04-06 13:19:16,25.586274,85.098922,PMJAY
HOSP10P84272,1084272,Hospital,P,Buddha Eye Care Laser Centre,"Gola Road,Patna,",9934315423,10,212,100013,2020-04-20 14:09:14,25.623788809720523,85.05577320760199,PMJAY
HOSP10P85606,1085606,Daycare Centre,P,NAYANDEEP NETRALAYA,"nayandeep netralay bela road mithanpura muzaffarpur,",9835631719,10,208,100013,2019-11-15 16:44:55,26.1026360000001,85.405333,PMJAY
HOSP10P85746,1085746,Hospital,P,SARAF ORTHO SPINE AND MATERNITY CENTRE,"Saraf ortho spine and maternity Centre ,In front of DMC principal Office, Laheriasarai",9386098474,10,195,"100005,100012,100015",2026-05-25 09:45:45,26.132059,85.901920,PMJAY
HOSP10P86250,1086250,Hospital,P,Sanjeevani Life Care,"Riding Road ,Near Air Port, Near Kendriya Vidyalya",9304784211,10,212,"100004,100005,100006,100015,100023,100026",2025-01-04 13:19:22,25.579872,85.093636,PMJAY
HOSP10P86883,1086883,Hospital,P,SHIVAM NURSING HOME,"power House Chowk Nh 31 begusarai,",9431455318,10,191,"100006,100023",2019-07-30 13:55:45,25.42513544166856,86.13378090617039,PMJAY
HOSP10P91095,1091095,Hospital,P,NIRANJAN AAROGYA NIKETAN & RESEARCH CENTRE,"Behind Devarun Apartment,Mishra Vihar, Bhiknapahari",8292064545,10,212,100015,2020-04-06 13:11:41,25.615620,85.166580,PMJAY
HOSP10P91128,1091128,Hospital,P,DRISTI EYE CARE HOSPITAL A UNIT DR.A.P.J ABDUL KALAM CHARITABLE TRUST,"BHAIROPUR SAINIK CHATRA MORE,DALTANGANJ ROAD NH139",7004243467,10,189,100013,2019-09-09 11:00:55,24.726260,84.330039,PMJAY
HOSP10P98922,1098922,Hospital,P,ROOP DEV EYE AND DENTAL HOSPITAL,"IMA PATH, BP HIGH SCHOOL CHAWK,",9931265163,10,191,100013,2020-01-09 14:32:32,25.411851,86.1371401,PMJAY
HOSP10P99126,1099126,Hospital,P,SAVERA CANCER AND MULTISPECIALITY HOSPITAL,"GC5-GC6A, DR. R. N. SINGH ROAD, LOHIYA NAGAR,,kANKARBAGH, PATNA, BIHAR",9835066460,10,212,"100005,100006,100008,100014,100019,100021,100022",2026-05-20 15:48:49,25.587996,85.155049,PMJAY
HOSP10P99584,1099584,Hospital,P,Harishakha Drishti,"Netaji Subhash Chandra bose lane,Tilkamanjhi,Bhagalpur",9122548319,10,192,100013,2020-01-06 16:29:18,25.252776999999995,86.97755800000004,PMJAY
HOSP11G04279,1104279,Hospital,G,District Hospital Gyalshing,"Hospital Road,District Hospital Gyalshing,Gyalshing,West Sikkim,",7865804021,11,228,"100001,100002,100003,100004,100005,100006,100007,100008,100009,100010,100011,100012,100013,100014,100015,100016,100017,100018,100019,100020,100021,100022,100023,100026,10083",2018-09-14 18:25:02,27.29111,88.256797,PMJAY
HOSP1P108365,1108365,Diagnostic Centre,P,ALNOOR DIALYSIS AND HEALTH CENTER,"noor complex,90 feet ",9622514151,1,626,100005,2022-07-12 14:17:27,34.136531,74.805621,PMJAY
HOSP11G10096,1110096,Hospital,G,Sir Thutob Namgyal Memorial Hospital,"Sochaygang,",9434126810,11,225,"100001,100002,100003,100004,100005,100006,100007,100008,100009,100010,100011,100012,100013,100014,100015,100016,100017,100018,100019,100020,100021,100022,100023,100026,10083",2018-09-14 18:25:01,27.3465331,88.6033718,PMJAY
HOSP11G13843,1113843,Hospital,G,DISTRICT HOSPITAL MANGAN,"Pentok Mangan North,DAC Road",9641957468,11,226,"100002,100004,100005,100006,100009,100011,100013,100014,100015,100016,100018,100020,100021,100022,100026,10083",2018-09-14 15:28:16,27.4908521,88.5318815,PMJAY
HOSP1P127643,1127643,Hospital,P,NEPHROCARE HEALTH SERVICES PRIVATE LIMITED,"39 b/c,GANDHI NAGAR, JAMMU",9419149339,1,5,100005,2022-04-11 14:32:06,32.70642880121599,74.86196952327941,PMJAY
HOSP1P127832,1127832,Hospital,P,RAKSHA KIDNEY CENTRE PVT LTD,"H. NO. 36, LANE NO.1, GARDEN AVENUE TALAB TILLO, JAMMU,H. NO. 36, LANE NO.1, GARDEN AVENUE TALAB TILLO, JAMMU",9419174939,1,5,"100005,100006,100023",2021-11-29 15:36:43,32.72948481981578,74.84302514615922,PMJAY
HOSP1P132114,1132114,Hospital,P,Pulse Hospital and Research Centre,"House No 110 Gujjar Colony Channi Himmat Jammu City,nH 1A Bye Pass Road Opp. Channi",9541941695,1,5,"100005,100006,100010,100013,100015,100023",2021-12-10 09:04:37,32.691465,74.902822,PMJAY
HOSP1P136198,1136198,Hospital,P,ALTAF HOSPITAL ,"Kanispora near Railway Station ,",7006258812,1,3,"100005,100006,100016",2022-03-01 15:53:53,34.21853560253817,74.38880452296621,PMJAY
HOSP1P136853,1136853,Daycare Centre,P,SOOD EYE CARE,"67/6, ",7006127001,1,5,100013,2022-04-06 20:23:05,32.6705020000001,74.8799470000001,PMJAY
HOSP1G138999,1138999,Hospital,G,GOVERNMENT DENTAL COLLEGE AND HOSPITAL,"GOVERNMENT DENTAL COLLEGE AND HOSPITAL ,SHIREENBAGH",9419014474,1,13,"100005,100014",2022-02-19 11:22:13,34.087906,74.7957860000001,PMJAY
HOSP1P140786,1140786,Hospital,P,shub tilak multispeciality hospital,"ward no 8,akhnoor",8082252300,1,5,"100005,100006,100013,100015,100023",2022-07-12 14:49:31,32.9043972980167,74.7618435311103,PMJAY
HOSP1P141190,1141190,Hospital,P,SWAMI VIVEKANANDA MEDICAL MISSION CHARITABLE HOSPITAL,"AMBPHALLA JAMMU NEAR VED MANDIR,",9419104360,1,5,"100006,100010,100013,100015",2023-01-16 16:45:35,32.7456310000001,74.8654330000001,PMJAY
HOSP1P141581,1141581,Hospital,P,BROAD VISION KIDNEY CARE AND DIALYSIS SPECIALITY CENTRE,"Near Zum Zum Petrol Pump , Nai Basti Anantnag,Near Zum Zum Petrol Pump , Nai Basti Anantnag",6005246695,1,1,100005,2022-07-12 14:56:37,33.7375,75.14067,PMJAY
HOSP1P142108,1142108,Hospital,P,gurmeetkalsi,"HOUSE NO. 411 KRISHNA NAGAR JAMMU,",9419125683,1,5,"100006,100008,100010,100013,100015,100022,100023",2022-07-12 14:29:16,32.729524,74.8524650000001,PMJAY
HOSP1P145193,1145193,Hospital,P,MEDICARE HEALTH SERVICES PRIVATE LIMITED,"medicare hospital kakasarai karanagar srinagar,Medicare Hospital Kakasarai Karanagar Srinagar",9906796240,1,13,,2023-01-16 16:41:33,34.0880420000001,74.7986480000001,PMJAY
HOSP1P147153,1147153,Hospital,P,Ujala Cygnus Kashmir Super Speciality Hospital,"Nowgam Bypass Srinagar Near Pohru Crossing,Nowgam Bypass Srinagar Near Pohru Crossing",8397979083,1,13,"100002,100005,100006,100008,100010,100013,100015,100017,100023",2022-10-10 10:30:28,34.069008,74.806096,PMJAY
HOSP1P149851,1149851,Hospital,P,City Hospital,"Lane No.3,Gulshanabad K P Road Anantnag",8494085221,1,1,100006,2023-04-19 10:56:51,33.73864843,75.14129106,PMJAY
HOSP1P156687,1156687,Hospital,P,Amal Hospital DSHEALTHCARE,"Amal Hospital,Mominabad Ashajipora Anantnag",7006200036,1,1,"100005,100006,100008,100015,100023",2023-04-19 10:59:20,33.7058316279396,75.15472212027498,PMJAY
HOSP1P157712,1157712,Daycare Centre,P,SALFIA DIALYSIS CENTRE,"kamrazibagh Ashajipora Bypass Road Anantnag,Kamrazibagh Ashajipora Bypass Road Anantnag",8700293267,1,1,100005,2023-07-06 13:48:40,33.719848,75.150696,PMJAY
HOSP1G160028,1160028,Hospital,G,maternity hospital gandhinagar gmc jammu,gandhinagar jammu,9419111959,1,5,100010,2023-11-18 14:29:57,32.707570,74.860360,PMJAY
HOSP1P160129,1160129,Hospital,P,Maqbool Memorial Hospital,"National highway palhallan,National highway palhall ",9070196444,1,3,"100006,100016,100023",2023-07-06 13:45:55,34.170982712362274,74.54423740438256,PMJAY
HOSP1P160607,1160607,Hospital,P,NORTH END HOSPITAL,"TAPPAR WARIPORA ,",9149538415,1,3,"100002,100005,100006,100015,100023",2023-08-16 14:41:06,34.1027480000001,74.5815620000001,PMJAY
HOSP1P161602,1161602,Hospital,P,Well Care Medical Institute,"Ahmadnagar. 90feet road, srinagar,",9906404405,1,13,,2023-08-16 14:38:51,34.164412,74.808490,PMJAY
HOSP1P162787,1162787,Daycare Centre,P,EYE CARE AND RESEARCH CENTRE,"EYE CARE AND RESEARCH CENTRE,KARAN NAGAR NEAR GOLE MARKET SRINAGAR",9596426161,1,13,100013,2023-07-06 13:47:40,34.0840870000001,74.7948180000001,PMJAY
HOSP1P168566,1168566,Standalone Dialysis Centre,P,REHMAT DIALYSIS CENTRE,"Rehmat building Near Tak MAsjid Shopian,",9469123256,1,625,100005,2023-08-16 14:43:48,33.71683047793623,74.83279897556588,PMJAY
HOSP1P171018,1171018,Daycare Centre,P,Darul Shifa Dialysis and Diagnostic Centre,"Near BHM Hospital,Jawbhara",6005743218,1,11,100005,2023-09-19 12:28:24,33.92900722435179,75.00255143385255,PMJAY
HOSP1P171115,1171115,Diagnostic Centre,P,LifeLine Dialysis Centre,"bye pass road Ashijipora anantnag,Bye Pass Road Ashijipora Anantnag",9797078022,1,1,100005,2023-11-29 13:49:39,33.721831,75.132241,PMJAY
HOSP1P186520,1186520,Clinic,P,SHRI MATA VAISHNO DEVI NARAYANA MULTISPECIALITY CLINIC,"4 C/C, Gandhi Nagar, Jammu,",9796681002,1,5,"100005,100008",2026-08-04 16:31:30,32.707466,74.863244,PMJAY
HOSP1P206404,1206404,Hospital,P,PLUS MEDICARE HOSPITALS PRIVATE LIMITED,"Durganag Dalgate,",9871157589,1,13,,2026-06-14 10:12:27,34.075139,74.832079,PMJAY
HOSP13G08071,1308071,Hospital,G,PHC NOKSEN,"PHC Noksen, Noksen Town Tuensang",7085276849,13,249,,2018-09-01 10:53:01,26.376772,94.711934,PMJAY
HOSP14P03314,1403314,Medical College Hospital,P,SHIJA HOSPITALS AND RESEARCH INSTITUTE,LANGOL,9436025163,14,256,"100001,100002,100004,100005,100006,100007,100009,100010,100011,100012,100013,100014,100015,100016,100017,100018,100019,100020,100023,100026,100028",2018-10-05 11:57:13,24.835397,93.913967,PMJAY
HOSP16P57274,1657274,Hospital,P,ILS Hospitals Agartala,"ILS Agarlata,",8974050312,16,272,"100002,100003,100005,100006,100011,100012,100013,100014,100015,100016,100020,100022,100023",2026-06-22 13:33:01,23.773427,91.308301,PMJAY
HOSP17P84324,1784324,Hospital,P,Woodland Hospital,"woodland Hospital Dhanketi Shillong,",9863021800,17,274,"100001,100002,100004,100005,100006,100007,100009,100010,100011,100012,100014,100015,100016,100017,100018,100019,100020,100022,100023,100026",2026-05-21 17:26:00,25.566264,91.889647,PMJAY
HOSP18G36467,1836467,Hospital,G,GAUHATI MEDICAL COLLEGE & HOSPITAL,"Narkasur Hilltop, Bhangagarh",9954075427,18,618,"100001,100002,100003,100004,100005,100006,100007,100008,100009,100010,100011,100012,100013,100014,100015,100016,100017,100018,100019,100020,100021,100022,100023,100026,100028,10083",2018-10-03 15:49:07,26.1542164,91.7700635,PMJAY
HOSP18P66448,1866448,Hospital,P,EXCELCARE HOSPITALS,"NH-37, Paschim Boragaon,Near Ganesh Mandir, Guwahati",8876078743,18,618,"100002,100005",2018-11-26 12:58:34,26.126175,91.681092,PMJAY
HOSP18P66450,1866450,Hospital,P,PEERLESS HOSPITAL Earlier Ayursundra,"Bhabanand Boro Path Opposite DPS School Ahom Gaon, GARCHUK, Guwahati, Assam 781035,Bhabananda Boro Path",9287502815,18,618,"100002,100003,100005,100006,100011,100012,100015,100016,100017,100023,100026,100028",2021-10-30 15:30:50,26.109120,91.719265,PMJAY
HOSP18P66451,1866451,Hospital,P,GNRC Hospital Dispur,"GNRC Complex,Dispur, Guwahati,",9707025831,18,618,"100002,100003,100005,100007,100011,100015",2018-11-26 12:58:34,26.1388436,91.7943872,PMJAY
HOSP18P66452,1866452,Hospital,P,GNRC INSTITUTE OF MEDICAL SCIENCE,"GNRC MEDICAL NORTH GUWAHATI ,",8402804402,18,291,"100002,100003,100005,100006,100011,100012,100015,100016,100017,100023",2018-11-26 12:58:34,26.202494,91.693550,PMJAY
HOSP18P66453,1866453,Hospital,P,KGMT MULTISPECIALITY HOSPITAL,"Gitanagar, opp gitanagar police station,ZOO NARENGI ROAD , OPP GITANAGAR POLICE STATION",9864068761,18,618,"100001,100005,100006,100010,100012,100013,100014,100015,100016,100017,100018,100019,100023",2026-06-10 16:28:59,26.171969000000004,91.781342,PMJAY
HOSP18P66454,1866454,Hospital,P,Marwari Hospitals,"S J Road Athgaon ,",9435043900,18,618,"100002,100011,100023",2018-11-26 12:58:34,26.171589,91.740254,PMJAY
HOSP18P66455,1866455,Hospital,P,NEMCARE HOSPITALS PVT LTD,"gmch road, bhangaghar,",7002994181,18,618,"100002,100003,100018",2018-11-26 12:58:34,26.163405792991412,91.76820876148201,PMJAY
HOSP18P66468,1866468,Hospital,P,Apollo Hospitals Guwahati,"GS road, christian basti, Ganeshguri,",9879796166,18,618,"100002,100003",2018-11-26 12:58:34,26.154036,91.781218,PMJAY
HOSP18P66469,1866469,Hospital,P,Arya Hospital,"Arya Hospital,A. M. Road",9864034068,18,618,"100005,100006,100011,100012,100015,100022,100023",2018-11-26 12:58:34,26.1746880000001,91.7524900000001,PMJAY
HOSP18P67478,1867478,Hospital,P,NARAYANA SUPERSPECIALITY HOSPITAL,"TOLARAM BAFNA MEDICAL COMPLEX ,AMINGAON",8008076565,18,291,"100002,100003,100005,100006,100007,100011,100015,100023",2026-06-05 12:13:15,26.20763336685711,91.67829690808958,PMJAY
HOSP18P67481,1867481,Hospital,P,Dispur Hospitals Private Limited,"Dispur Hospitals Private Limited,Amritpur Path , Ganeshguri",9085836610,18,618,"100002,100005,100006,100011,100012,100015,100023",2026-07-03 15:22:06,26.149657,91.786614,PMJAY
HOSP18P67484,1867484,Hospital,P,Health City Hospital a Unit of North East Health City Pvt Ltd,"n .H 37, Koinadhara, Khanapara,Guwahati-22,",6001893139,18,618,"100002,100003,100006,100008,100011,100021,100022,100023",2018-11-30 15:10:56,26.117147,91.815254,PMJAY
HOSP18P68069,1868069,Hospital,P,ASTHA HOSPITAL,"A.T. ROAD,gRAHAM BAZAR",9435032142,18,286,"100005,100006,100011,100012,100015,100019,100023",2024-03-27 15:47:44,27.489120,94.916560,PMJAY
HOSP18P69941,1869941,Hospital,P,Florence Hospital,"Pancha Ratna Road, Goalpara,Pancha Ratna Road, Goalpara",9435323494,18,287,"100006,100012",2018-12-11 15:18:48,26.1980370000001,90.578536,PMJAY
HOSP18P69961,1869961,Hospital,P,AGILE HOSPITALS PVT LTD,"Jayanagar Chariali, tripura road,Beltola, Guwahati",7002662865,18,618,"100005,100006,100011,100012,100015,100017,100018,100019,100023",2018-12-11 15:18:48,26.122131,91.806096,PMJAY
HS02001019,2001019,Hospital,G,civil Hospital Dalhousie,"CIVIL HOSPITAL DALHOUSIE,",8091026247,2,16,"100004,100005,100006,100013,100026,10083",2018-08-02 17:26:31,32.536711,75.975914,PMJAY
HS02002077,2002077,Hospital,P,S M EYE HOSPITAL KANGRA,"VPO GHURKARI KANGRA,",9816336029,2,18,"100013,100026",2018-09-27 17:00:12,32.109106,76.276355,PMJAY
HS02002081,2002081,Hospital,P,Vivekanand Medical Institute,"Mohal Holta Near HP Agriculture University, Palampur,Mohal Holta Near HP Agriculture University, Palampur",9816788800,2,18,"100005,100006,100010,100011,100012,100014,100015,100017,100023",2021-04-12 12:37:52,32.106278865627246,76.5514988411511,PMJAY
HOSP20P02858,2002858,Hospital,P,SURYA SUPER SPECIALITY HOSPITAL,"S B ROY ROAD,",7004504317,20,340,"100005,100006,100012,100015,100023",2018-10-11 16:24:15,25.23512,87.634197,PMJAY
HS02004018,2004018,Hospital,P,Lady Willingdon Hospital,"Ward No 4 Manali,Opposite government senior secondary school",9816033110,2,20,"100005,100006,100012,100015,100020",2018-09-19 10:16:34,32.168693,77.178004,PMJAY
HOSP20P04533,2004533,Hospital,P,NAGARMAL MODI SEVA SADAN,"NAGARMAL MODI PATH ,UPPER BAZAR RANCHI",9431114465,20,339,"100005,100006,100010,100015,100017,100023",2023-07-05 14:26:23,23.370764026584894,85.31715672563826,PMJAY
HOSP20P06355,2006355,Hospital,P,KASHYAP MEMORIAL EYE HOSPITAL PVT LTD,"PURULIA ROAD, NEAR DANGRATOLI CHOWK,",9431174937,20,339,100013,2026-04-30 18:03:04,23.367728,85.337535,PMJAY
HOSP20P07358,2007358,Hospital,P,SINGHPUR NURSING HOME,"Singhpur Nursing Home ,Singhpur, Chotamuri, Muri",9431277155,20,339,"100002,100005,100006,100010,100011,100013,100015,100023",2018-09-20 22:41:01,23.378022,85.853015,PMJAY
HOSP20P07845,2007845,Hospital,P,SUMMER HOSPITAL AND RESEARCH CENTRE PRIVATE LIMITED,"SINGHMORE,KALYANPUR",9431581968,20,339,"100005,100006,100012,100015,100023",2018-09-20 22:52:59,23.302688,85.314007,PMJAY
HOSP20P10256,2010256,Hospital,P,MAA RAM PYARI ORTHO HOSPITAL RESEARCH CENTRE PVT LTD,"YADAV BHAWAN, KARAMTOLI, RANCHI,",9431101600,20,339,100015,2026-06-10 13:49:35,23.382092,85.334646,PMJAY
HOSP20P11827,2011827,Hospital,P,Rani Hospital,"In front of Governor House, Behind Machli Ghar, Booty Road, Ranchi,Ranchi",9263186349,20,339,"100010,100017",2026-06-25 18:42:45,23.362359,85.367257,PMJAY
HOSP20G12045,2012045,Hospital,G,SADAR HOSPITAL RANCHI,"PURULIA ROAD, RANCHI,",8002359951,20,339,"100001,100002,100003,100004,100005,100006,100007,100008,100009,100010,100011,100012,100013,100014,100015,100016,100017,100018,100019,100020,100021,100022,100023,100026",2018-09-13 15:13:19,23.3331140475512,85.3735431000337,PMJAY
HOSP20P12788,2012788,Hospital,P,THE HOPE HOSPITAL,"Ranchi Road Marar Ramgarh,Near indian overseas Bank",9431332206,20,607,"100005,100006,100010,100011,100012,100014,100015,100017",2018-10-02 12:03:41,23.6568120000001,85.5141850000001,PMJAY
HOSP20P18707,2018707,Hospital,P,RAJ HOSPITALS,"MAIN ROAD, OPPOSITE ROSHPA TOWER,",9204055666,20,339,"100002,100006,100008,100012,100015,100022,100023",2026-04-28 15:45:38,23.356544,85.322632,PMJAY
HOSP20P18867,2018867,Hospital,P,Prasad Eye Hospital,"Prasad Eye Hospital Ramgarh,THANA CHOWK , RAMGARH CANTT",8017514309,20,607,100013,2018-09-21 06:46:25,23.63781739647682,85.5121735062146,PMJAY
HOSP20P74737,2074737,Hospital,P,MAX ORTHOPAEDIC HOSPITAL,"Namkum,",9234389593,20,339,100015,2019-02-12 15:59:41,23.33,85.36,PMJAY
HOSP20P81792,2081792,Hospital,P,SANJEEVANI HOSPITAL,"Palamu,",9470968256,20,338,"100005,100006",2019-04-12 20:28:53,24.5490760000001,84.230218,PMJAY
HOSP20P89633,2089633,Hospital,P,MEHERBAI TATA MEMORIAL HOSPITAL,"MEHERBAI TATA MEMORIAL HOSPITAL NEXT TO TATA MAIN HOSPITAL,STOCKING ROAD,BISTUPUR, JAMSHEDPUR",8092099753,20,327,"100005,100008,100021,100022,100027",2019-03-25 13:20:27,22.802715,86.181393,PMJAY
HOSP20P98587,2098587,Hospital,P,RPS HOSPITAL,"RPS HOSPITAL, BESIDE RELIANCE SMART POINT, NEAR RIMS CHOWK, BARISTU ROAD, RANCHI, 834009, JHARKHAND,",7070679716,20,339,"100005,100006,100011,100012,100015",2019-07-01 16:32:57,23.390383,85.3434960000001,PMJAY
HOSP20P99232,2099232,Hospital,P,Medanta Abdur Razzaque Ansari Memorial Weavers Hospital A unit of Global Health Limited,"Irba Ranchi,",7762834834,20,339,"100002,100003,100005,100006,100015,100016,100022,100023,100028",2026-04-28 16:05:59,23.446118,85.434366,PMJAY
HOSP2P121027,2121027,Daycare Centre,P,JVR EYE HOSPITAL BHATTI,"jawalamukhi,VILL BHATTI",9418007829,2,18,100013,2021-01-29 14:43:26,31.887761712448523,76.30376594477741,PMJAY
HOSP2P123988,2123988,Hospital,P,Sri Krishna childern hospital,"Sri Krishna childern hospital,",9418013580,2,26,"100010,100017",2023-07-10 15:05:50,31.4651870000001,76.2787070000001,PMJAY
HOSP2P124184,2124184,Hospital,P,AS Memorial Multispeciality Hospital,"ward no.8 Nadaun Raod ,Hamirpur ,H.P.,Ward No.8 Nadaun Raod ,Hamirpur ,H.P.",9418020055,2,17,"100005,100006,100012,100013,100014,100015,100016",2021-05-11 13:26:22,31.684740418069012,76.52243732988279,PMJAY
HOSP2P124727,2124727,Hospital,P,shri sai cardiac and critical care centre,"badripur ,old lic building ",8219109350,2,24,"100002,100004,100005,100010,100017",2021-07-05 13:13:57,30.449753,77.5839375,PMJAY
HOSP2P130873,2130873,Hospital,P,CITYHEART SUPERSPECIALITY HOSPITAL A UNIT OF THAKUR NURSING HOME,"CITY HEART,",9418353295,2,17,100002,2024-02-14 16:14:31,31.532986,76.468489,PMJAY
HOSP2P141807,2141807,Hospital,P,Kaydee Healthcare and Research Center LLP,"Capt. Saurabh kalia Memorial Kaydee Hospital Dadh,village tamber Post office Dadh tehsil Palampur ",9971313262,2,18,"100004,100006,100019,100023",2022-06-03 15:13:26,32.142832,76.413441,PMJAY
HOSP2P143996,2143996,Hospital,P,jeevan jyoti hospital,"jeevan jyoti hospital,rey road badukhar",9816817084,2,18,100005,2022-10-07 14:48:01,32.041223,75.831378,PMJAY
HOSP2P147756,2147756,Hospital,P,Navkiran Eye Hospital,"Navkiran eye Hospital New Nalagarh phase 3,",7888845817,2,25,"100005,100006,100013",2022-12-05 15:32:23,31.042466,76.716968,PMJAY
HOSP2P148040,2148040,Hospital,P,SIMRAN HOSPITAL,"KHASRA NO 708/246/666/629/245.711/668 NEAR KARA HOTEL,",7889292510,2,25,100015,2022-11-14 12:09:02,31.041488,76.695965,PMJAY
HOSP2P155823,2155823,Hospital,P,MAATRI MEDICITY AND ORTHOCARE HOSPITAL,"Maatri Medicity and orthocare hospital,",9459285944,2,26,"100012,100015",2023-01-11 10:41:52,31.4705530000001,76.271577,PMJAY
HOSP2P156754,2156754,Hospital,P,Sai Hospital,"91/11,dugha",8908888883,2,17,"100005,100006,100010,100012,100017",2023-04-04 20:58:58,31.688537,76.518477,PMJAY
HOSP2P159063,2159063,Hospital,P,Kamal Hospital,"KM Complex Opp Civil Hospital ,",7340888493,2,18,"100005,100006",2023-12-29 16:41:51,32.302010086008565,75.8917763751308,PMJAY
HOSP2P169401,2169401,Hospital,P,ELCURA HEALTHCARE ,"ELCURA HEALTHCARE (A UNIT OF CRUX HEALTHCARE PVT LTD), NEAR SAINIK REST HOUSE THE MALL ROAD SOLAN",7906212624,2,25,"100005,100006,100023",2024-05-07 16:26:32,30.907948585890395,77.09897270707415,PMJAY
HOSP2P189905,2189905,Hospital,P,Grace Mega Care Hospital,"Plot No-111,Jal Groan,UNA",8989100019,2,26,"100005,100006,100012,100015,100020,100023",2024-02-14 16:14:15,31.411638,76.287785,PMJAY
HOSP2P199087,2199087,Hospital,P,DEVBHOOMI ADVAITA HEART HOSPITAL,"KHASARA NO 602/3,607/4/2 VPO MAHALAT,",9418067852,2,26,"100002,100005",2024-04-03 14:19:17,31.464990919893523,76.27941394261336,PMJAY
HOSP22P00435,2200435,Hospital,P,SARWA TRAUMA HOSPITAL,"SARWA TRAUMA HOSPITAL,g e rOAD tATYA pARA rAIPUR",9425203434,22,387,100015,2020-04-23 12:59:17,21.244168,81.609725,PMJAY
HOSP22G00453,2200453,Hospital,P,NH MMI Narayana Multispciality Hospital,"near lalpur pachpedi nak raipur ,",8109932992,22,387,,2020-04-23 12:36:44,21.213248,81.657747,PMJAY
HOSP22P00466,2200466,Hospital,P,SRS HOSPITAL,"SRS HOSPITAL,PACHPEDINAKA RAIPUR",9827112119,22,387,100015,2020-04-23 15:00:24,21.21465883288957,81.65869687998486,PMJAY
HOSP22P00497,2200497,Hospital,P,SPINE AND SKIN CENTRE,"h-21,anupam nagar main road , tv tower road,near akashwani raipur",8435802810,22,387,,2020-04-23 13:41:39,21.2578790000001,81.6673000000001,PMJAY
HOSP22P00533,2200533,Hospital,P,RLC MULTISPECIALITY HOSPITAL,"INFRONT LIC BUILDING RAIPUR ROAD MAHASAMUND,",7000193577,22,385,"100004,100005",2020-05-02 11:18:18,21.116042,82.0866470000001,PMJAY
HOSP22P00544,2200544,Hospital,P,BALCO MEDICAL CENTRE ,"sECTOR 36 ,ATAL NAGAR, UPARWARA ,SECTOR 36 ,ATAL NAGAR, UPARWARA ",9756999976,22,387,,2020-04-23 11:49:57,21.122464,81.775202,PMJAY
HOSP22P00545,2200545,Hospital,P,RAMKRISHNA CARE MEDICAL SCIENCES PVT LTD,"AUROBINDO ENCLAVE PACHPEDI NAKA DHAMTARI ROAD,",9825247482,22,387,,2026-06-15 17:27:27,21.212992,81.653644,PMJAY
HOSP22P00548,2200548,Hospital,P,SHRI SANKALP MEDICAL AND RESEARCH INSTITUTE PVT LTD,"Near sarona railway station before salasar green sarona ring road no 1raipur,",9993790909,22,387,"100002,100003,100005,100006,100011,100012,100014,100015,100017,100019,100022",2020-05-02 12:09:39,21.246872358346096,81.5718506828332,PMJAY
HOSP22P00553,2200553,Hospital,P,ARIHANT HOSPITAL,"DALDAL SIONI MOWA RAIPUR CVHHATTISGARH,DALDAL SIONI MOWA RAIPUR CHHATTISGARH",9827158081,22,387,100015,2020-06-26 10:28:02,21.2785700000001,81.6676180000001,PMJAY
HOSP22P00559,2200559,Hospital,P,LOTUS HOSPITAL AND ADVANCE UROLOGY CENTER,"lotus hospital and advance uroloraipirgy center rajatalab canal road raipur ,rajatalab, canal link road, ",8435802846,22,387,,2020-04-23 12:23:49,21.246853,81.648529,PMJAY
HOSP22P00659,2200659,Hospital,P,OM HOSPITAL,"NEAR HP PETROL PUMP MAHADEVGHAT ROAD RAIPURA CHOWK,",9827162333,22,387,,2020-05-02 12:35:33,21.216470,81.655320,PMJAY
HOSP22P00928,2200928,Hospital,P,SHRI MAHAVIR HOSPITAL ,"BTI ROAD NAWAPARA NEAR AMBEDKAR CHOWK AMBIKAPUR ,",9589424969,22,389,,2020-04-25 11:53:04,23.143181754937373,83.1711000951916,PMJAY
HOSP22P01051,2201051,Hospital,P,Krishna Multispeciality Hospital ,"Plot no.4,5,6,7, Mangalam Vihar,Kosabadi",9826269876,22,383,"100005,100006,100010,100012,100015,100017",2020-05-02 12:07:17,22.360862784224636,82.73285442264478,PMJAY
HOSP22P01090,2201090,Hospital,P,ANUPAM HOSPITAL,"Behind Om Shanti Niketan School,Adarsh Nagar Mowa",8225900700,22,387,"100005,100006,100010,100012,100017",2020-05-28 10:54:07,21.266299,81.670021,PMJAY
HOSP22P01839,2201839,Hospital,P,SUYASH INSTITUTE OF MEDICAL SCIENCE PVT LTD,"SUYASH HOSPITAL,SWAMI VIVEKANAND ASHRAM",9893439358,22,387,"100002,100005,100006,100011,100012,100015,100016,100021,100023",2020-04-23 13:38:21,21.258648,81.605973,PMJAY
HOSP22P01997,2201997,Hospital,P,BALCO HOSPITAL,"balco hospital,balco nagar",9981994699,22,383,,2020-04-18 14:21:26,22.40768662,82.7530824,PMJAY
HOSP22P03994,2203994,Hospital,P,SHAILA MULTISPECIALITY HOSPITAL,"DABARI PARA SEEPAT ROAD SARKANDA,DABARI PARA SEEPAT ROAD SARKANDA",9893882502,22,375,,2020-08-18 11:45:21,22.098077,82.159056,PMJAY
HOSP22P04001,2204001,Hospital,P,SHRI KRISHNA HOSPITAL KESHLA KHARORA,"SHRI KRISHNA HOSPITAL,KHARORA BY PASS ROAD, KESLA ,KHARORA",9770114659,22,387,,2020-05-02 12:42:35,21.391311990329598,81.9418424114242,PMJAY
HOSP2P205553,2205553,Hospital,P,VIVA CARE HOSPITAL,"VILLAGE TAROT PO KANAID TEHSIL SUNDER NAGAR DISTT MANDI HP 175019,",9805019446,2,22,"100005,100006,100023",2024-09-19 11:13:45,31.5727220000001,76.9149320000001,PMJAY
HOSP2P205760,2205760,Hospital,P,RANA HOSPITAL,"VILL PANJEHRA TEH NALAGARH DIST SOLAN HIMACHAL PRADESH,",7018554243,2,25,"100005,100006,100015,100023",2025-02-03 14:05:10,31.136361518626728,76.66591294226737,PMJAY
HOSP22P07140,2207140,Hospital,P,ADITYA HOSPITAL,"PURANI MANDI ROAD GANJPARA MAHASAMUND,",9826128444,22,385,"100005,100006,100010,100012,100015,100017",2021-04-03 11:47:19,21.111478,82.096194,PMJAY
HOSP22G52490,2252490,Hospital,G,PHC SHEKHARPUR,"SHEKHARPUR,",9340128226,22,380,"100001,100002,100003,100004,100005,100006,100007,100008,100009,100010,100011,100012,100013,100014,100015,100016,100017,100018,100019,100020,100021,100022,100023,100026,100028,10083",2020-03-17 16:02:18,22.61526,83.6347670000001,PMJAY
HOSP22G52495,2252495,Hospital,G,PHC Kunda,"FASTERPUR ROAD PHC KUNDA,",8878883870,22,382,"100001,100002,100003,100004,100005,100006,100007,100008,100009,100010,100011,100012,100013,100014,100015,100016,100017,100018,100019,100020,100021,100022,100023,100026,100028,10083",2020-03-24 10:45:53,22.1169858087,81.4810629483,PMJAY
HOSP22G52517,2252517,Hospital,G,PHC Dashrangpur,"Kishanpur,GP -Dashrangpur,",9340312282,22,647,"100004,100005,100012",2020-03-12 15:00:27,22.105574,81.793536,PMJAY
HOSP22P72193,2272193,Hospital,P,ASHOKA SUPER SPECIALITY HOSPITAL AND RESEARCH PVT LTD,"ASHOKA SUPER SPECIALITY WOMEN HOSPITAL,STREET NO 1 ASHOK VIHAR COLONY PANDRI",9425505531,22,387,,2020-04-23 11:47:15,21.257750,81.655192,PMJAY
HOSP22G92687,2292687,Hospital,G,phc mopar,"near pani tankki phc mopar,",9907034363,22,644,"100001,100002,100003,100004,100005,100006,100007,100008,100009,100010,100011,100012,100013,100014,100015,100016,100017,100018,100019,100020,100021,100022,100023,100026,100028,10083",2020-03-12 17:49:03,21.6389990000001,82.034744,PMJAY
HOSP23P00541,2300541,Hospital,P,KRISHNA CANCER HOSPITAL,"60 ,SAHYOG VIHAR, NEAR SHAHPURA POLICE STATION ,BHOPAL,",7869916726,23,396,"100008,100022",2019-03-29 18:14:36,23.186688193543283,77.43509346614032,PMJAY
HOSP23P00623,2300623,Daycare Centre,P,ASG Hospital Pvt Ltd,"Mahadev Commercial Complex,Shivaji Nagar, Bhopal , Madhya Pradesh,Shivaji Nagar, Bhopal , Madhya Pradesh",9522574577,23,396,100013,2019-04-23 11:54:50,23.2291470000001,77.4100250000001,PMJAY
HOSP23P00825,2300825,Hospital,P,Shalya Joint Care,"B-18,Shahpura Bhopal,",9425303124,23,396,100015,2018-09-27 11:59:41,23.1978899,77.4302573,PMJAY
HOSP23P01306,2301306,Hospital,P,Navodaya Cancer Hospital,"B Sector Indrapuri Oppo Bhel Gate Number 1,",9827055790,23,396,,2026-06-12 13:09:52,23.252993,77.461707,PMJAY
HOSP23P01311,2301311,Hospital,P,NARMADA TRAUMA CENTRE PRIVATE LIMITED,"E-3/23,ARERA COLONY, BHOPAL MADHYA PRADESH",9329143102,23,396,"100002,100005,100006,100011,100015,100019,100020",2026-05-18 14:54:04,23.217658,77.439294,PMJAY
HOSP23P01319,2301319,Hospital,P,JAWAHARLAL NEHRU CANCER HOSPITAL AND RESEARCH CENTRE,"Idgah Hills,",9826065256,23,396,"100005,100008,100021,100022,100027",2018-08-28 13:22:14,23.2730315,77.3806136,PMJAY
HOSP23P01377,2301377,Hospital,P,NEW PANDEY HOSPITAL,"ekta chock , Shanichara ",8839759334,23,409,"100005,100006,100011,100012,100015",2018-08-28 13:34:26,22.7597207,77.7184812,PMJAY
HOSP23P01386,2301386,Hospital,P,SETH MANNULAL JAGANNATH DASTRUST HOSPITAL,"1414, Uprainganj , Dixitpura, Jabalpur",8057067895,23,411,"100002,100005,100006,100011,100012,100013,100015,100018,100022,100023",2018-08-28 13:32:55,23.1793729,79.9315748,PMJAY
HOSP23P01395,2301395,Hospital,P,GLOBAL SPECIALITY HOSPITAL,"GANDHI ROAD GWALIOR ,CITY CENTER GWALIOR",9827086784,23,407,,2019-02-21 15:55:02,26.213122,78.192309,PMJAY
HOSP23P01404,2301404,Hospital,P,BADERIA METROPRIME MULTISPECIALITY HOSPITAL,"Kuchaini Parisar,Damoh Naka ",8818883878,23,411,"100002,100003,100005,100006,100008,100011,100012,100015,100016,100019,100020,100022,100023,100028",2018-09-01 15:03:55,23.18958449136838,79.93042498632735,PMJAY
HOSP23P01462,2301462,Hospital,P,LAKECITY INSTITUTE OF SURGICAL SCIENCES PVT LTD,"B27 kasturba nagar bhopal, kasturba nagar",9827212344,23,396,"100006,100008,100010,100012,100014,100017,100018,100019,100022",2024-11-06 11:55:14.388877,23.2324312,77.4398656,PMJAY
HOSP23P01555,2301555,Hospital,P,CHIRAYU HEALTH AND MEDICARE PVT LTD,"6 ,MALIPURA ,BHOPAL,",9826040230,23,396,"100001,100002,100003,100004,100005,100006,100007,100008,100010,100011,100015,100016,100017,100018,100019,100020,100022,100023,100026,100027,10083",2018-11-05 11:08:36,23.258138,77.398257,PMJAY
HOSP23P01576,2301576,Hospital,P,Infinity Heart Institute A Unit Of IHRC Jabalpur,"2Nd,3Rd Floor Dixit Pride, Near Taiyabali Petrolpum, ,Napier Town",9575333311,23,411,"100002,100003",2026-05-30 19:00:03,23.166046,79.938776,PMJAY
HOSP23P01599,2301599,Hospital,P,APEX HOSPITAL,"116,117 SINDHI COLONY SQUARE BERASIA ROAD BHOPAL ",9826759009,23,396,"100006,100019,100020,100023",2019-03-09 19:31:53,23.2708805,77.4013836,PMJAY
HOSP23P01603,2301603,Hospital,P,KAILASH SUPERSPECIALITY HOSPITAL,"HWC SARASDOL,",9893146904,23,428,"100001,100002,100005,100006,100008,100011,100012,100015,100018,100019,100020,100023",2020-06-03 15:37:15,21.9748680000001,79.505475,PMJAY
HOSP23P01611,2301611,Hospital,P,SHREE VINAYAK HOSPITAL,"plot number 347 ,mandakini society kolar road ,Bhopal,",7389105302,23,396,"100006,100008,100011,100012,100015,100019,100020,100022,100023",2024-06-14 15:35:13,23.18,77.42,PMJAY
HOSP23P01650,2301650,Hospital,P,Laxmi Narayan Hospital ,"Jabalpur,T2C3",9425154759,23,411,"100001,100005,100006,100008,100011,100012,100015,100016,100018,100019,100022,100023,100027",2018-09-27 10:25:53,23.121288,79.912912,PMJAY
HOSP23G02056,2302056,Hospital,G,dh panna,"hospital chouraha panna,hospital chouraha panna",9424323838,23,420,"100001,100002,100003,100004,100005,100006,100007,100008,100009,100010,100011,100012,100014,100015,100016,100017,100018,100019,100020,100021,100022,100023,100026,10083",2018-08-31 17:48:20,24.721485,80.186964,PMJAY
HOSP23G02066,2302066,Hospital,G,Mg District Hospital Dewas ,"hate singh goyal colony ab road dewas,",9893572331,23,402,"100001,100002,100003,100004,100005,100006,100007,100008,100009,100010,100011,100012,100013,100014,100015,100016,100017,100018,100019,100020,100021,100022,100023,100026,10083",2018-09-03 11:32:38,22.962203340715888,76.04834999746276,PMJAY
HOSP23G02069,2302069,Hospital,G,Dh Katni,"District Hospital Katni Near Mudwara Station,Near Murwara Railway Station",8889642500,23,413,"100001,100002,100003,100004,100005,100006,100007,100008,100009,100010,100011,100012,100013,100014,100015,100016,100017,100018,100019,100020,100021,100022,100023,100026,10083",2018-09-18 10:56:08,23.832502,80.392444,PMJAY
HOSP23P02161,2302161,Hospital,P,Roshan Hospital,"plot number 7A/B,Govind Garden govindpura raisen road bhopal",9826072333,23,396,"100002,100006,100010,100011,100015,100016,100017,100018,100022,100023",2020-01-23 17:46:22,23.252755,77.439121,PMJAY
HOSP23G02182,2302182,Hospital,G,District Hospital Jabalpur,"Govt. Seth Govind Das (Victoria) District Hospital Jabalpur,   ,badi omti , near ganji pura, near clock tower",9425356849,23,411,"100001,100002,100003,100004,100005,100006,100007,100008,100009,100010,100011,100012,100013,100014,100015,100016,100017,100018,100019,100020,100021,100022,100023,100026,10083",2018-09-19 17:08:18,23.171887895351322,79.937077548516,PMJAY
HOSP23P02220,2302220,Hospital,P,Carewell Multispeciality Hospital,"Gufa Mandir Road Lalghati Bhopal,",9926616404,23,396,"100002,100003,100005,100006,100007,100008,100011,100015,100019,100020,100022,100023",2018-09-27 11:27:34,23.280000,77.380000,PMJAY
HOSP23G02240,2302240,Hospital,G,CHC SEONI MALWA,"CHC SEONI MALWA,CHC SEONI MALWA",9993172756,23,409,"100001,100002,100003,100004,100005,100006,100007,100008,100009,100010,100011,100012,100013,100016,100017,100018,100019,100020,100021,100022,100023,100026,10083",2019-06-10 10:34:26,22.4515000000001,77.4627540000001,PMJAY
HOSP23P02351,2302351,Hospital,P,NARMADA APNA HOSPITAL,"DOUBLE FATAK HARDA BYPASS ROAD,HOSHANGABAD",9516506070,23,409,,2018-08-27 22:58:01,22.676957,77.696881,PMJAY
HOSP23P02358,2302358,Hospital,P,Deepshikha Multispecility Hospital,"Vidya Nagar Near Barkatullah University Behind Axix Bank Hosanagabad Road Bhopal,",9479955788,23,396,"100005,100006,100008,100012,100015,100017,100019,100022,100023",2019-10-25 15:03:32,23.200000,77.450000,PMJAY
HOSP23G02439,2302439,Hospital,G,District Hospital Sagar ,"DH Sagar ,IN FRONT OF BALAK COMPLEX , TILI ROAD SAGAR MP 470002",9827592818,23,425,"100001,100002,100003,100004,100005,100006,100007,100008,100009,100010,100011,100012,100013,100014,100015,100016,100017,100018,100019,100020,100021,100022,100023,100026,10083",2018-08-25 11:38:58,23.822448242005322,78.75477512387351,PMJAY
HOSP23P02529,2302529,Hospital,P,Amaltas Institute Of Medical Sciences Bangar Dewas,"10Th Km, Dewas Ujjain Highway,",9826247595,23,402,"100001,100002,100003,100005,100006,100007,100008,100010,100011,100012,100013,100014,100015,100016,100017,100018,100019,100020,100021,100022,100023,100027",2018-11-02 12:05:50,23.02319670224297,75.97381789998008,PMJAY
HOSP23G02599,2302599,Hospital,G,ch bina,"ch bina district sagar,",8319790025,23,425,"100001,100002,100003,100004,100005,100006,100007,100008,100009,100010,100011,100012,100013,100014,100016,100017,100018,100019,100020,100021,100022,100023,100026,10083",2018-12-12 14:13:56,24.1818430000001,78.207611,PMJAY
HOSP23G02659,2302659,Hospital,G,Chc Deori,"Nh-26 By Pass Road, Deori,Deori",9617521626,23,425,"100001,100002,100003,100004,100005,100007,100008,100009,100010,100011,100012,100013,100014,100015,100016,100017,100018,100019,100020,100021,100022,100023,100026,10083",2018-11-05 17:14:09,23.400036138545715,79.02054281524431,PMJAY
HOSP23G02774,2302774,Hospital,G,Indira Gandhi District Hospital Mandsaur,"Indira Gandhi District Hospital, Mandsaur,",9407149761,23,416,"100001,100002,100003,100004,100005,100006,100007,100008,100009,100010,100011,100012,100013,100014,100015,100016,100017,100018,100019,100021,100022,100023,100026,10083",2018-08-28 15:40:24,24.0731,75.0688,PMJAY
HOSP23G02789,2302789,Hospital,G,C.h c ranjhi jabalpur,"Gokalpur ranjhi jabalpur,gokalpur ranjhi jabalpur",7879506594,23,411,"100001,100002,100003,100004,100005,100006,100007,100008,100009,100010,100011,100012,100013,100014,100015,100016,100017,100018,100019,100020,100021,100022,100023,100026,10083",2018-10-17 15:11:52,23.1949760000001,79.9912840000001,PMJAY
HOSP23P02833,2302833,Hospital,P,Bombay Hospital and Research Center Jabalpur ,"910 Gol Bazar jabalpur, Near Maharastra High School ",9827007176,23,411,"100001,100002,100004,100005,100006,100008,100011,100013,100014,100015,100016,100019,100020,100022,100023,100026",2018-09-19 16:05:38,23.168218,79.923614,PMJAY
HOSP23P03112,2303112,Hospital,P,DHARMLOK HOSPITAL PVT LTD,"Adarsh Colony Road Jai Prakash Ward, ",9630995544,23,413,"100004,100005,100006,100012,100015,100023",2020-06-09 17:18:25,23.84138,80.3924,PMJAY
HOSP23P03131,2303131,Hospital,P,kalyan memorial and kdj,"baradari crossing morar gwalior,",9826279054,23,407,,2020-05-03 21:18:14,26.218969,78.222192,PMJAY
HOSP23P03634,2303634,Hospital,P,Retina Speciality Hospital,"324 - 325 Sch. No. - 54, Pu - 4, Ab Road,vijay nagar",9425056374,23,410,100013,2026-06-17 11:42:41,22.748058,75.896321,PMJAY
HOSP23P03705,2303705,Hospital,P,CANCER HOSPITAL AND RESEARCH INSTITUTE JAN VIKAS NYAS TRUST,"Cancer Hospital And Research Institute Mandre Ki Mata Road Lashkar Gwalior Mp, 474009, ",9425109174,23,407,"100005,100006,100008,100021,100022",2026-04-24 17:02:19,26.18530180840193,78.14937744233191,PMJAY
HOSP23P03743,2303743,Hospital,P,SV Eye Care and Research Centre,"HIG 5 Shalimar complex Sultaniya road bhopal ,",9425010313,23,396,100013,2020-05-25 18:08:29,23.267681,77.378362,PMJAY
HOSP23P03764,2303764,Hospital,P,AKSHAYA HOSPITAL,"RISHI NAGAR CHAR IMLI OPP EKANT PARK BHOPAL ,",9425004913,23,396,"100005,100006,100011,100015",2024-04-24 16:01:38,23.21768089081708,77.42408528472652,PMJAY
HOSP23P03816,2303816,Hospital,P,LEELAWATI MEMORIAL HOSPITAL ,"101 new bypass islam nagar berasia road bhopal,101 new bypass islam nagar berasia road bhopal",8463891433,23,396,"100001,100002,100004,100005,100006,100007,100011,100012,100014,100015,100017,100019,100020,100022,100023",2018-12-24 15:49:06,23.341094,77.407850,PMJAY
HOSP23P03836,2303836,Hospital,P,MEDISQUARE HOSPITAL PVT LTD,"9, vishnupuri colony, A.B. Road , bhanwerkua indore ,",9303212341,23,410,100015,2019-01-17 17:15:29,22.690401877301014,75.86435482408888,PMJAY
HOSP23P07100,2307100,Hospital,P,Sadguru Netra Chikitsalaya & Jankikund Chikitsalaya ,"SADGURU NETRA CHIKITSALAYA,Sadguru Netra Chikitsalaya Jankikund Chitrakoot",9993741000,23,426,100013,2020-01-09 17:30:21,25.164037,80.866588,PMJAY
HOSP23P07423,2307423,Daycare Centre,P,Rajas Eye & Retina Research Center,"152, KANCHAN BAGH, OPP. AIRTEL OFFICE",9201828988,23,410,100013,2018-10-31 17:12:24,22.7180095,75.8809596,PMJAY
HOSP23P07677,2307677,Hospital,P,KOTHARI HOSPITAL PRIVATE LIMITED,"PLOT NO 69/C GATE NO. 4 WRIGHT TOWN SUBHADRA KUMARI CHAUHAN WARD JABALPUR,",9827099019,23,411,,2026-06-17 13:40:19,23.16373,79.9218520000001,PMJAY
HOSP23P07862,2307862,Hospital,P,MGM HOSPITAL AND RESEARCH CENTRE,"INFORNT OF FORESTER PLAY GROUND , KACHEHARI SQUARE",9425162503,23,413,"100001,100002,100005,100006,100011,100012,100013,100014,100015,100017,100019,100020,100022,100023",2019-02-21 15:54:04,23.8330976,80.3947774,PMJAY
HOSP23G08418,2308418,Hospital,G,PANDIT DEENDAYAL HOSPITAL UMARIA ,"ward no 15,",7000756581,23,436,,2018-09-17 17:23:52,23.5431098831433,80.8431077795168,PMJAY
HOSP23P08823,2308823,Hospital,P,VATSALYA HOSPITAL,"WARD NO. 15, LIC OFFICE KE PASS, VISHWKARMA NAGAR, Near MGM COLLEGE ",9630730877,23,409,,2020-08-07 17:57:22,22.411931,77.8435640000001,PMJAY
HOSP23G09415,2309415,Hospital,G,CHC SANWER,"Near bus stand government hospital sanwer,",9893417306,23,410,"100001,100002,100003,100004,100005,100006,100007,100008,100009,100010,100011,100012,100013,100014,100015,100016,100017,100018,100019,100020,100021,100022,100023,100026,10083",2018-12-20 14:25:37,22.9770080000001,75.827859,PMJAY
HOSP23P09506,2309506,Hospital,P,JANJYOTI SUPER SPECIALITY EYE HOSPITAL,"1051, Gol bazar ,,Near Kesharwani Collage",9826950101,23,411,100013,2026-04-24 11:20:29,23.171612,79.924878,PMJAY
HOSP23G09527,2309527,Hospital,G,Pandit Dean Dayal Upadhye Chc Manasa,"Manasa,bus stand road, manasa",8962960151,23,419,"100001,100002,100003,100004,100005,100006,100007,100008,100009,100010,100011,100012,100013,100014,100015,100016,100017,100018,100019,100020,100021,100022,100023,100026,10083",2019-06-10 13:54:30,24.4227220000001,75.1610930000001,PMJAY
HOSP23G09651,2309651,Hospital,G,CH jawad,"Jawad,",8982465880,23,419,"100001,100002,100003,100004,100005,100006,100007,100008,100009,100010,100011,100012,100013,100014,100015,100016,100017,100018,100019,100020,100021,100022,100023,100026,10083",2019-06-07 11:45:26,24.597585,74.863773,PMJAY
HOSP23G09661,2309661,Hospital,G,CHC SINGOLI,"chc singoli,SINGOLI",7354653402,23,419,"100001,100002,100003,100004,100005,100006,100007,100008,100009,100010,100011,100012,100013,100014,100015,100016,100017,100018,100019,100020,100021,100022,100023,100026,10083",2019-06-07 11:41:28,24.9685305,75.2857485000001,PMJAY
HOSP23P09685,2309685,Hospital,P,Rohit Eye Hospital And Child Care Centre,"E-1 Higmain Road Near Lig Square , Indore (Mp),Higmain Road Near Lig Square",9425060583,23,410,100013,2026-07-27 10:58:02,22.679522,75.879857,PMJAY
HOSP23G09839,2309839,Hospital,G,CH KHURAI,"CIVIL HOSPITAL KHURAI,",7697275072,23,425,"100001,100002,100003,100004,100005,100006,100007,100008,100009,100010,100011,100012,100013,100014,100015,100016,100017,100018,100019,100020,100021,100022,100023,100026,10083",2018-09-28 15:45:45,23.9076920000001,78.3279460000001,PMJAY
HOSP23G09975,2309975,Hospital,G,Community Health Centre KHARGAPUR,"KHARGAPUR,",8770099750,23,434,,2018-09-27 17:27:23,24.818748,79.1449880000001,PMJAY
HOSP23P09981,2309981,Hospital,P,A K Hospital,"115 MALVIYA NAGAR NEW MARKET BHOPAL 462003,",8120030250,23,396,,2020-10-14 11:34:46,23.235697,77.402373,PMJAY
HOSP23G10740,2310740,Hospital,G,CHC BURHAR,"atal dwar ke pass amarkantak road burhar,",9425427338,23,429,"100001,100002,100003,100004,100005,100006,100007,100008,100009,100010,100011,100012,100013,100014,100015,100016,100017,100018,100019,100020,100021,100022,100023,100026,10083",2019-05-21 11:36:03,23.1829247107101,81.5167875693565,PMJAY
HOSP23P11583,2311583,Hospital,P,SHITLA SAHAI INSTITUTE OF MEDICAL SCIENCES,"cANCER HILL , MANDARE KI MATA LASHKAR , GWALIOR,",9425109561,23,407,"100002,100003,100005,100006,100011,100014,100015,100023",2026-06-13 14:38:02,26.183443,78.165807,PMJAY
HOSP23G12428,2312428,Hospital,G,CHC JEERAN,"JIRAN,",7597258585,23,419,"100001,100002,100003,100004,100005,100006,100007,100008,100009,100010,100011,100012,100013,100014,100015,100016,100017,100018,100019,100020,100021,100022,100023,100026,10083",2019-05-20 11:54:27,24.3152460000001,74.81782,PMJAY
HOSP23G14288,2314288,Hospital,G,Community Health Center Ranapur,"cHC ranapar Near By Jhabua naka Road Ranapur,",9425013373,23,412,"100001,100002,100003,100004,100005,100006,100007,100008,100009,100010,100011,100012,100013,100014,100015,100016,100017,100018,100019,100020,100021,100022,100023,100026,10083",2019-05-29 11:18:31,22.6603386258268,74.49289633042,PMJAY
HOSP23P22971,2322971,Hospital,P,AROGYA HOSPITAL,"above central bank of india ,nh 12 , mandideep",8527644818,23,396,"100005,100006,100015",2021-04-19 11:11:17,23.102293,77.513137,PMJAY
HOSP23P23159,2323159,Hospital,P,Eye Site Eye Hospital And Retina Centre ,"ED 87 ,Scheme no 94 , Service Line between Robot Square and Khajrana Square, Ring Road ",7999234171,23,410,100013,2026-05-21 11:58:35,22.739905,75.902717,PMJAY
HOSP23P24084,2324084,Hospital,P,KAMLA BEN HOSPITAL DHAMNOD ,"KAMLA BEN HOSPITAL NEAR SAI MARRIAGE GARDEN AB ROAD DHAMND,NEAR SAI MARRIAGE GARDEN AB ROAD DHAMNOD ",9009524711,23,403,,2021-05-07 13:42:01,22.201190483982913,75.48331689768463,PMJAY
HOSP23P25893,2325893,Hospital,P,DEVANTA HOSPITAL,"shahdol,",9111182645,23,429,"100005,100006,100012,100015,100017",2023-05-04 12:55:15,23.296257,81.365494,PMJAY
HOSP23P26164,2326164,Hospital,P,Agrawal hospital,"patel ward,",7869609523,23,418,"100005,100006,100012,100015,100023",2022-01-04 18:02:27,22.948368,79.196281,PMJAY
HOSP23P26892,2326892,Hospital,P,ANANDAM HOSPITAL SENDHWA,"Kamal Nagar, A.B.Road, Sendhwa ( M.P. ), ",9425072963,23,393,"100005,100006,100010,100012,100013,100014,100015,100016,100017,100019,100020,100023",2020-03-23 16:32:45,21.676584768,75.0879955818525,PMJAY
HOSP23P45623,2345623,Hospital,P,SAPTRISHI HOSPITAL AN UNIT OF RAI SAHEB BHAIYALAL DUBEY EDUCATIONAL AND MEDICAL CHARITABLE TRUST,"1279, bhawani prasad tiwari ward, wright town",8319198625,23,411,"100005,100006,100008,100012,100014,100016,100022",2023-08-11 14:39:10,23.167095,79.928489,PMJAY
HOSP23P51372,2351372,Hospital,P,NAGPUR NEURO AND TRAUMA HOSPITAL,"F-10 PATEL NAGAR RAISEN ROAD,",7224886982,23,396,"100005,100006,100012,100015,100023",2019-07-27 16:53:33,23.2514446,77.5030356,PMJAY
HOSP23P54873,2354873,Hospital,P,RATAN JYOTI NETRALAYA,"18, Vikas Nagar Near Sai Baba Mandir Gwalior,",9111004035,23,407,100013,2026-05-27 17:36:54,26.210028,78.171794,PMJAY
HOSP23P61186,2361186,Hospital,P,MEENA FRACUTURE HOSPITAL NARMDAPURAM,"mEENA FRACUTURE HOSPITAL NEAR MATA MANDIR NARMADAPURAM SADAR BAJAR,",9827251996,23,409,100015,2021-09-23 17:10:27,22.75122,77.726978,PMJAY
HOSP23P67704,2367704,Hospital,P,BIMR HOSPITALS,"Surya mandir road residency morar,",9406862812,23,407,"100002,100003,100007,100008,100021,100022,100023",2026-04-30 16:16:29,26.234925,78.218059,PMJAY
HOSP23P68267,2368267,Hospital,P,Maheshwari Hospital,"07 Om shiv nagar gufa mandir road bhopal,",9926439633,23,396,"100001,100006,100011,100012,100015,100019,100020,100023",2019-03-27 16:51:55,23.277051,77.372418,PMJAY
HOSP23P71477,2371477,Hospital,P,RR HOSPITAL,"80 fit road Bawadi In Front Of Pushpa Nagar Gate ,pushpa nagar ,Bhopal,",9893296529,23,396,"100005,100006,100015",2021-05-08 12:40:56,23.263551,77.419677,PMJAY
HOSP23P72077,2372077,Hospital,P,RJN APOLLO SPECTRA HOSPITALS,"18, Vikas nagar,,Near Sai Baba Mandir, Gwalior",9958644244,23,407,,2019-08-08 11:07:28,26.217420,78.170979,PMJAY
HOSP23P78856,2378856,Medical College Hospital,P,Sri Aurobindo Institute Of Medical Sciences,"Indore Ujjain State Highway, Bhanwarasala,Bhanwarasala, Indore",9826266203,23,410,"100002,100003,100005,100006,100007,100008,100010,100011,100012,100013,100014,100015,100016,100017,100018,100019,100021,100022,100023,100027",2019-02-02 16:22:21,22.7969535,75.8451565,PMJAY
HOSP23P80355,2380355,Hospital,P,MAHAVEER INSTITUTE OF MEDICAL SCIENCES & RESEARCH,IT PARK Opposite New Central Jail Badwai Bhopal,9830079258,23,396,"100005,100006,100012,100013,100014,100015,100016,100017,100022",2019-03-08 14:09:14,23.3121612,77.3654437,PMJAY
HOSP23P82256,2382256,Hospital,P,Chandak Hospital,"Chandak Hospital,chandak chowk katni",9425801266,23,413,,2019-10-29 13:21:17,23.838599,80.387253,PMJAY
HOSP23P82994,2382994,Hospital,P,CARE INFINITY HOSPITAL,"105,vijay nagar lalghatii",9770429246,23,396,"100005,100006,100010,100012,100013,100014,100015,100016,100017,100018",2019-03-27 16:50:49,23.27381440245388,77.36675835157757,PMJAY
HOSP23G84589,2384589,Hospital,G,COMMUNITY HEALTH CENTAR BILKISGANJ,CHC Bilkisganj Dis Sehore,9893018235,23,427,"100001,100002,100003,100004,100005,100006,100007,100008,100009,100010,100011,100012,100013,100014,100015,100016,100017,100018,100019,100020,100021,100022,100023,100026,10083",2019-05-22 17:40:45,23.1171224,77.2397633,PMJAY
HOSP23P85740,2385740,Hospital,P,JYOTI MULTI SPECIALITY HOSPITAL,"GF-19,SCHEME NO 54,VIJAY NAGAR,INDORE,OPP MEGHDOOT GARDEN",9827026067,23,410,"100015,100019,100023",2019-10-23 17:26:59,22.752994413973724,75.8887078290835,PMJAY
HOSP23P88578,2388578,Hospital,P,APOLLO RAJSHREE HOSPITALS PVT LTD,"SCHEME NO 74-C, SECTOR D, VIJAY NAGAR, INDORE,",9182761092,23,410,100003,2022-01-04 17:42:12,22.7575370000001,75.8850560000001,PMJAY
HOSP23P88606,2388606,Hospital,P,SHRI INDORE CLOTH MARKET HOSPITAL ,"MOG LINES,DHAR ROAD",9425059996,23,410,"100002,100005,100006,100008,100010,100012,100014,100015,100016,100017,100018,100023",2021-08-12 17:21:38,22.711594174478392,75.83990417250027,PMJAY
HOSP23P91826,2391826,Hospital,P,DAYAL MULTISPECIALITY HOSPITAL,NEAR BSNL OFFICE,7000252361,23,409,"100005,100006,100012,100015",2019-07-25 15:09:59,22.610722,77.76318,PMJAY
HOSP23P92699,2392699,Hospital,P,ABM HOSPITAL,"05 MOTIA TALAB ROAD ,05 motia talab road",7666132941,23,396,,2019-07-29 15:49:33,23.263321,77.393853,PMJAY
HOSP23G93782,2393782,Hospital,G,civil hospital sabalgarh,"ms road sabalgarh,",9425419032,23,417,"100001,100002,100003,100004,100005,100006,100007,100008,100009,100010,100011,100012,100013,100014,100015,100016,100017,100018,100019,100020,100021,100022,100023,100026,10083",2020-11-07 12:42:17,26.1362645958793,77.3008406868917,PMJAY
HOSP23P99437,2399437,Hospital,P,bhopal care hospital,"86 ,motiya talab road",9827204548,23,396,"100005,100006,100011,100012,100015,100016,100019,100022,100023",2019-08-22 18:03:00,23.249037,77.396616,PMJAY
HOSP24P01699,2401699,Hospital,P,Shalby Hospital Naroda,"679, Nr. haridarshan Cross Road.,Naroda, Ahmedabad",9512001911,24,438,"100002,100003,100008,100015,100020,100021,100022,100023",2026-05-11 16:24:39,23.069344,72.673509,PMJAY
HOSP24G03935,2403935,Hospital,P,Parul Sevashram Hospital,"Parul University campus,",9879336843,24,461,"100001,100002,100003,100004,100005,100006,100007,100008,100009,100010,100011,100012,100013,100014,100015,100016,100017,100018,100019,100020,100021,100022,100023,100026,100028",2018-09-04 17:48:06,22.286357,73.364183,PMJAY
HOSP24P04769,2404769,Hospital,P,SAVITA SUPERSPECIALITY HOSPITAL,"SAVITA SUPERSPECIALITY HOSPITAL NEAR PARIVAR CHAR RASTA DABHOI RING ROAD VADODARA,",9879172160,24,461,,2019-02-08 12:25:56,22.293070,73.242306,PMJAY
HOSP24G07832,2407832,Hospital,P,THE GUJARAT RESEARCH AND MEDICAL INSTITUTE,"CAMP ROAD SAHIBAUG AHMEDABAD,",9825046801,24,438,"100002,100003,100005,100006,100008,100010,100012,100013,100015,100016,100017,100020,100022,100023",2018-09-04 17:49:43,23.054563,72.604871,PMJAY
HOSP24P08174,2408174,Hospital,P,UNITY TRAUMA CENTRE AND ICU,"NEAR D R WORLD OPP RAGHUVIR BUSINESS EMPIRE,AAI MATA ROAD PARVAT PATIYA SURAT",9374077567,24,459,"100002,100003,100005,100006,100007,100011,100015,100016,100020,100023",2019-07-24 15:52:22,21.190253,72.858088,PMJAY
HOSP24P08372,2408372,Hospital,P,HARIA L G ROTARY HOSPITAL GIDC VAPI,"CHARWADA ROAD GIDC VAPI,CHARWADA ROAD",7434888116,24,462,,2019-03-27 13:23:35,20.381677,72.921282,PMJAY
HOSP24P09209,2409209,Hospital,P,DDMM INSTITUTE OF CARDIOLOGY,"DDMM HEART INSTITUTE,MISSION ROAD",9427004250,24,450,"100002,100003",2018-09-19 11:42:09,22.700826,72.844456,PMJAY
HOSP24P10011,2410011,Hospital,P,TRISHA MULTISPECIALITY HOSPITAL,"6TH AND 7TH FLOOR DREAM SQUARE, NR.NIRNAYNAGAR UNDER PASS,NAVA VADAJ",9426059597,24,438,"100002,100015,100020,100023",2021-03-17 11:15:19,23.073163,72.559569,PMJAY
HOSP24P10245,2410245,Hospital,P,AARNA SUPERSPECIALITY HOSPITAL PALDI,"aarna superspeciality hospital  near parimal under  bridge opp suvidha complex ,Nr. Karnavati Pagarkha bajar, Paldi, Ahmedabad",8469131341,24,438,"100006,100015,100018,100020,100023",2018-09-20 11:45:16,23.014444,72.559739,PMJAY
HOSP24P10298,2410298,Hospital,P,Tricolour Hospitals,"Dr Vikaram Sarabhai Road Genda Circle Vadi Wadi Vadodara,Dr Vikaram Sarabhai road Genda Circle Vadi Wadi Vadodara",9081028286,24,461,"100002,100003,100005,100006,100011,100015,100020,100023",2026-06-13 16:10:08,22.317348,73.166708,PMJAY
HOSP24P10410,2410410,Daycare Centre,P,BA SMT LILABEN CHIMANLAL PARIKH CANCER CENTRE,"M G G CIVIL HOSPITAL CAMPUS , STATION ROAD , NAVSARI,M G G CIVIL HOSPITAL CAMPUS , STATION ROAD , NAVSARI",7575036444,24,453,"100008,100021",2018-12-28 15:25:39,20.945432749571694,72.91200706254392,PMJAY
HOSP24P10432,2410432,Hospital,P,RAJKOT CANCER SOCIETY,"Smt. Anilaben Kantilal Kothari Cancer Chikitsa Bhavan,,1, tirupati nagar, opp. nirmala convent school",7025881042,24,457,"100008,100021,100022",2018-09-19 11:41:30,22.298940,70.775340,PMJAY
HOSP24P10686,2410686,Hospital,P,BANKERS HEART & MULTISPECIALITY HOSPITAL,"Bankers Heart and Multispeciality Hospital,Harni Warasia Ring Road, Warasia, Vadodara",6354913343,24,461,"100002,100003,100005",2018-12-12 11:02:07,22.317573,73.220885,PMJAY
HOSP24P10865,2410865,Hospital,P,UNICARE HEART INSTITUTE AND RESEARCH CENTER,"acme plaza b wing near sosyo circle behind new civil hospital,canal road",8200668911,24,459,"100002,100003",2018-09-19 11:06:04,21.174187,72.825981,PMJAY
HOSP24P10875,2410875,Hospital,P,BAPS PRAMUKH SWAMI HOSPITAL,", Shri Pramukh Swami Maharaj Marg,,, Adajan, Surat, Gujarat 395009,, Adajan Char Rasta",9825312027,24,459,"100002,100003,100023",2018-09-20 11:40:08,21.18949,72.79812,PMJAY
HOSP24P10898,2410898,Hospital,P,RHYTHM HEART INSTITUTE,"5TH FLOOR, GLK TOWER, NEAR BUS STATION, RHYTHM HEART RHYTHM,dahod",9898060839,24,445,100002,2018-10-08 15:28:32,22.841942334941194,74.25065500621724,PMJAY
HOSP24P10910,2410910,Hospital,P,Apollo CBCC,"BHAT Gandhinagar,",9833275770,24,446,"100008,100021,100022",2021-05-06 15:07:00,23.109946,72.6258090000001,PMJAY
HOSP24P12027,2412027,Hospital,P,Rhythm heart Institute vadodara,"Nr.Siddharth bunglow,sama savli road ",8128995863,24,461,"100002,100003,100005,100015,100020",2021-03-17 11:15:19,22.337634,73.204933,PMJAY
HOSP24P12583,2412583,Hospital,P,LIFECARE INSTITUTE OF MEDICAL SCIENCES AND RESEARCH PVT LTD ,"1, Nathalal Colony, Sardar Patel Statue Corner,,Stadium Road",9909905020,24,438,,2018-10-11 12:16:09,23.04743349786618,72.56157839108596,PMJAY
HOSP24P12722,2412722,Hospital,P,SHALEEN HEALTHCARE PRIVATE LIMITED,"02, sHALEEN pLAZA, ,NR MANGALDEEP PARTY PLOT SCIENCE CITY ROAD SOLA AHMEDABAD",9426513988,24,438,"100008,100021,100022",2018-09-20 11:45:59,23.075539,72.517590,PMJAY
HOSP24P12974,2412974,Hospital,P,DWTI PRABHU GENERAL HOSPITAL AND BANKERS HEART INSTITUTE,"DWTI PRABHU GENERAL HOSPITAL AND BANKERS HEART INSTITUTE,OPP LAKEVIEW GARDEN, FLORAL PARK ROAD, UMRA, SURAT",8511174104,24,459,"100002,100003",2018-09-19 11:03:48,21.167763233711355,72.7782073698055,PMJAY
HOSP24P13136,2413136,Hospital,P,Sunshine Global Hospital A unit of Baroda Medicare Private Limited,"Sunshine Global Hospital Surat,Besides Big Bazar Guarav Path Dumas Road",9833890515,24,459,"100002,100003,100008,100011,100015,100020,100022,100023",2018-11-30 14:25:10,21.149532,72.761859,PMJAY
HOSP24P14299,2414299,Hospital,P,SHRI B D MEHTA MAHAVIR HEART INSTITUTE,"SHREE MAHAVIR HEAALTH AND MEDICAL RELIEF SOCIETY, MAHAVIR HEALTH CAMPUS, ,ATHWAGTE , RING ROAD , SURAT ",9375921300,24,459,"100002,100003,100007",2018-09-20 11:15:53,21.184020,72.813900,PMJAY
HOSP24P15366,2415366,Clinic,P,MAVANI KIDNEY CARE,"201,202 Mavani Kidney Care, Kairos Building ,Near Manav Manav Mandir,  Sushil Nagar Soc. Drive-in Road,  Ahmedabad-52",9825317953,24,438,100005,2018-09-20 11:45:47,23.046776451690576,72.53254627366391,PMJAY
HOSP24P19725,2419725,Hospital,P,BHARAT CANCER HOSPITAL & RESEARCH INSTITUTE,"SURAT BARDOLI ROAD,Saroli",9824573383,24,459,"100008,100021,100022",2018-11-03 12:51:32,21.195505,72.884298,PMJAY
HOSP24P19859,2419859,Hospital,P,PRANAYAM LUNG INSTITUTE,"LAKULESH PARK SOCIETY, NEW VIP ROAD,,NEAR SADHUVASWANI SCHOOL, ",9820808702,24,461,"100002,100003,100005,100015,100020",2018-12-20 16:16:18,22.322441,73.222549,PMJAY
HOSP24P20975,2420975,Hospital,P,D Z PATEL CADIOLOGY CENTER,"MAHAGUJARAT HOSPITAL CAMPUS COLLOGE ROAD NADIAD,",9023210704,24,450,"100002,100003",2018-11-22 17:49:09,22.690370,72.863543,PMJAY
HOSP24P23280,2423280,Hospital,P,Gujarat kidney and superspeciality hospital,"New Indiamill Compound, Near Jetalpur Over Bridge, Jetalpur Road, Vadodara - 390020,",9081224499,24,461,"100005,100015,100020",2020-01-04 17:03:59,22.307064328882802,73.17595921159045,PMJAY
HOSP24P25603,2425603,Hospital,P,Star hospital,"STAR HOSPITAL Bapunagar,NEAR INDICALAB ",9574787348,24,438,"100002,100003,100008,100015,100020,100022,100023",2020-12-01 14:08:06,23.040000,72.630000,PMJAY
HOSP24P27459,2427459,Hospital,P,SAT KAIVAL HOSPITAL PVT LTD UNIT AKANKSHA HOSPITAL AND RESEARCH INSTITUTE,"Opp. Guruvilla Banglows, Near Shristi English Medium School",9998459878,24,440,"100002,100003,100005,100010,100017",2020-07-27 17:45:51,22.551621,72.9788,PMJAY
HOSP24P31022,2431022,Hospital,P,CANCER ASSOCIATES,"Shubham Cancer Centre Opp-Zydus Hospital, Thaltej Hebatpur Road, Thaltej,Thaltej, AHmedabad, Gujarat",8511099049,24,438,"100008,100021,100022",2024-02-13 12:21:06,23.060144,72.518451,PMJAY
HOSP24P36663,2436663,Hospital,P,GOKUL HOSPITAL KUVADAVA ROAD,"14-SADGURUNAGAR, NR.RANCHHODDASBAPU ASHRAM,KUVADAVA ROAD",7820075200,24,457,"100002,100003,100007,100015,100020,100023",2019-08-14 14:42:57,22.307730,70.816921,PMJAY
HOSP24G52818,2452818,Hospital,G,Community health centre Dudhai,"Community health centre Dudhai, opp Old Dudhai,Bhuj Bhachau Highway, Dudhai",7069095710,24,449,"100004,100005,100012,100015,10083",2020-11-25 11:33:29,23.2905630000001,70.064086,PMJAY
HOSP24P58269,2458269,Hospital,P,KIRAN MULTY SUPER SPECIALTY HOSPITAL & RESEARCH CENTER,"VASTA DEVDI ROAD,NEAR SUMUL DAIRY, KATARGAM",9726432051,24,459,,2018-11-29 17:33:55,21.21859961394628,72.83689746035066,PMJAY
HOSP24P58416,2458416,Hospital,P,Raj Palmland Hospital Pvt Ltd,"Palmland Hospital,FALSHARUTI NAGAR BHARUCH",7486019502,24,442,,2019-04-08 12:43:29,21.703999,72.994917,PMJAY
HOSP24P61192,2461192,Hospital,P,NARAYANA HRUDALAYA LTD,"Ex Monogram mill compound ,Opposite rakhiyal Police station -Rakhiyal ",9328224154,24,438,,2026-06-04 15:22:09,23.022709,72.623551,PMJAY
HOSP24P61827,2461827,Medical College Hospital,P, SHREE KRISHNA HOSPITAL,"Gokal Nagar,Anand Sojitra Road, Karamsad",8141715564,24,440,"100002,100003,100005,100006,100008,100010,100012,100013,100015,100016,100017,100020,100021,100022,100023",2018-12-07 01:12:16,22.54043933936228,72.8926807678348,PMJAY
HOSP24P62502,2462502,Hospital,P,KANBA HOSPITAL,"33/4,Opp. Abjibapa Green Avenue, Anjana Chowk, Nikol",9925103356,24,438,"100015,100020",2021-03-17 11:15:19,23.035050,72.668469,PMJAY
HOSP24P65302,2465302,Hospital,P,SHALBY LIMITED,"NEAR NAVYUG COLLGE, RANDER ROAD,",9925043836,24,459,"100002,100003,100008,100011,100015,100020,100021,100022,100023",2019-07-24 15:52:22,21.201814,72.801059,PMJAY
HOSP24P65745,2465745,Hospital,P,STERLING HOSPITAL A DIV OF STERLING ADDLIFE INDIA PVT. LTD,"STERLING HOSPITAL ROAD,MEMNAGAR",9924145250,24,438,"100002,100003",2019-11-27 17:35:40,23.048758138543732,72.53126548870864,PMJAY
HOSP24P66021,2466021,Hospital,P,STERLING HOSPITAL,"plot no 251,15 ft ring road,nr. raiya circle ",9377969992,24,457,"100002,100003,100005,100008,100021,100022",2019-12-18 11:35:47,22.306698669882138,70.76768771737352,PMJAY
HOSP24P66427,2466427,Hospital,P,Amit Hospital,"near avabai school valsad,",9825782325,24,462,"100006,100012,100015,100016,100020",2019-01-17 16:00:09,20.609996,72.927272,PMJAY
HOSP24P67332,2467332,Hospital,P,SGVP HOLISTIC HOSPITAL,"SGVP CAMPUS, VAISHNOV DEVI CIRCLE, S G HIGHWAY, AHMEDABAD,",7227004179,24,438,"100002,100003,100005,100015,100020",2018-12-26 13:05:46,23.132498,72.539858,PMJAY
HOSP24P67779,2467779,Hospital,P,HCG HOSPITALS RAJKOT,"Ayodhya Chowk,,Near Astha Avenue, off.150ft Ring Road,",7573044899,24,457,"100002,100003,100005,100008,100011,100015,100016,100020,100021,100022,100023",2018-12-20 16:17:20,22.319549,70.773667,PMJAY
HOSP24P68100,2468100,Hospital,P,AHMEDABAD INSTITUTE OF MEDICAL SERVICES,"P.N.HOUSE, OPP. JETHABHAI PARK SOCIETY,NARAYANNAGAR ROAD, PALDI",7878797818,24,438,"100002,100003,100015,100020,100023",2026-06-17 20:14:45,23.003485,72.563683,PMJAY
HOSP24P68522,2468522,Hospital,P,ANAND SURGICAL HOSPITAL PVT. LTD.,"Memco Cross Road,Naroda Road,Ahmedabad,",9825153975,24,438,"100005,100007,100008,100022,100023",2019-01-26 20:44:46,23.054925,72.631045,PMJAY
HOSP24P68623,2468623,Hospital,P,HCG Hospital A Unit of HealthCare Global Enterprises Limited,"1139, Sir Pattani Road, ,Near Meghani Circle,",9879806311,24,443,"100002,100003,100008,100011,100015,100020,100021,100022",2019-01-08 11:46:05,21.765271,72.154684,PMJAY
HOSP24G69178,2469178,Hospital,G,HWC RAMPURA ,"Rampura ta detroj Ahmedabad ,",9099064354,24,438,"100001,100003,100004,100005,100007,100008,100009,100010,100014,100016,100017,100019,100023,100026,10083",2018-12-10 13:19:03,23.333624,72.1893890000001,PMJAY
HOSP24G69204,2469204,Hospital,G,PHC DANGARWA,"OPP BUS STAND DANGARWA,",9909966957,24,451,"100001,100003,100004,100005,100007,100008,100009,100010,100012,100014,100016,100017,100019,100023,100026,10083",2018-12-10 13:19:03,23.378344186222535,72.44990993594661,PMJAY
HOSP24G69239,2469239,Hospital,G,PHC SOKHADA,"PHC SOKHADA TA.VIJAPUR DIST.MEHSANA,NEAR MANSA VISANAGAR HIGHWAY",9978742131,24,451,"100001,100004,100005,100006,100009,100011,100012,100013,100015,100017,100018,100020,100026,10083",2018-12-10 13:19:03,23.580172,72.614871,PMJAY
HOSP24G69294,2469294,Hospital,G,PRIMARY HEALTH CENTRE GADHAKA,"GADHAKA VIA KASTURBADHAM NEAR KADVA PATEL HALL ,GADHAKA",7567877889,24,457,"100001,100003,100004,100005,100007,100008,100009,100010,100014,100016,100017,100019,100023,100026,10083",2018-12-10 15:23:15,22.257998138908306,70.9574015621763,PMJAY
HOSP24G69303,2469303,Hospital,G,PHC KHIRASARA,"MAIN ROAD,NEAR RIVERFRONT",9016696288,24,457,"100005,100011,100013,100018,10083",2018-12-10 15:23:15,22.2363490000001,70.651779,PMJAY
HOSP24G69394,2469394,Hospital,G,Primary Health Centre DOLIYA,At Doliya Ta Sayla Dist Surendranagar,9979420727,24,460,"100001,100003,100004,100005,100007,100009,100010,100011,100012,100013,100014,100016,100017,100018,100019,100023,100026,10083",2018-12-10 15:23:15,20.9056,73.322,PMJAY
HOSP24G69491,2469491,Hospital,G,PHC MALEKPUR,"PHC MALEKPUR,PHC MALEKPUR",8347451050,24,669,"100001,100003,100004,100005,100007,100009,100010,100011,100013,100014,100016,100017,100018,100019,100023,100026,10083",2018-12-10 15:23:15,23.230265,73.7339650000001,PMJAY
HOSP24G69507,2469507,Hospital,G,PHC VARDHARI,"phc Vardhari,phc Vardhari",9227978037,24,669,"100001,100003,100004,100005,100007,100009,100010,100012,100014,100016,100017,100019,100023,100026,10083",2018-12-10 15:23:15,23.087899,73.4572670000001,PMJAY
HOSP24G69561,2469561,Hospital,G,PHC Vav,"Bhagat faliyu vav,vav village",9727709544,24,459,"100001,100003,100004,100005,100006,100007,100009,100010,100011,100012,100013,100014,100016,100017,100018,100019,100023,100026,10083",2018-12-10 15:23:15,21.248567295948163,72.97105767355345,PMJAY
HOSP24G69567,2469567,Hospital,G,PRIMARY HEALTH CENTRE BALPUR,"Village:Balpur,Taluka:Vyara,Dist: Tapi",9727709578,24,641,"100001,100003,100004,100005,100007,100009,100010,100014,100016,100017,100019,100023,100026,10083",2018-12-10 15:23:15,21.008259,73.426464,PMJAY
HOSP24G69583,2469583,Hospital,G,PRIMARY HEALTH CENTER KANJOD,"pHC KANJOD,VALOD-VADIA ROAD",7016919878,24,641,"100005,100011,100013,100018,10083",2018-12-10 15:23:15,21.002561002633414,73.23957901640165,PMJAY
HOSP24G69631,2469631,Hospital,G,PHC UNAVA,"1,unava",9909942220,24,446,"100001,100003,100004,100005,100007,100009,100010,100011,100012,100013,100014,100016,100017,100018,100019,100023,100026,10083",2018-12-10 15:47:45,23.3349930000001,72.6568130000001,PMJAY
HOSP24G69825,2469825,Hospital,G,PHC KIDANA ,"Bhukampam nagar Kidana,Kidana",9601845954,24,449,"100001,100003,100004,100005,100007,100009,100010,100011,100013,100014,100016,100017,100018,100019,100023,100026,10083",2018-12-11 13:24:35,23.0401051,70.1028616,PMJAY
HOSP24G69883,2469883,Hospital,G,Primary Health Center Garej,"Near Ramdevpir Mandir,bus Stand Road",7016339492,24,456,"100001,100003,100004,100005,100007,100008,100009,100010,100012,100014,100016,100017,100019,100023,100026,10083",2018-12-11 13:24:35,21.631269,69.612761,PMJAY
HOSP24G69884,2469884,Hospital,G,PRIMARY HEALTH CENTRE KADACHH,"Mocha-Bagasara road,",9904433367,24,456,,2018-12-11 13:24:35,21.352266,69.922395,PMJAY
HOSP24P69895,2469895,Hospital,P,PARAM HOSPITAL,"Punagam Brts Canal Road,punagam brts canal road",9712927645,24,459,"100006,100011,100015,100020",2024-09-05 13:37:12,21.19663062852024,72.87257524543793,PMJAY
HOSP24G70628,2470628,Hospital,G,SARDAR VALLABHBHAI PATEL INSTITUTE OF MEDICAL SCIENCES AND RESEARCH ,"Ellisebridge, Ahmedabad,",9510779976,24,438,"100001,100002,100003,100004,100005,100006,100007,100009,100010,100011,100012,100014,100015,100016,100017,100018,100019,100020,100022,100023,100026,10083",2019-01-16 11:29:20,23.019761,72.571522,PMJAY
HOSP24P71138,2471138,Hospital,P,UNIQUE HOSPITAL RUN BY SURAT LIFE CARE PVT LTD,"Civil Hospital-Char Rasta Sosyo Circle, Vesu Canal Rd, opp. Kiran Motor, Surat, Gujarat 395002,Char Rasta Sosyo Circle, Vesu Canal Rd, Opp. Kiran Motor, Surat",9825816696,24,459,,2021-01-13 12:47:58,21.150368,72.770180,PMJAY
HOSP24P71169,2471169,Hospital,P,SMT. RASILABEN SEVANTILAL SHAH VENUS HOSPITAL,"Rampura, ,Katargam Darwaja, Surat, Gujarat ",9374715292,24,459,"100002,100003,100005,100007,100010,100012,100017",2018-12-27 14:34:52,21.209227,72.830896,PMJAY
HOSP24P71468,2471468,Hospital,P,Saviour Hospital,"nr.bharat pretolpump,Lakhudi Talav , stadium road,Navrangpura",9898102781,24,438,,2021-01-05 18:20:47,23.045360,72.560835,PMJAY
HOSP24P71479,2471479,Hospital,P,SHREYAS MEDICARE,"sukhla talao kachigam road,SUKHLA TALAO",9879167649,24,462,"100005,100006,100015",2019-04-11 15:07:50,20.374424,72.902422,PMJAY
HOSP24P71630,2471630,Hospital,P,APPLE MAITREYA SUPER SPECIALITY HOSPITAL ,"udhna darwaja beside passport office ring road surat,UDHNA DARWAJA ",9925242020,24,459,,2019-03-25 18:00:05,21.183049,72.831802,PMJAY
HOSP24P72503,2472503,Hospital,P,SUNSHINE GLOBAL HOSPITAL,"NEAR SHREYAS VIDALAYA,B/H ICICI BANK , MANJALPUR",9833890515,24,461,"100002,100003,100008,100015,100020,100022,100023",2018-12-30 13:55:14,22.276598,73.200269,PMJAY
HOSP24P72677,2472677,Hospital,P,APOLLO HOSPITALS INTERNATIONAL LIMITED,"PLOT 1A, BHAT GIDC ESTATE, BHAT, GANDHINAGAR,",9833275770,24,446,"100002,100003,100008,100021,100022",2026-05-04 14:17:04,23.109600,72.626200,PMJAY
HOSP24P72682,2472682,Daycare Centre,P,L & T HEALTH AND DIALYSIS CENTRE,"smit park b/h sanghavi tower ,beside yogiraj complex adajan road surat ",9825861119,24,459,100005,2019-01-17 11:20:59,21.1942141,72.8051683,PMJAY
HOSP24P72685,2472685,Hospital,P,Orange Hospital,"Orange Hospital,Station Road",8469626860,24,453,"100002,100003,100006,100011,100015,100019,100020,100023",2019-01-17 17:41:00,20.94898027460063,72.91661509322807,PMJAY
HOSP24P72840,2472840,Hospital,P,Sterling Hospital,"opposite to inox cinemas,race course circle",7710858899,24,461,"100002,100003,100005",2019-01-03 00:00:43,22.312903,73.158841,PMJAY
HOSP24P72841,2472841,Hospital,P,STERLING CANCER HOSPITAL,"OPP WAVES CLUB , NEAR BRIGHT SCHOOL , BHAYLI ,",9712977611,24,461,"100008,100021,100022",2026-08-20 12:16:18,22.284994,73.129917,PMJAY
HOSP24P73201,2473201,Hospital,P,NIRMAL HOSPITAL PVT LTD,"RINGROAD,SURAT",9898057678,24,459,"100011,100015,100020,100023",2019-03-07 14:14:52,21.181321,72.824539,PMJAY
HOSP24P73578,2473578,Hospital,P,RAINBOW SUPERSPECIALITY HOSPITAL,"CM 8/16 NEXT TO NEXA SHOW ROOM VAPI ,",9824155909,24,462,"100002,100003,100015,100019,100020,100023",2019-03-25 12:22:51,20.377509,72.917608,PMJAY
HOSP24P83124,2483124,Hospital,P,SANJIVANI SUPER SPECIALITY HOSPITA PVT LTD,"1, uday park, nr. sunrise park, vastrapur,1, UDAY PARK, NR. SUNRISE PARK, VASTRAPUR, AHMEDABAD",9737134287,24,438,"100002,100003,100015,100020,100023",2026-05-28 23:16:12,23.038526,72.528705,PMJAY
HOSP24P86753,2486753,Hospital,P,BANKERS SUPERSPECIALITY HOSPITAL,"Bankers Superspeciality Hospital,Opp. Mahalaxmi Party Plot, Tulsidham-GIDC Road, Manjalpur,",7043000110,24,461,,2019-06-17 18:18:06,22.263946,73.1954880000001,PMJAY
HOSP24G88660,2488660,Hospital,G,PHC Daloli ,"PHC Daloli,Near Bas stop",7567863299,24,450,"100005,100011,100012,100013,100018,10083",2019-02-14 15:31:47,22.534085,72.586753,PMJAY
HOSP24P88904,2488904,Hospital,P,NMV WOCKHARDT HOSPITAL,"NEAR KKV CIRCAL,KALAVAD ROAD",9879515667,24,457,"100002,100003,100008,100021,100022,100023",2026-07-08 10:39:00,22.288167,70.774253,PMJAY
HOSP24P89893,2489893,Hospital,P,Himalaya Cancer Hospital,"Near Krishna Hotel,",9510389205,24,448,"100006,100008,100021,100022",2019-11-28 17:40:02,21.604814,70.492959,PMJAY
HOSP24P90131,2490131,Hospital,P,urban hospital raliyati,"urban hospital, raliyati,",9426327700,24,445,"100005,100006,100012,100015,100023",2019-03-26 16:16:02,22.825822,74.280038,PMJAY
HOSP24G91822,2491822,Hospital,G,Primary Health Center Suryaghoda,"suryaghoda,jojva",7990943365,24,668,"100005,100012",2020-11-25 11:33:29,22.255428,73.633019,PMJAY
HOSP24P92448,2492448,Hospital,P,jamnagar critical care centre,"krish corner near jolly bunglow ,St Road Jamnagar",9825214354,24,447,"100006,100015,100023",2019-08-20 12:25:22,22.462999,70.061950,PMJAY
HOSP24P93279,2493279,Hospital,P,HI TECH MULTI SPECIALITY HOSPITAL ,"PLOT NO-1180, SECTOR 3-D, GH ROAD,NEAR TO GH- 1 1/2 BUS STAND, GANDHINAGAR",9825686088,24,446,"100015,100020",2020-09-01 13:13:26,23.205163,72.633513,PMJAY
HOSP24P98911,2498911,Hospital,P,SOLAR HOSPITAL,"BINALI B, OPP. TORRENT POWER OFFICE, NARANPURA,Naranpura",9909195940,24,438,"100015,100020",2019-07-08 12:07:12,23.052262,72.548955,PMJAY
HOSP24P99766,2499766,Hospital,P,SMVS SWAMINARAYAN HOSPITAL AND RESEARCH FOUNDATION,"BESIDE SWAMINARAYAN DHAM KOBA GANDHINAGAR HIGHWAY GANDHINAGAR ,",9723297607,24,446,"100002,100003,100006,100015,100016,100020,100023",2019-11-25 15:47:08,23.177500,72.641100,PMJAY
HOSP27G13900,2713900,Hospital,G,District Hospital Alibag,"Near Zila Parishad Raigarh Office,Beach Road, Near Zila Parishad Raigarh Office",9890164873,27,491,"100001,100002,100004,100005,100006,100010,100012,100013,100014,100015,100016,100017,100018,100019,100020,100023,100026,100027,100028,10083",2018-09-14 16:03:16,18.640000,72.870000,PMJAY
HOSP27G13901,2713901,Hospital,G,RRH Nashik,"Regional referral Hospital ,Shalimar Chowk Nashik",9890538218,27,487,"100001,100002,100003,100004,100005,100006,100007,100008,100009,100010,100011,100012,100013,100014,100015,100016,100017,100018,100019,100020,100021,100022,100023,100026,100028",2018-09-14 16:03:16,20.000786,73.787409,PMJAY
HOSP27G59768,2759768,Hospital,G,"ACTREC, TMC","Plot No. 1 2, Sector 22 Kharghar, Navi Mumbai - 410210.,",9594000503,27,491,"100004,100005,100006,100007,100008,100015,100019,100021,100022,100023,100027,100028,10083",2018-11-01 18:13:30,19.065221,73.064613,PMJAY
HOSP27P78900,2778900,Hospital,P,APPLE HOSPITALS AND RESEARCH INSTITUTE LTD,"APPLE SARASWATI MULTISPECIALITY HOSPITAL KADAMWADI KOLHAPUR,804/2,805/2 CIRCUIT HOUSE TO KADAMAWADI ROAD, BHOSALEWADI KOLHAPUR",9371190373,27,480,"100002,100003,100005,100007,100008,100010,100017,100021,100022,100023,100028",2019-01-11 12:26:35,16.719377284308806,74.25585932973138,PMJAY
HOSP27P78904,2778904,Hospital,P,Swasthya Hospital Medical Reserarch Center,"Annabhau Sathe Chowk Laltaki road Near Appu Chowk,laltaki road ",9822307557,27,466,"100002,100004,100005,100006,100007,100012,100015,100020,100022,100023",2019-01-11 12:26:35,19.106678167527633,74.7355748408288,PMJAY
HOSP27P78906,2778906,Medical College Hospital,P,smbt hospital,"nandi hills dhamangaon ,",8263860453,27,487,"100001,100002,100003,100004,100005,100006,100007,100008,100009,100010,100011,100012,100013,100014,100015,100016,100017,100018,100019,100020,100022,100023,100026,100027,100028",2019-01-11 12:26:35,19.755700,73.754903,PMJAY
HOSP27P78907,2778907,Hospital,P,SANT GAJANAN MAHARAJ RURAL HOSPITAL,"Near zokande syop,Near zokamde stop",9923419682,27,480,"100002,100004,100005,100006,100007,100008,100010,100011,100012,100014,100015,100017,100020,100022,100023",2019-01-11 12:26:35,16.097790,74.403439,PMJAY
HOSP27P78917,2778917,Hospital,P,Sanjeevan Multispeciality Hospital and Reasearch Institute,"Ratanlal Plot Mahadeo Mandir Road,",9822219199,27,500,"100002,100005,100011,100012,100013,100015,100016,100020,100022,100023",2019-01-11 12:26:35,20.391971,78.130219,PMJAY
HOSP27P78922,2778922,Hospital,P,shree saibaba Heart Institute & Research Center,"Near Kalidas Kala Mandir ,Shalimar,",9923151111,27,487,,2019-01-11 12:26:35,19.99996422279297,73.78311979649197,PMJAY
HOSP27P78925,2778925,Hospital,P,Jawale hospital,"Jawale hospital, plot no. 5, Ajay colony, behind IMR college, Jalgaon-425001,Ring Road",9370000380,27,478,100018,2019-01-11 12:26:35,21.005981783562618,75.55582082922353,PMJAY
HOSP27P78926,2778926,Hospital,P,Mehetre Hospital,"Suwarna Nagar,Ward No 20",9422884866,27,472,"100002,100004,100005,100006,100010,100011,100017,100026",2019-01-11 12:26:35,20.541780,76.168823,PMJAY
HOSP27P78927,2778927,Hospital,P,MEDICOVER HOSPITAL,"A/P Gunjalwadi Road Sangamner,",8956495971,27,466,100018,2023-11-27 11:38:44,19.547806,74.2662300000001,PMJAY
HOSP27P78928,2778928,Hospital,P,OM Multispeciality Hospital and Research Center Pvt Ltd,"Near Chhatrapati Shivaji Maharaj Chowk,,",7588132570,27,479,"100002,100005,100006,100008,100010,100011,100012,100015,100017,100018,100019,100020,100022,100023",2019-01-11 12:26:35,19.842946,75.904702,PMJAY
HOSP27P78931,2778931,Hospital,P,SWASTIK,"h. no 517A/1 PAIKI B1, NEAR MOHITE SUZUKI, E WARD,SHIVAJI PARK",8009208001,27,480,"100002,100003,100005,100006,100015",2019-01-11 12:26:35,16.702535,74.249588,PMJAY
HOSP27P78935,2778935,Medical College Hospital,P,DR VITTHALRAO VIKHE PATIL PRAVARA RURAL HOSPITAL,"Rural Medical College ,Loni Sangamner Road",9422400373,27,466,"100001,100002,100003,100004,100005,100006,100007,100008,100009,100010,100011,100012,100013,100014,100015,100016,100017,100018,100019,100020,100021,100022,100023,100026,100027,100028",2019-01-11 12:26:35,19.579648,74.453413,PMJAY
HOSP27P78936,2778936,Hospital,P,Shri Siddhivinayak Ganapati Cancer Hospital Miraj,"Miraj-Sangli road Miraj,Miraj",9373893801,27,493,"100005,100006,100008,100021,100022,10083",2019-01-11 12:26:35,16.846907,74.737828,PMJAY
HOSP27P78939,2778939,Hospital,P,kullolli hospital,"near railway gate , vishrambag, Sangli,",9423273615,27,493,"100002,100003,100004,100005,100011,100014,100015,100016,100020,100022",2019-01-11 12:26:35,16.850750110788113,74.59753495654851,PMJAY
HOSP27P78944,2778944,Hospital,P,DEEPAK HOSPITAL,"TOWN HALL ROAD,OLD JALNA",9370654616,27,479,"100001,100002,100003,100004,100005,100006,100007,100008,100009,100010,100011,100012,100014,100015,100016,100017,100018,100019,100020,100021,100022,100023,100026",2019-01-11 12:26:35,19.841781567910544,75.88656175132576,PMJAY
HOSP27P78945,2778945,Medical College Hospital,P,BHARATI VIDYAPEETH DEEMED TO BE UNIVERSITY MEDICAL COLLEGE AND HOSPITAL SANGLI,"Sangli Miraj Road Sangli,Wanlesswadi sangli",9890936995,27,493,"100002,100003,100004,100005,100006,100007,100008,100009,100010,100011,100012,100013,100014,100015,100016,100017,100020,100022,100023,100026,100028",2019-01-11 12:26:35,16.8330306,74.6283202,PMJAY
HOSP27P78948,2778948,Hospital,P,SANJEEVAN INTENSIVE CARE UNIT PVT LTD,"OPP NAGARPALIKA SHOPPING CENTRE SADAR BAZAR SATARA,",9822067857,27,494,,2019-01-11 12:26:35,17.693966,74.011568,PMJAY
HOSP27P78949,2778949,Hospital,P,SEVA SUPERSPECIALITY AND CRITICAL CARE CENTRE,"MISSION COMPOUND,SAKRI ROAD ",8007388006,27,474,"100001,100002,100003,100004,100005,100006,100007,100008,100009,100010,100011,100012,100013,100014,100015,100016,100017,100018,100019,100020,100021,100022,100023,100026",2019-01-11 12:26:35,20.902463,74.762764,PMJAY
HOSP27P78950,2778950,Hospital,P,"Giriraj Hospital , Baramati","iNDAPUR ROAD ,nEAR BUS STAND BARAMATI,INDAPUR ROAD",8788323221,27,490,,2019-01-11 12:26:35,18.146143,74.577084,PMJAY
HOSP27P78951,2778951,Hospital,P,Sahyadri Karad Hospitals Pvt.Ltd.,"adv. Dadasaheb Chavan Nagar Varunji phata Karad,Adv. Dadasaheb Chavan Nagar Varunji Phata Karad",8390821000,27,494,"100001,100002,100003,100004,100005,100006,100007,100008,100010,100011,100012,100013,100014,100015,100016,100017,100018,100019,100020,100021,100022,100023,100026",2019-01-11 12:26:35,17.280558011549587,74.17371434946597,PMJAY
HOSP27P78953,2778953,Hospital,P,Dr D Y Patil medical college hospital and research institute,"507/1 E ward ,kadamwadi",9822379069,27,480,"100001,100002,100004,100005,100006,100008,100009,100010,100011,100012,100013,100014,100015,100016,100017,100018,100019,100020,100022,100023,100026,100027",2019-01-11 12:26:35,16.714345,74.256126,PMJAY
HOSP27P78959,2778959,Hospital,P,united ciigma hopsital,"plot no 6,7 survery no 10 dargah road aurangabad,plot no 6,7 survey no 10 dargah road aurnagabad",9820565427,27,469,"100002,100003,100005,100006,100007,100008,100011,100022,100023,100028",2026-06-01 16:17:50,19.859435,75.336302,PMJAY
HOSP27P78962,2778962,Hospital,P,ALPHA SUPERSPECIALITY HOSPITAL,"opposite muktai mangal karaylay ambejogai road,Shyam Nagar,Latur,Opposite Muktai Mangal Karaylay Ambejogai Road,Shyam Nagar,Latur",9823780807,27,481,"100002,100003,100004,100005,100006,100007,100008,100011,100014,100015,100016,100020,100022,100023,100026,100027",2019-01-11 12:26:35,18.405152,76.5652230000001,PMJAY
HOSP27P78970,2778970,Hospital,P,K.J.Somaiya Hospital & Research Centre,Opp:Eastern Express Highway Ayurvihar Sion,8888170836,27,482,"100002,100003,100004,100005,100006,100007,100008,100009,100010,100011,100012,100013,100014,100015,100016,100017,100018,100019,100020,100022,100023,100026",2019-01-11 12:26:35,19.047134,72.8748609,PMJAY
HOSP27P78971,2778971,Hospital,P,Walvekar Hospital,"walvekar hospital,6 th lane ganesh nagar ",9822538610,27,493,"100005,100006,100014,100015,100020,100022,100023",2019-01-11 12:26:35,16.850003,74.573544,PMJAY
HOSP27P78980,2778980,Hospital,P,Kolhapur Institute of Orthopaedics and Trauma,"New shahupuri ,near hotel turist",9822058284,27,480,"100005,100011,100015,100020,100026",2019-01-11 12:26:35,16.703672,74.236894,PMJAY
HOSP27P78992,2778992,Hospital,P,Om Hospital,"sr no 201/5, Hutatma chowk Near SBI, Bhosari, Pune 411039",8888825600,27,490,"100001,100002,100003,100004,100005,100006,100007,100008,100011,100012,100013,100014,100015,100016,100017,100018,100019,100020,100022,100023,100026",2021-03-17 11:15:19,18.6238433,73.8539682,PMJAY
HOSP27P78996,2778996,Medical College Hospital,P,MAHATMA GANDHI MISSION HOSPITAL,"N-6, CIDCO,AURANGABAD",9225304660,27,469,"100002,100003,100004,100005,100006,100007,100008,100009,100010,100011,100012,100013,100014,100015,100016,100017,100018,100019,100020,100022,100023,100026,100028",2019-01-11 12:26:35,19.877596917684542,75.35381918617509,PMJAY
HOSP27P78997,2778997,Hospital,P,PAWANA HOSPITAL,"gat no 167, somatane phata , near mumbai pune highway ,urse parandawadi rode",9960232100,27,490,"100002,100003,100004,100005,100006,100007,100008,100010,100011,100012,100013,100014,100015,100017,100018,100019,100020,100023",2026-04-28 21:47:13,18.703298,73.684924,PMJAY
HOSP27P78999,2778999,Hospital,P,MIT HOSPITAL AND RESEARCH INSTITUTE ,"MIT hospital Near Kmagar chowk N-4 CIDCO,n-4 cidco, kamgar chowk",9130040521,27,469,"100002,100003,100004,100005,100006,100007,100008,100011,100014,100015,100016,100019,100020,100022,100023,100026,100027,100028",2019-01-11 12:26:35,19.867780,75.364473,PMJAY
HOSP27P79000,2779000,Medical College Hospital,P,Krishna Institute of medical sciences Karad,"Krishna hospital P.B.Road Near Dhebewadi phata Malkapur Karad.,Malkapur",7218644492,27,494,"100002,100003,100004,100005,100006,100007,100008,100009,100010,100011,100012,100013,100014,100015,100016,100017,100018,100019,100020,100021,100022,100023,100026,100027,100028,10083",2019-01-11 12:26:35,17.260952,74.177043,PMJAY
HOSP27P79002,2779002,Hospital,P,Samarth Hospital pandharpur,"60/B/5,Opp.Vithhal Rukmini Bhakt Niwas,Bhakti marg,Pandharpur,OPP VEDANT BHAKT NIVAS BHAKTI MARG PANDHARPUR",9820904252,27,496,"100015,100020",2019-01-11 12:26:35,17.671803794695435,75.3292314390772,PMJAY
HOSP27P79004,2779004,Hospital,P,NIRAMAYA MEDICAL FOUNDATION & RESEARCH CENTRE PVT.LTD,"DESHPANDE HOSPITAL ASHOKNAGAR BARAMATI,",9225500902,27,490,"100002,100003,100004,100005,100006,100011,100012,100015,100016,100019,100020,100022,100023,100026",2019-01-11 12:26:35,18.155992,74.585182,PMJAY
HOSP27P79006,2779006,Hospital,P,KOLHAPUR CANCER CENTRE,"R.S no 238 oppo Mayur Petrol Pump, Gokul Shirgaon Tal karveer ,Dist Kolhapur ",9850046368,27,480,,2019-01-11 12:26:35,16.646829,74.274554,PMJAY
HOSP27P79009,2779009,Hospital,P,Life Line Critical Care Centre and Multispeciality Hospital Pusad,"NEAR MOTI NAGAR GARDEN PUSAD DIST-YAVATMAL,NEAR MOTI NAGAR GARDEN PUSAD DIST-YAVATMAL",9423337755,27,500,"100001,100002,100004,100005,100006,100008,100010,100011,100012,100013,100014,100015,100016,100017,100018,100019,100023",2019-01-11 12:26:35,19.98731,77.5744230000001,PMJAY
HOSP27P79010,2779010,Hospital,P,asha hospital,"lekha nagar cantonment kamptee,nH44 ",8054878949,27,484,"100001,100002,100003,100004,100005,100006,100007,100008,100009,100010,100011,100012,100013,100014,100015,100016,100017,100018,100019,100020,100021,100022,100023,100026",2019-01-11 12:26:35,21.210945,79.168570,PMJAY
HOSP27P79011,2779011,Hospital,P,Sree Tekke Eye Clinic,"vakil colony,near garpir chowk, civil hospital to 100ft road",9822277044,27,493,100013,2019-01-11 12:26:35,16.84773489157081,74.5738561553353,PMJAY
HOSP27P79015,2779015,Hospital,P,Deshpande Hospital,Tilak Nagar Main Road  Near Nana Nani Park,9422071161,27,481,"100004,100005,100006,100007,100012,100017,100023,100026",2019-01-11 12:26:35,19.0705,72.875,PMJAY
HOSP27P79017,2779017,Hospital,P,MAHATME EYE BANK AND EYE HOSPITAL,"2163C Chintaman Nagar, Near Rajiv Nagar, Somalwada,",8527786575,27,484,100013,2026-06-11 11:16:22,21.101801,79.065143,PMJAY
HOSP27P79018,2779018,Hospital,P,Siddhivinayak Hospital,"S-1 & S-2, Vedant Complex, Vartak Nagar, Thane West - 400606,",9769545533,27,497,"100002,100003,100007,100011,100023",2026-05-04 17:30:29,19.208772,72.960453,PMJAY
HOSP27P79020,2779020,Hospital,P,PAEDIATRIC SURGERY CENTRE AND P G INSTITUTE,"SUDHAKAR JADHAV HOSPITAL 8750 VISHRAMBAG,OPP DSP OFFICE",9423869309,27,493,100018,2019-01-11 12:26:35,16.848513,74.594815,PMJAY
HOSP27P79024,2779024,Hospital,P,KKASTURI MEDICARE PVT LTD,BHAYANDER (WEST) GAONDEVI ROAD HOTEL NAVRANG,9324547676,27,497,"100001,100002,100004,100005,100006,100010,100012,100015,100016,100017,100018,100019,100020,100026",2019-01-11 12:26:35,19.299757,72.851075,PMJAY
HOSP27P79025,2779025,Medical College Hospital,P,BAI JERBAI WADIA HOSPITAL FOR CHILDREN & NOWROSJEE WADIA MATERNITY HOSPITAL,PAREL ACHARYA DHONDE MARG OPP.K.E.M.HOSPITAL,8108777700,27,482,,2019-01-11 12:26:35,19.00452,72.8417969,PMJAY
HOSP27P79028,2779028,Hospital,P,suyash hospital,"51 ugam complex sector 40 sea wwods navi mumbai,",7666808010,27,497,"100001,100004,100005,100006,100008,100011,100012,100014,100015,100017,100020,100022,100023,100026",2019-01-11 12:26:35,19.019621,73.016098,PMJAY
HOSP27P79036,2779036,Daycare Centre,P,SURAJ EYE INSTITUTE,"559, NEW COLONY,Near Byramji Town",9890020804,27,484,100013,2026-05-11 20:06:17,21.168924,79.083781,PMJAY
HOSP27P79037,2779037,Hospital,P,Jupiter Hospital,"Jupiter Hospital,Service Rd, Eastern Express Hwy, next to Viviana Mall",9930869292,27,497,"100002,100003,100021",2019-01-11 12:26:35,19.204044449747414,72.97044640581169,PMJAY
HOSP27P79039,2779039,Hospital,P,Siddhagiri Hospital & Research Centre,Kolhapur KANERI ROAD KANERI MATH,9869011748,27,480,"100002,100003,100004,100005,100006,100007,100008,100011,100012,100014,100015,100020,100022,100023",2019-01-11 12:26:35,16.6144203,74.257932,PMJAY
HOSP27P79040,2779040,Hospital,P,Dr Hedgewar Hospital ,"153091/1, gut no. 4 near gajanan maharaj mandir, ,Garkheda Parisar Aurangabad",8790904955,27,469,"100002,100003,100004,100005,100006,100007,100008,100009,100010,100011,100012,100013,100014,100015,100016,100017,100018,100022,100023,100026,100028",2026-06-25 17:19:09,19.867977,75.349502,PMJAY
HOSP27P79043,2779043,Medical College Hospital,P,Bharati Hospital and Research Center,Dhankawadi Pune Satara Road Katraj,9822051716,27,490,"100002,100003,100004,100005,100006,100007,100008,100009,100011,100012,100013,100014,100015,100016,100017,100018,100019,100020,100022,100023,100026,100027,100028",2026-04-29 12:27:48,18.4595566,73.8573239,PMJAY
HOSP27P79045,2779045,Hospital,P,NAMCO CHARITABLE HOSPITAL,"NAMCO Hospital,RTO OFFICE PETH ROAD PANCHAVTI NASHIK ",9422254762,27,487,,2019-01-11 12:26:35,20.03380323043261,73.79342195460845,PMJAY
HOSP27P79049,2779049,Hospital,P,HOSPITAL,"84 MOTIWALA NAGAR ,CENTRAL NAKA ROAD OPP MGM HOSPITAL AURANGABAD ",9822030485,27,469,"100005,100006,100011,100012,100015,100020,100022,100023",2019-01-11 12:26:35,19.880700,75.332100,PMJAY
HOSP27P79052,2779052,Hospital,P,AURANGABAD INSTITUTE OF MEDICAL SCIENCES PVT LTD.,"PLOT NO 20 SECTOR A JALGAON ROAD CHHATRAPATI SAMBHAJINAGAR,PLOT NO 20 JALGAON ROAD CIDCO AURANGABAD",9370590973,27,469,"100001,100002,100003,100004,100005,100006,100007,100008,100011,100012,100014,100015,100016,100017,100018,100019,100020,100022,100023,100026",2026-06-30 18:34:56,19.904757053470178,75.35652729256091,PMJAY
HOSP27P79053,2779053,Hospital,P,aayush hospital,"Panchvati Nimani Bus Stand Nimani Bus Stand,",9011518175,27,487,"100004,100005,100006,100008,100010,100011,100012,100013,100014,100015,100017,100018,100019,100020,100022,100023,100026",2019-01-11 12:26:35,20.005840,73.784669,PMJAY
HOSP27P79055,2779055,Hospital,P,suvidha hospital and icu centre,"Osmanabad Dic Road ,Barshi Bypass Near Hp Gas Agency,",9156101414,27,488,"100002,100004,100005,100006,100011,100014,100015,100019,100020,100022,100023,100026",2019-01-11 12:26:35,18.1895699,76.032253,PMJAY
HOSP27P79058,2779058,Hospital,P,INDRAYANI HOSPITAL & CANCER INSTITUTE,"Alandi-Chakan Road, Alandi Devachi, tal. khed, Dist. Pune, Maharashtra 412105,",9822052645,27,490,"100002,100005,100006,100007,100008,100014,100015,100017,100019,100021,100022,100023,100027",2019-01-11 12:26:35,18.6832764,73.8940305,PMJAY
HOSP27P79065,2779065,Hospital,P,Shree Mahaganpati Hospital,Titwala Ganesh Mandir Road,9820872084,27,497,100005,2019-01-11 12:26:35,19.2974836,73.2196149,PMJAY
HOSP27P79071,2779071,Hospital,P,CITI HOSPITAL ,"CITI HOSPITAL,RAMDAS PETH ,G G AGARKAR MARG NEAR KELKAR HOSPITAL AKOLA",9049993104,27,467,"100001,100002,100003,100004,100005,100006,100007,100009,100011,100014,100015,100016,100018,100019,100020,100022,100023,100026,100028",2019-01-11 12:26:35,20.718241,77.006639,PMJAY
HOSP27P79085,2779085,Hospital,P,MANGALPRABHU NURSING HOME POLYCLINIC DIAGNOSTIC CENTRE,"Jui nagar sec 24,",9619481533,27,497,"100002,100004,100005,100006,100008,100010,100011,100012,100014,100015,100016,100017,100018,100019,100020,100022,100023,100026",2019-01-11 12:26:35,19.051866,73.017271,PMJAY
HOSP27P79089,2779089,Hospital,P,MOGRE CHILDREN HOSPITAL,"Tajashree Govind, Sakkardara Square, ,UMRED ROAD, SAKKARDARA",9325692295,27,484,"100006,100010,100014,100017,100018",2019-01-11 12:26:35,21.127963,79.114026,PMJAY
HOSP27P79102,2779102,Hospital,P,Anand Rishiji Hospital,"Ahilyanagar,Anandrishiji Marg",8668422387,27,466,"100002,100003,100005,100006,100007,100008,100010,100012,100014,100015,100016,100017,100018,100019,100022,100023",2019-01-11 12:26:35,19.144786,74.700573,PMJAY
HOSP27P79104,2779104,Hospital,P,Century Multispeciality Hospital (Aurangabad) Pvt.Ltd. ,"opposite central bus stand, aurangabad -431001.,central bus stand aurangabad",9850503030,27,469,"100002,100007,100011,100015",2019-01-11 12:26:35,19.886769,75.337500,PMJAY
HOSP27P79106,2779106,Hospital,P,National Cancer Institute,"survey No 25, outer Hingna Rind road, jamtha, nagpur,",9763726950,27,484,"100008,100021,100022,100027",2026-06-15 20:21:00,21.027516338200797,79.03288244775536,PMJAY
HOSP27P79119,2779119,Hospital,P,VIVEKANAND HOSPITAL RUN BY VIVEKANAND MEDICAL FOUNDATION & RESEARCH CENTRE,VIDYA NAGAR SIGNAL CAMP,9028825904,27,481,"100002,100003,100005,100006,100009,100011,100013,100016,100022,100023",2019-01-11 12:26:35,18.3964646,76.5733484,PMJAY
HOSP27P79126,2779126,Hospital,P,ISHA EYE CARE PVT LTD KALYAN,"RadhaKrishna Sankul, Karnik Rd, opp. Holy Cross Hospital, Kalyan west,",7738897611,27,497,100013,2021-05-19 12:21:14,19.241371,73.147420,PMJAY
HOSP27P79127,2779127,Hospital,P,SAI SHREE SUPER SPECIALITY HOSPITAL AND RESEARCH CENTRE,"Ozar(CT),SAIKHEDA PHATA",7030904234,27,487,"100001,100004,100005,100006,100010,100011,100012,100013,100014,100015,100016,100017,100018,100019,100020,100022,100023,100026",2019-01-11 12:26:35,20.0697260000001,73.9000310000001,PMJAY
HOSP27P79128,2779128,Hospital,P,KRISHNA HOSPITAL,"R455, Shyam Nagar  BEHIND KESHEVRAJ HIGHSCHOOL LATUR",9823028566,27,481,"100004,100005,100006,100008,100012,100018,100022,100023,100026",2019-01-11 12:26:35,18.4060687,76.5645518,PMJAY
HOSP27P79137,2779137,Hospital,P,YELALE HOSPITAL,1-3-21515 AMBAJOGAI ROAD  NEAR MUKTAI MANGAL KARYALAYA,9011041179,27,481,"100002,100003,100004,100005,100006,100007,100008,100011,100012,100022,100023,100026",2019-01-11 12:26:35,18.4054207,76.566833,PMJAY
HOSP27P79138,2779138,Hospital,P,Yashwant Dharmarth Rugnalaya Kodoli,"Kodoli ,Near SDH Goverment Hospital Kodoli",9960446171,27,480,"100004,100005,100006,100010,100012,100013,100014,100015,100016,100017,100020,100023,100026",2019-01-11 12:26:35,16.874265,74.187277,PMJAY
HOSP27P79146,2779146,Hospital,P,ORTHOPAEDIC,"Chintamani Hospital Yavatmal, ,Datta Chowk, Near bank of india Yavatmal",9373770923,27,500,,2019-01-11 12:26:35,20.388210174548988,78.1290030291716,PMJAY
HOSP27P79150,2779150,Hospital,P,New Cotton City Hospital,"Near Gurudwara Rajendra Nagar Dhamangaon Road Yavatmal,Dhamangoan Road ",8149762240,27,500,"100005,100006,100010,100012,100015,100017,100018,100020",2019-01-11 12:26:35,20.399267326534655,78.13099584088536,PMJAY
HOSP27P79156,2779156,Hospital,P,Onco Life Cancer Centre Pvt Ltd,"Survey No.252, Shendre, Near Pune Bangalore Highway Opp To Ajinkyatara Sugar Factory,Shendre-Sajjangad Road",9819853852,27,494,"100008,100021,100022",2019-01-11 12:26:35,17.6331812,74.0122302,PMJAY
HOSP27P79166,2779166,Hospital,P,AWAGHATE BAL RUGNALAYA AND MULTISPECIALITY CENTRE,"HARIYA NAGAR ,MURTIZAPUR",9011117501,27,467,"100002,100004,100005,100006,100010,100011,100012,100014,100015,100017,100018,100020,100023,100026",2019-01-11 12:26:35,20.73426180986445,77.36114859741122,PMJAY
HOSP27P79170,2779170,Hospital,P,Shri Ganapati Netralaya,"Devalgaon raja Mantha Road ,Mantha Road",9620842069,27,479,100013,2019-01-11 12:26:35,19.857802,75.904280,PMJAY
HOSP27P79177,2779177,Hospital,P,LIFECARE HOSPITAL & RESEARCH INSTITUTE,"680, Mirjoli, Guhagar Bypass Road,Guhagar Bypass Road",9822135717,27,492,"100002,100005,100008,100011,100016,100021,100022,100023",2019-01-11 12:26:35,17.534538,73.501921,PMJAY
HOSP27P79178,2779178,Hospital,P,SHREE VIGHNAHARTA SUPERSPECIALTY HOSPITAL,"plot no 1-22 survey no 159 nahata nagar,nakane road dhule,",9421264283,27,474,"100001,100002,100003,100004,100005,100006,100007,100008,100009,100010,100011,100012,100013,100014,100015,100016,100017,100018,100019,100020,100021,100022,100023,100026,100028",2019-01-11 12:26:35,20.9125260000001,74.7694040000001,PMJAY
HOSP27P79189,2779189,Hospital,P,Shri Ramnath Hospital ,"lotlikar plaza shivajinagar ratnagiri ,",9420052266,27,492,"100002,100003,100005,100006,100007,100011,100023",2019-01-11 12:26:35,16.990610,73.314267,PMJAY
HOSP27P79190,2779190,Hospital,P,Ikon Multispeciality Hospital,"majnu hills, rose park,",9823046418,27,469,"100002,100003,100005,100006,100007,100008,100011,100014,100015,100019,100020,100022,100023,100026",2019-01-11 12:26:35,19.895670,75.343882,PMJAY
HOSP27P79193,2779193,Hospital,P,SHRI DATTA HOSPITAL AND RESEARCH CENTER,"WADGAON/ RAVIRAG NAGAR /YAVATMAL,ARNI ROAD /YAVATMAL",9960454731,27,500,"100002,100003,100005,100006,100007,100008,100011,100015,100020,100022,100023",2019-01-11 12:26:35,20.361739,78.093660,PMJAY
HOSP27P79194,2779194,Hospital,P,Suvidha ICU & cathlab centre LLP,"mathoshri complex,Above Bank Of India ,Dhage Mala ,kurduwadi road",9767722624,27,496,"100002,100004,100005,100006,100007,100008,100011,100014,100015,100016,100020,100022,100023",2019-01-11 12:26:35,18.230502,75.689376,PMJAY
HOSP27P79200,2779200,Hospital,P,Shri Ganpati multispecialty hospital,"plot no 118 dattanagar infront of uma collage pandharpur,",9822254409,27,496,"100002,100004,100005,100006,100013,100023",2019-01-11 12:26:35,17.669136249508583,75.31605046148127,PMJAY
HOSP27P79203,2779203,Hospital,P,Krupamayi Hospitals,"Akshay, Opp Youth Hostel, Near Baba Petrol Pump ,railway Station Road Aurangabad maharashtra 431005,",9225330004,27,469,"100005,100006,100008,100014,100016,100019,100021,100022,100023",2019-01-11 12:26:35,19.872393,75.314882,PMJAY
HOSP27P79211,2779211,Hospital,P,Sevasadan Lifeline Superspeciality Hospital Miraj,"ChandanwadiSangli Miraj RoadMiraj-,Sangli Miraj Road Miraj",8805809993,27,493,"100001,100002,100003,100004,100005,100006,100007,100008,100009,100010,100011,100012,100013,100014,100015,100016,100017,100018,100019,100020,100021,100022,100023,100026,100027,100028",2019-01-11 12:26:35,16.846907,74.737828,PMJAY
HOSP27P79212,2779212,Hospital,P,LIFELINE SUPERSPECIALITY HOSPITAL PANDHARPUR,"4776/90/91/92/1/2 NEW KARAD NAKA DATTA NAGAR PANDHARPUR,",9422605989,27,496,"100001,100002,100003,100004,100005,100006,100007,100008,100010,100011,100012,100013,100014,100015,100016,100019,100020,100022,100023,100026",2019-01-11 12:26:35,17.668337,75.315395,PMJAY
HOSP27P79215,2779215,Hospital,P,MAULI DIALYSIS CENTER & ICU UNIT,"varkari nagar shegaon ,khamgao road",7588520578,27,472,"100002,100003,100004,100005,100006,100013,100023",2019-01-11 12:26:35,20.791611,76.688241,PMJAY
HOSP27P79217,2779217,Hospital,P,VIJAYALAXMI MATERNITY SURGICAL AND GENERAL HOSPITAL ,"a 101-104 savita apt jadhav residency nr kanchan school virar rd nallasopara east,",9763892040,27,665,"100001,100002,100003,100004,100005,100006,100007,100008,100009,100010,100011,100012,100013,100014,100015,100016,100017,100018,100019,100020,100021,100022,100023,100026",2019-01-11 12:26:35,19.427111,72.8212770000001,PMJAY
HOSP27P79230,2779230,Hospital,P,SULOCHAN RETINA CARE CENTRE,"above ganpati CT scan center, opp.bhaskar market,  MJ college road jalgaon 425001",9766416494,27,478,100013,2019-01-11 12:26:35,21.0016541,75.5608686,PMJAY
HOSP27P79232,2779232,Hospital,P,MURARKA HOSPITAL,"MURARKA HOSPITAL,DURGA CHOWK, JATHARPETH ROAD",9422161540,27,467,"100004,100006,100011,100014,100015,100018,100019,100020,100023",2019-01-11 12:26:35,20.714280,77.010226,PMJAY
HOSP27P79234,2779234,Hospital,P,Athaayu Multispeciality Hospital,"At Post Ujalaiwadi Tal Karveer Dist Kolhapur,R.S.no.44/1, Adjacent to NH-4 Highway, Ujalaiwadi, kOLHAPUR",9822565222,27,480,"100002,100003,100005,100006,100007,100008,100011,100013,100015,100020,100022,100023,100028",2019-01-11 12:26:35,16.680228,74.280263,PMJAY
HOSP27P79237,2779237,Hospital,P,DR KASLIWAL MEDICAL CARE AND RESEARCH FOUNDATION KASLIWAL HOSPITAL,"196, New Budhwar peth, Near Kasturba market, Balives Solapur.,",9822072155,27,496,"100005,100010,100017,100018",2019-01-11 12:26:35,17.684661,75.903612,PMJAY
HOSP27P79239,2779239,Hospital,P,MARATHWADA MEDICAL AND RESEARCH INSTITUTE,"Gut No 43 Bajaj Marg, Beed Bypass Rd, Satara Deolai Parisar,",9618317860,27,469,"100002,100003,100005,100006,100007,100008,100011,100013,100014,100018,100021,100022,100023,100028",2019-01-11 12:26:35,19.851440,75.314675,PMJAY
HOSP27P79244,2779244,Hospital,P,ACCATCAKLUJ,"GIRZANI ROD,SANGRAMNAGAR , AKLUJ,",7875449889,27,496,"100002,100003,100005,100006,100017,100018,100023",2019-01-11 12:26:35,17.880403,75.001114,PMJAY
HOSP27P79251,2779251,Medical College Hospital,P,Acharya Vinoba Bhave Rural Hospital sawangi Wardha,"JLN MEDICAL COLLEGE, PALOTI ROAD, SAWANGI MEGHE, WARDHA,",9822369277,27,498,"100001,100002,100003,100004,100005,100006,100007,100008,100009,100010,100011,100012,100013,100014,100015,100016,100017,100018,100019,100020,100021,100022,100023,100026,100027,100028",2019-01-11 12:26:35,20.678974,78.562571,PMJAY
HOSP27P79262,2779262,Hospital,P,HCG MANAVATA CANCER CENTRE,"NEAR MAHAMARG BUS STAND, OPP HOTEL SANDIP, MUMBAI NAKA,",9823061929,27,487,"100004,100005,100006,100008,100011,100015,100019,100021,100022,100023,100026",2019-01-11 12:26:35,19.989711116273654,73.7831190334698,PMJAY
HOSP27P79263,2779263,Hospital,P,Lata Mangeshkar Hospital,"Ymca Complex, Sitabuldi,Nagpur,",9822713949,27,484,"100001,100002,100003,100004,100005,100006,100007,100008,100009,100010,100011,100012,100013,100014,100015,100016,100017,100018,100019,100020,100021,100022,100023,100026",2019-01-11 12:26:35,21.144910,79.080130,PMJAY
HOSP27P79266,2779266,Hospital,P,Asian institute of Medical Sciences ,"Plot no 72,Milap Nagar, MIDC, Dombivli East ",9619688339,27,497,"100005,100021",2021-03-17 11:15:19,19.207904,73.105663,PMJAY
HOSP27P79274,2779274,Daycare Centre,P,Lalbaug Raja Dialysis Center,Mumbai Mumbai Mumbai,9821078987,27,482,100005,2019-01-11 12:26:35,18.9915881,72.8393482,PMJAY
HOSP27P79278,2779278,Hospital,P,PLATINUM HOSPITAL,G-103 MULUND DDU MARG MULUND CHECKNAKA DEPO,9869030689,27,482,"100002,100003,100005,100006,100013,100014,100015,100019,100020,100022,100023",2019-01-11 12:26:35,19.182652,72.954036,PMJAY
HOSP27P79280,2779280,Hospital,P,AADHAR HOSPITAL,"VAZIRABAD NANDED, 431601 Wadiya Factory Shivaji Nagar Near Ashwini Hospital",9823088039,27,485,"100001,100002,100003,100004,100005,100006,100007,100008,100011,100012,100014,100015,100018,100019,100020,100022,100023,100026",2019-01-11 12:26:35,19.161243,77.304584,PMJAY
HOSP27P79288,2779288,Hospital,P,terna speciality hospital and Research Center,"Sector 22, Nerul West, Navi Mumbai,",9324437715,27,497,"100002,100003,100004,100005,100006,100007,100010,100011,100012,100013,100014,100015,100016,100017,100020,100022,100023",2021-03-17 11:15:19,19.029858,73.013991,PMJAY
HOSP27P79292,2779292,Medical College Hospital,P,"Dr.Panjabrao Deshmukh Hospital, Amravati",Shivaji Nager Shivaji Nager Morshi Road Morshi Road,9922445885,27,468,"100001,100002,100003,100004,100005,100006,100007,100008,100009,100010,100011,100012,100013,100014,100015,100016,100017,100018,100019,100020,100022,100023,100026,100028",2019-01-11 12:26:35,20.944872,77.7728837,PMJAY
HOSP27P79297,2779297,Hospital,P,Rashtriya Sant Tukdoji Maharaj Cancer Hospital & Research Centre,"Nagpur,Tukdoji Square manewada road",9423687661,27,484,,2021-03-17 11:15:19,21.13108328968346,79.1185088974446,PMJAY
HOSP27P79299,2779299,Hospital,P,HI TECH MULTISPECIALTY HOSPITAL & R C,46B Rajapeth Dastur nagar Road Nr Nanda Market,9823096974,27,468,"100002,100005,100007",2019-01-11 12:26:35,20.9196873,77.758611,PMJAY
HOSP27G92690,2792690,Hospital,G,KMC Savitribai Phule,"Arogyavardhini center no 1,Subhash Road, Shivaji Udyam Nagar.",9420493125,27,480,"100001,100004,100005,100006,100007,100011,100012,100015,100016,100017,100019,100020,100023",2019-03-29 15:06:19,16.694245,74.232100,PMJAY
HOSP27P99278,2799278,Hospital,P,SHATAYU MULTISPECIALITY HOSPITAL AND RESEARCH INSTITUTE SHIROL,"Dindoulat vikas seva santha, central bank of india javal, Arjunwad-Wadi road, Shirol,",9890001563,27,480,"100001,100004,100005,100006,100011,100012,100013,100015,100016,100019,100020,100023,100026",2019-12-17 12:40:30,16.738996,74.604183,PMJAY
HOSP27P99285,2799285,Hospital,P,Jagdale Mama Hospital Barshi,"shivaji nagar,kurduwadi road",9822340969,27,496,"100002,100003,100005,100006,100007,100010,100011,100014,100015,100016,100017,100018,100020,100023",2020-12-17 14:07:10,18.229456,75.6804890000001,PMJAY
HOSP27P99308,2799308,Hospital,P,HATTARKI HOSPITAL ,"BHADGAON ROAD,NEAR GHALI COLLEGE",9823884616,27,480,"100001,100004,100005,100006,100008,100011,100015,100019,100020,100022,100023",2019-12-17 12:40:30,16.221195602281625,74.34928067739884,PMJAY
HOSP28P95676,2895676,Hospital,P,CARE Hospital Quality Care India Limited,"10-50-11/5, Waltair Main Road Ramnagar Visakhapatnam,CARE Hospitals",7416358833,28,520,"100002,100003,100005,100006,100007,100011,100012,100015,100018,100020,100023,100028",2026-07-06 23:44:41,17.720342,83.312789,PMJAY
HOSP28P96099,2896099,Medical College Hospital,P,GEMS HOSPITAL ADITYAEDUCATION SOCIETY,"gudem road, ragolu,",7979031452,28,519,"100001,100002,100003,100004,100005,100006,100007,100008,100009,100010,100011,100012,100013,100014,100015,100016,100017,100019,100020,100021,100022,100023,100026,100028",2019-04-18 13:18:36,18.361252,83.866891,PMJAY
HOSP3G100093,3100093,Medical College Hospital,G,GURU GOBIND SINGH MEDICAL HOSPITAL,"GGSMCH,Sadiq Road",8427099444,3,29,"100001,100002,100003,100004,100005,100006,100007,100008,100009,100010,100011,100012,100013,100014,100015,100016,100017,100018,100019,100020,100021,100022,100023",2019-06-21 09:28:33,30.681516,74.7479700000001,PMJAY
HOSP3P100834,3100834,Hospital,P,MAHESHWARI CHILDREN HOSPITAL & VACCINATION CENTRE,"159,NEAR VEER COLONY",9814560600,3,28,"100010,100017",2020-04-15 13:16:43,30.219771,74.9337790000001,PMJAY
HOSP3P100854,3100854,Hospital,P,ACE HEART AND VASCULAR INSTITUTE,"SHIVALIK HOSPITAL,SECTOR 69",9815577775,3,608,"100002,100005",2026-06-04 15:21:04,30.695040,76.721292,PMJAY
HOSP3P101143,3101143,Hospital,P,PRIME HOSPITAL,"NEAR I.TI. CHOWK JAKHAL ROAD SUMAN ,",9815150055,3,43,"100001,100005,100006,100015,100019",2020-07-06 09:33:01,30.109361,75.819661,PMJAY
HOSP3P101167,3101167,Hospital,P,RAVINDER HOSPITAL,"OPP. BHATTI ROAD CORNER, BARNALA BYE- PASS ROAD,",9872030204,3,28,"100001,100005,100006,100008,100011,100015,100016,100019,100023",2019-12-31 16:29:31,30.22469463,74.94612174,PMJAY
HOSP3P102563,3102563,Hospital,P,BJS BAL MEMORIAL HOSPITAL QADIAN CHUNGI BATALA,11/4 DHARAMPURA COLONY QADIAN CHUNGI,9814018475,3,32,"100006,100023",2021-03-26 14:50:24,31.8107294,75.2157866,PMJAY
HOSP3P102615,3102615,Hospital,P,Patiala Heart Institute,JAGDISH MARG,8195881234,3,41,"100002,100003,100005,100006,100011,100016,100017,100023",2019-10-15 14:16:09,30.3312,76.383,PMJAY
HOSP3P102667,3102667,Hospital,P,GURU TEG BAHADUR SAHIB CHARITABLE HOSPITAL,"SHASTRI NAGAR,MODEL TOWN",9417002226,3,36,"100001,100005,100006,100009,100010,100011,100012,100013,100014,100015,100016,100017,100019,100020",2019-12-27 17:18:38,30.890074,75.8354140000001,PMJAY
HOSP3P106258,3106258,Hospital,P,HUNJAN HOSPITAL ,"111, South Model Gram ",9814020234,3,36,100015,2020-04-06 11:33:34,30.905885,75.8359654,PMJAY
HOSP3P106402,3106402,Hospital,P,SHAHEED KARTAR SINGH SARABHA CHARITABLE HOSPITAL,"Village Sarabha ,",8195987605,3,36,,2020-10-28 12:30:43,30.753186,75.697184,PMJAY
HOSP3P106633,3106633,Hospital,P,Sukhveen Hospital,"SUA ROAD, HIRA BAGH, STREET NO 6, NEAR PATWAR BHAWAN JAGRAON,",9872520545,3,36,,2019-11-01 10:54:19,30.808513,75.479972,PMJAY
HOSP3P106638,3106638,Hospital,P,GUPTA HOSPITAL,"Kacha Malak Road, Jagraon,",9814102025,3,36,"100006,100012,100023",2020-01-09 16:49:57,30.802455,75.481805,PMJAY
HOSP3P107614,3107614,Hospital,P,DAYAL KIDNEY HOSPITAL,"GT ROAD ,NEAR TINKONI, BATHINDA,",9779742847,3,28,"100005,100023",2020-04-06 11:20:22,30.211062,74.945386,PMJAY
HOSP3P108630,3108630,Hospital,P,BANSAL HOSPITAL AND CANCER CENTRE,"BANSAL HOSPITAL AND CANCER CENTRE,100 FEET ROAD ,NEAR POWER HOUSE ROAD TRAFFIC LIGHTS",9878697416,3,28,"100005,100006,100008,100012,100015,100022",2026-06-04 15:30:24,30.209197,74.953647,PMJAY
HOSP3P109020,3109020,Hospital,P,K M DELHI CHILDREN HOSPITAL,"RAILWAY ROAD VEER COLONY, BATHINDA",9517305001,3,28,"100010,100017",2021-06-11 10:36:19,30.2199392932997,74.9400278954721,PMJAY
HOSP3P111036,3111036,Hospital,P,KAHLON HOSPITAL,"KAHLON hospital   ,",9815814599,3,32,"100005,100006,100023",2020-05-13 15:48:41,31.949354203312566,75.16040497651295,PMJAY
HOSP3P111175,3111175,Hospital,P,CHAWLA NURSING HOME ,"RAHON ROAD CHOWK JODHEWAL BASTI NEW KULDEEP NAGAR LUDHIANA ,",9781401501,3,36,"100005,100006,100012,100023",2020-05-19 15:26:02,30.929500,75.865322,PMJAY
HOSP3P111544,3111544,Hospital,P,AIMC BASSI HOSPITAL,"200 TAGORE NAGAR, OPP. POSTAL COLONY",9814032732,3,36,"100002,100005,100006,100012,100015,100020,100023",2020-04-11 12:59:06,30.914101,75.8245039,PMJAY
HOSP3P112305,3112305,Hospital,P,JANAK SURFICARE AND ANKUR ADVANCED UROLOGY CENTER,"POST OFFICE PANJOLA PATIALA PUNJAB,47 RANJIT BAGH NEAR MODI MANDIR PASSEY ROAD PATIALA",8853807160,3,41,"100006,100023",2021-02-01 16:55:29,30.349600,76.387680,PMJAY
HOSP3P113114,3113114,Hospital,P,BHATIA HOSPITAL NEURO AND MULTISPECIALITY,"Sardar Patel Enclave, Near Khalsa College, Bhadungar,",9417104848,3,41,"100005,100006,100008,100011,100012,100015,100017,100022,100023",2021-02-05 16:50:32,30.3337510000001,76.3734590000001,PMJAY
HOSP3P113382,3113382,Hospital,P,DASMESH HEALTHCARE HOSPITAL,"DASMESH NAGAR,NEAR BELA CHOWK RUPNAGAR",9988574764,3,42,"100005,100006,100012,100015,100016,100020,100023",2020-07-10 16:38:42,30.965688954329607,76.51984963338384,PMJAY
HOSP3P113874,3113874,Daycare Centre,P,RAHI Care Private Limited Ludhiana,"Rahi care Dialysis, I Floor, Sandhu Tower 1,On Ferozepur Road, Gurdev Nagar Ludhiana ",9779925382,3,36,100005,2022-10-17 14:33:32,30.898450,75.822208,PMJAY
HOSP3P114019,3114019,Hospital,P,RANDHAWA HOSPITAL,OPPOSITE HDFC BANK SARNA,9815042642,3,662,"100002,100005,100006,100015,100023",2023-04-21 17:13:19,32.264111,75.591842,PMJAY
HOSP3P114236,3114236,Hospital,P,JEEWAN AASTHA HOSPITAL,"7 L HIRA BAGH NEAR PATWAR BHAWAN SUA ROAD JAGRAON,",9872823028,3,36,"100015,100020,100023",2021-12-20 16:14:23,30.8084837,75.4807798,PMJAY
HOSP3P114829,3114829,Hospital,P,SIGMA HOSPITAL,"410-B, ADARSH NAGAR, NEAR JAIN BHAWAN,KAPURTHALA ROAD, JALANDHAR",9357208143,3,34,"100005,100012",2021-02-22 17:57:30,31.334580131749703,75.56046469734838,PMJAY
HOSP3P116098,3116098,Hospital,P,dr johri multispeciality hospital,"dr johri multispeciality hospital,opp police chownki ",9814156888,3,41,"100005,100006,100023",2023-12-06 16:42:07,30.155095,76.205567,PMJAY
HOSP3P117353,3117353,Hospital,P,BADWAL HOSPITAL,"badwal multi speciality hospital , kahnuwan , gurdaspur,near super petrol pump, kahnuwan",9560522382,3,32,,2024-04-09 16:23:07,31.905688,75.429826,PMJAY
HOSP3P117380,3117380,Hospital,P, SHARANJIT HOSPITAL ,"5, 10",9814002598,3,34,"100005,100006,100011,100012,100015,100023",2021-09-10 15:23:01,31.32376,7556692,PMJAY
HOSP3P117383,3117383,Hospital,P,GARG HOSPITAL & CHILD CARE CENTER,"Tehsil road Jagraon,",9815622900,3,36,"100005,100006,100010,100012,100017,100018",2020-07-10 16:32:59,30.798066,75.476008,PMJAY
HOSP3P118972,3118972,Hospital,P,S MEHAR SINGH HOSPITAL,"SULTANWIND ROAD ,",9815116452,3,27,"100005,100006,100012,100013,100015",2020-12-07 16:09:47,31.605470,74.907346,PMJAY
HOSP3P119250,3119250,Hospital,P,NEW LIFE HOSPITAL,"GARSHANKAR ROAD ,NEW LIFE HOSPITAL",9464944442,3,42,"100005,100006,100011,100015,100016,100023",2020-12-03 13:41:11,31.23648791552418,76.48288962419906,PMJAY
HOSP3P120002,3120002,Hospital,P,HEALTHY BABY HOSPITAL,"BANK COLONY,KHALSA COLLEGE ROAD",9814102789,3,41,"100006,100010,100012,100015,100017,100018,100019,100023",2021-05-13 11:42:35,30.3320021269405,76.3804137104868,PMJAY
HOSP3P120271,3120271,Hospital,P,RAHI CARE DIALYSIS ,"SCO 2453-54, I Floor, Sector 22-C, Chandigarh ,",9779925382,4,44,100005,2021-02-19 09:37:21,30.727960013377924,76.77019477544195,PMJAY
HOSP3P120334,3120334,Hospital,P,HANS MATERNITY HOME,"Hans Maternity home,Hans Maternity home",9255200001,3,36,"100006,100010,100012,100017,100023",2021-02-10 10:44:37,30.8083300000001,75.475351,PMJAY
HOSP3P120360,3120360,Hospital,P,Bijendra Multispeciality Hospital,"Railon Kalan Chowk, By Pass Road,",8283869999,3,42,"100005,100006,100010,100011,100012,100015,100016,100017,100023",2020-12-18 10:04:55,30.947357,76.518264,PMJAY
HOSP3P121281,3121281,Hospital,P,KMH KAMAL MULTISPECIALITY HOSPITAL,"DOABA CHOWK,BLOOD BANK",9815090070,3,34,,2021-01-12 16:01:11,31.343160,75.586917,PMJAY
HOSP3P122617,3122617,Hospital,P,MOGA MEDICITY SUPER SPECIALITY,BARNALA ASR BYEPASS,9781047024,3,38,,2021-07-09 13:41:44,30.831849,75.2118812,PMJAY
HOSP3P122618,3122618,Hospital,P,CHINNA HOSPITAL BATALA,SHASTRI NAGAR BATALA,7009914130,3,32,"100005,100006,100014,100015,100023",2021-09-02 16:51:34,31.822364,75.20735,PMJAY
HOSP3P122829,3122829,Hospital,P,NAYYAR HEART INSTITUTE & SUPER SPECIALITY HOSPITAL,3 DASODHA SINGH ROAD AMRITSAR,9814050606,3,27,"100001,100002,100003,100005,100006,100011,100012,100015,100016,100017,100019,100020,100023",2021-04-15 09:31:44,31.6513,74.8790,PMJAY
HOSP3P124174,3124174,Hospital,P,ADVANCED AG HOSPITAL,"North Estate, Opp Reliance Market",9815989366,3,28,100015,2021-07-08 12:45:16,30.2270002,74.9551484,PMJAY
HOSP3P124375,3124375,Hospital,P,HICARE HOSPITAL,"BASANT AVENUE NEAR BCM SCHOOL DUGRI URBAN ESTATE LUDHIANA,",7837803108,3,36,"100005,100015,100023",2021-05-03 12:12:15,30.862964,75.833394,PMJAY
HOSP3P41653,341653,Hospital,P,KSM MEMORIAL HOSPITAL,"16 A CIRCULAR ROAD ,CIRCULAR ROAD",9501108806,3,27,"100005,100006,100012,100015,100023",2021-03-17 11:15:19,31.647788,74.883499,PMJAY
HOSP3P52368,352368,Hospital,P,DEV HOSPITAL ,"OPPOSITE RISHAB AUTO BATALA ROAD, AMRITSAR ,",9417273646,3,27,"100005,100006,100012,100023",2026-06-14 09:54:48,31.652577,74.913276,PMJAY
HOSP3P127799,3127799,Hospital,P,SATKARMAN SUPERSPECIALITY HOSPITAL,VALMIKI CHOWNK URBAN CIRCLE 109 G T ROAD PUTLIGARH AMRITSAR,8146111994,3,27,"100002,100003,100005",2023-04-24 10:38:43,31.641140,74.829100,PMJAY
HOSP3P129117,3129117,Hospital,P,JIVIYA THE LIFE A MULTISPECIALITY HOSPITAL,"OPP. LITTLE MILLENNIUM PRE SCHOOL, BHATTI ROAD, BATHINDA,",8146551129,3,28,100015,2023-02-22 18:00:16,30.2229320000001,74.9454420000001,PMJAY
HOSP3P129681,3129681,Hospital,P,JEEVAN MULTISPECIALTY HOSPITAL & TRAUMA CENTRE PATIALA,"RAJAN NURSING HOME COMPEX, RAJBAHA ROAD, PATIALA,",7009071671,3,41,"100005,100006,100008,100010,100011,100012,100015,100017,100019,100020,100022,100023",2022-04-11 15:29:29,30.337462947236872,76.3859401947434,PMJAY
HOSP3P130160,3130160,Hospital,P,KILKAARI BABY HOSPITAL,"NEAR CIVIL HOSPITAL, OPP. GURUDWARA MEHAL MUBARAK, SANGRUR,",9464126644,3,43,"100010,100017",2021-08-23 11:33:11,30.253483,75.834136,PMJAY
HOSP3P130883,3130883,Hospital,P,ASG EYE HOSPITAL,"FLOOR ONE GROUND MUKUT HOUSE,mall road Amritsar",7986925823,3,27,100013,2021-12-20 16:06:52,31.660442,74.861773,PMJAY
HOSP3P133032,3133032,Hospital,P,Mahajan Eye Hospital,"14, Link Road, Lajpat Nagar,opp. State Bank of India",9988593317,3,34,100013,2026-06-01 09:39:30,31.320000,75.570000,PMJAY
HOSP3P134518,3134518,Hospital,P,RAJ HOSPITAL,"simbal chowk,",6284453714,3,662,"100002,100004,100005,100006,100007,100008,100011,100014,100015,100016,100023",2023-11-02 16:40:20,32.274480,75.684260,PMJAY
HOSP3P135614,3135614,Hospital,P,SKS CHARITABLE HOSPITAL,"Maure Khurd, Near Lopoke Chogawan, Tehsil Ajnala,",7888975215,3,27,"100005,100006,100015,100019,100020,100023",2023-03-29 14:41:36,31.751371,74.618815,PMJAY
HOSP3P137261,3137261,Hospital,P,VERMA MULTISPECIALITY HOSPITAL,"973/7, Vivek Nagar, Civil Lines,",9814292007,3,36,"100005,100006,100012,100015,100023",2023-05-24 13:08:20,30.918012361557658,75.82606575260445,PMJAY
HOSP3P138415,3138415,Hospital,P,EYE SURE SUPER SPECIALITY EYE HOSPITAL,"Bhatti Road,",8968606133,3,28,100013,2023-12-22 18:32:17,30.22337530466426,74.94555809782696,PMJAY
HOSP3P138436,3138436,Hospital,P,DR VIVEK HEART AND MULTISPECIALITY HOSPITAL,OPP GOVT BOYS SCHOOL CHAKERIAN ROAD,8054986900,3,37,"100002,100006",2022-12-23 16:57:07,29.9995,75.3937,PMJAY
HOSP3P140210,3140210,Hospital,P,SHREE RADHA KRISHNA MEDICITY,"OPP. PILLAR NO. 36, BATALA ROAD, AMRITSAR",9814004181,3,27,"100005,100006,100015,100023",2023-08-03 16:27:37,31.64447,74.90061,PMJAY
HOSP3P140550,3140550,Hospital,P,Curasia Multispecialty Hospital,"S.C.O. 17-18, Shree Balaji Complex,Dhakoli",8591616285,3,608,"100005,100006,100008,100015,100019,100022,100023",2023-05-26 11:33:55,30.654746,76.843888,PMJAY
HOSP3P142170,3142170,Hospital,P,AMAR MULTISPECIALITY HOSPITAL AND TRAUMA CENTRE,"JUJHAR NAGAR NEAR AXIS BANK PATIALA ROAD,",9888770011,3,41,,2024-05-31 17:08:48,30.299464,76.566911,PMJAY
HOSP3P143784,3143784,Hospital,P,Triloki Eye Hospital and Retina Centre,"25 Acre Extn ,NEAR fOUNTAIN cHOWK BARNALA",9872279919,3,605,100013,2023-08-09 11:01:46,30.379456,75.543262,PMJAY
HOSP3P150154,3150154,Hospital,P,FEROZEPUR MEDICITY SUPERSPECIALITY HOSPITAL A UNIT OF MEDICITY FZR LLP,"NEAR SHIMLA TALKIES ,CIRCULAR ROAD",8557937000,3,31,"100005,100006,100015,100023",2023-12-22 18:31:21,30.961630,74.604210,PMJAY
HOSP3P151600,3151600,Hospital,P,PREET MULTISPECIALITY HOSPITAL,"near basti jodhewal chowk rahon road ludhiana,",9780000209,3,36,"100006,100012,100015,100023",2023-02-13 15:06:56,30.9295020000001,75.8653660000001,PMJAY
HOSP3P155937,3155937,Hospital,P,ATLANTIS HOSPITAL A UNIT OF ATLANTIS HEALTH CARE,CITY ENCLAVE GT ROAD PUTLIGHAR,8568930224,3,27,"100002,100005,100006,100011,100015,100016,100023",2023-09-12 15:04:37,31.63413,74.85305,PMJAY
HOSP3P157169,3157169,Hospital,P,DELHI MULTISPECILITY HOSPITAL SANGRUR,"Dhuri Raod,",8558916713,3,43,,2023-08-09 11:03:23,30.252619,75.834730,PMJAY
HOSP3P157930,3157930,Hospital,P,NEW LIFE HOSPITAL ,"NEAR BABA THAN SINGH CHOWK,",9646000209,3,36,"100005,100006,100012,100015,100023",2024-05-31 17:09:56,30.915876,75.867731,PMJAY
HOSP3P169158,3169158,Hospital,P,OSWAL ARTEMIS HEART CENTRE A UNIT OF ARTEMIS CARDIAC CARE PVT LTD ,"Sherpur by pass Ludhiana ,",9910004916,3,36,100002,2024-02-22 10:11:12,30.890747,75.8851060000001,PMJAY
HOSP3P170535,3170535,Hospital,P,VISHVAM HOSPITAL,"115-A, (530-R),MODEL TOWN, LUDHIANA,",9815791929,3,36,,2024-02-22 10:06:57,30.892086,75.842146,PMJAY
HOSP3P171685,3171685,Hospital,P,ASTHA SUPER SPECIALITY HOSPITAL,"Opp PSPCL Office , Bus Stand Road , Maur Mandi,",9815428705,3,28,"100001,100005,100006,100010,100013,100015,100017,100019,100023",2023-12-11 17:31:32,30.027491,75.183664,PMJAY
HOSP3P172200,3172200,Hospital,P,NEW KOKILA HOSPITAL,"Opp Amraj resort Jagraon ludhiana ,",9814011117,3,36,"100002,100005,100006,100008,100012,100015,100020,100022,100023",2024-02-22 10:16:48,30.809216,75.454067,PMJAY
HOSP3P182098,3182098,Hospital,P,Shergillmultispeciality,"sher gill multi hospital ,",9888605617,3,42,"100005,100006,100012,100015,100023",2024-07-15 10:20:49,30.789535700000002,76.48631679999994,PMJAY
HOSP3P182689,3182689,Hospital,P,SANDHU HOSPITAL,"Near City Bus Stand, Dashmesh Nagar, Malwal Road,Opp. Markfed Godown Ferozepur",9872915400,3,31,"100010,100017",2024-07-15 10:29:07,30.949649699000318,74.62108870592772,PMJAY
HOSP3P183925,3183925,Hospital,P,KRISHNA SUPERSPECIALITY HOSPTIAL,"NEAR D MART, MANSA ROAD, BATHINDA,",9814200222,3,28,"100001,100002,100003,100005,100006,100008,100009,100011,100012,100013,100015,100016,100017,100019,100020,100022,100023",2026-04-30 16:16:12,30.183424,74.960004,PMJAY
HOSP3P184093,3184093,Hospital,P,Savera Hospital,"Vill. Landeke.road moga.Amritsar road,",9814174744,3,38,100013,2024-07-15 10:21:22,30.848779334364792,75.17923139314212,PMJAY
HOSP3P186659,3186659,Hospital,P,RAKSHA HOSPITAL,"Raksha Hospital, Vill Bhanupali, Tehsil Nangal,",9569553563,3,42,"100005,100006,100023",2024-05-31 16:59:49,31.30170600000001,76.41264799999999,PMJAY
HOSP3P194445,3194445,Hospital,P,SHRI BALAJI CANCER & MULTISPECIALITY HOSPITAL,"Corner, St.No. 4, Power House Road",9988317590,3,28,"100008,100022",2024-05-06 11:12:17,30.2075992,74.9522129,PMJAY
HOSP3P199688,3199688,Hospital,P,DEEPAK HOSPITAL,"NEAR MAIN SBI BANK SANGRUR ROAD ,",9781696100,3,43,"100005,100006,100010,100011,100012,100015,100017,100018,100019,100023",2024-06-21 12:46:49,30.2584880000001,76.114467,PMJAY
HOSP3G207165,3207165,Medical College Hospital,G,PIMS Medical and Education Charitable Society,"Garha Road, Jalandhar,",8054603033,3,34,"100004,100005,100006,100008,100009,100010,100011,100012,100013,100014,100015,100016,100017,100020,100023,100026",2024-09-27 16:20:37,31.3232410000001,75.5811,PMJAY
HOSP32P63369,3263369,Hospital,P,MANDIRAM HOSPITAL,"MANGANAM, KOTTAYAM, KERALA",8281290781,32,560,100005,2019-06-28 10:28:29,9.5686901,76.5629536,PMJAY
HOSP32G90794,3290794,Hospital,G,TRIVANDRUM DIVISIONAL RAILWAY HOSPITAL,"Divisional Railway Hospital, Kavaradi Road, Trivandrum Pettah,",9746769500,32,565,"100001,100002,100005,100006,100010,100012,100013,100015,100016,100017,100018,100019,100020,100023",2019-05-07 15:24:22,8.49542711161831,76.9309050846574,PMJAY
HOSP32P90894,3290894,Hospital,P,MOTHER CARE AND HEALTH CENTRE PRIVATE LIMITED,"VATTAMBALAM,",8943350101,32,563,"100002,100003,100005,100006,100010,100011,100012,100013,100015,100016,100017,100018,100023",2019-04-25 10:39:01,10.982989,76.429370,PMJAY
HOSP32P90898,3290898,Hospital,P,NIZAR HOSPITAL,"YENKAY NIZAR HOSPITAL PVT LTD .Pattambi Road Valanchery,",9895037324,32,562,"100005,100006,100010,100012,100013,100015,100016,100017,100018,100020",2020-12-01 17:39:37,10.8858080000001,76.0738640000001,PMJAY
HOSP32P91861,3291861,Hospital,P,Dr Chandrakanth Nethralaya ,"Dr Chandrakanth Nethralaya,K.P Chandran Road ,Cherooty Nagar",9447043186,32,561,100013,2019-05-17 13:21:34,11.265827,75.789283,PMJAY
HOSP32P92206,3292206,Hospital,P,EMS MEMORIAL CO.OPERATIVE HOSPITAL & RESEARCH CENTRE,"EMS MEMORIAL COOPERATIVE HOSPITAL AND RESEARCH PERINTHALMANNA,",9495622030,32,562,"100001,100002,100003,100005,100006,100010,100011,100012,100013,100014,100015,100016,100017,100018,100019,100020,100023",2020-08-01 17:50:38,10.976189,76.255365,PMJAY
HOSP32P92214,3292214,Hospital,P,SEVANA HOSPITAL & RESERCH CENTRE,"SEVANA HOSPITAL AND RESEARCH CENTER, PATTAMBI,OPPOSITE GOV. ORCHARD",9447239666,32,563,"100002,100005,100006,100012,100015,100016,100017",2019-04-25 10:39:34,10.8058530000001,76.2013210000001,PMJAY
HOSP32P92729,3292729,Hospital,P,Josco Multi Speciality Hospital,"Josco Jn.,Iranikudy Post,Mavelikara,Alappuzha Dist,",9544460920,32,554,"100005,100006,100012,100015",2019-03-29 21:22:53,9.229847,76.589278,PMJAY
HOSP32P92739,3292739,Hospital,P,SUSRUTA EYE HOSPITAL,"70 mavelipuram kakkanad,mavelipuram",9946091229,32,555,100013,2019-03-29 21:22:53,10.023298,76.3409964,PMJAY
HOSP32P92740,3292740,Hospital,P,SREYASS HOSPITAL,"WARD v, VYPIN ROAD",7306744170,32,555,"100005,100006,100012,100015,100023",2019-03-29 21:22:53,10.08923649761347,76.20756437802083,PMJAY
HOSP32P92742,3292742,Hospital,P,LOTUS EYE HOSPITAL & INSTITUTE,"533/33A-33F ,Tejas Tower, Kadavanthara ,Kochi - 682020",8129867986,32,555,100013,2019-03-29 21:22:53,9.967471,76.3012756,PMJAY
HOSP32P92744,3292744,Hospital,P,DR.TONY FERNANDEZEYE HOSPITAL,"Opposit Govt. Boys School,High Road",9496863870,32,555,100013,2019-03-29 21:22:53,10.108274228283463,76.3541594436283,PMJAY
HOSP32P92804,3292804,Daycare Centre,P,Puthalath Eye Hospital,"Puthiyara,Kozhikode,",9447077496,32,561,100013,2026-05-14 11:26:17,11.250000,75.800000,PMJAY
HOSP32G92806,3292806,Hospital,G,COMMUNITY HEALTH CENTRE THALAKULATHUR,"CHC THALAKULATHUR,CHC THALAKULATHUR, THALAKULATHUR",9847157847,32,561,"100001,100002,100003,100004,100005,100006,100007,100008,100009,100010,100011,100012,100013,100014,100015,100016,100017,100018,100019,100020,100021,100022,100023,100026,100028",2019-03-29 21:22:53,11.351499,75.7619750000001,PMJAY
HOSP32G92812,3292812,Medical College Hospital,P,KMCT MEDICAL COLLEGE HOSPITAL,"KMCT MEDICAL COLLEGE HOSPITAL, MANASSERY P.O., MUKKAM,",9567615162,32,561,"100001,100002,100003,100005,100006,100007,100009,100010,100011,100012,100013,100014,100015,100016,100017,100018,100019,100020,100023",2026-04-08 13:03:36,11.326151,75.971123,PMJAY
HOSP32G92815,3292815,Medical College Hospital,P,MALABAR MEDICAL COLLEGE & RESEARCH CENTRE,"ULLIYERY,MODAKKALLOUR,CALICUT",9946667911,32,561,"100001,100002,100003,100004,100005,100006,100007,100009,100010,100011,100012,100013,100014,100015,100016,100017,100018,100019,100020,100023,100026,100027",2019-03-29 21:22:53,11.4334478,75.7750658,PMJAY
HOSP32P92825,3292825,Hospital,P,AHALIA FOUNDATION EYE HOSPITAL,"AHALIA FOUNDATION EYE HOSPITAL,KOZHIPARA",9400247623,32,563,100013,2019-03-29 21:22:53,10.794212,76.826934,PMJAY
HOSP32G92830,3292830,Hospital,G,DISTRICT HOSPITAL PALAKKAD,"SULTANPET,PALAKKAD",9447624951,32,563,"100001,100002,100003,100004,100005,100006,100007,100008,100009,100010,100012,100013,100014,100015,100016,100017,100018,100019,100021,100023,100026,100028",2019-03-29 21:22:53,10.768815717200667,76.65796850174752,PMJAY
HOSP32P92834,3292834,Hospital,P,KARUNA MEDICAL COLLEGE HOSPITAL,"KARUNA MEDICAL COLLEGE,VILAYODI , CHITTUR",9447448118,32,563,"100001,100002,100004,100005,100006,100009,100010,100011,100012,100013,100014,100015,100016,100017,100018,100019,100020,100023,100026",2019-03-29 21:22:53,10.678576,76.775852,PMJAY
HOSP32P92849,3292849,Hospital,P,KARUNYA EYE HOSPITAL ADOOR,"CITY PLAZA,NEAR KSRTC BUS STAND",9745688854,32,564,100013,2019-03-29 21:22:53,9.15449400000006,76.732517,PMJAY
HOSP32P92851,3292851,Daycare Centre,P,EYE MICROSURGERY AND LASER CENTRE,"VASM Charitable Trust, YMCA Building, Thiruvalla, VASM Charitable Trust, YMCA building, Thiruvalla",9847055719,32,564,100013,2026-04-29 11:29:57,9.384489801283266,76.57708932547484,PMJAY
HOSP32G92852,3292852,Hospital,G,GENERAL HOSPITAL ADOOR,"Govt general hospital adoor,Govt general hospital adoor",9400910419,32,564,"100004,100005,100006,100009,100010,100012,100013,100014,100015,100016,100017,100018,100020,100022,100023,100026",2019-03-29 21:22:53,9.156188778203116,76.73089276479027,PMJAY
HOSP32P92854,3292854,Hospital,P,Mount Zion Medical College,"Mount Zion Medical College Hospital, Chayalode, Adoor,Pathanamthitta Dist,",8848628814,32,564,"100001,100002,100003,100004,100005,100006,100010,100012,100015,100016,100017,100019,100020,100026",2019-03-29 21:22:53,9.130000,76.790000,PMJAY
HOSP32P92855,3292855,Medical College Hospital,P,PUSHPAGIRI MEDICAL COLLEGE HOSPITAL,"PUSHPAGIRI MEDICAL COLLEGE HOSPITAL, THIRUVALLA",9447359538,32,564,"100002,100003,100005,100006,100008,100009,100010,100011,100012,100013,100015,100016,100017,100018,100020,100023,100026",2019-03-29 21:22:53,9.38145097803185,76.58004464879104,PMJAY
HOSP32G92867,3292867,Hospital,P,DR MOOPENS MEDICAL COLLEGE,"Naseera Nagar, Meppadi - 673 577,Naseera Nagar, Meppadi - 673 577",9847002154,32,567,"100002,100004,100005,100006,100007,100009,100010,100011,100012,100013,100014,100015,100016,100017,100018,100023",2019-03-29 21:22:53,11.553041,76.138487,PMJAY
HOSP32P92871,3292871,Hospital,P,Dr.binus sunriseeyecare,"OPP SREEPURAM E M SCHOOL, CHETTIPEEDIKA ,PALLIKUNNU",9747741076,32,557,100013,2026-04-29 14:56:50,11.889734,75.369679,PMJAY
HOSP32P92890,3292890,Daycare Centre,P,MAM TRUST EYE CARE HOSPITAL,"PANATHUR ROAD MAVUNGL,ANANDASHRAM",9895021733,32,558,100013,2019-03-29 21:22:53,12.361836,75.132516,PMJAY
HOSP32P92897,3292897,Hospital,P,RAYHAN EYE HOSPITAL & LASIK CENTRE,"CALICUT ROAD, EDAPAL",9388426600,32,562,100013,2019-03-29 21:22:53,10.785753,76.009492,PMJAY
HOSP32P92918,3292918,Hospital,P,MOONNIYOOR NURSING HOME ,"MOONNIYOOR NURSING HOME , ALINCHUVAD",9747348433,32,562,100012,2019-03-29 21:22:53,11.0588520000001,75.9051440000001,PMJAY
HOSP32P92927,3292927,Hospital,P,Irinjalakuda Cooperative Hospital LTD,"Kolothumpady, Nadavaramba P O,",9895996643,32,566,"100001,100002,100004,100005,100006,100012,100013,100015,100016,100017,100026",2019-03-29 21:22:53,10.3328720000001,76.2167850000001,PMJAY
HOSP32P92928,3292928,Hospital,P,AARYA HEALTH CARE,"PALLITHAMAM BUILDING, 2nd FLOOR, NORTH BUS STAND, THRISSUR,",9895804177,32,566,100013,2019-03-29 21:22:53,10.528521786874819,76.2132620041009,PMJAY
HOSP32P92932,3292932,Daycare Centre,P,I Vision Eye Care Centre,"i vision chalakudy,railway bridge road,near KSRTC bus stand ,chalakudy",9447006421,32,566,100013,2019-03-29 21:22:53,10.2975040000001,76.3314540000001,PMJAY
HOSP32P92933,3292933,Daycare Centre,P,i vision eye hospital,"Door No. 41 646-1  Kanimangalam Thrissur Kerala 680027,kinar stop /koorkenchery /thrissur",8075561674,32,566,100013,2019-03-29 21:22:53,10.472853,76.213004,PMJAY
HOSP32P92941,3292941,Hospital,P,rayhan eye hospital ,"aliya building,mla road,near private busstand,thriprayar,",9388146600,32,566,100013,2019-03-29 21:22:53,10.414400,76.106973,PMJAY
HOSP32P92946,3292946,Daycare Centre,P,DR RANI MENON MAXIVISION EYE HOSPITALS,"KANJANI ROAD,",9447284008,32,566,100013,2026-07-01 17:34:02,10.520748,76.195175,PMJAY
HOSP32P92952,3292952,Hospital,P,Divya Prabha Eye Hospital,"Kumarapuram, Medical College P O, Trivandrum 695011,Kumarapuram Kannmoola Road",9746545544,32,565,100013,2026-04-29 17:43:25,8.510493,76.928056,PMJAY
HOSP32G92969,3292969,Hospital,G,Taluk Hospital Nemom,"Taluk Hospital Nemom, Santhivila, Nemom PO, thiruvananthapuram,",8547233361,32,565,100005,2019-03-29 21:22:53,8.453781,76.996829,PMJAY
HOSP32P92980,3292980,Hospital,P,SHANKARS EYE HOSPITAL,"THOLICODE. PO PUNALUR,tholicode",9495922969,32,559,100013,2019-03-29 21:22:53,9.014009,76.929020,PMJAY
HOSP32G93116,3293116,Hospital,G,Taluk Hospital Feroke,"Petta,Feroke",8086517746,32,561,"100005,100006,100010,100012,100015,100016,100017,100023,100026",2019-04-01 13:06:49,11.174861849015926,75.83823105987653,PMJAY
HOSP32P93119,3293119,Hospital,P,PNNM HOSPITAL,"548/4,NJARACKAL, THRIKKARUVA",9447170258,32,559,"100005,100006,100013,100015,100016",2019-04-01 13:06:49,8.942344,76.607339,PMJAY
HOSP32P93130,3293130,Medical College Hospital,P,azeezia medical college hospital,"AZEEZIA MEDICAL COLLEGE,DIAMOND HILL, Kummalloor - Meeyannoor RD",9288886666,32,559,"100002,100005,100006,100010,100011,100012,100013,100015,100016,100017,100023",2019-04-01 13:06:49,8.89053800000005,76.7396330000001,PMJAY
HOSP32P93339,3293339,Medical College Hospital,P,SREE GOKULAM MEDICAL COLLEGE AND RESEARCH FOUNDATION,"Aalamthara - Bhoothamadakki Rd, Venjarammoodu, Kerala,Aalamthara - Bhoothamadakki Rd, Venjarammoodu, Kerala",9447782555,32,565,"100005,100006,100010,100012,100013,100015,100016,100017",2019-04-04 13:09:43,8.692755,76.914671,PMJAY
HOSP32P93987,3293987,Hospital,P,DR SREEKANTH EYE CARE AND RESEARCH CENTRE,"29/909 M, MAVOOR ROAD KOTTOOLI,opposite IDBI bank",7356664488,32,561,100013,2019-05-17 13:20:00,11.258226,75.8035600000001,PMJAY
HOSP32P98503,3298503,Hospital,P,EYE FOUNDATION LTD KOCHI,38/1722-A,9633552955,32,555,100013,2019-08-04 16:21:24,10.015318,76.302290,PMJAY
HOSP32P99169,3299169,Hospital,P,DR BHATS NETHRAJYOTHI EYE HOSPITAL,"COMPASS POINT,CHIRAVAKKU JUNCTION,TALIPARAMBA,",9020600256,32,557,100013,2019-07-25 16:31:53,12.047906529618317,75.35577175268907,PMJAY
HOSP32P99713,3299713,Medical College Hospital,P,Palakkad Institute of Medical Sciences,"Palakkad Institute of Medical Sciences, Opposite to deer park Walayar,Walayar",7736276777,32,563,"100001,100002,100005,100006,100009,100010,100011,100012,100013,100014,100015,100016,100017,100019,100023",2019-10-07 16:39:04,10.827700,76.832842,PMJAY
HOSP32P99844,3299844,Hospital,P,HAYATH HOSPITAL,"MAIN ROAD,",9567026825,32,566,"100002,100005,100006,100012,100015",2019-08-01 15:54:25,10.586211,76.0245860000001,PMJAY
HOSP33G16874,3316874,Hospital,G,Government Medical College Tiruppur,"18/1 Dharapuram Road,Tiruppur",7358151650,33,634,"100002,100004,100005,100006,100008,100009,100010,100012,100013,100014,100015,100017,100018,100021,100022",2018-09-18 23:45:15,11.083708,77.363985,PMJAY
HOSP33G16879,3316879,Hospital,G,GOVERMENT DISTRICT HOSPITAL KUMBAKONAM,"DR MOORTHI ROAD KUMBAKONAM,",9443350417,33,586,"100001,100004,100005,100006,100010,100012,100013,100015,100017,100019,100026,10083",2018-09-18 23:45:15,10.969110452890291,79.38662831636111,PMJAY
HOSP33G16896,3316896,Hospital,G,GOVERNMENT MEDICAL COLLEGE HOSPITAL THENI,"GOVERNMENT MEDICAL COLLEGE HOSPITAL THENI,",7358151615,33,588,"100002,100004,100005,100006,100009,100010,100012,100013,100014,100015,100016,100017,100018,100020,100023,10083",2018-09-18 23:45:15,10.003936,77.552453,PMJAY
HOSP33G17572,3317572,Hospital,G,GOVERNMENT HOSPITAL PARAMATHYVELUR,"anna salai,Annaisalai P.Velur",9443701369,33,580,"100001,100004,100005,100006,100009,100010,100012,100015,100016,100017,100020,100026",2018-09-18 23:45:15,11.109640,78.009623,PMJAY
HOSP33P18885,3318885,Hospital,P,HINDU MISSION HOSPITAL,"103 GST ROAD,",9940411168,33,730,"100002,100005,100006,100012,100015,100022",2018-09-19 12:53:16,12.923763000000093,80.11396400000012,PMJAY
HOSP33P18892,3318892,Hospital,P,PAVITHRA HOSPITALS PVT LTD,"NO 7 ETHIRAJSWAMY SALAI ERUKKANCHERRY CHENNAI 600118,",9840399993,33,568,100005,2018-09-19 12:53:16,13.127315,80.256751,PMJAY
HOSP33P18900,3318900,Hospital,P,DEEPAM HOSPITAL ,"DEEPAM HOSPITAL,THENDRAL NAGAR,BODINAYAKANUR.,",9894620784,33,588,"100005,100006,100008,100015,100022",2018-09-19 12:53:16,10.010613,77.353248,PMJAY
HOSP33P18901,3318901,Hospital,P,Krishnammal Memorial Hospital Theni TN,"293 Periyakulam Road Theni,Theni - 625 531 Tamilnadu",8056661760,33,588,100005,2018-09-19 12:53:16,10.007326961097732,77.48718790104363,PMJAY
HOSP33P18907,3318907,Hospital,P,DHANALAKSHMI SRINIVASAN MEDICAL COLLEGE AND HOSPITAL,"DHANALAKSHMI SRINIVASAN MEDICAL COLLEGE HOSPITAL,NH 45 ,TRICHY -CHENNAI HIGHWAY ",9677489126,33,581,"100002,100005,100006,100008,100010,100011,100012,100013,100014,100015,100017,100018,100020,100022,100023",2018-09-19 12:53:16,11.196471,78.873614,PMJAY
HOSP33P18918,3318918,Hospital,P,VIDHYA HOSPITAL THENI,"vidhya hospital cunbum road  pc ptti  theni,",9585877465,33,588,"100005,100006,100011,100012,100015,100022",2018-09-19 12:53:16,10.000790,77.467628,PMJAY
HOSP33P18924,3318924,Hospital,P,M N EYE HOSPITAL PVT LTD,"NO 781 T H ROAD,OPP TO TONDIARPET POLICE STATION",9003234198,33,568,100013,2018-09-19 12:53:16,13.122979,80.287501,PMJAY
HOSP33P18940,3318940,Hospital,P,Aravind Eye Hospital Theni,"Aravind Eye Hospital ,371 Periyakulam Road, Theni,",7871741881,33,588,100013,2018-09-19 12:53:16,10.008989,77.481658,PMJAY
HOSP33P18951,3318951,Hospital,P,NRT Hospital,"MADURAI ROAD,",9940968060,33,588,"100002,100005,100006,100008,100012,100015",2018-09-19 12:53:16,10.006036,77.486644,PMJAY
HOSP33P18955,3318955,Hospital,P,DR AGARWALS EYE HOSPITAL,"no 222, ttk road, alwarpet chennai,",9840339659,33,568,100013,2018-09-19 12:53:16,13.044334,80.258689,PMJAY
HOSP33P18957,3318957,Hospital,P,ST THOMAS HOSPITAL,"NO 5/105 DEFENECE COLONY ROAD ST HOMAS MOUNT,butt road",9791328480,33,730,100015,2018-09-19 12:53:16,13.007380,80.196994,PMJAY
HOSP33P18967,3318967,Hospital,P,Thalassaemia Welfare hospital,"Rajiv Gandhi Salai Taramani,",9444116047,33,568,100005,2018-09-19 12:53:16,13.001971,80.247257,PMJAY
HOSP33P18974,3318974,Hospital,P,SAVEETHAMEDICALCOLLEGEANDHOSPITALKANCHEEPURAMTN,"Saveetha Medical College And Hospital,Saveetha Nagar,Thandalam,Chennai-602105,",9444451853,33,574,"100002,100005,100006,100008,100012,100015,100022",2018-09-19 12:53:16,13.024201106051962,80.01571048079796,PMJAY
HOSP33P18975,3318975,Hospital,P,TAGORE MEDICAL COLLEGE AND HOSPITAL,"Rathinamangalam, Melakkottaiyur Post,Kancheepuram Dist., Chennai 600 127",9840161616,33,568,"100002,100005,100006,100011,100015,100018,100022",2018-09-19 12:53:16,12.85964,80.13603,PMJAY
HOSP33P18982,3318982,Hospital,P,SREE BALAJI MEDICAL COLLEGE AND HOSPITAL,"NO 7 ,WORKS ROAD , CHROMPET",9282113188,33,730,"100002,100005,100006,100011,100012,100013,100015,100022",2018-09-19 12:53:16,12.959607,80.130326,PMJAY
HOSP33P18983,3318983,Hospital,P,SKS HOSPITAL PERAMBALUR TN,"NO  61  TRICHY MAIN ROAD  VENGATESAPURAM  PERAMBALUR,",9443453822,33,581,"100006,100012,100015",2018-09-19 12:53:16,11.23520499557425,78.87579699816297,PMJAY
HOSP33P19004,3319004,Hospital,P,Madras ENT Research Foundation,"no.1,first cross street,off second main road R.A puram Chennai,",9840733366,33,568,100016,2018-09-19 12:53:16,13.023283,80.258833,PMJAY
HOSP33P19005,3319005,Hospital,P,SRICHAKARAMULTISPECIALITY HOSPITALKANCHIPURAM TN.,"NO 1 CIVIL AVIATION COLONY, 100 FEET ROAD, NANGANALLUR",7299027590,33,568,100005,2018-09-19 12:53:16,12.97751,80.18547,PMJAY
HOSP33P19019,3319019,Hospital,P,Sri Ramakrishna Hospital,"26/2F,2G, West Pandiyan Colony, Virudhunagar ,26/2F,2G, West Pandiyan Colony, Virudhunagar ",8643849098,33,597,"100002,100005",2018-09-19 12:53:16,9.596700,77.945700,PMJAY
HOSP33P19031,3319031,Hospital,P,UNNAMALAIAMMAL MULTISPECIALITY HOSPITAL,"2/307, MAIN ROAD, KADAMALAIKUNDU,",9597054399,33,588,"100005,100006,100012,100015",2018-09-19 12:53:16,9.814196,77.502624,PMJAY
HOSP33P19049,3319049,Hospital,P,Sri Ne Medical Foundation,"No-53,MM Avenue,Main Road,kumaresami avanue",9842365932,33,574,"100002,100005",2018-09-19 12:53:16,12.824748,79.707093,PMJAY
HOSP33P19063,3319063,Hospital,P,kathir eye hospital,"14/1, KOKKARAYANPETTAI ROAD, VALARAIGATE,TIRUCHENGODE,",9842765812,33,580,100013,2018-09-19 12:53:16,11.382188,77.895091,PMJAY
HOSP33P19070,3319070,Hospital,P,Simpson Gesets SG Hospital,"#1 Desia Colony Perambur High Road Chennai - 600012,",9841602284,33,568,100005,2018-09-19 12:53:16,13.107066,80.246838,PMJAY
HOSP33P19089,3319089,Hospital,P,ARS HOSPITALS,"6/53, 6th sTREET,THENNAMPALAYAM EXTN, PALLADAM ROAD",9442643723,33,634,100015,2018-09-19 12:53:16,11.088182,77.346954,PMJAY
HOSP33P19098,3319098,Hospital,P,Vinayaka Mission Superspecialty Hospital Salem Tn,"Nh-47 Sankari Main Road,Veerapandi(Po) Salem (Dt) Pin : 636308,salem -636 308",9443266855,33,584,"100002,100005,100006,100008,100011,100012,100015,100023",2018-09-19 12:53:16,11.585505,78.063380,PMJAY
HOSP33P19102,3319102,Hospital,P,ASHWINI GUDALUR TRIBAL HOSPITAL,"10/147 G2, G3, Kotharvayal, p.b. no, gudalur - 643212,10/147 G2, G3, Kotharvayal, P.B. No, Gudalur - 643212",9448367425,33,587,"100005,100006,100012,100022",2018-09-19 12:53:16,11.502051,76.499090,PMJAY
HOSP33P19103,3319103,Hospital,P,Pranav Hospital Salem TN,"108/38 ,108/38, BRINDHAVAN ROAD,NEAR PONNUSAMY GOUNDAR THIRUMANA MANDAPAM ,",8883854526,33,584,"100002,100005,100006,100012,100015",2018-09-19 12:53:16,11.669335,78.142589,PMJAY
HOSP33P19108,3319108,Hospital,P,RPS HOSPITAL,"3/392-c,TRICHY MAIN ROAD SK NAGAR SEELANAICKKENPATTY",9750029888,33,584,"100002,100005,100006,100012,100015,100019,100023",2018-09-19 12:53:16,11.625936,78.146676,PMJAY
HOSP33P19117,3319117,Hospital,P,K.M.Hospitals,"110/14palakkad road pollachi,",9710771579,33,569,"100005,100008",2018-09-19 12:53:16,10.662636550998258,77.00340072883483,PMJAY
HOSP33P19122,3319122,Hospital,P,SKS Hospital And Postgraduate Medical Institute,"23 SKS Hospital Road,SKS HOSPITAL ROAD",8883307777,33,584,"100002,100003,100005,100006,100007,100008,100011,100012,100013,100015,100017,100018,100022,100023",2018-09-19 12:53:16,11.670189,78.143295,PMJAY
HOSP33P19124,3319124,Hospital,P,SRI GOKULAM HOSPITALS PRIVATE LIMITED,"3/60,MEYYANUR MAIN ROAD",9994979797,33,584,"100002,100005,100006,100011,100015,100018,100022",2018-09-19 12:53:16,11.672500000000085,78.13361099999997,PMJAY
HOSP33P19126,3319126,Hospital,P,kurinji hospital,"4 / 118 -1 new no 167 / 5 teejay hospital road five road salem,",9443244774,33,584,"100002,100005,100006,100011,100012,100015",2018-09-19 12:53:16,11.676147,78.145030,PMJAY
HOSP33P19129,3319129,Hospital,P,Senthil Multi Speciality Hospital Erode TN,"547, Perundurai Road, Erode - 638011. Tamil Nadu,",9443074444,33,573,"100002,100006,100011,100012,100015,100023",2018-09-19 12:53:16,11.334504,77.706022,PMJAY
HOSP33P19130,3319130,Hospital,P,ASWIN POLYCLINIC PRIVATE LIMITED,"ALAMU NAGAR, SATHY ROAD,",9361309000,33,569,"100002,100005,100006,100008,100012,100015,100021,100022",2018-09-19 12:53:16,11.024870,76.975347,PMJAY
HOSP33P19141,3319141,Hospital,P,Christian Medical College Vellore,"Christian Medical College Vellore,Ida scudder Road, vellore",9486858900,33,595,"100005,100006,100010,100012,100013,100014,100015,100016,100018,100021,100022",2023-04-18 14:17:50,12.923862,79.134573,PMJAY
HOSP33P19146,3319146,Hospital,P,RISHI NETHRALAYA EYE HOSPITAL ,"NO.83,CHERRY ROAD, KUMRASAMYPATTY, NEAR GOVT ARTS COLLEGE ",9842770011,33,584,100013,2018-09-19 12:53:16,11.664498,78.158120,PMJAY
HOSP33P19162,3319162,Hospital,P,KARTHIC MEDICAL CENTRE,"5/148 A , CHINNANACHIYUR , VEERAPPAMPALAYAM (PO) , IDAPPADI (TK) , SALEM (DT) 637105,",9382321880,33,584,"100005,100006,100008,100010,100011,100012,100015,100017,100022,100023",2018-09-19 12:53:16,11.582593,77.857656,PMJAY
HOSP33P19168,3319168,Hospital,P,SHANMUGA HOSPITAL LIMITED,"24, SARADHA COLLEGE ROAD,",8754004099,33,584,"100002,100003,100005,100006,100008,100011,100012,100015,100017,100018,100019,100021,100022",2026-06-24 17:24:06,11.676526,78.152726,PMJAY
HOSP33P19171,3319171,Hospital,P,Sharon Cancer Center and General Hospital,"18, Tanmag Road, Vinayagampatty, Kannankurichi Post, Salem - 636008,18, Tanmag Road, Vinayagampatty, Kannankurichi Post, Salem - 636008",9787807964,33,584,"100005,100006,100008,100012,100015",2018-09-19 12:53:16,11.730799478572976,78.17165546976594,PMJAY
HOSP33P19182,3319182,Hospital,P,REX ORTHO HOSPITAL,"43, RR LAYOUT, BEHIND SHANMUGA THEATRE, NEAR POOMARKET, RS PURAM,COIMBATORE,",9345567686,33,569,100015,2018-09-19 12:53:16,11.008515,76.956145,PMJAY
HOSP33P19194,3319194,Hospital,P,Vela Hospital PVT LTD,"485/1, Kothari Mill Lane, Trichy Road,Singanallur, Coimbatore.",9442278178,33,569,100005,2018-09-19 12:53:16,11.001709,77.030210,PMJAY
HOSP33P19197,3319197,Hospital,P,S PALANIANDI MUDALIAR MEMORIAL HOSPITAL,"NO 29,CUDDALORE MAIN ROAD",9626924080,33,584,"100002,100003,100005,100006,100008,100010,100011,100012,100013,100015,100016,100017,100018,100019,100020,100022,100023",2018-09-19 12:53:16,11.661182,78.192038,PMJAY
HOSP33P19198,3319198,Hospital,P,Sree Vasantham Hospital,"52/1 sangakiri main road , Near Annadhanapatty busstop , Opp to police commissioner office , Gugai , Salem -06,",9894136398,33,584,100005,2018-09-19 12:53:16,11.642032,78.146297,PMJAY
HOSP33P19202,3319202,Hospital,P,Bala Ortho hospital,"704,PKMR nagar, Dharapuram road, Opp. to Govt.Head quartes Hospital ",9843859353,33,634,100015,2018-09-19 12:53:16,11.081927,77.367283,PMJAY
HOSP33P19207,3319207,Hospital,P,bharathi heart and maternity hospital,"3 eVN road,erode",9842164747,33,573,"100002,100005,100006,100012",2018-09-19 12:53:16,11.3292185000001,77.7237365000001,PMJAY
HOSP33P19212,3319212,Hospital,P,KAUVERY HOSPITAL,"35 SHANTHI NAGAR,",9500445484,33,577,"100002,100005,100006",2018-09-19 12:53:16,12.733524,77.826542,PMJAY
HOSP33P19214,3319214,Hospital,P,Preethi Medical Centre And Hospital,"9th Street Extension, Opposite CSI Church,Gandhipuram,9th Street Extension, Opposite CSI Church,Gandhipuram",6379655018,33,569,"100005,100006,100012,100015",2018-09-19 12:53:16,11.020746,76.965004,PMJAY
HOSP33P19215,3319215,Hospital,P,Priyam Speciality Hospital,"Main Road, Salem,247,Bangalore Bypaas Road",9629921321,33,584,"100002,100005,100006,100008,100011,100012,100015,100018,100019,100022,100023",2018-09-19 12:53:16,11.634628,78.124438,PMJAY
HOSP33P19224,3319224,Hospital,P,Appu Venkatachalam Medical Research Centre Pvt Ltd,"5/112 KATTUR, NATTAMANGALAM, SEELANAICKENPATTI, SALEM,",6382820932,33,584,"100002,100005,100006,100010,100011,100012,100015,100017,100019,100023",2018-09-19 12:53:16,11.625801,78.142244,PMJAY
HOSP33P19229,3319229,Hospital,P,Ortho Life Hospital Erode TN,"OPP ERODE G.H, EVN ROAD, ERODE,",7402614057,33,573,100015,2018-09-19 12:53:16,11.339410,77.716841,PMJAY
HOSP33P19231,3319231,Hospital,P,ABHI EYE HOSPITAL,"51/31/B,JOTHI MILL STREET,JOTHI NAGAR,ATTUR",8438250739,33,584,100013,2018-09-19 12:53:16,11.596551,78.603392,PMJAY
HOSP33P19232,3319232,Hospital,P,Shri Bharathi Nurshing Home ,"50s sasthri Nagar,Sankari Main Road , Annadhanapatty,50s sasthri Nagar,Sankari Main Road , Annadhanapatty",9994822116,33,584,"100006,100012",2018-09-19 12:53:16,11.642000,78.142404,PMJAY
HOSP33P19234,3319234,Hospital,P,universalcancerhospital,"No 370, Roundana, Kondalampatti,",8438400220,33,584,"100002,100005,100006,100008,100011,100012,100015,100018,100021,100022",2018-09-19 12:53:16,11.637000000000228,78.15480000000093,PMJAY
HOSP33P19243,3319243,Hospital,P,Shanthi Nursing Home,"14, Shanthi Nursing Home,New Mariamman Koil Street",9442563602,33,584,"100002,100005,100006,100008,100011,100012,100015",2018-09-19 12:53:16,11.640755,78.153289,PMJAY
HOSP33P19244,3319244,Hospital,P,OMS Hospital Tiruppur,"490, Bharathi Nagar.Palladam Road, Tiruppur,490, Bharathi Nagar. Palladam  Road, Tiruppur",8586894306,33,634,"100006,100015,100019",2018-09-19 12:53:16,11.067190,77.339309,PMJAY
HOSP33P19246,3319246,Hospital,P,Dr. Sundararajan Super Multi Speciality Hospital.,"Gastro one super specialist hospital, Ammasi goundar street,chinna puthur, Salem,166F, AMMACHI GOUNDER STREET, RAMAKRISHNA ROAD, SALEM",9659658111,33,584,"100002,100003,100005,100006,100008,100011,100012,100015,100019,100022,100023",2018-09-19 12:53:16,11.673838,78.150280,PMJAY
HOSP33P19253,3319253,Hospital,P,BRAGATHI HOSPITAL,"336, Chinnaswamy Road, New Siddhapudur, Coimbatore - 641044,",9443004005,33,569,"100005,100006,100015",2018-09-19 12:53:16,11.021347,76.977625,PMJAY
HOSP33P19256,3319256,Hospital,P,UMARANI MULTI SPECIALITY HOSPITAL ,"No, 1/136, Annai Sathya Nagar, Near LIC Office, Salem Road, Krishnagiri,",9884401666,33,577,"100004,100005,100006,100010,100012,100015,100017,100018,100019,100020",2018-09-19 12:53:16,12.537691,78.249779,PMJAY
HOSP33P19258,3319258,Hospital,P,SUBAM HOSPITAL,"566B,KAKAPALAYAM MAIN ROAD,ENADNASALAI,MOTTUR,SANKARI(TK),SALEM-DT",9842344881,33,584,"100005,100006,100012,100015",2018-09-19 12:53:16,11.607797,77.963939,PMJAY
HOSP33P19265,3319265,Hospital,P,Kongunad Kidney Centre,"206, 207, 11Th Street, Tatabad,,",9003774888,33,569,100005,2018-09-19 12:53:16,11.018846,76.962261,PMJAY
HOSP33P19268,3319268,Hospital,P,KMCHSULUR HOSPITAL,"242-B, TRICHY ROAD,",9944651148,33,569,"100005,100006,100011,100012,100015,100019",2018-09-19 12:53:16,11.021824,77.124193,PMJAY
HOSP33P19270,3319270,Hospital,P,Jothi Laser Eye Hospital,"110 DURAISAMY NAIDU STREET,",9345146646,33,571,100013,2018-09-19 12:53:16,12.132415,78.164476,PMJAY
HOSP33P19273,3319273,Hospital,P,J S HOSPITAL,"5A Ramakrishna rode, salem ,636007  Tamil Nadu,RAMAKRISHNA ROAD",9364466733,33,584,"100005,100006,100012,100016,100017,100018",2018-09-19 12:53:16,11.67400400000001,78.15183200000013,PMJAY
HOSP33P19274,3319274,Hospital,P,EYE CARE CLINIC AND NURSING HOME,"Eye Care Clinic and Nursing Home ,sama nagar",9443209769,33,732,100013,2018-09-19 12:53:16,12.498368,78.563316,PMJAY
HOSP33P19277,3319277,Hospital,P,Sri Saraswathi Hospital and Surgical Center,"No 303A, Salem Main Road, Near Register Office, Krishnagiri,",9444338553,33,577,"100005,100006,100012,100015",2018-09-19 12:53:16,12.513097,78.221664,PMJAY
HOSP33P19280,3319280,Hospital,P,Sree Kumaran Hospital Dindigul TN,"342-O/10,MARKET BY PASS ROAD",9750947555,33,572,"100006,100012,100015,100023",2018-09-19 12:53:16,10.492314,77.755191,PMJAY
HOSP33P19282,3319282,Hospital,P,CITY HOSPITAL,"4/361 Gandhiinagar,trichy road,Dindigul,",9842135050,33,572,100015,2018-09-19 12:53:16,10.372468,77.987605,PMJAY
HOSP33P19290,3319290,Hospital,P,Shifa Hospital,"442/6-c,",9443157362,33,572,"100005,100006,100010,100012,100015,100017,100019,100023,100026",2018-09-19 12:53:16,10.385933000000009,77.96506499999998,PMJAY
HOSP33P19293,3319293,Hospital,P,JCB Hospitals Dindigul,"No 1 veppanthoppu street,Palani road,40, E B Colony, Thiruvalluvar Colony",9842133933,33,572,"100006,100015",2018-09-19 12:53:16,10.366464,77.977431,PMJAY
HOSP33P19294,3319294,Hospital,P,VIJAYA HOSPITAL,"11,E.V.R PERIYAR SALAI,WEST GOVINDAPURAM,R.M COLONY,DINDIGUL,",7418066376,33,572,100015,2018-09-19 12:53:16,10.371140,77.970934,PMJAY
HOSP33P19297,3319297,Hospital,P,DMS HOSPITAL,"8 GANDHI NAGAR MAIN ROAD,",9842406904,33,572,"100004,100005,100006,100010,100012,100015,100017,100020,100023,100026",2018-09-19 12:53:16,10.167795,77.804668,PMJAY
HOSP33P19300,3319300,Hospital,P,R K CARDIACARE CENTRE,"62/1,AMC ROAD OPP TO THE CHENNAI SILKS",9047629131,33,572,100002,2018-09-19 12:53:16,10.361152,77.983917,PMJAY
HOSP33P19302,3319302,Hospital,P,SOBA GENERAL HOSPITAL,"80A, PENSIONER STREET, PALANIROAD,",9842134232,33,572,100006,2018-09-19 12:53:16,10.365205,77.972024,PMJAY
HOSP33P19309,3319309,Hospital,P,Morris Mathias Hospital,"355, K.P. Road,,355, K.P. Road, Nagercoil",9442402326,33,575,"100005,100006,100012",2018-09-19 12:53:16,8.181248,77.419394,PMJAY
HOSP33P19310,3319310,Hospital,P,Dr jeyasekharanmedical trust,"jeyasekharn medicaltrust,",9789788981,33,575,"100002,100003,100005,100006,100017,100023",2018-09-19 12:53:16,8.186765,77.412808,PMJAY
HOSP33P19311,3319311,Hospital,P,Holy Cross Hospital Kanyakumari TN,"Holy Cross Hospital ,552 , MS Road, Pleasant Nagar, Nagercoil, Tamil Nadu, 629001,",9789707134,33,575,"100002,100005,100012,100015,100017",2018-09-19 12:53:16,8.174360,77.431410,PMJAY
HOSP33P19315,3319315,Hospital,P,BEJAN SINGH EYE HOSPITAL,"2/1 313 C MS ROAD VETTOORNIMADAM,2/1 313 C MS ROAD VETTOORNIMADAM",9443131171,33,575,100013,2018-09-19 12:53:16,28.647280,76.813064,PMJAY
HOSP33P19316,3319316,Hospital,P,DR ISAAC BONE AND JOINT SPECIALITY HOSPITAL,"25-38-1/NA, ISAAC HOSPITAL, MAIN ROAD, MARTHANDAM,",9443167252,33,575,100015,2018-09-19 12:53:16,8.303910,77.223271,PMJAY
HOSP33P19317,3319317,Hospital,P,DR SURESH EYE CLINIC,"VETTUMONY, MARTHANDAM,",9443204479,33,575,100013,2018-09-19 12:53:16,8.29979900000006,77.2160050000001,PMJAY
HOSP33P19318,3319318,Hospital,P,KIMS NAGERCOIL INSTITUTE OF MEDICAL SCIENCES PRIVATE LIMITED,"KIMS HEALTH HOSPITAL, TRIVANDRUM MAIN ROAD,",8594000830,33,575,100006,2018-09-19 12:53:16,8.189857,77.415274,PMJAY
HOSP33P19319,3319319,Hospital,P,SIVA HOSPITAL,"WEST COAST ROAD EATHAMOZHI,",9443276796,33,575,"100005,100006,100012,100015",2018-09-19 12:53:16,8.121826,77.389849,PMJAY
HOSP33P19327,3319327,Hospital,P,vasantham health Centre PVT LTD,"Dennison Road,NAGERCOIL",9344933877,33,575,"100002,100005,100006,100023",2018-09-19 12:53:16,8.186495,77.430363,PMJAY
HOSP33P19328,3319328,Hospital,P,Subam Speciality Hospital,"215,Asamburoad,Vadasery ,Nagercoil,",9943051031,33,575,"100005,100006,100012,100015",2018-09-19 12:53:16,8.214650,77.433477,PMJAY
HOSP33P19332,3319332,Hospital,P,GRACE HOSPITAL AND NURSING HOME,"PPM JUNCTION,",9443124425,33,575,"100005,100012,100013,100026",2018-09-19 12:53:16,8.332162,77.172922,PMJAY
HOSP33P19342,3319342,Hospital,P,velan eye hospital,"VELAN EYE HOSPITAL ,98/3/1/1000 J COVAI ROAD KARUR",9443127442,33,576,100013,2018-09-19 12:53:16,10.959020,78.073933,PMJAY
HOSP33P19353,3319353,Hospital,P,NTC Hospitals Multi speciality hospital ,"187,Thathaneri Main Road ,Keelavaithiyanathapuram, Madurai-18,",9360081664,33,578,"100005,100006,100012,100015",2018-09-19 12:53:16,9.955079,78.097625,PMJAY
HOSP33P19369,3319369,Hospital,P,Tanker Foundation Madurai TN,"7, NMR Building,Vallabhai Road, Chokkikulam",9940374680,33,578,100005,2018-09-19 12:53:16,9.942530,78.133261,PMJAY
HOSP33P19372,3319372,Hospital,P,Velammal Medical College Hospital and Research Institute,"Velammal Village,Madurai to Tuticorin Ring Road, Anuppanadi",9962572425,33,578,"100002,100005,100006,100008,100012,100015,100022",2018-09-19 12:53:16,9.881112,78.144931,PMJAY
HOSP33P19380,3319380,Hospital,P,Vikram Multi Speciality Hospital Madurai Tn,"SIVAGANGAI MAIN ROAD NEAR RING ROAD JUNCTION,",7708107632,33,578,"100002,100006",2018-09-19 12:53:16,9.930613192543149,78.16978950890774,PMJAY
HOSP33P19381,3319381,Hospital,P,Apollo Specialty Hospital,"20, 80 FEET ROAD, LAKE VIEW ROAD,K K NAGAR",7010869418,33,578,100002,2018-09-19 12:53:16,9.928238000000817,78.14914300000532,PMJAY
HOSP33P19404,3319404,Hospital,P,Sri Durga Surgical Clinic And Research Centre,"Dr.Abdhulkalam salai,Thottiyampatti,",9344545449,33,582,"100006,100008,100012,100015,100021",2018-09-19 12:53:16,10.268886,78.554029,PMJAY
HOSP33P19412,3319412,Hospital,P,APOLLO REACH HOSPITALS,"MADURAI MAIN ROAD,MANAGIRI,KARAIKUDI,",9789789069,33,585,"100002,100005,100006,100012,100015",2018-09-19 12:53:16,10.063323,78.723192,PMJAY
HOSP33P19427,3319427,Hospital,P,ROHINI HOSPITALS,"no.3279/3281/1, Arulananda Nagar Extn,Pudukottai Road, Thanjavur-7,No.3279/3281/1, Arulananda Nagar Extn,Pudukottai Road, Thanjavur-7",9843059919,33,586,"100005,100012,100015",2018-09-19 12:53:16,10.768605,79.131275,PMJAY
HOSP33P19428,3319428,Hospital,P,THANJAVUR CANCER CENTER,"165/16,BY- PASS ROAD,MATHAKOTTAI,THULUKKAMPATTI,THANAJVUR.,",7373985858,33,586,100022,2018-09-19 12:53:16,10.734521,79.1125260000001,PMJAY
HOSP33P19437,3319437,Hospital,P,Anbu Hospital ,"4/5 lakshmi vilas ,",9842411046,33,586,"100006,100012,100015",2018-09-19 12:53:16,10.961157,79.384070,PMJAY
HOSP33P19442,3319442,Hospital,P,Dr Arvind Vision Care Eye Hospital,"13 Mutt Street Opp. Sanakaramadam, Kumbakonam 612001,",9443586348,33,586,100013,2021-03-17 11:15:19,10.966792,79.377868,PMJAY
HOSP33P19449,3319449,Hospital,P,SUBRAMANIAM NURSING HOME,"9D, MADURAI ROAD, TIRUNELVELI-627001,",9385306738,33,592,100005,2018-09-19 12:53:16,8.736577,77.711881,PMJAY
HOSP33P19452,3319452,Hospital,P,Krishna Maternity Home and Pediatric Centre private Limited,"4 North High Ground Road Palayamkottai,",9280087262,33,592,100006,2018-09-19 12:53:16,8.718455466669596,77.742282662369,PMJAY
HOSP33P19472,3319472,Hospital,P,JEYAM MULTI SPECIALITY HOSPITAL,"NO  7,TAJMAHAL SALAI  KARUR BYE-PASS ROAD  ANNAMALAINAGAR",7373743002,33,591,100005,2018-09-19 12:53:16,10.824557,78.684546,PMJAY
HOSP33P19473,3319473,Hospital,P,Cethar Hospital,"C-108 Fort Station Road 5th Cross Thillai Nagar Trichy Tamilnadau,",7708068060,33,591,"100005,100006,100011,100015",2018-09-19 12:53:16,10.824065,78.684429,PMJAY
HOSP33P19474,3319474,Hospital,P,KMC SPECIALITY1,"No  6, Royal Road, Cantonment,",9442016928,33,591,"100006,100011,100015",2018-09-19 12:53:16,10.7940780000001,78.684354,PMJAY
HOSP33P19476,3319476,Hospital,P,Vijayalakshme Eye Hospital,"Uyyakondan Thirumalai, Vayalur Main Road,,",8072722526,33,591,100013,2018-09-19 12:53:16,10.814499,78.660886,PMJAY
HOSP33P19478,3319478,Hospital,P,DR A G EYE HOSPITALS PRIVATE LIMITED,"no 6 officers colony puthur tiruchirapalli,",7358866157,33,591,100013,2018-09-19 12:53:16,10.816553,78.674088,PMJAY
HOSP33P19482,3319482,Hospital,P,APOLLO SPECIALITY HOSPITALS TRICHY,"ARIYAMANGALAM PAALPANNAI,",9943822339,33,591,100002,2018-09-19 12:53:16,10.806886,78.715290,PMJAY
HOSP33P19490,3319490,Hospital,P,Gitanjali Medical Centre,"Tiruchirapalli,",9942966111,33,591,"100012,100015,100023",2018-09-19 12:53:16,10.857383,78.693383,PMJAY
HOSP33P19494,3319494,Hospital,P,DR AGARWALS HEALTH CARE LIMITED,"B 31 SASTRI ROAD 5TH CROSS THILLAINAGAR TRICHY -620018,",9600088603,33,591,100013,2018-09-19 12:53:16,10.822780,78.682750,PMJAY
HOSP33P19496,3319496,Hospital,P,AARTHI HOSPITAL,"NO 60 AARTHI HOSPITAL,SANTHAIPETTAI STREET",9443141811,33,594,"100005,100012",2018-09-19 12:53:16,9.174501,77.866375,PMJAY
HOSP33P19498,3319498,Hospital,P,Rajesh Tilak Hospital,"107J/79/50G,pC road West Millerpuram, Near Roopavathi Palace, ",9442622718,33,594,"100005,100006,100012",2018-09-19 12:53:16,8.794185,78.134069,PMJAY
HOSP33P19499,3319499,Hospital,P,JEYANTH NALLATHAMBI HOSPITAL,"3/186 PERIYANAYAGIPURAM MAIN ROAD,",9442162224,33,594,"100005,100006,100012",2018-09-19 12:53:16,8.775650,78.100660,PMJAY
HOSP33P19500,3319500,Hospital,P,sacred heart hospital,"47, Kandasamy Puram,47, Kandasamy Puram",9486386252,33,594,"100005,100006,100012",2018-09-19 12:53:16,8.804328,78.148581,PMJAY
HOSP33P84682,3384682,Hospital,P,ANNAPOORANA MEDICAL COLLEGE AND HOSPITALS,"Sankari Main Road (NH-544), ,Kombadipatti, Veerapandi Union, Salem",9750501091,33,584,"100005,100006,100012,100013,100015,100016,100017,100018,100019,100023,100026",2019-01-31 19:39:29,11.58,78.04,PMJAY
HOSP33P84685,3384685,Hospital,P,Vinayaka Missions Kirupananda Variyar Medical College,"Sankari Main Road (NH-47),,Seeragapadi, Salem - 636 308.",8940000646,33,584,"100002,100005,100006,100011,100012,100013,100015,100017,100018,100019,100023",2019-01-31 19:39:29,11.585011,78.061990,PMJAY
HOSP33P84686,3384686,Hospital,P,VIKRAM ENT HOSPITAL,"69, WEST VENKATASAMY ROAD,RS PURAM",9486129157,33,569,100005,2019-01-31 19:39:29,11.011854,76.950476,PMJAY
HOSP33P84713,3384713,Hospital,P,MANIPAL HOSPITAL,"dalmia board, salem-bangaluru highway, salem,",9945061166,33,584,"100002,100003,100005,100006,100011,100012,100015,100017,100019,100023",2019-01-31 19:39:29,11.702632,78.102595,PMJAY
HOSP33P84716,3384716,Hospital,P,GLOBAL MEDICAL CENTER,"10-3/5 jagir ammapalayam,",9865233130,33,584,100005,2019-01-31 19:39:29,28.643122,76.813888,PMJAY
HOSP33P85135,3385135,Hospital,P,Kauvery Hospital,"9/50, Trichy main road, opp to chandra mahal,,mGR nagar, Seelanaickenpatti, salem",9344503284,33,584,"100002,100003,100005,100006,100008,100011,100012,100015,100022,100023",2019-01-31 19:39:29,11.629092,78.148768,PMJAY
HOSP34P02425,3402425,Medical College Hospital,P,SRI LAKSHMI NARAYANA INSTITUTE OF MEDICAL SCIENCES," osudu agaram village kudapakkam villianur commune pudhucherry,",9159819500,34,600,,2020-03-19 16:32:33,11.93847,79.73595,PMJAY
HOSP34P02434,3402434,Hospital,P,AARUPADAI VEEDU MEDICAL COLLEGE AND HOSPITAL,"Puducherry - Cuddalore Main Road,Kirumampakkam",9842712445,34,600,"100002,100005,100006,100012,100014,100015,100016,100019,100023",2020-05-13 17:58:51,11.822216529588502,79.7839603841162,PMJAY
HOSP34P07111,3407111,Hospital,P,EAST COAST HOSPITALS LTD,"1, Pichaiveerampattinam - Moolakulam Road, Paris Nagar, Marie Oulgaret, Puducherry",9042846842,34,600,"100002,100003,100005,100006,100010,100011,100012,100015,100016,100017,100023,100026,100028",2020-04-16 10:45:57,11.93111,79.77983,PMJAY
HOSP34P15339,3415339,Medical College Hospital,P,SRI VENKATESHWARAA MEDICAL COLLEGE HOSPITAL AND RESEARCH CENTRE,"No.13A, Pondy - Villupuram Main Road, Ariyur, Puducherry",9994457097,34,600,"100001,100002,100003,100005,100006,100007,100008,100010,100011,100012,100013,100014,100015,100016,100017,100019,100020,100022,100023,100026,100028",2019-06-07 16:05:16,11.90903,79.7002,PMJAY
HOSP37G26966,3726966,Hospital,G,PGIMER Chandigarh,Sector 12,7087007016,4,44,"100001,100002,100003,100004,100005,100006,100007,100008,100009,100010,100011,100012,100013,100014,100015,100016,100017,100018,100019,100020,100021,100022,100023,100026,100028",2018-10-03 11:55:08,30.76525,76.7749,PMJAY
HOSP37G31478,3731478,Hospital,G,Dr. Ram Manohar Lohia Hospital,"BABA KHARAK SINGH MARG,NEW DELHI",9818402394,7,79,"100001,100002,100003,100004,100005,100006,100007,100008,100010,100011,100012,100013,100014,100015,100016,100017,100018,100019,100020,100022,100023,100026,100027,100028",2018-10-05 15:59:05,28.625724,77.202721,PMJAY
HOSP37G36554,3736554,Hospital,G,All India Institute of Medical Sciences (AIIMS) New Delhi,"Sri Aurobindo Marg, Ansari Nagar,",9355938525,7,79,"100001,100002,100003,100004,100005,100006,100007,100008,100009,100010,100011,100012,100013,100014,100015,100016,100017,100018,100019,100020,100021,100022,100023,100026,100028,10083",2018-10-03 17:16:27,28.567174,77.209995,PMJAY
HOSP37P71155,3771155,Hospital,P,KALRA HOSPITAL SRCNC PVT LTD,KIRTI NAGAR,9810034292,7,85,,2021-03-17 11:15:19,28.6554558,77.138540268007,PMJAY
HOSP37P72508,3772508,Hospital,P,KUKREJA HOSPITAL & HEART CENTER PVT LTD,"c1, c3, c4, c14 Vishal enclave Rajouri garden,",9810095287,7,85,"100002,100005,100006,100011,100012,100015,100020",2026-04-24 15:13:27,28.646912,77.117113,PMJAY
HOSP37P72622,3772622,Hospital,P,Ayushman Hospital And Health Services,"Sector 10  Dwarka ,",9810210041,7,84,"100002,100005,100006,100008,100010,100011,100012,100013,100015,100016,100017,100019,100020,100022,100023",2026-04-30 15:20:31,28.595360,77.065122,PMJAY
HOSP4P102289,4102289,Hospital,P,CHD CITY HOSPITAL,"SCO 10 - 11, 1st and 2nd Floor , 8 C",9872991835,4,44,"100006,100007,100015,100016,100019,100023",2019-09-13 13:07:16,30.74196,76.79431,PMJAY
HOSP4P107747,4107747,Hospital,P,ARV Orthopaedic Hospital,"2125 sector 21 C,Sector 21-C",9876784426,4,44,"100006,100015",2019-12-07 14:38:53,30.724200,76.774769,PMJAY
HOSP4P116029,4116029,Daycare Centre,P,Rahi Care Dialysis Centre,"sco no 2453 and 54,sector 22 C",9779925382,4,44,100005,2022-06-22 11:52:21,30.729785,76.767115,PMJAY
HOSP4P119617,4119617,Hospital,P,Amar Shakti Eye and Gynae Clinic,"Sco 33 First floor sector -7 /C Chandigarh,",9878122227,4,44,100013,2026-03-30 10:19:05,30.734360,76.802487,PMJAY
HOSP4P120743,4120743,Daycare Centre,P,Bansal Eye and Retina Centre,"SCO 270 GROUND FLOOR, SCO 269 FIRST FLOOR SECTOR 32 D, CHANDIGARH ,",9952926463,4,44,100013,2026-06-12 12:20:48,30.708239,76.774195,PMJAY
HOSP4P149631,4149631,Hospital,P,AAROGYA HOSPITAL,"AAROGYA HOSPITAL, KHUDA LAHORA, CHANDIGARH,",9877259302,4,44,"100005,100006,100010,100017",2023-07-17 16:17:37,30.77588657244604,76.76998355588273,PMJAY
HOSP4P191244,4191244,Hospital,P,KAUSHLYA MEDICITY,"sco 91-92-93 ground floor ,sector 34 A ",8054511101,4,44,100005,2024-03-06 14:21:16,30.716762,76.766847,PMJAY
HOSP4P201833,4201833,Hospital,P,DR LAL JI KIDNEY CARE CENTER LLP,"PLOT NO 351 KHUDDA JASSU NEAR GURUDWARA SAHIBCHANDIGARH UT 160014,near hp gas agency 1st floor",8264952313,4,44,,2024-05-09 15:37:40,30.771837,76.769929,PMJAY
HOSP5P112696,5112696,Hospital,P,Siddhi Vinayak Hospital,"Sarwarkhera, Opp Madi Chowki, Moradabad Road, Kashipur,",8077757205,5,56,"100005,100006,100010,100015,100017",2021-03-08 14:55:39,29.207047,78.934880,PMJAY
HOSP5P114037,5114037,Hospital,P,Sunanda Medical Centre,"Lane No.1, Ashwani Enclave , Shimla Bypass Road, Dehradun,",8266016162,5,49,"100002,100003,100005,100006,100011,100012,100015,100016,100017,100020,100022,100023",2026-05-20 17:21:19,30.298782,77.996763,PMJAY
HOSP5P114610,5114610,Hospital,P,VINAY VISHAL HEALTHCARE PVT.LTD ROORKEE,"89 NEW NEHRU NAGAR ROORKEE,",9837068625,5,50,"100002,100005,100006,100012,100015,100017",2020-10-15 12:39:32,29.869065,77.8833660000001,PMJAY
HOSP5P116504,5116504,Hospital,P,Aarogyam Hospital ,"Aarogyam Hospital, Bhagwanpur, Roorkee, Haridwar,",7533920210,5,50,"100002,100005,100006,100009,100010,100011,100012,100013,100015,100016,100017,100019,100020,100023",2020-09-26 11:08:17,29.902129,77.978665,PMJAY
HOSP5P116508,5116508,Hospital,P,BRIJESH HOSPITAL,"Brjesh Hospital,Near Axis Bank Kashipur Road",9761063002,5,51,"100005,100006,100010,100012,100015,100016,100017,100020,100023",2020-09-26 11:09:08,29.386773,79.121060,PMJAY
HOSP5P117345,5117345,Hospital,P,KVR Hospital,"Near Reliance Petrol Pump, Moradabad Road, Kashipur (US Nagar),",9837020014,5,56,,2021-02-02 16:55:46,29.275647,78.986462,PMJAY
HOSP5P119712,5119712,Hospital,P,KAPOOR MULTISPECIALITY HOSPITAL,"kapoormultispecialityhospital,",9897111115,5,50,"100005,100006,100012,100013,100015,100023",2021-03-31 16:04:16,29.792097,77.87960599999997,PMJAY
HOSP5P120908,5120908,Hospital,P,SWASTIK HOSPITAL,"opposite mahindra tractor agency,moradabad road",7409878191,5,56,,2024-09-18 16:04:12,29.205056,78.952911,PMJAY
HOSP5P122346,5122346,Hospital,P,NAVYA HOSPITAL,"Near Dhela Pul, Moradabad Road, Kashipur,",8193994505,5,56,"100005,100006,100010,100012,100015,100016,100017",2021-04-26 11:01:30,29.2039100000001,78.9444690000001,PMJAY
HOSP5P122408,5122408,Hospital,P,Prayas Hospital,"Tanakpur Road, Near Maida Mill , Khatima, US Nagar,",8650121111,5,56,"100004,100005,100026",2024-09-12 15:34:32,28.923712,79.974021,PMJAY
HOSP5P123488,5123488,Hospital,P,Sahota Super Speciality Hospital and Neurotrauma Center,"Opp Jaspur Bus Stand, Moradabad Road, Kashipur, US Nagar,",7055020002,5,56,"100002,100005,100006,100009,100010,100011,100012,100015,100016,100017,100018,100020,100023",2024-09-11 16:22:03,29.2048350000001,78.9544030000001,PMJAY
HOSP5P123584,5123584,Hospital,P,BHATNAGAR NURSING HOME,"Bhagirathi Kunj, Roorkee,",9634277570,5,50,"100002,100005,100006,100012,100015,100017,100020,100023",2021-07-15 14:17:53,29.857694,77.877540,PMJAY
HOSP5P123788,5123788,Hospital,P,Brij lal Hospital and Research Centre ,"Anandi Tower, Nainital Road, Haldwani,",9756600033,5,51,,2021-03-19 13:56:23,29.232137,79.438468,PMJAY
HOSP5P123967,5123967,Hospital,P,NICE HOSPITAL,"50 A SUBHSH ROAD NEAR MKP CIRCLE DEHRADUN ,",7773856776,5,49,"100005,100006,100011",2021-05-12 12:26:51,30.317636,78.0461250000001,PMJAY
HOSP5P124225,5124225,Hospital,P,VINOD ORTHO CLINIC,"4, 6 Inder Road, Dalanwala",9761864939,5,49,"100006,100012,100015",2021-03-30 16:29:04,30.315446,78.047797,PMJAY
HOSP5P124711,5124711,Hospital,P,SH Muliti Speciality Hospital,"PILIBHIT ROAD SITARGANJ,",9837622777,5,56,,2021-07-12 15:21:07,28.902765,79.702644,PMJAY
HOSP5P126245,5126245,Daycare Centre,P,KUMAR EYE CARE,"SITARGANJ ROAD OPP. S.B.I. KHATIMA,sitarganj road opp.S.B.I khatima",9650984388,5,56,100013,2021-07-14 13:09:48,28.92020908149763,79.9704799167157,PMJAY
HOSP5P129765,5129765,Hospital,P,Baba Neem Karori Multispecialty Hospital & Trauma Centre,"Peerumadara, Ramnagar Road, Ramnagar-244715",9910956547,5,51,"100005,100012,100014,100015,100020",,29.394764,79.126503,PMJAY
HOSP5P132061,5132061,Hospital,P,Cheema Hospital and Trauma Centre,"Plot No.446/4 , Kichha Road, Bigbara, Rudrapur,",9639069009,5,56,"100002,100004,100005,100006,100010,100011,100012,100015,100017,100020,100023",2022-06-27 16:48:51,28.957441,79.423888,PMJAY
HOSP5P133134,5133134,Hospital,P,Shiv Chikitsalya,"33 Raj Vihar , Phase 2, Chakrata Road, Dehradun,",9718990141,5,49,"100005,100006,100012,100013,100015",2021-11-16 12:42:11,30.332802,78.000448,PMJAY
HOSP5P133502,5133502,Hospital,P,Pragati Hospital,"Moradabad road,near anaj mandi",9837978363,5,56,"100006,100012,100015",2022-01-10 14:29:09,29.200308,78.921120,PMJAY
HOSP5P133583,5133583,Hospital,P,Prayas Hospital and Research Center ,"Sidcul Road, Sitrarganj, US Nagar, Uttarakhand,SITARGANJ",8650121111,5,56,"100004,100005,100006,100012,100015,100020",2021-11-03 16:37:07,28.945305,79.698321,PMJAY
HOSP5P135928,5135928,Hospital,P,HEMANT HOSPITAL,"Malviya Chowk, Roorkee,",9897503398,5,50,"100005,100006,100012,100015,100016,100023",2023-02-20 15:21:39,29.862103,77.8785040000001,PMJAY
HOSP5P136053,5136053,Hospital,P,SAI HOSPITAL,"kaladhungi road mukhani chauraha,haldwani,nainital,",9627646199,5,51,"100002,100005,100006,100008,100015,100023",2022-06-27 16:41:14,29.271117,79.422376,PMJAY
HOSP5P136397,5136397,Hospital,P,ADARSH INSTITUTE OF UROLOGY AND LAPARO,"Adarsh Institute of Urology and Laproscopy Surgery,",7087434647,5,51,"100005,100006,100023",2024-08-28 13:45:50,29.217836542771025,79.51563415221199,PMJAY
HOSP5P139043,5139043,Hospital,P,PRIME LIFECARE SUPER SPECIALITY HOSPITAL,"KHASRA NO.350, RAMNAGAR ROAD, OPPOSITE BANK COLONY, KACHNALGAZI",8126822855,5,56,"100005,100006,100010,100012,100013,100015,100017,100020,100023",2022-06-27 16:43:14,29.229409,78.974741,PMJAY
HOSP5P140386,5140386,Hospital,P,Anurjun Hospital,"Behind Nainital Bank, Kala Dungi Road, Pilikothi, Haldwani,",9837412573,5,51,"100005,100006,100010,100012,100015,100017,100020",2022-06-27 16:41:55,29.218496,79.514025,PMJAY
HOSP5P141388,5141388,Hospital,P,prabhu netralaya,"NEAR BANDHAN BANK ,SITARGANJ ROAD,KHATIMA ,",9927041631,5,56,100013,2022-06-27 16:47:43,28.921676,79.970224,PMJAY
HOSP5P142038,5142038,Daycare Centre,P,Netram Eye Care,"7 Cross 3 Shivam Tower, HathiBarkala, Salawala, Dehradun,",8127793257,5,49,100013,2024-09-03 10:35:57,30.3366740000001,78.054557,PMJAY
HOSP5P142173,5142173,Hospital,P,SHRI DHRUV CHARITABLE  HOSPITAL,"Gram Sajanpur Pili, Thana Shyampur, Najibabad Road, Haridwar,",9411150211,5,50,"100005,100006,100013",2022-06-27 17:02:50,29.864982,78.181220,PMJAY
HOSP5P143082,5143082,Hospital,P,Pagia Hospital,"Opp Avas Vikas Gate, Bazpur Road, Kashipur, US Nagar, ",9927555667,5,56,"100005,100010,100017",2024-09-12 15:34:54,29.2037480000001,78.971639,PMJAY
HOSP5P143563,5143563,Hospital,P,CITY HOSPITAL ,"Haridwar ranipur more,",9675501227,5,50,"100002,100004,100005,100006,100010,100011,100012,100013,100014,100015,100016,100017,100020,100023,100026",2022-06-27 16:59:09,29.930000,78.130000,PMJAY
HOSP5P144087,5144087,Hospital,P,PRABHU NETRALAYA,"DOCTORS COLONY ,GALI-1 ,CIVIL LINE RUDRAPUR ,",9927041631,5,56,100013,2022-06-27 17:01:11,28.982056,79.398305,PMJAY
HOSP5P144872,5144872,Medical College Hospital,P,Graphic Era Institute of Medical Sciences ,"Dhoolkot, Chakrata Road, Dehradun,",9412058387,5,49,"100001,100002,100003,100005,100006,100007,100008,100009,100010,100011,100012,100013,100014,100015,100016,100017,100018,100019,100020,100022,100023",2026-06-03 16:20:43,30.327420,78.032633,PMJAY
HOSP5P145656,5145656,Hospital,P,NARULA HOSPITAL,"Kumaon colony, ramnagar road,",9837405829,5,56,100005,2023-05-25 15:30:58,29.227255337269398,78.97072934065659,PMJAY
HOSP5P148019,5148019,Hospital,P,SANJIVANI HOSPITAL,"Kashipur Road, Model Colony, Rudrapur, US Nagar,",9837063699,5,56,"100001,100005,100006,100014,100015,100020",2023-12-22 16:59:20,28.977158,79.3922930000001,PMJAY
HOSP5P148597,5148597,Hospital,P,Kailash Omega Cancer Center,"Haridwar Road, Near Joggiwala Chowk, Dehradun,jogiwala chouk",7002338623,5,49,"100008,100021,100022",2022-12-15 12:10:32,30.288170,78.064031,PMJAY
HOSP5P150134,5150134,Hospital,P,BHAGWATIHOSPITALS PRIVATE LIMITED,"325,CHAW MANDI",9412074268,5,50,"100005,100006,100012",2023-05-25 15:33:18,29.868996,77.880103,PMJAY
HOSP5P151234,5151234,Hospital,P,Navjeevan Hospital,"Moradabad Road, Kashipur, US Nagar,",8392897312,5,56,"100005,100006,100010,100012,100015,100017,100023",2023-08-25 15:34:07,29.275647,78.986462,PMJAY
HOSP5P151545,5151545,Hospital,P,Swastik Hospital,"Lohia Head Road, Khatima, US Nagar,",7830591111,5,56,"100005,100006,100010,100012,100014,100015,100017,100020",2023-02-20 15:29:06,28.922609,79.975540,PMJAY
HOSP5P155400,5155400,Hospital,P,GAUTAM HOSPITAL,"GAUTAM HOSPITAL, KICHHA ROAD NEAR RADHA SWAMI SATSANG, BIGBARA,U.S. NAGAR-263153,",9258297136,5,56,"100002,100005,100006,100010,100012,100013,100015,100016,100017",2023-02-20 15:22:15,28.971590,79.394500,PMJAY
HOSP5P156554,5156554,Hospital,P,DEEPAK SAVITRI GLOBAL HOSPITAL AND HEART CARE,"NEAR GODAWARI HOTEL ,BHIJOLI CHOWK,DELHI ROAD ,ROORKEEUTTA,",9560757278,5,50,"100002,100005,100006",2023-06-06 14:28:59,29.9182010000001,77.9307000000001,PMJAY
HOSP5P157875,5157875,Hospital,P,Baluni Hospital,"sathi wa,",8279745972,5,49,"100005,100006,100012,100015,100023",2023-02-20 15:30:07,30.332579,78.019768,PMJAY
HOSP5P161666,5161666,Hospital,P,The Medicity Hospital A Unit of V Three Healthcare Private Limited,"Teen Pani Kichha Road,Rudrapur ,Udham Singh Nagar ,Teen Pani Kichha Road",9411197190,5,56,"100002,100003,100005,100006,100008,100010,100011,100012,100013,100015,100016,100017,100020,100022,100023",2023-05-25 15:30:07,28.997040,79.321861,PMJAY
HOSP5P166103,5166103,Hospital,P,NEW HARIDWAR MULTISPECIALITY HOSPITAL,"opposite sati kund,Laksar Road Jagjeetpur",9758165243,5,50,"100005,100006,100010,100012,100015,100017,100023",2024-07-19 11:44:32,29.921736,78.136381,PMJAY
HOSP5P167345,5167345,Hospital,P,Dev nursing home,"Malviychowk roorkee,NEAR BSM COLLEGE ROORKEE",9720007000,5,50,"100005,100006,100012",2023-08-14 16:11:28,29.860000,77.880000,PMJAY
HOSP5P175147,5175147,Hospital,P,SK NURSING HOME & HOSPITAL,"SK Gupta Nursing Home and Hospital,",9759016789,5,51,"100005,100006,100010,100012,100016,100017,100020",2024-03-07 16:00:19,29.224206,79.531353,PMJAY
HOSP5P181991,5181991,Hospital,P,KSHATRAPATI SAHUJI MAHARAJ CHIKITSA SANSTHAN,"Haldwani Byepass Road, Aditya Chowk , Kichha, US Nagar,",8477001144,5,56,"100005,100006,100012,100023",2024-03-07 16:00:58,28.9165125741414,79.5039821482828,PMJAY
HOSP5P183035,5183035,Hospital,P,SANJEEVANI MULTISPECIALITY HOSPITAL,"NEAR DHELA PUL , MORADABAD ROAD, KASHIPUR (UDHAM SINGH NAGAR) UTTARAKHAND",9837755585,5,56,"100001,100005,100006,100010,100012,100014,100015,100016,100017,100020",2024-02-14 16:41:55,29.203598,78.945351,PMJAY
HOSP5P183516,5183516,Hospital,P,Star Hospital Maternity and Laparoscopic Center,"Behind Nirmala Convent School, Canal Road, Kathgodam,",7521011122,5,51,"100005,100006",2024-03-14 16:05:41,29.269025,79.545883,PMJAY
HOSP5P184122,5184122,Hospital,P,Sanjivani Hospital,"new i.t.i. Rampur road Haldwani,haldwani",8433043182,5,51,"100004,100005,100006,100011,100012,100015,100020,100026",2024-03-14 16:00:47,29.206055,79.516720,PMJAY
HOSP5P194738,5194738,Hospital,P,ASG HOSPITAL PRIVATE LIMITED,"22/5 NEW MUNICIPAL NO 58/43 ,HARIDWAR ROAD OPPOSITE ROADWAY WORKSHOP DEHRADUN UTTRAKHAND 248001",8875020446,5,49,100013,2026-05-19 13:18:27,30.3137330000001,78.044274,PMJAY
HOSP5P197951,5197951,Hospital,P,GLOBAL MUTLISPECIALITY HOSPITAL,"GLOBAL HOSPITAL, OPP. GORAYA PAPER MILL,BAZPUR ROAD KASHIPUR",7298511508,5,56,"100005,100006,100010,100012,100015,100017",2024-03-14 16:01:18,29.201804,78.973139,PMJAY
HOSP5P200413,5200413,Hospital,P,Asha Wellness Clinic ,"Asha Wellness Clinic , Herbetpur Chowk, Dehradun,shankarpur",7709322710,5,49,,2024-07-19 11:50:29,30.406800,77.794702,PMJAY
HOSP5P200467,5200467,Hospital,P,HIMANSHU KRITI HOSPITAL,"PLOT NO. 5A NAND VATIKA COLONY, OPPOSITE SATIKUND, KANKHAL, HARIDWAR,",9411501533,5,50,"100012,100015",2024-07-26 10:45:48,29.921204595202212,78.13643465011,PMJAY
HOSP5P202334,5202334,Hospital,P,PRAKASH HOSPITAL AND RESEARCH FOUNDATION,"Prakash Hospital and Research Foundation, Moradabad Road, dist. Udam Singh Nagar, Kashipur (Uttrarakhand),",9837061444,5,56,"100005,100006,100012,100015,100017,100023",2024-07-24 12:20:34,29.203989,78.946469,PMJAY
HOSP5P203295,5203295,Daycare Centre,P,RAAHI NETRADHAM,"RAAHI NETRADHAM ,KAMLA BUSINESS CENTRE 3RD FLOOR, HARIDWAR ROAD ,",9890257998,5,49,100013,2026-03-12 16:38:22,30.290739,78.053376,PMJAY
HOSP5P203535,5203535,Hospital,P,RADHEY SHYAM HOSPITAL,"Bijholi Road,Roorkee",7579284545,5,50,"100005,100006,100012,100015,100023",2024-07-24 12:21:23,29.820078,77.881264,PMJAY
HOSP5P204802,5204802,Daycare Centre,P,SHEELA NETRALAYA,"PARTH PLAZA, BD COMPLEX, SUBHASH CHOWK,",8130080335,5,45,100013,2025-02-07 11:35:03,29.645792,79.430349,PMJAY
HOSP6P100144,6100144,Hospital,P,MAARS HOSPITAL AND HEART INSTITUTE ,"WNO 20,",9812936932,6,72,100002,2020-10-23 19:05:12,28.185936,76.620967,PMJAY
HOSP6P100145,6100145,Hospital,P,MANOCHA EYE HOSPITAL,"ARYA CHOWK,",9896933099,6,58,100013,2021-03-17 11:15:19,30.380458973404814,76.7801451480816,PMJAY
HOSP6P100216,6100216,Hospital,P,KAPIL EYE HOSPITAL PVT LTD,"240 Vivek Vihar civil line,",9896424351,6,58,100013,2021-03-17 11:15:19,30.215467102996172,77.04108275621138,PMJAY
HOSP6P100241,6100241,Hospital,P,Anand Hospita And Navdeep Eye Cenre,"105 Anand Hospital And Navdeep Eye Centre,Adarsh Nager",9996168202,6,71,100013,2024-03-18 14:46:27,29.39579,76.9616550000001,PMJAY
HOSP6P100391,6100391,Hospital,P,PANCHAL HOSPITAL,"777/5 parkash Nagar,barsat road, panipat",9896943100,6,71,100015,2023-07-21 09:50:46,29.4124330000001,76.9725120000001,PMJAY
HOSP6P101033,6101033,Hospital,P,OM HOSPITAL ,"KESHAV NAGAR NEAR GALI NO 3 ,SINGHANA ROAD  NARNAUL",9896168999,6,69,"100005,100006,100012,100015",2022-10-06 11:10:16,28.0589736,76.099602,PMJAY
HOSP6P101267,6101267,Hospital,P,SMT JAI DEVI MEMORIAL NURSING HOME,"35-P PART IV SEC 15 ,",9254004000,6,75,"100005,100006,100012,100015,100019,100023",2026-08-13 14:15:09,29.005704,77.035396,PMJAY
HOSP6P101976,6101976,Hospital,P,Dev Jyoti Hospital,"Near Hero Agency, Dharuhera Chungi, Circular Road,Rewari",8199037865,6,72,"100005,100006,100010,100012,100015,100017,100020,100023",2019-12-20 10:46:14,28.196598251304238,76.62316698723208,PMJAY
HOSP6P102263,6102263,Hospital,P, BAJAJ EYE CENTRE,"206, New Sukhdev Nagar, Panipat,206, New Sukhdev Nagar, Panipat",9416007777,6,71,100013,2024-03-27 13:23:54,29.396465,76.971478,PMJAY
HOSP6P103145,6103145,Hospital,P,HISAR CHILDREN HOSPITAL,"Near Jat College Hisar,",9991953157,6,63,"100010,100017",2024-07-12 18:52:28,29.1484320000001,75.7243290000001,PMJAY
HOSP6P107930,6107930,Hospital,P,PUSHPANJALI HOSPITAL,"CIVIL LINES GURGAON,",9811192907,6,62,"100005,100023",2026-06-15 18:24:10,28.457010,77.031334,PMJAY
HOSP6P111232,6111232,Hospital,P,VIAAN EYE RETINA CENTRE,"Gurgaon,",9871289001,6,62,100013,2026-05-01 12:58:57,28.460000,77.030000,PMJAY
HOSP6P111406,6111406,Hospital,P,OM HOSPITAL,"ram nagar near govt school assandh,",9416995657,6,67,"100005,100006,100015",2022-10-06 11:20:55,29.521375,76.6080820000001,PMJAY
HOSP6P111407,6111407,Hospital,P,Aman hospital a unit of SAA healthcare private limited ,"bishan swaroop colony,",9416571626,6,71,"100005,100006,100012,100013",2022-07-29 16:07:30,29.39703156069875,76.96649517119215,PMJAY
HOSP6P111574,6111574,Hospital,P,DELHI MULTISPECIALITY HOSPITAL,"NEAR GODARA PETROL PUMP,AZAD NAGAR HISAR,",8295028259,6,63,"100005,100006,100012,100013,100015,100016,100023",2022-10-06 11:20:18,29.118925931996984,75.69984163706954,PMJAY
HOSP6P111617,6111617,Hospital,P,KHURANA HOSPITAL AND IVF CENTRE,"dabwali road opp sirsa club sirsa,",9812723333,6,74,"100005,100006,100010,100012,100017,100018",2021-02-11 11:31:16,29.540543,75.030863,PMJAY
HOSP6P111719,6111719,Hospital,P,KAKKAR NURSING HOME,"KAKKAR NURSING HOME,NEW PRABHAKAR COLONY, CHANDIGARH ROAD, TOHANA",9416430350,6,61,"100006,100012,100023",2023-02-28 12:42:40,29.716471,75.9090194,PMJAY
HOSP6G112670,6112670,Hospital,G,CHC MUANA,"NEAR ITI MUANA,MUANA",8171906719,6,65,"100004,100005,100012,100014",2020-06-29 10:03:10,29.437504,76.569753,PMJAY
HOSP6P113783,6113783,Hospital,P,M R MEMORIAL HOSPITAL,"178-R NEAR KAILASH ASHRAM,MODEL TOWN,ROHTAK,MODEL TOWN",9416762160,6,73,"100005,100006,100015,100023",2020-12-23 12:57:13,28.8912080000001,76.6077740000001,PMJAY
HOSP6P114023,6114023,Hospital,P,Ranvirhospital,"ranvir,hospital,meham road, bhiwani,meham road",9416058764,6,59,"100006,100015",2021-02-11 11:26:06,28.800081,76.1457580000001,PMJAY
HOSP6P114909,6114909,Daycare Centre,P,DR RISHI EYE INSTITUTE,"1363/64,INSIDE AMAR HSPITAL, SECTOR-6, KARNAL",9781539001,6,67,100013,2020-10-23 19:09:22,29.681314,77.01012,PMJAY
HOSP6P115790,6115790,Hospital,P,Panwar Hospital,"New Bharat Nagar,Rohtak Road Bhiwani",9416184166,6,59,"100010,100012,100017",2021-08-04 11:41:35,28.79528,76.1536550000001,PMJAY
HOSP6P116385,6116385,Hospital,P,Neomedicare Children Hospital,"neomedicare hospital, opp icici bank, govindpuri road,opp j.k. residency hotel",9996056781,6,76,"100010,100012,100017",2020-12-23 12:59:38,30.139841,77.290126,PMJAY
HOSP6P119496,6119496,Hospital,P,Ophthalmology,"court colony,hisar road, under r.o.b., ",9896028334,6,74,100013,2021-05-11 12:50:27,29.534081,75.039791,PMJAY
HOSP6P119746,6119746,Hospital,P,Sabbarwal Hospital,"Bilaspur by pass road, Jagadhri Yamuna Nagar Haryana,",9588580988,6,76,"100002,100005",2023-07-21 10:01:52,30.17,77.29,PMJAY
HOSP6P120250,6120250,Hospital,P,SARVOTAM ENT CENTRE,"2 b civil lines jail road ambala city,JAIL ROAD",8826365618,6,58,100016,2023-02-28 12:31:34,30.372656,76.784952,PMJAY
HOSP6P120572,6120572,Hospital,P,SHREE MEDICAL CARE CENTRE,"359/2,Jain Nagar, OPP. Hotel Sapphire",9812138102,6,76,100005,2022-10-06 11:13:55,30.149549316879913,77.30603870751452,PMJAY
HOSP6P120676,6120676,Hospital,P,ANAND EYE HOSPITAL,"ANAND EYE HOSPITAL,Near New bus stand gohana road meham",8221936500,6,73,100013,2021-08-04 11:35:34,28.966598,76.302136,PMJAY
HOSP6P121285,6121285,Hospital,P,AASTHA EYE CENTRE,"5-R/5,NIT,",9811605066,6,60,100013,2026-04-24 15:15:11,28.391732,77.3024600000001,PMJAY
HOSP6P121640,6121640,Hospital,P,LAXMI NARAYAN HOSPITAL,"LAXMI NARAYAN HOSPITAL,MAHICHAN MOHALLA",7015437897,6,69,"100005,100006,100012,100015,100020,100023",2022-12-30 11:13:04,28.264203,76.143928,PMJAY
HOSP6P122302,6122302,Hospital,P,Rainbow multispeciality Hospital and trauma centre,"1141/2/1, Singhana road, ,Near Mahavir chowk",9015945626,6,69,,2022-05-05 09:50:31,28.053505,76.105276,PMJAY
HOSP6P122360,6122360,Hospital,P,UROCARE SARDAR SINGH UROLOGY CENTRE AND STONE CLINIC,"KAITHAL ROAD PATIALA CHOWK ,JAWAHAR NAGAR",8569960570,6,65,"100006,100015,100023",2021-08-04 10:59:16,29.328200,76.302440,PMJAY
HOSP6P122459,6122459,Hospital,P,Jindal Hospital,"Jindal Hospital, sec 17 HUDA,",9896102545,6,76,"100006,100011,100014,100015,100020",2022-07-29 17:07:55,30.155172,77.294094,PMJAY
HOSP6P122855,6122855,Hospital,P,ANGEL CARE HOSPITAL,"angel care hospital,gali no1 preet vihar barsat road",7834843718,6,71,"100001,100006,100012,100019",2022-07-29 17:15:42,29.411822,76.972048,PMJAY
HOSP6P122928,6122928,Hospital,P,D N HOSPITAL,"KHANNA ROAD KRISHAN PURA,",9812433331,6,71,"100006,100012,100015,100023",2022-03-25 11:13:48,29.379931,76.970324,PMJAY
HOSP6P122931,6122931,Hospital,P,singla hospital,"SINGLA HOSPITAL,OPPOSITE DISTRICT COURTS HUDA CITY CENTER ROAD",9416058300,6,59,"100006,100015,100023",2022-05-05 09:45:51,28.803799,76.142764,PMJAY
HOSP6P123078,6123078,Hospital,P,VIGHNESH HOSPITAL,"Malviya Nagar, ambala Road, Jagadhri Yamuna Nagar Haryana,",9896100347,6,76,"100006,100023",2021-05-11 13:14:17,30.17,77.29,PMJAY
HOSP6P123086,6123086,Hospital,P,NETRA EYE HOSPITAL,"SCO 404, SECTOR 20,sector 20",9646624864,6,70,100013,2026-06-06 09:59:14,30.672547,76.855927,PMJAY
HOSP6P123151,6123151,Hospital,P,Advanced Eye Hospital,"ADVANCED EYE HOSPITAL,",8194858333,6,76,100013,2021-08-04 10:57:58,30.136339,77.279824,PMJAY
HOSP6P123857,6123857,Hospital,P,SANKALP HOSPITAL,"Near Aneja Petrol Pump,Assandh Road ,Panipat,",9355099888,6,71,"100005,100006,100010,100012,100015,100017,100023",2022-10-06 11:16:57,29.392855,76.941889,PMJAY
HOSP6P124032,6124032,Hospital,P,SHRI BABA YOGI NETANATH HOSPITAL AND RESEARCH CENTRE,"Lohani,",8178361179,6,59,"100002,100005,100006,100015",2023-02-28 12:45:39,28.709785,76.047943,PMJAY
HOSP6P124038,6124038,Daycare Centre,P,Kamboj Hospital ,"h no. 8,sector 5,divider sector 5 and 7",8130679297,6,68,100013,2022-02-23 09:49:40,29.974192852466345,76.87865021268522,PMJAY
HOSP6P124085,6124085,Hospital,P,Sharma Eye Hospital,"SCF 178 DSC HUDA GROUND JIND,NEAR LIC BUILDING",9416186614,6,65,100013,2022-05-05 09:34:31,29.313175,76.3405949,PMJAY
HOSP6P124168,6124168,Hospital,P,GURU JAMBHESHWAR MULTISPECIALITY HOSPITAL,"AGROHA,",9812591693,6,63,"100005,100006,100012,100015,100023",2021-08-04 11:12:22,29.319756907192925,75.6351065881654,PMJAY
HOSP6P124251,6124251,Hospital,P,R K Gupta Hospital,"5,6,7,Near Madhu Hotel, Gobind Puri Road",9812079000,6,76,,2021-05-11 13:10:51,30.137278,77.295919,PMJAY
HOSP6P124267,6124267,Hospital,P,HOLY NURSING HOME ,"DABWALI ROAD SIRSA,",9896267811,6,74,"100005,100006,100012",2021-08-04 11:21:13,29.541838,75.030131,PMJAY
HOSP6P124274,6124274,Hospital,P,KHURANA EYE CENTRE,"139 SUBHASH NAGAR,ROHTAK",9211949248,6,73,100013,2021-08-04 11:15:09,28.894556,76.608346,PMJAY
HOSP6P124565,6124565,Hospital,P,SHALINI SURGICAL & MATERNITY HOSPITAL,MEDICAL ENCLAVE CHANDIGARH ROAD TOHANA ,9896351877,6,61,,2023-07-21 09:49:55,29.708036,75.908101,PMJAY
HOSP6P124854,6124854,Hospital,P,Care hospital,"circular road,",9254100218,6,74,"100006,100013,100015",2021-05-11 13:02:01,29.536899,75.026713,PMJAY
HOSP6P125093,6125093,Hospital,P,SAI HOSPITAL,"NEW PRABHAKAR COLONY, NEAR KAKKAR NURSING HOME, VILLAGE TOHANA, DIST FATEHABAD,NEAR LIC BUILDING",7038221288,6,61,"100010,100017",2023-02-28 12:29:46,29.716105,75.907770,PMJAY
HOSP6P125451,6125451,Hospital,P,KHALSA HOSPITAL MANAGEMENT,"inside Churamani Hospital Complex,Camp Chowk, Delhi road",8874448262,6,63,"100002,100005,100006,100015,100023",2021-08-31 15:34:08,29.146192,75.727107,PMJAY
HOSP6P126138,6126138,Hospital,P,POSITRON HOSPITAL A UNIT OF MK SUPER SPECIALITY HOSPITAL PVT LTD,"Health center plot, block-b, sector-35, suncity, rohtak ,",9799499071,6,73,,2023-05-08 12:14:45,28.913328,76.623851,PMJAY
HOSP6P126249,6126249,Hospital,P,Gill Hospital,"Near Lal Bati Chowk , Dabwali Road, Sirsa,",8901224777,6,74,"100006,100012,100015",2022-03-24 11:29:26,29.5584900000001,75.0247455000001,PMJAY
HOSP6P01546,601546,Hospital,P,PARKHOSPITALA UNITOFPARKMEDICENTERSANDINTITUTIONSPVTLTD,"Q Block South City 2, Badshahpur Sohna Rd Hwy, Main, Sector 47, Gurugram, Haryana 122001,",9810853355,6,62,,2026-04-25 17:30:14,28.428786593034005,77.0475986931175,PMJAY
HOSP6P129369,6129369,Hospital,P,Hayer Hospital,"Ladwa Road,",9215000005,6,68,"100006,100010,100012,100015,100017,100020",2022-02-23 09:48:52,30.112170,76.940490,PMJAY
HOSP6P130172,6130172,Hospital,P,DR. NARAYAN DATT HOSPITAL,"440R, Model Town ",9068254975,6,71,"100005,100006,100010,100012",2022-07-29 16:58:17,29.39075,76.96202,PMJAY
HOSP6P130687,6130687,Hospital,P,MANDEEP HEART HOSPITAL,"C/O MANDEEP HEART HOSPITAL,OPP. HOTEL AROMA INN, DABWALI ROAD",7087600815,6,74,100002,2021-08-04 11:29:47,29.543965,75.028692,PMJAY
HOSP6P130960,6130960,Hospital,P,SUDHIR HOSPITAL,"OPP MADHU HOTEL ,",9812033101,6,76,"100010,100012,100017",2023-08-10 16:01:17,30.136514,77.29727,PMJAY
HOSP6P130991,6130991,Hospital,P,NIDAAN HOSPITAL A UNIT OF NARSINGH HOSPITAL AND HEART INSTITUTE PRIVATE LIMITED,"MURTHAL ROAD SONIPAT,",9436946991,6,75,,2024-01-03 11:55:35,29.017303999999996,77.05925300000013,PMJAY
HOSP6P131010,6131010,Daycare Centre,P,Netrum Hospital,"MAHARANA PARTAP CHOWK, BAWAL ROAD,  REWARI,NEAR MAHARANA PARTAP CHOWK",9492967000,6,72,100013,2023-02-28 12:11:45,28.18804244026883,76.61369010800934,PMJAY
HOSP6P131336,6131336,Hospital,P,RANA HOSPITAL,"OPP CIVIL HOSPITAL,",9306052860,6,75,100005,2022-07-29 16:46:03,28.877920,76.916040,PMJAY
HOSP6P131612,6131612,Hospital,P,SMSG HOSPITAL,"Rohtak Gate,Near Devilal Sadan",7404102074,6,59,,2022-07-29 16:54:17,28.79647830060385,76.14626043423186,PMJAY
HOSP6P132066,6132066,Hospital,P,SHARMA HOSPITAL,"NEAR OLD BUS STAND,COURT ROAD,OPP. CHARLY SHOWROOM,",9812883950,6,59,"100005,100006",2022-07-29 16:50:26,28.800317,76.1395200000001,PMJAY
HOSP6P133221,6133221,Hospital,P,SHREE BALAJI HOSPITAL BARWALA,"near civil hospital road barwala,civil hospital road ward no.12",9466644607,6,63,,2024-08-30 16:39:57,29.325086,75.837712,PMJAY
HOSP6P134223,6134223,Hospital,P,HOLY HOSPITAL,"28,29 Holy Tower,Mittal Market,Mandi Adampur",9416076402,6,63,100005,2022-07-29 16:43:47,29.2836550000001,75.472198,PMJAY
HOSP6P134566,6134566,Hospital,P,SINGLA MULTISPECIALITY HOSPITAL,"GALI NO. 1, RISHI NAGAR,",8607336346,6,63,"100010,100016,100017,100023",2024-01-03 11:49:22,29.16398704631176,75.71888416759339,PMJAY
HOSP6P135859,6135859,Hospital,P,SARVODYA HOSPITAL JIND,"Near Hunaman mandie safidon road ,Jind,",9812006186,6,65,"100006,100012,100015,100023",2022-07-29 16:39:21,29.4314085,76.3684480000001,PMJAY
HOSP6P135900,6135900,Hospital,P,Asha Kiran The Criti Care Hospital,"Ward no 1.kanwar singh colony,Dhaur chowk,Rohtak road,",9990007009,6,64,,2022-10-06 11:15:59,28.612662,76.645550,PMJAY
HOSP6P135927,6135927,Hospital,P,SADBHAVNA MULTISPECIALITY HOSPITAL ,"NEAR RAILWAY FATAK , UKLANA MANDI ,Near Metro ITI , Bhuna Narwana Roada , Railway fatak , Uklana Mandi ",8708153424,6,63,"100005,100006,100010,100012,100014,100015,100016,100017,100023",2022-03-24 11:48:29,29.50929018174324,75.88208340684787,PMJAY
HOSP6P135985,6135985,Hospital,P,MAX PLUS HOSPITAL,"OPP. MALIK PETROL PUMP SANOLI ROAD PANIPAT (132103),",9671801731,6,71,"100002,100005,100006,100011,100012,100015,100023",2022-07-29 16:05:45,29.387544,76.999868,PMJAY
HOSP6P136231,6136231,Hospital,P,JAIPUR HEART & GENERAL HOSPITAL,"OPP. POLICE STATION NEW MANDI ROAD NARNAUL,OPP. POLICE STATION NEW MANDI ROAD NARNAUL",8741970587,6,69,"100002,100005,100006,100012,100015,100016,100020,100023",2023-02-28 12:11:05,28.045880238453492,76.1228646475895,PMJAY
HOSP6P136810,6136810,Hospital,P,UMEED MULTISPECIALITY HOSPITAL & TRAUMA CENTRE ,"SECTOR 4,SOMA TOWN  HISAR ROAD",9992525915,6,61,"100002,100005,100006,100013,100015,100023",2023-07-21 09:48:59,29.49516892743212,75.48002882197511,PMJAY
HOSP6P136900,6136900,Hospital,P,Amandeep Hospital,"South By pass Near Tosham Road,Tosham Road Hisar",9992869333,6,63,,2024-03-27 13:23:06,29.118055389390307,75.75138206225176,PMJAY
HOSP6P137040,6137040,Hospital,P,MATRIKA HOSPITAL PVT LTD,"SARASWATI VIHAR,BAWAL ROAD,REWARI HR,",8527866397,6,72,,2024-08-30 16:38:05,28.178935,76.611941,PMJAY
HOSP6P137124,6137124,Hospital,P,DR VEENA CHOWDHARY FOUNDATION EYE HOSPITAL,"NAVCHETNA HOUSE KILLA SIKKHA ROAD,",9802140000,6,68,100013,2022-07-29 17:16:42,30.16319505307429,76.87007848578651,PMJAY
HOSP6P137128,6137128,Hospital,P,JANKI CHILDREN HOSPITAL,36 RISHI NAGAR BEHIND PRITAM PALACE,9996784525,6,63,"100010,100016,100017",2024-08-23 13:38:34,29.151861,75.721123,PMJAY
HOSP6P137928,6137928,Hospital,P,cbm hospital,"sekhpura mor mahendergarh road,",9785883501,6,69,"100005,100006,100012,100015,100023",2022-10-06 11:17:29,28.0982935000001,75.9911940000001,PMJAY
HOSP6P138169,6138169,Hospital,P,BAJAJ EYE CARE HOSPITAL,"1151/34,KATH MANDI JHAJJAR ROAD,1151/34, KATH MANDI JHAJJAR ROAD",9992222476,6,73,100013,2022-07-29 17:00:44,28.8828,76.5855000000001,PMJAY
HOSP6P140312,6140312,Hospital,P,SHREE KALI DEVI EYE AND GENERAL HOSPITALL,"SHREE KALI DEVI EYE AND GENERAL HOSPITAL,KALI DEVI MANDIR CHOWK",9810139669,6,63,"100005,100006,100012,100013,100015,100016",2022-10-12 14:31:46,29.092760159772837,75.97061676859198,PMJAY
HOSP6P140332,6140332,Hospital,P,Adiyogi Arogya Avenue,"Behind Civil Hospital Jhajjar ,BYPASS ROAD JHAJJAR",9992462286,6,64,"100005,100006,100012,100015,100023",2022-12-30 11:09:50,28.425679,76.680247,PMJAY
HOSP6P140723,6140723,Hospital,P,Magnus Hospital,"Ward No 20,253 B BISHAN SWAROOP COLONY OPP. BUS STAND PANIPAT",9729911100,6,71,"100010,100017",2022-07-29 15:23:48,29.40,76.97,PMJAY
HOSP6P141375,6141375,Hospital,P,VERMA HOSPITAL,"Verma hospital, lawda, kurukshetra,Verma hospital, lawda, kurukshetra",9729098138,6,68,"100004,100005,100006",2024-11-21 11:03:05,29.995592,77.042043,PMJAY
HOSP6P141777,6141777,Hospital,P,ASHIRWAD MATERNITY & INFERTILITY HOSPITAL,"Opp. Nirankari Bhawan, Near HP GAS Agency, Karnal ,Road ,Kaithal,karnal road kaithal",9996052094,6,66,,2022-10-06 11:14:59,29.801660,76.410561,PMJAY
HOSP6P142154,6142154,Hospital,P,philadelphia hospital,"philadelphia Hospital,philadelphia Hospital, hisar road",9812037733,6,58,,2022-12-01 09:51:54,30.3202450000001,76.7269150000001,PMJAY
HOSP6P142431,6142431,Hospital,P,Dr Bakshi Gupta Eye Care Centre,"H.No 121, Sector-7, Panchkula",7888614870,6,70,100013,2022-12-01 09:46:52,30.706848,76.84615,PMJAY
HOSP6P142782,6142782,Hospital,P,DDK GLOBAL HOSPITAL,"METRO PILLAR - 879, OPPOSITE CIVIL HOSPITAL,",9253121017,6,64,"100005,100006,100010,100012,100015,100017,100020",2022-10-06 11:11:04,28.695434971043355,76.92243695188222,PMJAY
HOSP6P142791,6142791,Hospital,P,Amritdhara my Hospital,"ITI chowk , Gahoon Bihar, Karnal,",9011098826,6,67,,2024-03-18 14:42:49,29.707128,77.003165,PMJAY
HOSP6P143073,6143073,Hospital,P,SANJOG HOSPITAL PRIVATE LIMITED,"301 ELDECO COUNTY SECTOR 19 SONIPAT,",8000020068,6,75,"100001,100002,100005,100006,100011,100012,100015,100019,100023",2026-07-22 15:42:49,29.004267,77.074980,PMJAY
HOSP6P143651,6143651,Hospital,P,Rakshit Hospital,"dabwali road,Janta Bhawan Road, Near Sardar Jagdev Singh Chowk",8527810999,6,74,"100006,100012,100015,100023",2022-10-06 11:11:43,29.55242178102533,75.02563233126452,PMJAY
HOSP6P143664,6143664,Hospital,P,BHARDWAJ HOSPITAL,"BHARDWAJ HOSPITAL,ROHTAK GATE",9215921520,6,59,"100005,100006,100012,100015,100023",2024-04-12 16:22:52,28.796860131844767,76.14633686451725,PMJAY
HOSP6P143667,6143667,Hospital,P,CITY NURSING HOME,"OPP. OLD BUS STSND Bhiwani,",9416358473,6,59,"100006,100012,100023",2023-02-28 12:15:00,28.79995350000017,76.13923800000339,PMJAY
HOSP6P144036,6144036,Hospital,P,ORTHOHEAL HOSPITAL,"opposite tularam dharmshala,near surkhab chowk",9588550895,6,74,100015,2022-12-01 09:52:35,29.5320939,75.0346925,PMJAY
HOSP6P144338,6144338,Hospital,P,GLOBAL CRADLE HOSPITAL,"AZAD NAGAR HANSI ROAD KARNAL,AZAD NAGAR HANSI ROAD KARNAL",9952456317,6,67,"100006,100010,100012,100015,100017,100023",2022-12-01 09:48:59,29.686307,76.974376,PMJAY
HOSP6P144666,6144666,Hospital,P,AMIT WASIL EYE HOSPITAL,"16-1 SHIVAJI COLONY,NEAR JAIPUR MEDICAL CENTRE,DABWALI ROAD ,SIRSA,",9991089290,6,74,100013,2022-10-12 14:30:12,29.533891,75.017664,PMJAY
HOSP6P145201,6145201,Hospital,P,Dudi Hospital,"Nandan Vatika, Surkhab Chowk,",9812911151,6,74,"100005,100006",2023-02-28 12:41:45,29.531924199419272,75.03513739955838,PMJAY
HOSP6P145339,6145339,Hospital,P,JAIN HOSPITAL & FERTILITY CENTRE,"Kath Mandi, Near Jugal Kishor Hospital, Rohtak-124001",9416142333,6,73,"100006,100012",2023-09-27 16:38:22,28.8832512,76.5859649,PMJAY
HOSP6P145526,6145526,Hospital,P,PANKAJ GARG HOSPITAL,"19A CIVIL LINE SESSION COURT AMBALA CITY,AMBALA CITY",9466183623,6,58,"100005,100006",2023-08-10 15:58:31,30.37200250166393,76.78550335507896,PMJAY
HOSP6P146299,6146299,Hospital,P,ASHIRWAD MULTI SPECIALITY HOSPITAL,"NEAR R S D SCHOOL, DABWALI ROAD,DABWALI ROAD",9888174488,6,74,"100001,100005,100006,100012,100015,100017,100019,100020,100023",2023-02-28 12:38:44,29.539277610123676,75.03172435678516,PMJAY
HOSP6P146389,6146389,Hospital,P,TULIP MULTISPECIALITY HOSPITAL PVT. LTD .,"T P Scheme No 15, Delhi Road, Vivekanand Chowk",7404321021,6,75,"100002,100005,100006,100011,100012,100013,100015,100016,100023",2026-05-18 09:54:18,28.99145,77.03425,PMJAY
HOSP6P146467,6146467,Hospital,P,N.P SINGH HOSPITAL,N P Singh Hospital Treasury Road Ambala City,9416026342,6,58,"100006,100012,100023",2023-02-28 12:27:16,30.372,76.817,PMJAY
HOSP6P147060,6147060,Hospital,P,Vishal Eye Centre,"2,",8397904343,6,76,100013,2024-06-27 15:30:33,30.142582,77.275509,PMJAY
HOSP6P147129,6147129,Hospital,P,SADBHAVNA HOSPITAL,"NURSING HOME SITE NO 1,  SECTOR-13P, NEAR COMMUNITY CENTRE , TOSHAM ROAD, HISAR, TOSHAM ROAD",9416164990,6,63,"100005,100006,100012,100015,100016",2023-08-10 16:00:02,29.1322940000001,75.741161,PMJAY
HOSP6P147493,6147493,Hospital,P,RATHI EYE HOSPITAL OPC PVT LTD,"89/19, BHAGAT SINGH CHOWK, JHAJJAR,",9812383515,6,64,100013,2022-12-01 09:54:39,28.610395314824245,76.64516830273396,PMJAY
HOSP6P148103,6148103,Hospital,P,J D Jindal Hospital,"J.D. Jindal Hospital, Main Road, Near Bye-Pass, Barwala,Main Road",9953056483,6,63,"100005,100006,100015",2023-02-28 12:48:22,29.355843012089778,75.88764701964442,PMJAY
HOSP6P148401,6148401,Hospital,P,JIGYASA HOSPITAL,"JIGYASA HOSPITAL,SUBHASH NAGAR NEAR NIRANKARI BHAWAN, HISAR",9416380112,6,63,"100006,100012,100015,100023",2023-09-27 16:45:14,29.144239,75.733750,PMJAY
HOSP6P149044,6149044,Hospital,P,RAJ HOSPITAL,"4,Ram Nagar Kanhiya Sahib Chowk Bye Pass Road Yamuna Nagar",8307911461,6,76,"100005,100006,100012,100023",2023-08-10 15:56:51,30.12913,77.28049,PMJAY
HOSP6P149332,6149332,Hospital,P,JIND HEART HOSPITAL,"GOHANA BY PASS,ROHTAK ROAD",9817086669,6,65,100002,2023-02-28 12:30:48,29.349842,76.2935055000001,PMJAY
HOSP6P149747,6149747,Hospital,P,OSCAR SUPER SPECIALITY & TRAUMA CENTRE A UNIT OF OSCAR HEALTH SERVICES,G T Road Opp Barsat Road Old Narula Hotel Opp PVR Mall Panipat,8053388008,6,71,"100002,100005,100006,100011,100012,100014,100015,100017,100020,100023",2023-02-28 12:29:15,28.1817608,76.7229255,PMJAY
HOSP6P149994,6149994,Hospital,P,PARTAP HEART AND CHEST HOSPITAL,"NEAR MEJBAN CHOWK,CHARKHI DADRI",8059068885,6,701,100005,2023-12-05 10:49:12,28.596055,76.2684620000001,PMJAY
HOSP6P150037,6150037,Hospital,P,Medicare Hospital,"ANSAL TOWN, NH-A,SECTOR 19",9711770254,6,72,"100005,100006,100012,100013,100015,100020,100023",2023-02-28 12:02:27,28.174169,76.632271,PMJAY
HOSP6P150439,6150439,Hospital,P,lifecare hospital,"lifecare hospital,mitc colony gali no1",9416813094,6,66,100015,2023-02-28 12:37:25,29.80128524527116,76.4158510879638,PMJAY
HOSP6P150554,6150554,Hospital,P,Shri Arvind Heart and Multi Speciality Hospital,"Near Rao Tula Chowk Dadri Road,",8053805301,6,69,"100002,100005,100006,100012,100015,100023",2023-05-08 12:17:26,28.274886,76.139496,PMJAY
HOSP6P150634,6150634,Daycare Centre,P,RAHI CARE PRIVATE LIMITED,"SCO 356, First Floor, Sector 9,",9779925382,6,70,100005,2023-12-13 14:15:55,30.69761231590806,76.8493323687826,PMJAY
HOSP6P150691,6150691,Hospital,P,SINGLA MEDICAL CENTER,"Madanpura Road uklana ,",9466761373,6,63,"100005,100006,100010,100012,100013,100015,100017,100023",2023-08-10 15:59:23,29.50647,75.8826030000001,PMJAY
HOSP6P150915,6150915,Hospital,P,JAIPUR MULTISPECIALITY CENTRE HOSPITAL,"257, MODEL TOWN,",7015479064,6,63,"100005,100006,100012,100015,100016,100023",2023-07-21 09:58:08,29.134112922607414,75.74208419154627,PMJAY
HOSP6P151190,6151190,Hospital,P,APEX HEART SUPERSPECIALITY HOSPITAL,"10, INDER NAGAR,POLICE LINE ROAD",9891236587,6,58,100002,2023-07-21 09:55:24,30.379579,76.783451,PMJAY
HOSP6P151325,6151325,Hospital,P,HEART AND MOTHER CARE HOSPITAL,"ANSAL SUSHANT CITY,NHM 01",9999187367,6,71,,2023-02-28 12:25:19,29.434157,76.9877520000001,PMJAY
HOSP6P151549,6151549,Hospital,P,MALIK HOSPITAL,"DELHI-ALWAR ROAD,OPPOSITE INDIAN OIL PETROL PUMP",9050878987,6,604,"100006,100012,100015,100023",2024-11-21 10:11:02,28.0945620000001,77.0076220000001,PMJAY
HOSP6P153520,6153520,Hospital,P,SANT ISHAR SINGH GENERAL & MULTISPECIALITY HOSPITAL,"URNAI ROAD,PEHOWA",9815625992,6,68,,2023-11-17 15:43:55,29.9790,76.5825,PMJAY
HOSP6P153749,6153749,Hospital,P,SHREE BALAJI HOSPITAL,"UTTAM NAGAR,NEAR AMBEDKAR  CHOWK, HANSI",9992555558,6,63,,2024-04-12 16:11:23,29.093245,75.961396,PMJAY
HOSP6P155339,6155339,Hospital,P,Siwach Sanjeevani Hospital,"123, Rajender Nagar, Main Gohana Road,",8053535581,6,73,,2023-07-21 10:02:40,28.916911,76.5936140000001,PMJAY
HOSP6P156474,6156474,Hospital,P,JEEVAN JYOTI HOSPITAL,"RSD SCHOOL DABWALI ROAD, SIRSA ",9416815971,6,74,"100005,100006,100008,100012,100023",2023-07-21 09:52:21,29.5389988,75.0312417,PMJAY
HOSP6P157714,6157714,Hospital,P,GOEL NURSING HOME,"TOHANA ROAD,RATIA",9896362986,6,61,"100006,100012",2023-11-17 15:41:00,29.6824574976156,75.57174384176892,PMJAY
HOSP6P157942,6157942,Hospital,P,COMPLETE EYE CARE,"138, Eros City Square, Sec - 49, Gurgaon,Near Rosewood City",9818196263,6,62,100013,2026-04-06 15:20:36,28.41,77.06,PMJAY
HOSP6P158140,6158140,Hospital,P,S K Hospital,"HOUSE NO. 129 WARD NO. 22 NEAR,DIMPLE CINE PLEX  JAGADHRI",9416021096,6,76,100006,2024-07-29 11:05:24,30.14656,77.299712,PMJAY
HOSP6P158369,6158369,Hospital,P,NP RAWAL HOSPITALS PRIVATE LIMITED,"786, Jernailly Colony, Dayal Singh College Road Karnal,",9813490934,6,67,"100001,100004,100005,100006,100011,100012,100015,100016,100019,100023",2023-07-21 09:48:07,29.693200736945357,76.99276056299573,PMJAY
HOSP6P158474,6158474,Hospital,P,Agarwal Nursing Home And alfa Diagnostic Centre,"Agarwal Nursing Home,Shekhpura Turn Mahendergarh road Narnaul",9355010063,6,69,,2023-09-27 15:38:48,28.070022,76.099161,PMJAY
HOSP6G158705,6158705,Hospital,G,URBAN HEALTH CENTRE,"URBAN HEALTH CENTRE,",8699479714,6,70,"100004,100005,100012,100014",2023-10-19 10:53:54,30.69392752418817,76.83747670195339,PMJAY
HOSP6P159311,6159311,Hospital,P,MANTHAN HOSPITAL,Plot No 3 ITI Chowk Tosham Road Hisar,7726847717,6,63,"100005,100006,100012,100015,100016,100023",2023-08-10 16:04:20,29.151861,75.721123,PMJAY
HOSP6P159529,6159529,Hospital,P,ARORA NURSING HOME,"115-R , MODEL tOWN ,",9896325500,6,72,,2023-08-10 15:53:10,28.184672779396905,76.61734431974958,PMJAY
HOSP6P159964,6159964,Hospital,P,MITTAL EYE HOSPITAL,Rohtak Road Bhiwani,9254589075,6,59,100013,2024-01-03 11:37:42,28.797650,76.145620,PMJAY
HOSP6G159980,6159980,Hospital,G,Urban Polyclinic Pinjore,"Main Market Pinjore opp bus stand Pinjore,Main Market Pinjore Opp Bus Stand Pinjore",8708076100,6,70,"100004,100005,100012,100014",2023-10-19 10:52:41,30.799783,76.9152770000001,PMJAY
HOSP6G159984,6159984,Hospital,G,CHC Nanakpur,"VPO Nanakpur,nanakpur",8168900128,6,70,"100004,100005",2023-09-27 15:54:22,30.86732893740441,76.85662496244345,PMJAY
HOSP6P160400,6160400,Hospital,P,RAMESHWAR DASS MEMORIAL HOSPITAL,RAMESHWAR DASSMEMORIAL HOSPITAL,9896551142,6,76,"100005,100006",2024-04-12 16:43:49,30.163180,77.29650,PMJAY
HOSP6P161736,6161736,Hospital,P,CHOWDHARY HOSPITAL,"S.C.F 1,2,3 H.U.DA COMPLEX,",9812090599,6,73,"100006,100012,100023",2023-11-17 15:41:31,28.897002,76.5840390000001,PMJAY
HOSP6P162069,6162069,Medical College Hospital,P,MMCMSR SADOPUR,"Ambala Chandigarh Highway,",8059931500,6,58,"100001,100002,100003,100005,100006,100008,100009,100011,100012,100013,100015,100016,100017,100018,100019,100023",2026-06-24 10:00:11,30.415113814073308,76.77973241260219,PMJAY
HOSP6P163193,6163193,Hospital,P,Arunodaya Deseret Eye Hospital,"Plot No. NH-4, sECTOR-55,Golf Course Road, Gurgaon",9810061178,6,62,100013,2026-05-09 19:41:53,28.427302,77.108821,PMJAY
HOSP6P163855,6163855,Hospital,P,ARVIND HOSPITAL,"1, DUGGAL COLONY,OPPISITE RANDHIR THEATRE, KARNAL",7988881667,6,67,,2025-01-13 16:42:03,29.694724000000093,76.99162100000012,PMJAY
HOSP6P164105,6164105,Hospital,P,SHRI SHYAM MULTISPECIALITY HOSPITAL,"OPPOSITE HDFC BANK, KARNAL ROAD, ASSANDH,OPPOSITE HDFC BANK, KARNAL ROAD, ASSANDH",8059231000,6,67,"100006,100012,100015",2023-09-27 16:14:55,29.522839,76.609384,PMJAY
HOSP6P164206,6164206,Hospital,P,Tula Hospital,"NH 2 Delhi Mathura road,Krishna Colony Near Kithwari Chowk",9911343105,6,619,100005,2023-12-05 16:25:17,28.14415063746975,77.3356170775952,PMJAY
HOSP6P165873,6165873,Hospital,P,TRIPTI HOSPITAL,"5 DELHI BYE PASS NEAR RAJ GARDEN ,IN FRONT OF IG OFFICE",9466676681,6,73,"100006,100010,100012,100015,100017,100022,100023",2023-07-21 09:38:10,28.8980750000001,76.573829,PMJAY
HOSP6P165906,6165906,Hospital,P,CITY HOSPITAL,"CI,TY HOSPITAL, SANOLI ROAD,PANIPAT",8950077992,6,71,100013,2023-07-21 09:39:59,29.388849332927208,76.99041818835144,PMJAY
HOSP6P166143,6166143,Hospital,P,BALAJI MULTI SPECIALITY HOSPITAL & TRAUMA CENTRE,"JUI ROAD, BADHRA,",9416072411,6,701,"100005,100006,100015,100023",2023-12-05 16:25:17,28.51343,75.94619,PMJAY
HOSP6P166350,6166350,Hospital,P,umang superspeciality hospital,"BUILDING NO. 306, OPP. RADHA SWAMI SATSANG BHAWAN, PATAUDI ROAD, GURUGRAM,",9711594341,6,62,,2023-11-17 15:45:50,28.395682,77.047694,PMJAY
HOSP6P166885,6166885,Hospital,P,DELHI SPINE AND NEURO HOSPITAL,"DABWALI road shastri colony ,Opposite RSD school ",8059933334,6,74,"100006,100011,100015,100019,100020",2023-12-13 14:32:03,29.537556000000095,75.03219500000012,PMJAY
HOSP6P167433,6167433,Hospital,P,NOBLECARE SUPERSPECIALITY HOSPITAL AND TRAUMA CENTRE,"OPP CSD CANTEEN JHAJJAR ROAD BAHADURGARH ,JHAJJAR ROAD ",8222880803,6,64,,2023-09-27 16:42:10,28.683383,76.916332,PMJAY
HOSP6P167886,6167886,Hospital,P,DADRI HOSPITAL & HEART CENTRE,"00,Near Mejban Chowk",9050307275,6,701,"100002,100005,100006",2023-12-05 10:06:37,28.594159,76.258862,PMJAY
HOSP6P168153,6168153,Hospital,P,DAYAL EYE CENTRE,"808B, GALAXY ROAD, NEAR 32 MILE STONE, SECTOR 15, PART-II, GURGAON, GURGAON HARYANA",9958871802,6,62,100013,2023-12-13 14:10:03,28.462928755784713,77.04983692394815,PMJAY
HOSP6P168201,6168201,Hospital,P,GOODNESS HOSPITAL,OMAXE CITY SECTOR 15 BAHADURGARH,9971238388,6,64,,2023-12-05 10:51:34,28.7062086,76.8913081,PMJAY
HOSP6P168316,6168316,Hospital,P,SEHRAWAT HOSPITAL,"lOHARU ROAD CHARKHI DADRI,",8607133502,6,701,100005,2024-01-03 11:35:58,28.6001383098278,76.28538040335297,PMJAY
HOSP6P168379,6168379,Hospital,P,SS KIDNEY & UROLOGY SUPER SPECIALITY HOSPITAL,"68 L MODEL TOWN REWARI,NEAR RADHA KRISHAN MANDIR ",9013780838,6,72,"100005,100006",2023-12-13 14:29:29,28.186338,76.617717,PMJAY
HOSP6P168658,6168658,Hospital,P,AJAY HOSPITAL,"MEDICAL ENCLAVE, CHANDIGARH ROAD, TOHANA,",9466617824,6,61,"100005,100006",2024-11-21 12:05:48,29.708139,75.907384,PMJAY
HOSP6P169041,6169041,Hospital,P,GURUJIS RAWAL HOSPITAL,"SEC-15, SONIPAT (HR)",9992013182,6,75,"100012,100013",2023-12-12 15:05:46,28.928574,77.091492,PMJAY
HOSP6P169457,6169457,Hospital,P,HARYANA MULTISPECIALITY HOSPITAL,"Adjoining nexa park opposite Devi lal park vinay nagar near Delhi bypass rohtak,",7988100969,6,73,"100004,100005,100006,100023",2023-11-17 15:45:06,28.883292,76.627204,PMJAY
HOSP6P169651,6169651,Hospital,P,Manoj Orthopaedic and Maternity Hospital ,"SCO46-47, DISTRICT SHOPING CENTRE GOHANA ROAD, JIND",9416131227,6,65,100015,2023-11-17 15:33:07,29.312748,76.338198,PMJAY
HOSP6P169712,6169712,Hospital,P,GARG ORTHOPAEDIC HOSPITAL AND TRAUMA CENTER,"36 DEVI MURTI COLONY ,36 DEVI MURTI COLONY",8059897600,6,71,100015,2023-12-05 16:25:17,29.3995880000001,76.9737700000001,PMJAY
HOSP6P170191,6170191,Hospital,P,KALRA HOSPITAL,"KALRA HOSPITAL , 109,Devi murti colony, near Devi mandir, panipat , Haryana ",9996691754,6,71,"100005,100010,100017",2023-12-05 16:25:17,29.38503832059864,76.97031953149656,PMJAY
HOSP6P171583,6171583,Hospital,P,kharb hospital,"SCF 29-30 SHOPPING CENTRE HUDA GROUND JIND,SHOPPING CENTRE",9416060035,6,65,"100006,100012,100023",2023-11-17 15:40:19,28.6324,77.2187,PMJAY
HOSP6P171636,6171636,Hospital,P,SARDANA BENZ HOSPITAL,Gohana Road,7027979443,6,71,"100005,100006,100012,100015,100023",2023-11-17 15:42:49,29.380375,76.970751,PMJAY
HOSP6P172623,6172623,Hospital,P,SHANTI HOSPITAL ,"Loharu Road, Near Adarsh ITI, Bhiwani,",9813868825,6,59,100013,2024-06-05 11:53:11,28.763590,76.103535,PMJAY
HOSP6P172856,6172856,Hospital,P,SHREE ATAM MANOHAR JAIN CHARITABLE FOUNDATION,"INDRI ROAD VILLAGE KURALI KARNAL,",9416055567,6,67,,2024-04-12 16:17:51,29.761158,76.989620,PMJAY
HOSP6P173138,6173138,Hospital,P,Centre for Sight Rewari A Unit of New Delhi Centre for Sight Ltd,A-4 SEC-05 NEAR HERO AGENCY CIRCULAR ROAD REWAR,9958422442,6,72,100013,2024-04-12 16:19:06,28.196136,76.623053,PMJAY
HOSP6P175998,6175998,Hospital,P,HUSSAIN HOSPITAL,"PLOT NO 119 WARD NO 2 NUH MEWAT,",8053634742,6,604,"100005,100006,100012,100015,100016,100023",2024-05-17 15:16:03,28.104749000602837,77.0097169997822,PMJAY
HOSP6P176211,6176211,Hospital,P,Altima Hospital,"loharu road chrakhi dadri,loharu road chrakhi dadri",7678014809,6,701,"100005,100006,100010,100012,100013,100017",2023-12-13 14:38:10,28.595050000166324,76.26403400174718,PMJAY
HOSP6G176695,6176695,Hospital,G,"Primary Health Center, Begah","Begah,On bega dhatauli road",7015743232,6,75,"100005,100013",2023-10-19 11:01:01,29.1548330000001,77.1029500000001,PMJAY
HOSP6G177181,6177181,Daycare Centre,G,PHC Rohat,"PRIMARY HEALTH CENTRE ROHAT,VILLAGE - ROHAT",9582616132,6,75,,2023-10-19 10:58:01,28.93340793045043,76.97660328245502,PMJAY
HOSP6G177316,6177316,Hospital,G,"Primary Health Centre,Daultabad","Daultabad,sector 103, panchawali colony",9990998030,6,62,"100004,100005",2023-10-19 10:47:27,28.49,76.99,PMJAY
HOSP6G177586,6177586,Hospital,G,CHC Lakhan Majra,"VPO Lakhan Majra,VPO Lakhan Majra",9812142742,6,73,"100004,100005,100012,100014",2023-10-19 10:55:02,29.0523739576,76.4747323726,PMJAY
HOSP6P177600,6177600,Hospital,P,Agarwal Childern Hospital,"AGARWAL CHILDREN HOSPITAL 134, PLATE NAGAR, HANSI GATE BHIWANI,",9812088847,6,59,"100010,100017",2024-06-05 11:44:04,28.801857,76.137057,PMJAY
HOSP6G177786,6177786,Hospital,G,PHC BIRAN,"Biran,Biran",8073948268,6,59,"100004,100005,100012,100014,100017",2023-10-19 11:49:41,28.8262809855688,76.01002806479767,PMJAY
HOSP6G178189,6178189,Hospital,G,P.H.C Kot,"Kot Panchkula,",9463837623,6,70,"100004,100005,100012",2023-10-30 15:34:17,30.62,76.94,PMJAY
HOSP6G178287,6178287,Hospital,G,PHC Bihta,"PHC Bihta, CHC Barara,",9050334621,6,58,"100004,100005",2023-10-30 15:25:34,30.277237012491128,76.9502817059165,PMJAY
HOSP6G178415,6178415,Hospital,G,CHC BADOLI,"Badoli,",9416544870,6,619,"100004,100005,100012,100017",2023-10-31 11:04:11,28.07992899999998,77.43604099999993,PMJAY
HOSP6G178504,6178504,Hospital,G,PHC Mundri,"Kathwar Road, VPO Mundri,Near Power House",9050667677,6,66,"100004,100005,100012",2023-10-30 15:53:13,29.77101,76.566695,PMJAY
HOSP6G178516,6178516,Hospital,G,PHC DHANANA,"PRIMARY HEALTH CENTER ,",8847381055,6,58,100014,2023-11-06 09:52:34,30.4394150000001,77.036523,PMJAY
HOSP6G178729,6178729,Hospital,G,PHC Morni,"Morni Hills,VPO Morni Hills",6239107893,6,70,"100004,100005",2023-10-30 15:51:03,30.688004,77.0876900000001,PMJAY
HOSP6G178755,6178755,Hospital,G,community health centre halalpur,"Community  Health Centre Halalpur ,",8449710018,6,75,"100004,100005,100006,100010,100012,100017,100026",2023-10-31 10:30:06,28.862822,77.012224,PMJAY
HOSP6G178807,6178807,Hospital,G,PHC Sewah,"VPO Sewah,Near PNB Bank GT road",8814952917,6,71,"100001,100004,100005,100006,100009,100010,100012,100013,100014,100015,100016,100017,100019,100020",2023-10-30 16:28:22,29.33961870087117,76.98302229010528,PMJAY
HOSP6G178959,6178959,Hospital,G,PHC Kawi,"Village Kawi, Panipat,",8901434038,6,71,"100004,100005,100010,100012,100014",2023-10-31 10:48:32,29.3880280000001,76.9656600000001,PMJAY
HOSP6G180410,6180410,Hospital,G,phc ismaila,"ismaila,Near Govt Girl School",9996099989,6,73,"100005,100012",2023-10-31 10:58:10,28.7927250000001,76.7370550000001,PMJAY
HOSP6P181522,6181522,Hospital,P,PRISMA CARE,"Sanoli Road Near Shiv Chowk Panipat,SANOLI ROAD NEAR SHIV CHOWK PANIPT",9899680232,6,71,"100005,100006,100010,100012,100015,100017,100020,100023",2024-05-17 15:03:51,29.388476133320594,76.98483577000638,PMJAY
HOSP6P182645,6182645,Hospital,P,SWASTIK HOSPITAL,"ward no 9, Coach Enclave, Sampla",7027068848,6,73,100005,2024-05-17 15:19:03,28.776157,76.773109,PMJAY
HOSP6P182839,6182839,Hospital,P,Rathi Eye Hospital,"Clinical Site-1, Urban Estate, Sector 2P, Near Dev Bhumi Mandir,Clinical Site-1, Urban Estate, Sector 2P, Near Dev Bhumi Mandir",9812383515,6,73,100013,2024-01-03 11:53:42,28.892648900490997,76.63534560928974,PMJAY
HOSP6P183043,6183043,Hospital,P,HEALTH  WAVE HOSPITAL DR SUNIL GUPTA MULTISPECLITY HOSPITAL,"opp.akahand asharam near p.n.b.bank assandH road panipat,ASSANDH ROAD PANIPAT",9729421282,6,71,"100006,100010",2024-04-12 16:29:34,29.393320,76.950233,PMJAY
HOSP6P183537,6183537,Hospital,P,Centre for Sight Bhiwani A Unit of New Delhi Centre for Sight Ltd ,"A/1 2 Circular Rd, opposite Old Bus Stand Road,Panchayat Pocket, Naya Bazar, Housing Board Colony, Bhiwani, Haryana",9958422442,6,59,100013,2024-06-27 15:33:13,28.800508,76.139962,PMJAY
HOSP6P183862,6183862,Hospital,P,aabhar multispeciality hospital,"aabhar Multispeciality Hospital,",8059554345,6,63,"100004,100005,100006,100012,100015,100016",2024-07-29 11:19:39,29.098523,75.964294,PMJAY
HOSP6P185347,6185347,Hospital,P,Gujaria Hospital,"Sikka Colony , Delhi Road , Sonipat-131001,",9416012780,6,75,100005,2024-06-05 11:45:24,28.994960503573424,77.0312460100962,PMJAY
HOSP6P187292,6187292,Hospital,P,ORTHOMED HOSPITAL A UNIT OF ORTHOMED HEALTHCARE PVT LTD,"Sector 15 AP, Kaimri Road, Hisar",9996441250,6,63,"100005,100006,100011,100015,100019,100020",2024-06-27 15:44:26,29.13612,75.72100,PMJAY
HOSP6P189355,6189355,Hospital,P,AKASH HOSPITAL,"SHIV NAGAR BHIWANI CHINGI ROHTAK,BHIWANI CHUNGI",8307769945,6,73,"100005,100006,100012",2024-04-26 11:34:51,28.824310988234302,76.3952850277899,PMJAY
HOSP6P196036,6196036,Hospital,P,SWASTIK HOSPITAL ,RAJGARH ROAD BEHAL,9992338888,6,59,"100005,100006,100012,100015",2024-06-27 15:35:37,28.633692,75.616139,PMJAY
HOSP6P199975,6199975,Hospital,P,Dr Pradeep Hospital,"near kanod gate,",8684060607,6,72,"100005,100006,100012,100015,100019,100020,100023",2024-06-27 15:22:34,28.199748064389254,76.61020094605203,PMJAY
HOSP6P200129,6200129,Hospital,P,CAPITAL SUPER SPECIALITY HOSPITAL,"ambala road, jagadhri, yamunanagar, ambala road, jagadhri, yamunanagar",9855500630,6,76,,2024-04-26 11:48:19,30.160755999999992,77.24050409999995,PMJAY
HOSP6P200224,6200224,Daycare Centre,P,SIGHT AVENUE PVT LIMITED ,"243P sector 38, near bakhtawar chowk gurgaon ,",9560024446,6,62,100013,2024-06-27 15:36:40,28.435068,77.048601,PMJAY
HOSP6P201495,6201495,Hospital,P,HASTI HOSPITAL,"HASTI HOSPITAL,KITLANA BUS STAND",9813141716,6,59,100005,2024-07-17 15:35:03,28.678534,76.173763,PMJAY
HOSP6P201934,6201934,Hospital,P,Dr Sethis Amar Hospital,"Main Rohtak road, Opposite Post Office, Kharkhoda,",9017525650,6,75,"100004,100005,100006,100012,100015",2026-05-18 09:51:36,28.879663,76.910999,PMJAY
HOSP6P202171,6202171,Hospital,P,GURDEVI MEMORIAL SUPER SPECIALITY HOSPITAL,"NEAR AND OPPOSITE SAPPHIRE HOTEL STATE HIGHWAY 6A,",9862727945,6,76,,2024-11-21 10:06:36,30.150116803095642,77.30668760209613,PMJAY
HOSP6P202420,6202420,Hospital,P,SPES NEW BORN AND CHILD SUPER SPECIALITY CENTRE,"SUBHASH NAGAR, SONEPAT ROAD, NEAR SHEELA CINEMA, ROHTAK,",9813353009,6,73,"100010,100017,100018",2024-07-29 11:14:07,28.895703413097536,76.60693222221397,PMJAY
HOSP6P205422,6205422,Hospital,P,NOBLE HOSPITAL,"TDI City, Block-A, Club Road,tdi city, block-A, tdi club road, sector-58, kundli,sonipat",9992271661,6,75,"100002,100005,100006,100010,100012,100015,100016,100017,100020,100023",2025-02-14 16:01:56,28.89713695621313,77.11765852353801,PMJAY
HOSP6P205860,6205860,Hospital,P,KATYAL HOSPITAL AND CRITICAL CARE CENTRE,Near Kanod Gate,9812327276,6,72,"100005,100006,100012,100023",2025-02-14 16:28:22,28.1993894,76.6096753,PMJAY
HOSP6P208101,6208101,Hospital,P,SUNIL MEMORIAL HOSPITAL AND HEART CARE CENTRE,"ASSANDH ROAD,NEAR BHARAT PETROL PUMP PANIPAT,",9729609904,6,71,"100002,100005,100006,100012,100015,100020,100023",2025-02-14 15:56:19,29.3524,77.0053050000001,PMJAY
HOSP7P116139,7116139,Hospital,P,KARUNA SINDHU CHARITABLE HOSPITAL,"KARUNA SINDHU CHARITABLE HOSPITAL,BAKKARWALA MARG, NANGLOI-NAJAFGARH ROAD",9811178938,7,85,100013,2021-05-06 15:07:00,28.655720,77.016367,PMJAY
HOSP7P116294,7116294,Hospital,P,KHANDELWAL HOSPITAL & UROLOGY CENTRE PVT. LTD.,"B-15, 16, MAIN ROAD EAST KRISHNA NAGAR DELHI-110051,",9540938211,7,671,"100005,100006,100012,100015,100023",2026-04-15 19:35:13,28.660107,77.287998,PMJAY
HOSP7P116406,7116406,Hospital,P,UNIVERSALCENTREOFHEALTHSCIENCES,"MOLARBAND EXTENSION,BY PASS ROAD BADARPUR",8800800500,7,670,"100002,100003,100005,100006,100008,100011,100012,100015,100019,100023",2026-06-01 21:00:50,28.487804,77.308528,PMJAY
HOSP7P116435,7116435,Hospital,P,MATA ROOP RANI MAGGO & MAHINDRU HOSPITAL ,"C-8 /9, OM VIHAR, PHASE-1,UTTAM NAGAR, NEW DELHI,UTTAM NAGAR METRO PILLAR NO - 709 ",9711139320,7,84,"100002,100006,100011,100012,100013,100015,100019,100020,100023",2026-04-27 11:28:11,28.620947,77.050457,PMJAY
HOSP7P118041,7118041,Daycare Centre,P,EYE4U,241 Dda SFS Flats sector 9 pocket 1 dwarka,9871463345,7,84,100013,2021-03-17 11:15:19,28.58431,77.06422,PMJAY
HOSP7P120631,7120631,Hospital,P,EYE MANTRA HOSPITAL,"A1, 10 Paschim Vihar Delhi-110063",8882907911,7,85,100013,2026-05-25 10:26:36,28.67891,77.09835,PMJAY
HOSP7P120870,7120870,Hospital,P,Action Cancer Hospital,"A4, A6 Block, Paschim Vihar,",8506074639,7,85,"100008,100011,100021,100022",2026-05-27 16:51:09,28.674211,77.111372,PMJAY
HOSP7P121084,7121084,Hospital,P,DCDC Health Services pvt ltd,"Block B new multan nagar new delhi 110056,Block B New Multan Nagar New Delhi 110056",9643328319,7,85,100005,2020-11-02 17:28:41,28.678284,77.107591,PMJAY
HOSP7P125270,7125270,Hospital,P,NIRMLA HOSPITAL,"E 20 JAI VIHAR NAJAFGARH,",9213752679,7,85,"100004,100005,100006,100012,100015,100016,100017,100023",2024-04-01 16:42:52,28.631489,77.0012520000001,PMJAY
HOSP7P131128,7131128,Hospital,P,NATIONAL HEART INSTITUTE,"49-50 Community Centre, East of Kailash ,",9810084205,7,670,"100001,100002,100003,100006,100008,100015,100016,100019,100022",2026-04-28 22:43:33,28.557339,77.245631,PMJAY
HOSP7P136798,7136798,Hospital,P,Bharti Eye Hospital ,"E - 52 ,Greater Kailsh -1",9212222715,7,83,100013,2024-08-22 10:18:47,28.549683,77.243553,PMJAY
HOSP7P137238,7137238,Hospital,P,AASTHA HOSPITAL,"L2/50,NEW MAHAVIR NAGAR,OUTER RING ROAD,",7042298215,7,85,,2025-02-15 18:34:18,28.635711,77.081256,PMJAY
HOSP7P138038,7138038,Daycare Centre,P,NARANG EYE INSTITUTE LASER & RETINA CENTRE,"B-8, DERAWAL NAGAR",9810869039,7,80,100013,2026-05-15 09:48:32,28.698812,77.189493,PMJAY
HOSP7P143861,7143861,Hospital,P,GANDHI HOSPITAL,"c-50,51 Gandhi Hospital,Om vihar, uttam Nagar, West ",9312222922,7,84,,2026-05-16 20:51:27,28.6199280000001,77.053527,PMJAY
HOSP7P158039,7158039,Hospital,P,Eye Sciences,"e-82A, ground Floor, Greater Kailash, Part1,hansraj gupta marg",9560400957,7,83,100013,2023-07-04 12:47:27,28.550885,77.245410,PMJAY
HOSP7P159494,7159494,Hospital,P,BHAGWATI HOSPITAL,"CS/OCF-6, SECTOR-13, ROHINI, DELHI,",9811207171,7,82,"100001,100002,100003,100004,100005,100006,100008,100010,100011,100012,100013,100014,100015,100016,100017,100018,100019,100020,100022,100023,100026,10083",2026-04-27 15:18:51,28.7191570000001,77.1295680000001,PMJAY
HOSP7P162515,7162515,Hospital,P,Sri Balaji Action Medical Institute,"FC-34, A-4,Paschim Vihar, New Delhi",8447714478,7,796,"100002,100003,100004,100005,100006,100007,100010,100011,100012,100013,100014,100015,100016,100017,100019,100020,100023,100026,100028",2026-05-28 17:01:46,28.673282,77.110411,PMJAY
HOSP7P173055,7173055,Hospital,P,VARDHMAN DIALYSIS CENTER,"A-1/5, SECTOR 8, DEEPALI CHOWK,ROHINI,DELHI,",9811057475,7,82,100005,2026-06-03 19:54:11,28.698849,77.118768,PMJAY
HOSP7P193849,7193849,Hospital,P,DHARAMSHILA NARAYANA SUPERSPECIALITY HOSPITAL ,"Dharamshila Narayana Superspeciality Hospital,Dharamshila Marg, Vasundhara Enclave",7290074728,7,78,"100002,100003,100008,100021,100023",2026-05-18 13:31:06,28.602653,77.313873,PMJAY
HOSP7P201126,7201126,Hospital,P,MAPLE CARE HOSPITAL,"PLOT NO 10 SECTOR 23 MBR ENCLAVE OPP RANJIT VIHAR PHASE 2,DWARKA",9891682297,7,84,"100002,100004,100005,100006,100010,100011,100012,100013,100014,100015,100016,100017,100018,100019,100020,100022,100023,100026,10083",2026-05-13 15:34:01,28.560740,77.051232,PMJAY
HOSP7P207506,7207506,Hospital,P,SHRI RAM HOSPITAL ,"B-14, SHANKER GARDEN VIKASPURI , NEW DELHI-110018",7840029192,7,85,"100002,100004,100005,100006,100012,100015,100016,100019,100023",2025-02-13 13:25:01,28.628679,77.073956,PMJAY
HOSP8P104333,8104333,Hospital,P,SACHKHAND HOSPITAL,Neemrana,9529157052,8,782,"100002,100005,100006,100010,100011,100012,100015,100016,100017,100023",2023-12-04 18:41:18,27.9714617,76.3784195,PMJAY
HOSP8P104525,8104525,Hospital,P,BRIJESH BANGER MEMORIAL HOSPITAL,RC vyas colony behind rajiv gandhi auditoriam BHILWARA,9116743111,8,92,"100001,100002,100005,100006,100011,100012,100013,100015,100019,100020,100023",2023-12-04 18:41:18,25.3572064,74.6460321,PMJAY
HOSP8P104779,8104779,Hospital,P,AASTHA KIDNEY AND GENERAL HOSPITAL,2 D 1 Sukhadia Nagar,9414093355,8,100,"100005,100006,100012,100023",2023-12-04 18:41:18,29.9197179,73.882247,PMJAY
HOSP8G105692,8105692,Hospital,G,NEW HOSPITAL MEDICAL COLLEGE KOTA,Near Khada Ganesh,9462565548,8,109,"100001,100005,100006,100007,100009,100010,100011,100012,100015,100016,100017,100020",2023-12-04 18:41:18,25.11973,75.8310018,PMJAY
HOSP8P135257,8135257,Hospital,P,APEX RANTHAMBHORE SEVIKA HOSPITAL,"Vinayak Nagar Housing Board Road Alanpur,Sawai madhopur",9782001999,8,113,"100002,100005,100006,100011,100013,100015,100016,100023",2023-12-04 18:41:18,25.9981047,76.3603097,PMJAY
HOSP8P135904,8135904,Hospital,P,GOYAL ENDOSCOPY SURGERY AND RESEARCH CENTER PVT LTD,"5-B-14 SUBHASH CIRCLE MAHAVEER NAGAR EXT KOTA ,",9352901595,8,109,"100001,100005,100006,100012,100014,100015,100016,100017,100018,100019,100023",2023-12-04 18:41:18,25.1454210000001,75.8265230000001,PMJAY
HOSP8P163066,8163066,Hospital,P,DR. AJEET HOSPITAL,CC 14 RIICO INDUSTRIAL AREA PHASE 1 NEAR FIRE STATION,8901111215,8,782,"100010,100017",2023-12-04 18:41:18,28.04320,76.39630,PMJAY
HOSP8P166660,8166660,Hospital,P,RAINBOW HOSPITAL,PLOT NO S 02 03 SECTOR NO 17 MARKET SRI GANGANAGAR,9587110680,8,100,"100005,100006,100010,100015,100017,100018",2023-12-04 18:41:18,29.90394,73.88632,PMJAY
HOSP9P100344,9100344,Hospital,P,Oracle Eye Hospital,"491 Hi Street Near TDI City Parampra MDA ,",8006070200,9,171,100013,2019-10-10 12:00:19,28.870885,78.751579,PMJAY
HOSP9P100545,9100545,Hospital,P,Avtar Memorial Hospital,"Avtar Memorial Hospital,Near Jamuna Gas Godown MLB Gate no. 2 and 3",9415073616,9,153,"100005,100006,100012,100015,100018,100023",2024-02-01 12:10:56,25.47102470049643,78.61944591382394,PMJAY
HOSP9P100948,9100948,Daycare Centre,P,Ram Rahim Eye Charitable Society,"Kanth Road,Sherua Choraha,Agbanpur, Moradabad,",7500000811,9,171,100013,2019-08-18 23:46:39,28.8757195000001,78.7418615000001,PMJAY
HOSP9P101834,9101834,Hospital,P,RANA HOSPITAL,"BULANDSHAHR ROAD JHAJHAR,",9555666388,9,134,"100004,100005,100006,100012,100015,100023",2022-03-03 12:22:55,28.269508,77.661649,PMJAY
HOSP9P101855,9101855,Hospital,P,Srijan Eye And Mother Care,"193, Jail Road, Gita Vatika,",7007236475,9,148,"100006,100012,100013",2020-01-02 15:45:03,26.769744,83.386918,PMJAY
HOSP9P102098,9102098,Hospital,P,KANHA MULTI SPECIALTY HOSPITAL RESEARCH CENTRE PVT LTD,"INFRONT OF MEDICAL COLLEGE KANPUR ROAD ORAI JALAUN,Near By Rajkiya Medical College Kanpur Road  Orai  , Jalaun",8874012346,9,151,"100005,100006,100012,100023",2019-09-16 14:21:14,25.991814,79.287641,PMJAY
HOSP9P102325,9102325,Daycare Centre,P,Dr Shroffs Charity Eye Centre,"At Mathur Eye Clinic, Budhana Gate,Meerut",9410535668,9,169,100013,2019-12-27 11:30:16,28.981298,77.704953,PMJAY
HOSP9P102337,9102337,Hospital,P,FRIENDS HOSPITAL,"sarang talab,panchkosi road",6392229588,9,187,"100005,100006,100010,100012,100015,100017,100023",2019-08-18 23:48:39,25.3509266,83.0047452,PMJAY
HOSP9P102395,9102395,Hospital,P,PATHAK HOSPITAL,"SHIVAJI NAGAR, ,COURT ROAD, MAINPURI, PIN 205001",9012072084,9,166,,2019-09-27 14:26:08,27.230109,79.039126,PMJAY
HOSP9P102582,9102582,Hospital,P,PARTH HOSPITAL AND RESEARCH CENTRE PVT. LTD.,"Polytecnic Chauraha Umarpur Jaunpur,",9839906092,9,152,100015,2019-09-22 16:10:18,25.736910,82.676200,PMJAY
HOSP9P102826,9102826,Hospital,P,Shree Deen Bandhu Netra Chikitsalya,"48,Basudevghat Parikarma Marg",7706842804,9,140,100013,2023-01-05 11:26:43,26.802653,82.193592,PMJAY
HOSP9P102926,9102926,Hospital,P,FOCUS MULTISPECIALITY CENTRE LLP,"116D GULMOHAR PARK NEAR JHULELAL DWAR, RAJENDRA NAGAR, BAREILLY",8377038720,9,130,100013,2026-04-22 14:27:59,28.38648,79.43209,PMJAY
HOSP9P103131,9103131,Hospital,P,THE MEDIHELP HOSPITAL ,"117/K/22 sarvodaya nagar kanpur ,",9936800298,9,157,"100002,100004,100005,100006,100015,100023",2020-03-11 21:40:21,26.479643,80.295868,PMJAY
HOSP9P106350,9106350,Hospital,P,PLRD HOSPITAL,"PLRD HOSPITAL DHARPA POWER HOUSE,",9837094535,9,134,"100005,100006",2020-04-24 13:28:10,28.3026311,77.8481516,PMJAY
HOSP9G106890,9106890,Hospital,G,CHC SURSA,near jagat purwa srsa raod hardoi,8808397206,9,150,"100005,10083",2019-09-22 15:58:56,27.4361482,80.2382305,PMJAY
HOSP9G106998,9106998,Hospital,G,chc kothawa,chc kothawan,9721373882,9,150,"100005,10083",2019-09-22 15:46:40,27.234546,80.472455,PMJAY
HOSP9G107167,9107167,Hospital,G,NASIRABAD,"Rae Bareli,Rae Bareli",9718821913,9,175,"100004,100005,10083",2019-09-27 16:59:37,26.038291,81.410836,PMJAY
HOSP9P107720,9107720,Medical College Hospital,P,DIVYA PARAMEDICAL COLLEGE & HOSPITAL,"SAHARANPUR ROAD,",9897037440,9,660,"100004,100005,100006,100012,100015",2021-12-02 17:37:05,29.455562,77.3286935000001,PMJAY
HOSP9G107783,9107783,Hospital,G,Budhana,"Muzaffarnagar,",9897498112,9,172,"100004,100005",2019-10-19 12:45:58,29.288000,77.472800,PMJAY
HOSP9P107891,9107891,Hospital,P,Sehgal Eye Hospital Maternity Centre,"Sehgal Eye Hospital Maternity Centre,IMA BHAWAN ROAD ",9897027412,9,177,"100006,100012,100013",2019-11-19 14:55:26,29.949581,77.551806,PMJAY
HOSP9P108078,9108078,Hospital,P,Aiva Hospital,"Aiva Hospital,Civil Lines Road, Ramaipatti",8171385942,9,170,"100006,100012,100013",2019-12-27 11:21:12,25.1532710000001,82.583397,PMJAY
HOSP9P108098,9108098,Daycare Centre,P,EYEPOINTHOSPITAL,"39NEAR PRANKUR HOSPITAL AYODHA PURAM MAHIPURA DERADUN ROAD SAHARANPUR,",9873285688,9,177,100013,2022-03-03 11:46:11,29.968702,77.577761,PMJAY
HOSP9G108492,9108492,Hospital,G,CHC BIRAO KOT,"CHC BIRAO KOT BUILDING,BIRAW ",8787272309,9,187,"100005,10083",2019-11-26 17:57:06,25.403900,82.758700,PMJAY
HOSP9P108575,9108575,Hospital,P,Bcm Hospital,"Bcm Hospital Khairabad,",7005891744,9,183,"100006,100012,100015,100017",2020-02-04 12:49:39,27.530947,80.745437,PMJAY
HOSP9G110935,9110935,Hospital,G,CHC PATAN,"Unnao,Unnao",9415779825,9,186,"100004,100005,100026,100028,10083",2019-12-30 13:11:29,26.354045,80.692053,PMJAY
HOSP9G110990,9110990,Hospital,G,Maurawan,"Unnao,Unnao",8299038268,9,186,"100004,100005,100026,100028,10083",2019-12-30 13:05:10,26.7025570000001,80.4657220000001,PMJAY
HOSP9P111324,9111324,Hospital,P,FATIMA HOSPITAL,"FATIMA HOSPITAL C-35, MAHANAGAR LUCKNOW,FATIMA HOSPITAL,C-35, MAHANAGAR LUCKNOW",9454043601,9,162,100005,2020-11-17 17:01:27,26.871634,80.952059,PMJAY
HOSP9P111492,9111492,Hospital,P,METRO HOSPITALS AND HEART INSTITUTE,"L-94 SECTOR-11 AND X-1/SECTOR-12 NOIDA ,",8527222111,9,144,100002,2026-06-01 20:47:38,28.597424,77.337928,PMJAY
HOSP9G112247,9112247,Hospital,G,Auras,"Unnao,Unnao",9984126465,9,186,"100004,100005,100026,10083",2020-01-02 14:23:52,26.7743540000001,80.6362490000001,PMJAY
HOSP9G112272,9112272,Hospital,G,Gangaghat Shuklaganj ,"Unnao,Unnao",9889820371,9,186,"100004,100005,100026,100028,10083",2020-01-02 15:29:09,26.5561660000001,80.4820530000001,PMJAY
HOSP9G112274,9112274,Hospital,G,CHC MAGARYAR ,"Purwa - Chamiyani Bighapur Rd Magrayar Uttar Pradesh , ",7860657770,9,186,"100004,100005,100026,100028,10083",2020-01-06 16:14:18,26.3826,80.7042000000001,PMJAY
HOSP9G112376,9112376,Hospital,G,UCHC CHAUKAGHAT,Chaukaghat,8004357683,9,187,"100004,100005,100006,100012,100017,100026,100028,10083",2020-01-07 11:58:57,25.333970,82.994400,PMJAY
HOSP9P112655,9112655,Hospital,P,MEDANTA LUCKNOW A UNIT OF GLOBAL HEALTH LIMITED,"SECTOR A POCKET 1 SUSHANT GOLF CITY LUCKNOW,AMAR SHAHEED PATH",9415410130,9,162,"100002,100003,100021",2026-04-22 12:33:41,26.777201,80.984968,PMJAY
HOSP9P112715,9112715,Hospital,P,NAZARETH HOSPITAL,"13-A KAMLA NEHRU ROAD, CIVIL LINES,",8765008950,9,120,"100013,100016",2026-07-22 15:53:11,25.456422,81.846556,PMJAY
HOSP9P114951,9114951,Hospital,P,BONA MULTISPECIALITY HOSPITAL,"SIKTRA NEAR PETROL PUMP AGRA ROAD  SHAMSHABAD AGRA,",9687003535,9,118,"100005,100006,100012,100013,100015,100017,100023",2020-11-27 14:03:51,27.104030,78.070570,PMJAY
HOSP9P115736,9115736,Hospital,P,murit nursingh home,"302,murti nursing home ",8169942142,9,130,"100006,100012,100023",2021-07-07 15:24:18,28.63144834145639,76.7757621546059,PMJAY
HOSP9P115858,9115858,Hospital,P,CARE & CURE HOSPITAL,"H.N. 387 B , AROGYA NAGAR COLONY , AROGYA NAGAR , GORAKHPUR (U.P),",8881071742,9,148,100016,2020-12-07 15:12:51,26.791797,83.388431,PMJAY
HOSP9P118822,9118822,Hospital,P,AHICHHATRA APEX MULTI SUPERSPECIALITY HOSPITAL ,"AHICHHATRA APEX MULTI SUPERSPECIALITY HOSPITAL ,PILIBHIT BYPASS ROAD IN FRONT MAHANAGAR COLONY NEAR PHOENIX MALL BAREILLY",9411001851,9,130,"100001,100002,100004,100005,100006,100011,100012,100015,100019,100020,100023",2020-12-07 15:26:48,28.392441,79.455337,PMJAY
HOSP9P118856,9118856,Daycare Centre,P,NARI SAMARTHA SAI EYE HOSPITAL BARRA KANPUR NAGAR,"C-2 69 MAIN ROAD BARRA-2,BARRA-2",9696177709,9,157,100013,2020-08-04 17:49:36,26.440508,80.3004110000001,PMJAY
HOSP9P118927,9118927,Hospital,P,DIVYA HOSPITAL,"Parikarma Marg,CivilLines,PARIKRAMA MARG",9415047932,9,140,100012,2020-07-01 14:10:48,26.77,82.12,PMJAY
HOSP9P119055,9119055,Hospital,P,MAKEWELL HOSPITAL AND TRAUMA CENTRE,"CP-1, VIJAY TOWER, VASTU KHAND,GOMTI NAGAR",7800283283,9,162,"100006,100011",2021-11-23 12:34:14,26.870839,81.0259940000001,PMJAY
HOSP9P120457,9120457,Hospital,P,CHANDRAKANTI HOSPITAL,"B 393 RAJENDRA NAGAR ,RAJENDRA NAGAR",7980210225,9,130,"100011,100016",2020-11-26 17:36:56,28.387426,79.428912,PMJAY
HOSP9P120513,9120513,Hospital,P,UJALA CYGNUS BRIGHT STAR HOSPITAL,"Sector16A, New Moradabad,",9410699133,9,171,,2026-06-13 14:17:26,28.834436,78.696504,PMJAY
HOSP9P120892,9120892,Hospital,P,KRYSTAL HOSPITAL,"DELHI SAHARANPUR NH,NEAR DM RESIDENCE BAGHPAT",9953122139,9,124,"100005,100006,100011,100015,100016,100023",2021-04-30 18:01:34,28.9711,77.2173000000001,PMJAY
HOSP9P121015,9121015,Hospital,P,AMRIT DHARA MULTISPECIALITY HOSPITAL,"35-a rampur garden,opposite gandhi udyan",9458477777,9,130,"100004,100005,100006,100010,100011,100012,100015,100017,100020,100023",2021-04-15 12:59:16,28.3477623136405,79.42632105940334,PMJAY
HOSP9P122159,9122159,Hospital,P,RAJENDRA HOSPITAL,DEORIA ROAD NEAR MMM ENGINEERING COLLEGE GORAKHPUR,9454510932,9,148,"100003,100005,100006,100011,100012,100013,100015,100023",2026-06-15 13:05:45,26.7314295,83.4331276,PMJAY
HOSP9P122321,9122321,Hospital,P,vishalmedicare hospital,"ward no 3,by pass road ashok nagar suriyawan",9450252638,9,179,"100005,100006,100012,100015",2021-03-03 11:48:59,25.4587345,82.4178175,PMJAY
HOSP9P122456,9122456,Hospital,P,BRIJ HEALTH CARE AND RESEARCH CENTER,"Brij Health Care and Research Center Vrindavan,Mathura Vrindavan road Vrindavan",9837015751,9,167,"100002,100004,100005,100006,100010,100011,100012,100015,100016,100017,100023",2022-02-09 15:11:35,27.566171,77.687092,PMJAY
HOSP9P122781,9122781,Hospital,P,MANI SUPERSPECIALITY HOSPITAL,KAKRMATTA,9999668278,9,187,"100001,100004,100005,100006,100010,100011,100015,100017,100019,100020,100022,100023",2026-06-22 17:24:08,25.273350,82.949821,PMJAY
HOSP9P122896,9122896,Daycare Centre,P,Varun Eye Care and Research Institute,"HIG2 , AVANTIKA PHASE 2,RAMGHAT ROAD",7017440251,9,119,100013,2021-02-12 17:05:49,27.895612,78.090673,PMJAY
HOSP9P123190,9123190,Hospital,P,STAR HOSPITAL,"HO NO -1712, Diwijesh Marg,  Pachpediya",7607804053,9,131,"100006,100012,100023",2021-08-03 15:38:59,26.8022617,82.7495651,PMJAY
HOSP9P123383,9123383,Hospital,P,Orthocare Multispeciality Hospital and Trauma Centre,"plot no 1 yamunapuram ,yamunapuram",9837164980,9,134,"100005,100006,100015,100020",2021-06-03 17:06:49,28.409527,77.828817,PMJAY
HOSP9P123402,9123402,Hospital,P,SR HOSPITAL AND MATERNITY CENTER ( A UNIT OF SR MULTISPECIALITY FOUNDATION),"PREM VIHAR, NPPK MAKANPUR, GHAZIABAD,PREM VIHAR , KHORA MAKANPUR ",8588859243,9,145,"100006,100012,100015,100016,100023",2026-05-31 13:02:18,28.7510310000001,77.4096740000001,PMJAY
HOSP9P123412,9123412,Hospital,P,Agarwal Hospital,"G 35 Kamla Nagar,",9760021595,9,118,"100005,100006,100010,100011,100012,100015,100016,100017,100023",2021-12-02 18:02:13,27.225693,78.018540,PMJAY
HOSP9P123770,9123770,Hospital,P,RR HEALTHCARE SUPER SPECIALITY HOSPITAL,"rR HEALTHCARE,OPP. MANJHOLA THANA DELHI ROAD",9837057570,9,171,"100005,100006,100011,100012,100015",2026-06-09 14:37:29,28.8252000000001,78.7145550000001,PMJAY
HOSP9P123968,9123968,Daycare Centre,P,NETRAA EYE CARE,"netraa eye care,243,Sankat Mochan Road,Kaushalpuri,Khargapur,Gomti Nagar,Lucknow,",9554770087,9,162,100013,2021-07-08 12:09:04,26.840816,81.0259062,PMJAY
HOSP9P124160,9124160,Hospital,P,LUCKNOW EYE CENTRE ,"2D/NH-01, Vrindavan Yojna, Sec-2, Raebareli Road, Lucknow, Uttar Pradesh,",7518900833,9,162,100013,2022-02-17 11:17:27,26.760882,80.951874,PMJAY
HOSP9P124221,9124221,Hospital,P,NIMMS MULTISPECIALITY HOSPITAL,Bisrakh Road Haldoni,7042373003,9,144,"100005,100006,100010,100012,100013,100015,100016,100017,100018,100023",2021-04-30 17:49:17,28.5381586,77.4377897,PMJAY
HOSP9P124237,9124237,Hospital,P,Kannika Hospital,"111 A/5 Harsh Nagar ,Kanpur Nagar",9839116173,9,157,100013,2022-04-25 14:08:57,26.475776,80.324759,PMJAY
HOSP9P124490,9124490,Hospital,P,Kailash Hospital,"Plot no-203,NH-91",9418083780,9,134,"100005,100006,100012,100013,100015,100016,100017,100023,100028",2021-03-04 15:32:54,28.2269543616538,77.8753788314634,PMJAY
HOSP9P124510,9124510,Hospital,P,PRAKASH HOSPITAL GREATER NOIDA,"PLOT NO 9 A POCKET P2 SECTOR OMEGA 1 BUILDERS AREA,POCKET P 2 SECTOR OMEGA 1 greater NOIDA",9899852001,9,144,"100002,100005,100006,100008,100011,100012,100013,100015,100016,100017,100023",2026-06-15 14:57:09,28.474509,77.509450,PMJAY
HOSP9P124519,9124519,Hospital,P,Kanag ENT Super Speciality Centre,"244-A CIVIL LINE HAZARI KI PIYAU NEAR KUTIYA CROSSING, MEERUT 250001 U.P.",9837053527,9,169,100016,2024-03-01 17:29:41,28.993758,77.6822442,PMJAY
HOSP9P124524,9124524,Hospital,P,AsianVivekanandaSuperSpecialityHospital,"KANTH ROAD NEAR VIKAS BHAVAN ,",9971133887,9,171,100005,2021-04-30 17:44:37,28.842067,78.770697,PMJAY
HOSP9P124884,9124884,Hospital,P,MEERUT LIFE LINE HOSPITAL,"MEERUT LIFE LINE HOSPITAL,NEAR MUSLIM INTER COLLAGE, RAJE BABU ROAD, BULANDSHAHR",9808814848,9,134,"100004,100005,100006,100012,100015,100026",2022-01-13 17:05:56,28.403833,77.849062,PMJAY
HOSP9P124918,9124918,Hospital,P,AASHIRVAD SUPERSPECIALITY HOSPITAL,"591/050/A Ashirva Bhawan,South City SBI Roa",7800246464,9,162,"100001,100004,100005,100006,100008,100011,100012,100013,100014,100015,100016,100019,100020,100022,100023,100026",2022-02-17 11:47:28,26.776709,80.931822,PMJAY
HOSP9P127580,9127580,Hospital,P,DP BORA SUPERSPECIALITY HOSPITAL,"khasra no 182,sitapur road",7388080000,9,162,"100001,100005,100006,100008,100011,100012,100013,100015,100016,100019,100020,100022,100023",2026-05-06 14:38:16,26.953265,80.929675,PMJAY
HOSP9P130545,9130545,Hospital,P,Dr Rakesh Mittal Nursing Home,"Mittal Nursing Home Gulmohar Enclave near Samrat lodge Bhoor  bulandshahr,bulandshahr",9412227200,9,134,"100013,100016",2022-01-05 16:16:47,28.4,77.86,PMJAY
HOSP9P130658,9130658,Hospital,P,CENTRE FOR SIGHT EYE HOSPITAL,"1ST AND 2ND FLOOR, CANAL EXPRESS NAORONHA CHAURAHA MALL ROAD KANPUR NAGAR,",9958422442,9,157,100013,2022-04-25 14:00:39,26.4582241,80.3547177,PMJAY
HOSP9P130717,9130717,Hospital,P,MUKTI MISSION SEWA HOSPITAL PVT LTD,"45,Panchkroshi Marg Salarpur",9415263307,9,187,"100004,100006,100012,100015,100016",2021-11-02 16:05:03,25.350069,83.031777,PMJAY
HOSP9P130955,9130955,Hospital,P,J K HOSPITAL,"J.K HOSPITAL, 126 MIG,SHAHEED NAGAR",9837242255,9,118,"100006,100012,100015,100023",2022-02-09 15:21:01,27.155354,78.037034,PMJAY
HOSP9P131036,9131036,Hospital,P,HIND HOSPITAL AND MATERNITY CENTER,"RAIPUR IIM ROAD LUCKNOW,",7985690161,9,162,"100001,100003,100004,100005,100006,100008,100010,100011,100012,100013,100014,100015,100017,100018,100019,100020,100022,100023,100026",2021-08-26 15:07:42,26.9284890000001,80.8803655000001,PMJAY
HOSP9P131121,9131121,Daycare Centre,P,EYE Q VISION PRIVATE LIMITED,"621/40, W-Block, 127, Scheme-2, Juhi Kalan, Kanpur, Uttar Pradesh,",9934558622,9,157,100013,2022-04-26 15:43:23,26.426107396031156,80.31052465017376,PMJAY
HOSP9P131382,9131382,Hospital,P,Nayan Jyoti Eye Care Centre,"98 Sai Plaza Ladies Market Halwai Khana Auraiya,",9259319421,9,122,100013,2021-10-28 18:46:57,26.464330,79.512128,PMJAY
HOSP9P131471,9131471,Hospital,P,New Jeevan Hospital,"Transport Nagar Chowk Mahewa Bandha Road,",9838568493,9,148,"100005,100006,100010,100012,100015,100016,100020",2021-09-13 17:47:01,26.755558,83.329960,PMJAY
HOSP9P131546,9131546,Hospital,P,Riti Eye Care Hospital,"15/26, NEAR PATRIKA CHAURAHA CIVIL LINE,",8527187555,9,120,100013,2026-05-18 13:36:41,25.453555,81.827317,PMJAY
HOSP9P131656,9131656,Hospital,P,BHARDWAJ HOSPITAL,"BAROUT ROAD BUDHANA ,",9319649447,9,172,"100005,100006,100012,100015,100023",2021-11-03 12:04:25,29.281202,77.471225,PMJAY
HOSP9P131677,9131677,Hospital,P,SKD HOSPITAL,"K-BC-27 SEC B NEAR PHOENIX MALL KANPUR ROAD LUCKNOW,sec -b",9839174625,9,162,"100002,100006,100012,100014,100015,100017,100023",2022-02-17 11:53:20,26.797332899783342,80.90051067079298,PMJAY
HOSP9P132221,9132221,Hospital,P,RATAN PRAKASH ORTHOPAEDICS CLINIC & EYE CARE CENTER,"DM Road bulandshahr,",7776044560,9,134,"100013,100015",2021-11-03 11:21:36,28.41541,77.845959,PMJAY
HOSP9P132297,9132297,Hospital,P,SHREE VINAYAK HOSPITAL AND TRAUMA CENTRE,"DAYANAND NAGAR CHOWK,MEERUT KARNAL ROAD",9412472256,9,660,"100006,100015,100019,100023",2022-01-04 12:41:45,29.442246546727333,77.3092204024382,PMJAY
HOSP9P132507,9132507,Hospital,P,CLEARMEDI DMH MULTISPECIALITY HOSPITAL,"Mahewa,Mugalsarai",8960000281,9,135,,2022-06-10 11:16:05,25.260281,83.118331,PMJAY
HOSP9P132997,9132997,Hospital,P,vaidik hospital,"mehrotra nagar,churamanpur,bhullanpur,",6386379794,9,187,"100005,100006,100010,100011,100012,100015,100017,100023",2022-06-27 17:09:27,25.297501,82.943723,PMJAY
HOSP9P133074,9133074,Hospital,P,SUSHRUT INSTITUTE OF PLASTIC SURGERY PVT LTD,"29 SHAHMEENA ROAD LUCKNOW,",9839510050,9,162,,2023-08-14 12:21:44,26.866458,80.920286,PMJAY
HOSP9P133200,9133200,Hospital,P,Govind Hospital,"NH1, RATAN KHAND, SHARDA NAGAR, LUCKNOW-226002,",7007389346,9,162,,2023-02-16 18:36:21,26.778086,80.930747,PMJAY
HOSP9P133686,9133686,Hospital,P,SAI RAM CHARITABLE HOSPITAL,"J110 world bank barra kanpur,",6000907974,9,157,,2026-06-11 21:10:47,26.421268,80.301204,PMJAY
HOSP9P133739,9133739,Hospital,P,Sewa Hospital and Research Centre,"NH-24, Sewa Nagar, Sitapur Road, Lucknow - 226201,",9453006006,9,162,"100005,100006,100008,100011,100012,100015,100016,100022,100023",2022-01-04 12:58:18,26.943374,80.931064,PMJAY
HOSP9P134181,9134181,Hospital,P,SHM HOSPITAL AND RESEARCH CENTRE ,"SHM HOSPITAL AND RESEARCH CENTRE ,ANDHEY KI CHOWKI , KISAN PATH , KATOLI , HARDOI ROAD , LUCKNOW ",8565018442,9,162,"100001,100002,100004,100005,100006,100008,100010,100011,100012,100013,100014,100015,100016,100017,100019,100020,100022,100023,100026",2024-03-19 17:18:31,26.892768,80.812505,PMJAY
HOSP9P134472,9134472,Hospital,P,Neuron Super Speciality hospital,"413,117/l/450, naveen nagar kakadeo,, near double puliya ",9151915262,9,157,"100004,100005,100006,100011,100012,100015,100017,100020,100023",2022-04-26 15:35:39,26.472049996262342,80.28932941122503,PMJAY
HOSP9P134499,9134499,Hospital,P,FAIZAN MULTISPECIALITY HOSPITAL,EIDGAH ROAD,8126049547,9,177,,2021-11-23 13:48:12,29.698829,77.676096,PMJAY
HOSP9P134648,9134648,Hospital,P,National Super Speciality Hospital and Trauma Centre,"national super speciality hospital and trauma centre,hafizpur jiyanpur road ",8808449947,9,123,"100005,100006,100011,100015",2024-07-30 12:21:54,26.101225,83.202850,PMJAY
HOSP9P135296,9135296,Hospital,P,NAVJEEVAN HOSPITAL,"Infront of M.L.B. Gate No. 1,Kanpur Road",9893799830,9,153,,2023-06-23 14:41:15,25.4572180000001,78.6136420000001,PMJAY
HOSP9P135461,9135461,Hospital,P,SALVATION HOSPITAL,KANDHARPUR MURADGANJ,9335465168,9,152,"100006,100012,100015",2022-01-04 13:57:39,25.7536,82.6869,PMJAY
HOSP9P135464,9135464,Daycare Centre,P,MOHAN EYE HOSPITAL,"E 233 247 EKTA NAGAR ,",8979544422,9,130,100013,2021-11-23 13:44:23,28.3836758,79.4331367,PMJAY
HOSP9P135712,9135712,Hospital,P,DR PRAVEEN JAIN MULTISPECIALITY & ENT HOSPITAL PVT LTD,"Gol Kothi, Chilkana road,",9142220022,9,177,"100005,100006,100012,100015,100016,100023",2021-12-21 15:01:34,29.983702,77.542281,PMJAY
HOSP9P135951,9135951,Daycare Centre,P,Visioncare SuperSpeciality Hospital,"garh Road Meerut opp L.L.R.M Medical College,Garh Road Meerut",9358805142,9,169,100013,2022-03-03 11:34:23,28.956483999998696,77.75295499999879,PMJAY
HOSP9P136140,9136140,Hospital,P,GARG HOSPITAL A UNIT OF SANTOSH MATERNITY AND NURSING HOME PVT LTD,"KP ROAD MAHESH PARK ,",7830006000,9,134,"100005,100006,100010,100012,100015,100017,100023",2022-01-28 18:01:48,28.402640201089653,77.85592851096112,PMJAY
HOSP9P136157,9136157,Hospital,P,Bundelkhand Superspeciality Hospital ,"MEDICAL TIRAHA ,KANPUR GWALIOR BYPASS ROAD JHANSI,",6394430720,9,153,"100002,100003,100004,100005,100006,100010,100012,100013,100015,100016,100017,100018,100023",2022-06-27 15:49:42,25.467785,78.624807,PMJAY
HOSP9P136189,9136189,Hospital,P,RANA HOSPITAL PVT LTD,"45 .B Rail Vihar, Medical College Road",9935200033,9,148,"100002,100003,100006,100012,100015,100023",2022-01-13 17:55:55,27.0711,82.71,PMJAY
HOSP9P136438,9136438,Hospital,P,ANAND ORTHOPAEDIC AND TRAUMA CENTRE,"prerna Bajoria raod saharanpur ,",9319098225,9,177,100015,2022-01-20 12:57:51,29.951677,77.560999,PMJAY
HOSP9P136461,9136461,Hospital,P,DIVYA  MULTI SPECIALITY HOSPITAL,"salarpur Road,Near Suvidha Hotel",9811563209,9,144,"100005,100006,100012,100015,100023",2023-04-17 18:27:04,28.343025066370288,77.54881463004654,PMJAY
HOSP9P136579,9136579,Hospital,P,CITY HOSPITAL,"MOHHALA BHARAT VIHAR ,MANDAWAR HARIDWAR ROAD BIJNOR",9634444294,9,132,"100005,100006,100012,100015",2022-03-22 15:04:13,29.392979,78.135476,PMJAY
HOSP9P136613,9136613,Hospital,P,SKB AAROGYAM MULTISPECIALITY HEALTHCARE,"00,JANSATH ROAD",9897023768,9,172,"100002,100004,100005,100006,100012,100015,100016,100017",2022-03-22 14:27:56,29.44846786807365,77.72977401053117,PMJAY
HOSP9P136816,9136816,Hospital,P,AAYUSHMAAN HOSPITAL,"SD PURAM,  KIRATPUR ROAD NH-119 BIJNOR,AAYUSHMAAN HOSPITAL ,KIRATPUR ROAD, BIJNOR",9897555303,9,132,"100006,100023",2022-05-30 14:59:27,29.3864295,78.1443008,PMJAY
HOSP9G136855,9136855,Medical College Hospital,G,All India Institute of Medical Sciences (AIIMS) Raebareli,"Dalmau Road,Munshiganj",8518887725,9,175,"100001,100002,100003,100004,100005,100006,100007,100008,100009,100010,100011,100012,100013,100014,100015,100016,100017,100018,100020,100021,100022,100023,100027",2022-10-13 19:44:26,26.184423,81.245958,PMJAY
HOSP9P137083,9137083,Hospital,P,HOSPITAL,"BHARAT VIHAR COLONY,OLD RTO OFFICE",9634460091,9,132,"100005,100006,100012,100015",2022-05-30 15:10:27,29.389693,78.135996,PMJAY
HOSP9P137208,9137208,Hospital,P,SATKRITI HOSPITALS PVT.LTD.,"B32/28 B-19 RAMAPURI COLONY,",9696100510,9,187,100016,2022-05-13 10:56:34,25.281997,82.999793,PMJAY
HOSP9P137229,9137229,Hospital,P,AYUSHMAN HOSPITAL SURGICAL AND CRITICAL CARE CENTER,"530 TILAK COLONY ,SUBHASH NAGAR BAREILLY",9589998332,9,130,"100005,100006,100011,100012,100015,100020,100023",2022-01-13 17:33:56,28.3350340000001,79.4043570000001,PMJAY
HOSP9P137448,9137448,Hospital,P,PARASNATH HOSPITAL,"PLOT NO 3, RAM NIWAS GARDEN,RAM NIWAS GARDEN, SITAPUR ROAD",9454153431,9,162,"100004,100005,100006,100011,100012,100015,100023",2022-02-18 12:05:11,26.973030,80.924277,PMJAY
HOSP9P137769,9137769,Hospital,P,Ophthalmology,"SARAULI,POLICE LINE",7800507578,9,178,100013,2022-04-06 10:12:35,26.792930999996486,83.07454200000234,PMJAY
HOSP9P137823,9137823,Hospital,P,HAPPY HOSPITAL,"408, MAIN GT ROAD , PILLAR NO. 66, DEOBAND,MOHALLA KAYASTHWARA",8076964565,9,177,"100005,100006,100012",2022-03-03 12:16:16,29.698825,77.682154,PMJAY
HOSP9P138157,9138157,Hospital,P,DRISHTI EYE CARE AND PHACO CENTRE,"182 A, HDFC BANK CITY PALACE BUILDING,HUMAYUPUR SOUTH",7250644710,9,148,100013,2022-04-23 12:49:09,26.761434,83.363081,PMJAY
HOSP9P138881,9138881,Hospital,P,AZAD HOSPITAL,"azad market,",9927495458,9,132,"100005,100006,100012",2022-04-17 12:39:08,29.612691,78.333028,PMJAY
HOSP9P138968,9138968,Hospital,P,drishti the vision an advance eye care centre ,"148 bDA COLONY MATKAMAL NAINPUR,MINI BYPASS ROAD ",7703820810,9,130,100013,2022-06-27 15:07:02,28.390160,79.423927,PMJAY
HOSP9P139064,9139064,Hospital,P,Centre for Sight ,"D-59/73A Rathyatra Mahmoorganj road Varanasi ,",9958422442,9,187,100013,2026-06-25 11:56:40,25.306522,82.988428,PMJAY
HOSP9P139140,9139140,Hospital,P,AMEYA HOSPITAL,"117/K/137 ,GEETA NAGAR",8853144358,9,157,"100002,100005,100006,100008,100011,100012,100013,100014,100015,100016,100017,100019,100022,100023",2022-04-26 15:45:58,26.4840,80.2941,PMJAY
HOSP9P140050,9140050,Hospital,P,SURYA HOSPITAL & TRAUMA CENTRE,"SURYA HOSPITAL AND TRAUMA CENTRE WARD NO 11 SANJAY NAGAR COLONY CHANDAULI,",7992131267,9,135,,2024-01-09 18:56:59,25.25965540994443,83.249238206997,PMJAY
HOSP9P140161,9140161,Hospital,P,VATSALYA MEDICAL CENTRE,2/12 VINAY KHAND ,9369975385,9,162,"100002,100010,100012,100017",2022-04-05 18:09:21,26.862659,81.024132,PMJAY
HOSP9P140172,9140172,Hospital,P,CHANDRABHAL HOSPITAL,"Y-1280 KIDWAI NAGAR,NEAR RBI COLONY ",9935164758,9,157,"100001,100004,100005,100006,100012,100013,100015,100020,100026",2022-04-26 15:48:19,26.420363,80.327546,PMJAY
HOSP9P140380,9140380,Hospital,P,Saanvi health care,"83/A jungle mahuva urf mohamad pur near millenium city,",9554955637,9,148,,2022-09-09 10:52:01,26.816535,83.400033,PMJAY
HOSP9P140397,9140397,Hospital,P,UJALA CYGNUS RAINBOW HOSPITAL,"A/3, Suraj Vihar Colony, Near Gurudwara Guru Ka Taal Gurudwara, NH-19, Sikandra, Agra-282007,",7618434300,9,118,,2026-06-16 13:43:29,27.2044770000001,77.957861,PMJAY
HOSP9P141035,9141035,Hospital,P,SHIVAM NURSING HOME,"B-65, BEHIND ROADWAYS BUS STAND,GANDHI NAGAR",9897216299,9,171,"100006,100012,100023",2022-04-17 12:45:42,28.828623035570445,78.77184286930469,PMJAY
HOSP9P141187,9141187,Hospital,P,FAIZA HOSPITAL ,"faiza hospital mahuwariya gabhadiya sultanpur,mahuwariya gabhadiya sultanpur",9984269000,9,185,"100006,100012,100015,100023",2022-06-27 14:20:44,26.241288,82.099055,PMJAY
HOSP9P141211,9141211,Hospital,P,ANAND HOSPITAL AND URO GYNAE RESEARCH CENTRE,"infront of medical gate no 1,mayur vihar colony",9415030319,9,153,"100006,100012,100015,100023",2023-08-10 16:13:37,25.458194,78.614381,PMJAY
HOSP9P141235,9141235,Hospital,P,KASHVI MULTISPECIALITY CENTRE,"85,ITEDHA VILLAGE,NEAR EK MURTHI CHAURAHA",9315427342,9,144,"100015,100020",2024-01-03 16:30:39,28.338012,77.628573,PMJAY
HOSP9P141236,9141236,Hospital,P,Rudra Kashi,"207 Mahabir Mandir,Pandeypur Road, Orderly Bazar, Varanasi - 221002",7525080001,9,187,"100005,100006,100012,100015",2023-08-10 16:24:52,25.35252,82.98413,PMJAY
HOSP9P141381,9141381,Hospital,P,PRAKASH OPTICAL AND EYE CARE CENTER,"678, KALAYANI DEVI CIVIL LINES UNNAO",7652019432,9,186,100013,2022-09-19 11:59:50,26.555,80.483390,PMJAY
HOSP9P142316,9142316,Hospital,P,NEWLAKHANPURHOSPITAL& TRAUMA CENETRE PVT LTTD,"8 A LAKAHANPUR KANPUR,8 A LAKAHANPUR KANPUR",9838866444,9,157,,2022-10-25 12:28:55,26.492204,80.283982,PMJAY
HOSP9P142372,9142372,Hospital,P,GURUDAYAL HOSPITAL,"Dhanauri road, prempuri, dankaur,",9758687506,9,144,"100005,100012",2024-01-31 13:26:35,28.345986,77.607681,PMJAY
HOSP9P142512,9142512,Hospital,P,LAXMI HOSPITAL,110 Gautam Vihar New Shivli Road,9839985464,9,157,"100005,100006,100012",2022-10-25 12:17:43,26.504221,80.249718,PMJAY
HOSP9P142760,9142760,Hospital,P,MEDYHOPE MULTI SPECIALITY HOSPITAL,"33 KASIA ROAD AWADH TOWER BETIYAHATA,",8181814745,9,148,"100006,100011,100015,100023",2023-03-22 15:04:50,26.736386,83.388411,PMJAY
HOSP9P143176,9143176,Hospital,P,iimt life line hospital ,"ganga nagar meerut,meerut",9719400299,9,169,"100002,100005,100006,100011,100012,100013,100015,100016,100017,100023",2026-05-25 17:36:45,28.999181,77.762355,PMJAY
HOSP9P143366,9143366,Daycare Centre,P,Satya Netra Chikitsalya,"Main hamirpur Road, Naubasta, Kanpur,",9336293224,9,157,100013,2022-11-01 11:27:11,26.401971070557323,80.31437986868673,PMJAY
HOSP9P143446,9143446,Hospital,P,HARI OM HOSPITAL,"PLOT NO 51 MAHARISHI NAGAR NEAR DIVYA VASHUNDRA SCHOOL IIM ROAD LUCKNOW,PLOT NO 51 MAHARISHI NAGAR NEAR DIVYA VASHUNDRA SCHOOL IIM ROAD LUCKNOW",9839050877,9,162,"100005,100006,100011,100012,100015,100016,100022,100023",2023-10-12 18:50:29,26.931497,80.8769455,PMJAY
HOSP9P143631,9143631,Hospital,P,vivek multispeciality hospital,"moradabad road,",9756609070,9,132,"100005,100006,100008,100011,100012,100013,100015,100020,100022,100023",2022-07-27 13:49:15,29.345558,78.169092,PMJAY
HOSP9P143688,9143688,Hospital,P,ANULOK NURSING HOME,"1- KEWAL PURI, SARWAT ROAD,",9752361443,9,172,"100006,100012,100023",2022-06-27 14:53:13,29.483716,77.705645,PMJAY
HOSP9P143788,9143788,Hospital,P,Bhushan Hospital,"C7/5 JAGRITI VIHAR MEERUT,GARH ROAD MEERUT",9453159590,9,169,"100005,100006,100010,100012,100015,100016,100017,100023",2022-10-06 18:20:58,28.958874,77.749337,PMJAY
HOSP9P143796,9143796,Hospital,P,SRMS GOODLIFE HOSPITAL,"101/2,101/3, STADIUM ROAD, BAREILLY,BRAHAMPURA-EAST",8279588425,9,130,,2022-06-27 16:05:46,28.380220,79.434801,PMJAY
HOSP9P143911,9143911,Hospital,P,LAKSHYA NETHRALAYA,"289 A CIVIL LINE behind Dr G L Dixit,289 A CIVIL LINE",9721044999,9,183,100013,2023-04-17 18:29:20,27.56688268065473,80.67058301431769,PMJAY
HOSP9P143913,9143913,Hospital,P,PUSHPANJALI HOSPITAL AND RESEARCH CENTRE PVT LTD,"delhi gate,",8954893910,9,118,"100002,100003,100006,100008,100013,100015,100016,100018,100021,100022,100023,100027,100028",2022-09-19 11:49:11,27.1968630000001,77.9972200000001,PMJAY
HOSP9P143924,9143924,Hospital,P,BHOPAL MEMORIAL MULTISPECIALTY HOSPITAL AND TRAUMA CENTER,"PARAS VIHAR BADOLI ROAD BARAUT,",9927128155,9,124,"100006,100012,100015,100020,100023",2022-07-06 14:21:13,29.096035,77.258603,PMJAY
HOSP9P144151,9144151,Hospital,P,Vikalp Eye and Retina Centre,"First Floor, Muktesh Endoscopy Clinic, A-12, Ekta Nagar,Stadium Road, Bareilly",9560249928,9,130,100013,2022-06-27 15:17:06,28.383954,79.435359,PMJAY
HOSP9P144349,9144349,Hospital,P,Shivam Multispeciality Hospital,"Block B, STC Campus, Junction Road, Khurja",8477000372,9,134,,2023-01-05 12:16:15,28.225957892070596,77.82847673396418,PMJAY
HOSP9P144490,9144490,Hospital,P,VARDHAMAN HOSPITAL,"1/7, SEC-D, PRIYADARSHANI COLONY ,BANDHA ROAD, LUCKNOW",9454926432,9,162,,2023-03-23 17:20:12,26.9023080000001,80.93593,PMJAY
HOSP9P144715,9144715,Hospital,P,ANAND NIROGDHAM HOSPITAL PVT LTD,"A-1,DAMODAR COLONY GARH ROAD MEERUT,NEAR MEDICAL COLLEGE GARH ROAD MEERUT",9368185001,9,169,"100002,100003,100006,100015,100016,100023",2026-05-25 17:45:13,28.959794,77.738621,PMJAY
HOSP9G144745,9144745,Hospital,G,Ganjmuradabad,"Unnao,Unnao",9621274724,9,186,100005,2023-05-03 13:22:40,26.8408660000001,80.16357,PMJAY
HOSP9G144790,9144790,Hospital,G,CHC Fatehpur Chaurasi,"Fatehpur Chaurasi ,Fatehpur Chaurasi ",9621274724,9,186,100005,2023-05-03 13:20:12,26.7169630000001,80.369062,PMJAY
HOSP9P145160,9145160,Hospital,P,Centre for Sight Ghaziabad  A Unit of New Delhi Centre For Sight Ltd,E-2/228 Ambedkar Road Beside Haldiram Nehru Nagar,9958422442,9,145,100013,2024-01-02 13:35:07,28.664614,77.434416,PMJAY
HOSP9P145214,9145214,Hospital,P,Chitrakoot Clinic ,"Chitrakoot Clinic, chatra sangh chauraha,cantt thana road",8527723541,9,148,"100006,100015,100016",2023-03-22 13:25:05,26.745088300000006,83.37820340000007,PMJAY
HOSP9P145516,9145516,Hospital,P,METRO RISHIDEV HOSPITAL,"CHITAIPUR rOAD,",9415622236,9,187,"100005,100006,100008,100011,100012,100015,100016,100022,100023",2023-07-18 14:01:37,25.269614,82.9618565000001,PMJAY
HOSP9P145614,9145614,Hospital,P,sangi Hospital unit of sangi healthcare ops pet.ltd,"RAYA MATHURA ROAD RAYA MATHURA ,",9971975097,9,167,"100005,100006,100012",2025-03-25 18:17:47.428,27.547449690908792,77.78183964589448,PMJAY
HOSP9P146238,9146238,Hospital,P,KRISHNA HOSPITAL,"plot no 02, mohibullapur, sitapur road, madiyaon ,near mohibullapur railway station, madiyaon, sitapur road",9956148151,9,162,"100005,100006,100011,100012,100015,100016,100023",2022-11-28 11:25:17,26.907490687235253,80.93815321926945,PMJAY
HOSP9P146274,9146274,Hospital,P,sanskriti hospital,BUDHANA ROAD SHAMLI,8130938018,9,660,,2022-12-01 15:30:05,29.44138889,77.30944444,PMJAY
HOSP9P146458,9146458,Hospital,P,SHARP SIGHT EYE HOSPITALS,"SS TOWER, AUTO SALES CHOWRAHA Prayagraj Uttar Pradesh 211001,",9582211733,9,120,100013,2026-05-30 17:29:59,25.455520,81.830297,PMJAY
HOSP9P146524,9146524,Hospital,P,GEORGIAN SUPERSPECIALITY HOSPITAL,"Gokulpuram Colony ,Chitaipur Chunar Road Kandwa Varanasi",9519540888,9,187,"100001,100004,100005,100006,100008,100011,100012,100015,100016,100019,100020,100021,100023,100026",2022-10-18 10:57:10,25.262667,82.964742,PMJAY
HOSP9P146555,9146555,Daycare Centre,P,Universal Eye and Skin Care,"Aashiyana phase 2,",9634961114,9,171,100013,2022-08-10 10:51:14,28.883739,78.741549,PMJAY
HOSP9P146679,9146679,Hospital,P,ATMARAM CHILD CARE AND CRITICAL CARE HOSPITAL,"128/53 Y BLOCK KIDWAI NAGAR NAUBASTA KANPUR,",9839669627,9,157,"100001,100004,100005,100006,100008,100010,100011,100012,100014,100015,100016,100017,100018,100019,100020,100022,100023,100026",2023-02-02 13:08:28,26.420342,80.319523,PMJAY
HOSP9P146742,9146742,Hospital,P,SHANTI VED INSTITUTE OF MEDICAL SCIENCES,"KHASRA NO 610 KAKRETHA ROAD, NH-19. SIKANDRA, AGRA ,",9927825125,9,118,"100002,100003,100004,100005,100006,100010,100011,100013,100015,100017,100023",2023-02-17 12:22:24,27.212812,77.960084,PMJAY
HOSP9P146813,9146813,Hospital,P,SHUBHAM HOSPITAL,56 INDRA NAGAR,9599928801,9,130,"100005,100006,100010,100012,100017,100020,100023",2023-03-14 14:12:11,28.3898480,79.4262325,PMJAY
HOSP9P146849,9146849,Hospital,P,Saraswati Veena Multispecialty Hospital ,"Raj Rani Mehra Guest House ,Mathura Road ",9622882233,9,163,100016,2023-02-02 14:03:29,27.554856,78.021775,PMJAY
HOSP9P146856,9146856,Hospital,P,SHUBHAM HOSPITAL,"B-2/29 Sec f Jankipuram,",9415548287,9,162,"100005,100006,100012,100017,100023",2023-02-16 18:24:23,26.918991226825085,80.95890114815984,PMJAY
HOSP9P147071,9147071,Hospital,P,wellsun medicity superspeciality hospital,"8B NH5 VRINDAVAN YOJNA LUCKNOW,",9752067777,9,162,"100001,100002,100003,100005,100006,100007,100010,100011,100012,100013,100014,100015,100016,100017,100019,100022,100023",2023-05-03 12:05:43,26.771852,80.9650980000001,PMJAY
HOSP9P147077,9147077,Hospital,P,SWARNJYOTI EYE HOSPITAL,"A1/22 SECTOR B ALIGANJ ,",9307577778,9,162,100013,2026-05-29 16:10:56,26.893496,80.931822,PMJAY
HOSP9P147462,9147462,Hospital,P,Criticare Hospital,"M-289, Ashiana colony, Kanpur road ",7310447949,9,162,"100004,100005,100006,100010,100011,100012,100014,100015,100016,100017,100020,100023,100026",2022-12-07 13:07:27,26.77780,80.91071,PMJAY
HOSP9P147690,9147690,Hospital,P,OMKAR UROLOGY CENTRE,"D63/A-5, ANNAPURNANAGAR COLONY, MAHMOORGANJ, VARANASI - 221010",8009154888,9,187,"100006,100015,100023",2023-03-22 12:56:42,25.317644,82.973915,PMJAY
HOSP9P147774,9147774,Hospital,P,TARAWATI SUPER SPECIALITY HOSPITAL,"BAJORIA ROAD SAHARANPUR,BAJORIA ROAD SAHARANPUR",9359202132,9,177,"100005,100006,100015,100023",2022-10-17 18:24:42,29.95667,77.5572060000001,PMJAY
HOSP9P147847,9147847,Hospital,P,SPARSH HOSPITAL,"SPARSH HOSPITAL, OPP. CANARA BANK,HAPUR ROAD, GADANA, MODINAGAR",9837025120,9,145,,2023-02-16 15:57:21,28.827572,77.590944,PMJAY
HOSP9P147863,9147863,Hospital,P,Galaxy Eye Institute And Polyclinic,"Plot no. 5,Awas Vikas Colony Gate Near Kali Mandir Basti",8840869582,9,131,100013,2022-11-03 11:50:26,26.794635,82.726663,PMJAY
HOSP9P147890,9147890,Hospital,P,SURYA HOSPITAL,"I.T.S. DENTAL COLLEGE CAMPUS ,Greater Noida",9711785107,9,144,"100005,100006,100010,100011,100012,100013,100015,100016,100017,100018,100019,100023",2023-04-17 18:13:14,28.5340340000001,77.5038460000001,PMJAY
HOSP9P147972,9147972,Daycare Centre,P,VISION EYE CARE AND RETINA CLINIC,"A/63 Near Janta pathology Lab,In front of Gandhi nagar park Gandhi Nagar Moradabad",7055192002,9,171,100013,2022-10-18 10:53:02,28.827846,78.773366,PMJAY
HOSP9P147973,9147973,Hospital,P,MAA TULY HOSPITAL,BALMIKEE NAGAR BELWA CHUNGI BY PASS ROAD PADRAUNA,8700405740,9,160,"100006,100010,100012,100017,100023",2022-11-15 11:11:31,26.902039,83.984182,PMJAY
HOSP9P148190,9148190,Hospital,P,R G HOSPITAL,"R G HOSPITAL AYUB KHAN - CHAUPULA ROAD 63 CIVIL LINES BAREILLY,",9837052471,9,130,"100015,100020",2023-07-13 13:54:36,28.352685,79.412637,PMJAY
HOSP9P148501,9148501,Hospital,P,RAM TEJ HOSPITAL ,"township saheed nagar,",9837023351,9,118,,2023-03-22 12:46:58,27.157033,78.011184,PMJAY
HOSP9P148614,9148614,Hospital,P,UP STONE AND UROLOGY CENTRE,"J276, PATEL NAGAR 1,DR.SHYAMPRASAD MUKH MARG, NEAR OLD BUS STAND",9870655708,9,145,"100006,100023",2023-03-23 17:12:03,28.672349,77.430815,PMJAY
HOSP9P148809,9148809,Hospital,P,MEGHRAJ MEMORIAL SHARAD GASTRO AND LIVER CARE CENTRE,"95 CIVIL LINES,",9415030793,9,153,"100005,100006",2022-11-11 12:22:03,25.447087,78.570827,PMJAY
HOSP9P148888,9148888,Hospital,P,Garg Nursing Home,"Marrish Road Aligarh,Laxmi bai marg bank colony aligarh ",9719578004,9,119,100013,2022-10-17 18:16:25,27.9,78.09,PMJAY
HOSP9P148994,9148994,Hospital,P,J.S SARVODAYA HOSPITAL,"J.S Sarvodaya Hospital,Opp Post office, Mangal Nagar, Link Road, Saharanpur",7042147022,9,177,100006,2022-10-18 10:46:51,29.967178,77.550174,PMJAY
HOSP9P149064,9149064,Hospital,P,AL SAMAD HOSPITAL,AL-HAMED NAGAR NEAR CROWN REGENCY ANOOPNAGAR ROAD ,9560727559,9,119,"100005,100006,100012,100015,100023",2022-12-13 13:00:35,27.93778,70.08286,PMJAY
HOSP9P149525,9149525,Hospital,P,RAVI NURSING HOME,203/2 civil line uttari,8979261001,9,172,100013,2022-10-06 18:35:42,28.6585,77.2127,PMJAY
HOSP9P149553,9149553,Hospital,P,swastik hospital,"265 baraipur, narayanpur, mirzapur ,naryanpur",8756112061,9,170,"100005,100006,100015,100016,100020,100023",2022-10-21 12:23:05,25.196562,83.024423,PMJAY
HOSP9P149618,9149618,Hospital,P,Maurya Hospital And Trauma Centre,"NEAR SOMNATH MARRIAGE HOME  VIRJAPUR SERVICE ROAD NH-19 MATHURA,near somnath marrige home virjapur service road nh 19 mathura",9412777990,9,167,,2023-03-22 17:56:24,27.454988414721072,77.68156180136702,PMJAY
HOSP9P149784,9149784,Hospital,P,SUNRISE HOSPITAL,"Near Sahil Vatika Awleshpur Chunar Road,",9634425888,9,187,,2023-06-19 16:12:10,25.257041233574014,82.96172799203214,PMJAY
HOSP9P149902,9149902,Hospital,P,JEEVAN JYOTI NETRA CHIKITSALAYA,"NEAR RATHI ULTRASAOUND BETIHATA GORAKHAPUR,",9415363181,9,148,100013,2023-03-17 15:54:45,26.739555,83.364052,PMJAY
HOSP9P150085,9150085,Hospital,P,Harshit Medical Research Center,"Wajidpur tiraha,",9839984604,9,152,"100005,100006,100010,100012,100015,100017,100023",2022-11-07 12:17:23,25.73587539312888,82.68340530575892,PMJAY
HOSP9P150097,9150097,Hospital,P,SAINATH HOSPITAL AND LAPAROSCOPY CENTER,"B-34/154-K-R Batuapura Sunderpur Varanasi,",8887875908,9,187,"100005,100006,100012,100015,100016,100023",2024-02-02 15:47:04,25.283189,82.987254,PMJAY
HOSP9P150252,9150252,Hospital,P,R G HOSPITAL,"INFRONT OF RAILWAY MANORANJAN SADAN,AYUB KHAN CHAUPLA ROAD 63 CIVIL LINES BAREILLY",7906685353,9,130,"100001,100002,100005,100006,100008,100010,100011,100012,100015,100017,100018,100019,100020,100022,100023",2023-03-15 14:12:51,28.351134,79.455949,PMJAY
HOSP9P150379,9150379,Hospital,P,KAUSAR NURSING HOME,"12/2852a Mandi Samiti Road Near Eidgah,12/2852a Mandi Samiti Road near Eidgah",9897061031,9,177,"100006,100013",2022-11-16 12:25:10,29.972664908999462,77.5300108832273,PMJAY
HOSP9P150387,9150387,Hospital,P,SHRI VEDANTA MULTISUPER SPECIALITYHOSPITAL & RESEARCHINSTITUTE A UNIT OF TRIAGEMEDICAL INSTITUTE PV,"7 Shakti Nagar,pilibhit byepass road bareilly",9837781247,9,130,"100002,100003,100005,100006,100010,100011,100013,100015,100016,100017,100020,100022,100023",2023-03-01 11:42:19,28.378723,79.454774,PMJAY
HOSP9P150496,9150496,Hospital,P,B.M. HOSPITAL,"chhatha mil dugdh mandi stp rd lko,stp rd",7355401712,9,162,"100005,100006,100012,100015",2023-03-21 14:34:30,26.9716740000001,80.8829030000001,PMJAY
HOSP9P150618,9150618,Hospital,P,Ridhi Hospital,"Ganga nagar chowk Basaratpur west,Ganga nagar chowk Basaratpur west, near shahpur thana",9918166324,9,148,"100005,100006,100012,100015,100017,100023",2023-02-15 16:27:17,26.790091,83.381003,PMJAY
HOSP9P150704,9150704,Hospital,P,NEW GORAKHPUR MEDICITY HOSPITAL,"Behind GDA Office, Near Surmount School, Siddharthpuram, Taramandal, Gorkhpur,",9759242001,9,148,"100005,100006,100015,100023",2023-05-03 13:03:21,26.759308,83.382623,PMJAY
HOSP9P151020,9151020,Hospital,P,New life Hospital,"01 Gati Chauraha T p nagar allahabad,",9792200551,9,120,"100004,100005,100006,100012,100015,100020",2026-06-12 09:08:12,25.453899,81.765924,PMJAY
HOSP9P151112,9151112,Hospital,P,AJANTA HOSPITAL & IVF CENTRE,"765 ABC COMPLEX ALAMBAGH LUCKNOW ,KANPUR ROAD ALAMBAGH ",9335242509,9,162,,2026-03-27 12:50:17,26.807648,80.899278,PMJAY
HOSP9P151147,9151147,Hospital,P,FAST TRACK ORTHOCARE,"529/078 CC FAST TRACK ORTHOCARE,RING ROAD , KALYANPUR",9557490307,9,162,100015,2023-07-03 13:37:44,26.895530,80.971149,PMJAY
HOSP9P151281,9151281,Hospital,P,MRITYUNJAY HOSPITAL ,"143, College Road, Chippi Tank Rd, Near Loyal Book Depot, Meerut, Uttar Pradesh 250001,143, College Road, Chippi Tank Rd, near Loyal Book Depot, Meerut, Uttar Pradesh 250001",9837054400,9,169,100015,2024-06-14 13:59:07,28.98754099960604,77.70660699896303,PMJAY
HOSP9P151940,9151940,Hospital,P,SR HOSPITAL,"Gayatripuram near paharpur chauraha,",6391731555,9,162,"100004,100005,100006,100008,100010,100011,100012,100015,100016,100017,100020,100022,100023",2023-03-21 17:42:29,27.043933,80.9388970000001,PMJAY
HOSP9P152100,9152100,Hospital,P,JAGWATI HOSPITAL,"NEHRU ROAD,NEAR RAILWAY STATION",9719396666,9,124,,2023-04-17 17:52:43,29.047640,77.271394,PMJAY
HOSP9P152432,9152432,Hospital,P,Regency Hospital Limited,"A-2, Sarvodaya Nagar Kanpur,",9839027500,9,157,"100006,100008,100021,100027",2026-05-29 21:13:45,26.479765,80.3009860000001,PMJAY
HOSP9P153006,9153006,Hospital,P,RAJ NURSING HOME ,"NAGAL SAHARANPUR BYPASS TAPRI ROAD,POST NAGAL",7300728648,9,177,"100005,100006,100012",2023-03-01 13:09:30,29.8349166096,77.630474592,PMJAY
HOSP9P153784,9153784,Hospital,P,AHUJA MEDICAL & RESEARCH CENTRE,"87/53 Bhannana Purwa Deputy Padav Kanpur,87/53 bhannana purwa deputy padav kanpur ",9335324450,9,157,"100005,100006,100012,100015,100016,100017,100020,100023",2026-04-24 16:55:43,26.459934,80.327969,PMJAY
HOSP9P154109,9154109,Hospital,P,JAIN HOSPITAL RESEARCH CENTRE A UNIT OF ARIHANT CHARITABLE HOSPITAL TRUST SOCIETY,"14A/636 VASUNDHARA ,",9810070637,9,145,100005,2023-08-04 17:44:56,28.661642,77.3600930000001,PMJAY
HOSP9P155818,9155818,Hospital,P,SUBH HOSPITAL,"SUBH HOSPITAL,NEAR CANARA BANK SIKANDRABAD ROAD ",9720030049,9,134,"100005,100006,100012",2023-03-20 17:56:46,28.559662,77.759351,PMJAY
HOSP9P156004,9156004,Hospital,P,SUSHRUT HOSPITAL,"PLOT NO 23 N BLOCK NO C/1 SCHEEM 83 INDRANAGAR KANPUR,",9412405707,9,157,"100004,100005,100006,100008,100010,100011,100012,100013,100014,100015,100016,100017,100019,100020,100022,100023",2023-07-27 12:37:20,26.505137,80.2617050000001,PMJAY
HOSP9P156911,9156911,Hospital,P,pramjyoti eye care,"near civil hospital chowk bajoria road ,saharanpur",9027287728,9,177,100013,2023-02-17 11:49:00,29.956630,77.558811,PMJAY
HOSP9P157167,9157167,Hospital,P,J R HOSPITAL,"KOTLI BAGEECHI,KOTLI BAGEECHI DEORI ROAD AGRA",9019087398,9,118,"100005,100006,100010,100012,100015,100016,100017,100023",2024-01-18 12:24:27,27.1249623,78.0197733,PMJAY
HOSP9P157196,9157196,Hospital,P,TEJAS SUPER SPECIALITY HOSPITAL,"kASHIPUR ROAD NEAR FIRE STATION THAKURDWARA,THAKURDWARA",9412582296,9,171,"100005,100006,100010,100012,100013,100015,100017",2023-01-25 14:09:32,29.1319500000001,78.7646300000001,PMJAY
HOSP9P157414,9157414,Hospital,P,DEV HOSPITAL,"MSK ROAD KRISHNA ENCLAVE SHAMLI,",9719299901,9,660,"100005,100006,100012",2023-02-16 15:35:00,29.4523205,77.3216870000001,PMJAY
HOSP9P158018,9158018,Hospital,P,JYOTIRMAY EYE CLINIC,"Doctors Enclave nr.Shahpur Thana,Raptinagar Phase-3,Gkp,",9628322228,9,148,100013,2023-12-14 12:38:04,26.788785,83.383506,PMJAY
HOSP9P158046,9158046,Hospital,P,RAJDEEP ENT HOSPITAL AND MICROSURGERY CENTRE,"4A, KASIA ROAD, NEAR CHHATRA SANGH CROSSING,",9838945888,9,148,100016,2023-03-22 16:08:27,26.746120,83.378306,PMJAY
HOSP9P158292,9158292,Hospital,P,GLOBAL PLUS HOSPITAL,"goverdhan chauraha goverdhan road mathura ,",8923776100,9,167,"100004,100005,100006,100012,100015,100023",2023-12-14 12:39:01,27.500571,77.653321,PMJAY
HOSP9P158406,9158406,Hospital,P,PUSPANJALI HOSPITAL,"699, ADARSH NAGAR, SHIKARPUR BYPASS ROAD, BULANDSHAHR,",9719804500,9,134,"100005,100006,100012,100014,100016,100017,100023",2023-03-20 18:32:52,28.3938595,77.8513615,PMJAY
HOSP9P158518,9158518,Hospital,P,SHIVANI HOSPITAL,"120/503,SHIVAJI NAGAR KANPUR NAGAR,",9415042116,9,157,"100005,100006,100012,100015",2024-02-07 13:34:24,26.471824,80.3020540000001,PMJAY
HOSP9G158768,9158768,Hospital,G,Phc Baragaon,"Varanasi,Varanasi",9918878699,9,187,100005,2024-02-21 15:42:27,25.445400,82.832400,PMJAY
HOSP9P158780,9158780,Hospital,P,SAPPHIRE HOSPITAL A UNIT OF AGRA MEDICAL AND CARDIAC SUPER SPECIALTY HOSPITAL LLP,"Ajmer Road Pratappura Agra,",7259643756,9,118,"100002,100004,100005,100006,100015,100020",2023-12-04 18:07:57,27.166882,78.010477,PMJAY
HOSP9P159343,9159343,Hospital,P,MEDITREE HOSPITAL,"280-h St Johns Church Road,near passport office, basharatpur",7651825044,9,148,"100006,100015,100023",2023-03-22 15:08:49,26.784009,83.384628,PMJAY
HOSP9P159477,9159477,Hospital,P,Medicare Hospital,"NH -730, Puranpur Khutar Road, Village - Kajri Niranjanpur,",8467033505,9,173,"100005,100006,100012,100013,100015,100023",2024-03-19 17:12:50,28.502621,80.143606,PMJAY
HOSP9P159493,9159493,Hospital,P,VIKRAMVED HOSPITAL AND TRAUMA CENTER,"106/36 Kaseru Buxar ,mawana Road",9953647013,9,169,,2023-07-02 14:02:27,29.011309,77.7550140000001,PMJAY
HOSP9P159516,9159516,Hospital,P,SIROHI NURSING HOME,"309, D.M ROAD, BULANDSHAHR",9837941633,9,134,"100010,100017",2023-03-20 17:23:52,28.40920,77.84977,PMJAY
HOSP9P159583,9159583,Hospital,P,BHARDWAJ HOSPITAL ,"Bhardwaj Hospital, B-8, Vikram Colony,Ramghat Road",9837987888,9,119,"100005,100006,100012,100015,100023",2023-04-20 17:31:55,27.899796,78.0949420000001,PMJAY
HOSP9P159624,9159624,Hospital,P,YASHODA SUPER SPECIALITY HOSPITAL,"h1,",9811447102,9,145,"100002,100003,100023,100028",2023-03-22 18:18:45,28.645312,77.328793,PMJAY
HOSP9P159801,9159801,Hospital,P,JIVISHA MEDICAL CENTRE,"b-4/216 vishal khand -4 gomti nagar lucknow ,",8948177776,9,162,"100004,100005,100006,100010,100011,100012,100015,100016,100017,100020,100026",2023-07-06 13:15:41,26.851227,80.990532,PMJAY
HOSP9P160317,9160317,Hospital,P,SANGI HOSPITAL,"NEAR BIJLI GHAR LAKSHMI NAGAR , MATHURA ,NEAR BIJLI GHAR ",9971975097,9,167,"100005,100006,100012,100015",2024-09-05 18:15:33,27.509746000000106,77.65638700000011,PMJAY
HOSP9P162064,9162064,Daycare Centre,P,AHUJA EYE CENTRE ,"MARRIS ROAD ,",9837040110,9,119,100013,2023-04-19 15:55:41,27.908506,78.073037,PMJAY
HOSP9P163080,9163080,Hospital,P,PARAS NEURO SPINE AND MULTISPECIALITY HOSPITAL,"KH689SA,JK CITY ALI NAGAR SUNHARA",8957051944,9,162,,2023-10-04 12:59:41,26.764260999999095,80.8709459999991,PMJAY
HOSP9P163468,9163468,Hospital,P,RUDRAKSH IVF AND UROLOGY CENTRE,"1/495 ratan khand,qila chauraha, bijnor road",7275981480,9,162,"100001,100002,100004,100005,100006,100012,100013,100015,100016,100017,100020,100022,100023",2023-10-04 12:35:40,26.775380,80.920730,PMJAY
HOSP9P164201,9164201,Hospital,P,R B RAO MEMORIAL MULTI SPECILITY HOSPITAL,"IN FRONT OF DIOS STREET STATION ROAD GONDA,IN FRONT OF DIOS STREET STATION ROAD GONDA",8005338602,9,147,"100005,100006,100012,100015,100019",2023-10-03 13:34:19,27.1440900000001,81.9638100000001,PMJAY
HOSP9P164495,9164495,Hospital,P,VERMA HOSPITAL,"SALEMPUR PATORA LUCKNOW, ",9935379672,9,162,"100005,100006,100011,100012,100015,100016,100017,100020,100023",2023-07-18 13:14:05,26.835494,80.8252890000001,PMJAY
HOSP9P164542,9164542,Hospital,P,APEX GOEL SUPERSPECIALITY HOSPITAL,"697, ANAURA KALA, AYODHYA ROAD, CHINHAT, LUCKNOW,Ayodhya Road",8800769462,9,162,"100002,100005,100006,100008,100010,100011,100014,100015,100016,100017,100022,100023",2023-09-01 13:22:20,26.891252,81.018023,PMJAY
HOSP9P166172,9166172,Hospital,P,INDIRA GANDHI EYE HOSPITAL AND RESEARCH CENTRE,"1 B. N ROAD KAISERBAGH,",7651827320,9,162,100013,2023-07-02 14:33:30,26.850884,80.932314,PMJAY
HOSP9P166319,9166319,Hospital,P,shri jagannath charitable cancer institute and research centre ,"khasra no 455,meerut road",9811076625,9,145,"100005,100006,100008,100016,100021,100022,100023",2026-04-25 17:10:24,28.723780,77.469185,PMJAY
HOSP9P167038,9167038,Hospital,P,K P INSTITUTE OF MEDICAL SCIENCES,Near St Johns College Bagh Muzaffar Khan,9927737788,9,118,"100002,100003,100005,100006,100008,100011,100012,100015,100016,100019,100022,100023",2024-10-14 12:30:38.847,27.18333,78.01667,PMJAY
HOSP9P167376,9167376,Hospital,P,HANUMANT MATERNITY  AND TRAUMA CENTER,"su,",9956360107,9,185,"100004,100012,100015",2023-08-30 16:20:03,26.223648,82.113461,PMJAY
HOSP9P167502,9167502,Hospital,P,MAHENDER SINGH MULTISPECIALITY HOSPITAL,"NOORPUR MORADABAD ROAD OPP SBI BANK RAMLEELA GROUND BIJNOR,",9927237410,9,132,"100004,100005,100006,100012,100015,100023",2023-07-10 18:43:52,29.36504404370487,78.142341197007,PMJAY
HOSP9P167526,9167526,Hospital,P,Gyan Vishnu Hospital Pvt Ltd,"HNO 56 MAA VAISHNAV COLONY,",9935053139,9,187,"100004,100005,100026",2023-12-14 12:39:16,25.272673490374316,82.96709898287827,PMJAY
HOSP9P167776,9167776,Hospital,P,GLOBAL MULTISPECIALITY HOSPITAL AND TRAUMA CENTRE,"KARGUWAN JI ROAD IN FORNT OF MEDICAL COLLEGE GATE NO. 2,KARGUWAN JI ROAD",7905681371,9,153,"100005,100006,100012,100014,100015,100016,100023",2023-08-10 16:19:35,25.457957163148905,78.6172727354716,PMJAY
HOSP9P167790,9167790,Hospital,P,J.M.B. MULTISPECIALITY HOSPITAL,"JMB ENLAVE, DEVIPURA, MADHOTANDA ROAD ,",8077817980,9,173,"100005,100006,100008,100010,100012,100013,100017,100022,100023",2023-08-04 16:51:39,28.616307,79.693456,PMJAY
HOSP9P167809,9167809,Hospital,P,URMILA HOSPITAL,"15 INDRANAGAR PAIDLAYGANJ,",7570822893,9,148,"100006,100015,100016,100023",2023-12-05 16:17:41,26.741501,83.384540,PMJAY
HOSP9P167871,9167871,Hospital,P,NUTEMA HOSPITAL,OPP. LLRM MEDICAL COLLEGE GHARH ROAD MEERUT,9837285283,9,169,"100002,100010",2024-02-02 18:18:30,29.984644,77.705956,PMJAY
HOSP9P168039,9168039,Hospital,P,ALYANTRA MEDICITY SUPER SPECILITY HOSPITAL,"TC-49-V-XIII, VIBHUTI KHAND ,GOMTI NAGAR",9838832895,9,162,"100002,100004,100006,100008,100011,100012,100015,100019,100022,100023",2023-08-07 12:44:58,26.872535,80.998822,PMJAY
HOSP9P168253,9168253,Hospital,P,M. K. HOPE HOSPITAL AND DIAGNOSTIC CENTRE,"GATE NO 2 KE SAAMNE,MAYUR VIHAR COLONY NEAR MEVA CHAUDHARY HOSPITAL ",9935620005,9,153,"100005,100006,100010,100011,100012,100014,100015,100016,100017,100020,100023",2023-12-26 16:43:53,25.458489,78.615944,PMJAY
HOSP9P168564,9168564,Hospital,P,LAXMI MEDICAL AND SURGICAL CARE CENTRE PVT LTD,"S/17/329,ROADWAYS,VIJAY NAGAR COLONY,CANTT, VARANASI , UTTAR PRADESH ,VIJAY NAGAR COLONY,CANTT, VARANASI , UTTAR PRADESH ",9838881888,9,187,"100001,100002,100003,100005,100006,100008,100010,100011,100012,100015,100017,100019,100020,100022,100023",2023-10-03 11:44:25,25.326203,82.989964,PMJAY
HOSP9P168880,9168880,Hospital,P,SHRADDHA NETRALAYA,"SHRADDHA NETRALAYA, WARD NO 10, GAUTAM NAGAR,NEAR SBI BANK, CHANDAULI",7408704464,9,135,100013,2024-01-17 16:32:54,25.259457,83.271763,PMJAY
HOSP9P170358,9170358,Clinic,P,Dr SHARMA EYE CARE,"10 PARK ROAD BEHIND UCO BANK,",9336016764,9,148,100013,2023-12-05 16:10:18,26.753170,83.377923,PMJAY
HOSP9P171904,9171904,Hospital,P,ITS Dental College Hospital And Research Centre,"47, Knowledge Park III,",7840001495,9,144,100014,2026-04-28 15:53:27,28.477091,77.477812,PMJAY
HOSP9P172016,9172016,Hospital,P,VIMLA RATHORE NETRA KENDRA VRNK,"30 A CIVIL LINES NEAR ALLAHABAD BANK,",7388857101,9,153,100013,2023-12-06 17:25:05,25.434674,78.603683,PMJAY
HOSP9P172413,9172413,Hospital,P,D K Eye Care Hospital,"2470 B indira Nagar Lucknow U.P.,",6386430578,9,162,100013,2023-12-05 13:36:36,26.881806344842943,80.98417698510298,PMJAY
HOSP9P174026,9174026,Daycare Centre,P,BUNDELA NETRA KENDR & MATERNITY CENTRE ,H N 92  Vashisht Vihar Colony  Gomti Nagar Extension Sec 5 Lucknow,9336344412,9,162,100013,2024-01-02 16:10:44,26.84059,81.01451,PMJAY
HOSP9P174140,9174140,Hospital,P,MUNSHILAL MULTISPECIALITY HOSPITAL,"DELHI ROAD,NEAR ICICI BANK ",8923953770,9,124,"100005,100006,100012,100015,100023",2026-06-02 13:16:00,28.942207,77.221626,PMJAY
HOSP9P176393,9176393,Hospital,P,SHLOK HOSPITAL,"AKHARI BY PASS, VARANASI, VARANASI,",9415390759,9,187,"100005,100006,100008,100011,100015,100016,100023",2024-06-21 11:56:57,25.250214,82.952847,PMJAY
HOSP9P176523,9176523,Hospital,P,SAGAR NURSING HOME,"NEAR RAHUL MEDICAL STORE,KOTWALI ROAD,BUDHANA,",8859002200,9,172,"100005,100006,100012,100015,100023",2024-02-10 14:46:16,29.289280851948888,77.46776953374501,PMJAY
HOSP9P176826,9176826,Hospital,P,RAJ SHREE HOSPITAL,"A - 16 ,BUDDH VIHAR TARAMANDAL GORAKHPUR,",9709575978,9,148,"100006,100011,100015,100016,100020,100023",2024-07-26 08:56:30,26.726398,83.386076,PMJAY
HOSP9P179916,9179916,Hospital,P,Shubham Hospital,"1945 ravipur bahauddinpur Ravepur VhauddenPur,",9794177019,9,121,"100002,100005,100006,100008,100009,100015,100023",2024-06-19 16:33:57,26.444821,82.555385,PMJAY
HOSP9P179920,9179920,Hospital,P,MAJOR RANBIR SINGH MEMORIAL HOSPITAL DIVYAJYOTI SPECIALITY ,"c 1/4 pocket d ganga nagar mawna road meeurt,",9837065777,9,169,"100006,100015",2024-07-19 15:04:33,29.006923999999998,77.74449400000003,PMJAY
HOSP9P181663,9181663,Hospital,P,Sevarth Sansthan Seth Bimal Kumar Jain Trauma And Physiotherapy Dharmarth Samiti,"Sevarth Sansthan Seth Bimal Kumar Jain Trauma And Physiotherapy Dharmarth Samiti,102/2, 102/3 Mauja Badanpur Near Tundla Toll Plaza Tundla Firozabad 283204",9837034050,9,143,"100004,100005,100006,100008,100012,100015,100020,100021,100022,100026,100027,10083",2024-01-30 13:47:08,27.218725,78.274113,PMJAY
HOSP9P182939,9182939,Hospital,P,HOSHIYARI DEVI HOSPITAL,"l block anand vihar hpda hapur,",7409090912,9,661,,2024-08-21 12:53:35,28.718753,77.746311,PMJAY
HOSP9P183100,9183100,Hospital,P,MAA PITAMBARA CARE HOSPITAL,"462,mouza kochhabhawar kanpur road jhansi,",7388555888,9,153,"100001,100002,100006,100011,100012,100014,100015,100016,100019,100020,100023",2024-01-08 12:25:17,25.467496829888276,78.62856742537042,PMJAY
HOSP9P183142,9183142,Hospital,P,ASHIRWAD LIFECARE HOSPITAL,"Kissan Path, 448 Bikamaukala,",6386291736,9,162,"100005,100006,100010,100011,100012,100015,100017,100023",2024-02-27 13:55:36,27.091367,80.929023,PMJAY
HOSP9P183148,9183148,Hospital,P,SUN EYE HOSPITAL,"Side Lane , NH -2/2 Vishesh khand Gomti Nagar Lucknow UP-226010,",9415027888,9,162,100013,2026-06-10 12:15:21,26.866871,81.013585,PMJAY
HOSP9P183415,9183415,Hospital,P,SANGAM SUPER SPECIALITY EYE HOSPITAL,"s HIG-2/69 SIDDHARTHPURAM VISTAR, (IN FRONT PF VASUNDHARA ENCLAVE)  TARAMANDAL, GORAKHPUR-273017, GORAKHPUR, UTTAR PRADESH - 273017",9935557777,9,148,100013,2024-06-11 12:54:33,26.73020,83.38690,PMJAY
HOSP9G183420,9183420,Hospital,G,PHC Biyawal,PHC Biyawal,7007953132,9,136,100005,2024-01-12 14:04:06,25.3335314,81.3442385,PMJAY
HOSP9G183529,9183529,Hospital,G,Phc Singahi,"Lakhimpur Kheri,Lakhimpur Kheri",8299343732,9,159,100005,2023-12-29 15:04:09,28.234120,80.862464,PMJAY
HOSP9G183562,9183562,Hospital,G,Phc Pipariya Kaptan,"Lakhimpur Kheri,Lakhimpur Kheri",9559229191,9,159,100005,2024-01-24 12:36:47,27.800101,80.109347,PMJAY
HOSP9G183569,9183569,Hospital,G,Phc Muda Galib,"Lakhimpur Kheri,Lakhimpur Kheri",9598810421,9,159,100005,2024-01-09 17:54:06,27.963605,80.205298,PMJAY
HOSP9G183579,9183579,Hospital,G,Phc Chedui Patia,"Lakhimpur Kheri,Lakhimpur Kheri",7905352533,9,159,100005,2024-01-11 17:51:19,28.284541,80.730450,PMJAY
HOSP9G183595,9183595,Hospital,G,PHC Khaptiha ,PHC Khaptiha,8840694901,9,136,100005,2024-01-24 12:34:42,25.49765,80.50936,PMJAY
HOSP9G183597,9183597,Hospital,G,Phc Tikunia,"Lakhimpur Kheri,Lakhimpur Kheri",9452506659,9,159,100005,2023-12-29 15:04:40,28.288392,80.783044,PMJAY
HOSP9G183599,9183599,Hospital,G,Belrayan ,"Lakhimpur Kheri,Lakhimpur Kheri",9140929365,9,159,100005,2023-12-29 17:43:12,28.210456,80.983925,PMJAY
HOSP9P183614,9183614,Hospital,P,Madhuraj Hospital Pvt Ltd,"113/121 a swaroop Nagar Kanpur,113/121 A Swaroop Nagar Kanpur",9839035388,9,157,"100002,100006,100015,100023",2026-04-30 12:31:06,26.479516,80.317626,PMJAY
HOSP9G183754,9183754,Hospital,G,KAMHARA,"Kaimhara village, block Mitauli, Lakhimpur Kheri,Kaimhara village, block Mitauli, Lakhimpur Kheri",7683088521,9,159,100005,2023-12-29 17:47:02,27.776495,80.405231,PMJAY
HOSP9G183759,9183759,Hospital,G,Phc Sisaiya Kala,"Lakhimpur Kheri,Lakhimpur Kheri",9415181888,9,159,100005,2023-12-29 14:56:35,28.056342,81.117874,PMJAY
HOSP9G183769,9183769,Hospital,G,Phc Kakraha,"kakaraha,",9838648021,9,159,100005,2024-01-11 17:50:10,27.819272,80.473688,PMJAY
HOSP9G183774,9183774,Hospital,G,PHC KAIMHARA,"KAIMHARA,",7309539472,9,159,100005,2024-01-05 15:07:09,27.773374,80.404197,PMJAY
HOSP9G184372,9184372,Hospital,G,PHC BARAHANI ,ZAMANIA ROAD BARAHANI,8005306177,9,135,100005,2023-12-27 15:58:33,25.17473,83.24445,PMJAY
HOSP9P184534,9184534,Hospital,P,ADITYA EYE AND LASER CENTRE,"BANNUWAL NAGAR OPP. SILVER ESTATE MAIN GATE,PILIBHIT BYPASS ROAD",9582380839,9,130,100013,2024-08-05 12:01:45,28.390140000000002,79.45517749999999,PMJAY
HOSP9P184823,9184823,Hospital,P,GREENLAND HOSPITAL AND RESEARCH CENTRE PVT LTD,"SALEMPUR URF MUGLAHA,MEDICAL COLLAGE ROAD,GORAKHPUR,",9415759040,9,148,"100002,100005,100006,100010,100011,100012,100015,100016,100017,100023",2024-01-12 13:00:30,26.623266,83.453689,PMJAY
HOSP9G184959,9184959,Hospital,G,PHC Bhaunri,PHC Bhaunri,9450988441,9,136,100005,2024-01-24 13:33:36,23.28160,77.27360,PMJAY
HOSP9G185357,9185357,Hospital,G,Phc Bhuemau,"Rae Bareli,Rae Bareli",9328093373,9,175,100005,2023-12-22 14:16:36,26.199200,81.291100,PMJAY
HOSP9G185372,9185372,Hospital,G,Phc Bhadokhar,"Rae Bareli,Rae Bareli",9918633702,9,175,100005,2023-12-22 16:20:54,26.154100,81.273500,PMJAY
HOSP9P185657,9185657,Hospital,P,YADAV ORTHOPAEDICS AND MATERNITY CENTRE,"77, DELHI ROAD, NAZEEMPURA, BHOOR, BULANDSHAHR,",9557570268,9,134,"100006,100015",2024-06-12 13:29:06,28.413363942996327,77.83507940276036,PMJAY
HOSP9G185880,9185880,Hospital,G,Phc Pindra,"Varanasi,Varanasi",9452651015,9,187,100005,2023-12-28 13:38:21,25.491300,82.827300,PMJAY
HOSP9G185918,9185918,Hospital,G,Phc Rehawan,"Rae Bareli,Rae Bareli",7800113001,9,175,100005,2023-12-28 13:33:14,26.357407,81.093976,PMJAY
HOSP9G185933,9185933,Hospital,G,Phc Rasulpur Dharawa,"Rae Bareli,Rae Bareli",7007972385,9,175,100005,2023-12-28 13:20:14,26.114397,81.067252,PMJAY
HOSP9G185959,9185959,Hospital,G,Phc Harahua,"Varanasi,",9838826288,9,187,100005,2023-12-28 17:16:25,25.485814,82.826817,PMJAY
HOSP9G185996,9185996,Hospital,G,Phc Kakaraha,"Lakhimpur Kheri,Lakhimpur Kheri",7800743793,9,159,100005,2024-01-24 12:35:36,27.818799,80.471593,PMJAY
HOSP9G185999,9185999,Hospital,G,Phc Kala Aam,"Lakhimpur Kheri,Lakhimpur Kheri",7800743793,9,159,100005,2023-12-29 14:58:34,27.956271,80.797598,PMJAY
HOSP9G186465,9186465,Hospital,G,Phc Lagucha,"Lakhimpur Kheri,Lakhimpur Kheri",6394442401,9,159,100005,2023-12-29 17:49:59,27.832500,80.820300,PMJAY
HOSP9G186547,9186547,Hospital,G,Phc Harna Jaat,"Lakhimpur Kheri,Lakhimpur Kheri",7985762877,9,159,100005,2024-01-09 17:48:34,27.800101,80.109347,PMJAY
HOSP9P186696,9186696,Daycare Centre,P,Drishti eye care and advance phaco center,"48 a Durga puram panni nagar bulandshahr,",9557775202,9,134,100013,2024-02-23 13:06:37,28.39297,77.845073,PMJAY
HOSP9G187088,9187088,Hospital,G,Phc Gola,"Lakhimpur Kheri,Lakhimpur Kheri",8601067833,9,159,100005,2024-01-24 12:34:02,28.105320,80.594710,PMJAY
HOSP9G187090,9187090,Hospital,G,Phc Jhaupur,"Lakhimpur Kheri,Lakhimpur Kheri",9415466972,9,159,100005,2024-01-19 11:35:44,28.105320,80.594710,PMJAY
HOSP9G187092,9187092,Hospital,G,Phc Sikandarabad,"Lakhimpur Kheri,Lakhimpur Kheri",8318441029,9,159,100005,2024-01-05 15:22:39,27.958000,80.496100,PMJAY
HOSP9G187438,9187438,Hospital,G,Phc Mustafabad,"Lakhimpur Kheri,Lakhimpur Kheri",7007051737,9,159,100005,2024-01-05 15:24:00,28.084000,80.614100,PMJAY
HOSP9G187535,9187535,Hospital,G,Phc Chandapur Padri,"Lakhimpur Kheri,Lakhimpur Kheri",7599189499,9,159,100005,2024-01-05 14:52:57,28.056342,81.117874,PMJAY
HOSP9G187548,9187548,Hospital,G,Phc Majhgai,"Lakhimpur Kheri,Lakhimpur Kheri",9452981730,9,159,100005,2024-01-05 15:17:09,28.413983,80.586578,PMJAY
HOSP9G187553,9187553,Hospital,G,Phc Raipur Mujfta,"Aligarh,Aligarh",9058068745,9,119,100005,2024-01-05 14:50:16,28.095000,78.236700,PMJAY
HOSP9G187563,9187563,Hospital,G,Phc Sandilwa,"Lakhimpur Kheri,Lakhimpur Kheri",7607569996,9,159,100005,2024-01-05 14:58:51,27.818799,80.471593,PMJAY
HOSP9G187565,9187565,Hospital,G,Phc Sunaripur,"Lakhimpur Kheri,Lakhimpur Kheri",8005209625,9,159,100005,2024-01-11 17:23:49,28.413983,80.586578,PMJAY
HOSP9G187574,9187574,Hospital,G,Phc Khajuria,"Lakhimpur Kheri,Lakhimpur Kheri",8528991260,9,159,100005,2024-01-11 17:53:03,28.413983,80.586578,PMJAY
HOSP9G187596,9187596,Hospital,G,Phc Lakhun,"Lakhimpur Kheri,Lakhimpur Kheri",8005209625,9,159,100005,2024-01-09 17:52:45,27.815164,81.132715,PMJAY
HOSP9G187886,9187886,Hospital,G,Phc Chaudharpur,"Amroha,Amroha",9871067162,9,154,100005,2024-02-02 15:58:29,28.842394,78.470546,PMJAY
HOSP9G187930,9187930,Hospital,G,CHC Unchgaon,"Unchagaon, Sumerpur, unnao,Unchagaon, Sumerpur, unnao",8299663801,9,186,100005,2024-01-05 14:51:11,26.279183,80.805446,PMJAY
HOSP9G187969,9187969,Hospital,G,Phc Sunderval,"Lakhimpur Kheri,Lakhimpur Kheri",9415292824,9,159,100005,2024-01-24 12:35:07,27.979950,80.821355,PMJAY
HOSP9G187970,9187970,Hospital,G,CHC Makhi,"Makhi ,Makhi ",9454010786,9,186,100005,2023-12-20 14:48:57,26.665600,80.494900,PMJAY
HOSP9G188074,9188074,Hospital,G,Rasoolpur Ruri,"Rasoolpur Roori,Rasoolpur Roori",9415220330,9,186,100005,2023-12-21 12:57:09,26.907400,80.299200,PMJAY
HOSP9G188249,9188249,Hospital,G,Phc Gauriya Kala,"Unnao,Unnao",9415149628,9,186,100005,2023-12-22 14:07:46,26.894550,80.409376,PMJAY
HOSP9G188257,9188257,Hospital,G,Phc Jagat Nagar,"Unnao,Unnao",8279927897,9,186,100005,2023-12-22 14:04:34,26.827713,80.207843,PMJAY
HOSP9G188448,9188448,Hospital,G,Baba Suryanand NPHC Chamrauli Unnao ,"Unnao,Unnao",8858000024,9,186,100005,2024-05-22 14:38:37,26.651767,80.492141,PMJAY
HOSP9G188502,9188502,Hospital,G,Phc Mailani,"Lakhimpur Kheri,Lakhimpur Kheri",7905925894,9,159,100005,2024-01-05 15:19:21,28.295700,80.353900,PMJAY
HOSP9G188613,9188613,Hospital,G,CHC phalawda,"PHALAWDA, MAWANA, MEERUT,",9634137721,9,169,"100004,100005,100012",2023-12-22 14:38:59,29.192700,77.830200,PMJAY
HOSP9G188702,9188702,Hospital,G,SC Kilowha,"Mahoba,Mahoba",9598653130,9,165,100005,2024-01-31 17:07:23,25.379111,79.449676,PMJAY
HOSP9G188862,9188862,Hospital,G,Phc Kafara,"Lakhimpur Kheri,Lakhimpur Kheri",9919384924,9,159,100005,2024-01-24 13:09:23,28.056342,81.117874,PMJAY
HOSP9G188903,9188903,Hospital,G,Phc Barbar,"Lakhimpur Kheri,Lakhimpur Kheri",8218224845,9,159,100005,2024-01-09 17:46:22,27.963605,80.205298,PMJAY
HOSP9G189124,9189124,Hospital,G,Phc Jb Ganj,"Lakhimpur Kheri,Lakhimpur Kheri",9415593001,9,159,100005,2024-01-24 12:37:56,27.963605,80.205298,PMJAY
HOSP9P189363,9189363,Hospital,P,LIFE LINE HOSPITAL,"C-43 SITE-C UPSIDC SIKANDARA AGRA,",9897048048,9,118,"100005,100006,100012,100015,100016,100020",2025-02-15 18:23:31,27.209473,77.919479,PMJAY
HOSP9P189920,9189920,Hospital,P,NEW LIFE AYUSHMAN HOSPITAL,PATIHAN ROAD PALIA KALAN,7007566947,9,159,"100006,100012,100023",2024-11-27 12:01:23,28.443715,80.5682075,PMJAY
HOSP9P189925,9189925,Hospital,P,Aadvika Multispecialty Hospital,"Tila more Near Bal Bharti public School Afzalpur Road Opp. shiv Mandir Nistoli Loni Ghaziabad,",8512078222,9,145,,2026-07-07 17:01:44,28.743718,77.339047,PMJAY
HOSP9P190221,9190221,Hospital,P,OPTIMA HOSPITAL AND RESEARCH INSTITUTE,"BC-09, LOHIYA NAGAR, HAPUR ROAD, MEERUT,",9760024445,9,169,"100005,100006,100010,100011,100012,100014,100015,100016,100017,100023",2024-06-12 12:41:41,28.935543,77.728092,PMJAY
HOSP9G191676,9191676,Hospital,G,Phc Sisora,"Lakhimpur Kheri,Lakhimpur Kheri",7800555445,9,159,100005,2024-01-11 17:34:11,27.979950,80.821355,PMJAY
HOSP9G191704,9191704,Hospital,G,PHC Ballapur,"Unnao,Unnao",8858996062,9,186,100005,2024-01-03 17:27:19,26.840866,80.163570,PMJAY
HOSP9G191714,9191714,Hospital,G,Phc Bhawaniganj,"Unnao,Unnao",7905801024,9,186,100005,2024-01-03 17:29:34,26.440103,80.876689,PMJAY
HOSP9G191742,9191742,Hospital,G,Phc Takiya Nigohi,"Unnao,Unnao",8858094372,9,186,100005,2024-01-04 15:28:05,26.894550,80.409376,PMJAY
HOSP9G191743,9191743,Hospital,G,Phc Sakhan Rajputaan,"Unnao,Unnao",9839216818,9,186,100005,2024-02-02 17:16:25,26.683501,80.418558,PMJAY
HOSP9G191817,9191817,Hospital,G,Phc Byoli Islamabad,"Unnao,Unnao",8707590657,9,186,100005,2024-01-04 15:29:42,26.840866,80.163570,PMJAY
HOSP9G191821,9191821,Hospital,G,Phc Chamiyani,"Unnao,Unnao",9918102967,9,186,100005,2024-01-04 15:30:11,26.411300,80.733200,PMJAY
HOSP9G191868,9191868,Hospital,G,PHC Dipwal,"Unnao,Unnao",9453289197,9,186,100005,2024-01-04 15:31:12,26.651767,80.492141,PMJAY
HOSP9G191878,9191878,Hospital,G,Phc Garha Kola,"Unnao,Unnao",8171275246,9,186,100005,2024-02-02 17:05:03,26.354045,80.692053,PMJAY
HOSP9G191896,9191896,Hospital,G,PHC JOGI KOT ,"Unnao,Unnao",9807038062,9,186,100005,2024-01-04 15:33:52,26.840866,80.163570,PMJAY
HOSP9G191950,9191950,Hospital,G,Phc Dumariadeeh,"Gonda,Gonda",7408860060,9,147,"100004,100005",2024-02-05 11:43:20,27.033100,82.066200,PMJAY
HOSP9G191967,9191967,Hospital,G,Phc Kaalu Khera,"Unnao,Unnao",9696963324,9,186,100005,2024-05-22 14:42:52,26.440103,80.876689,PMJAY
HOSP9G192007,9192007,Hospital,G,UPHC Motinagar,"Unnao,Unnao",8601874927,9,186,100005,2024-02-02 17:47:05,26.549400,80.492300,PMJAY
HOSP9G192018,9192018,Hospital,G,UPHC Purani Bazar,"Unnao,Unnao",7905664216,9,186,100005,2024-01-05 15:04:51,26.542000,80.492100,PMJAY
HOSP9G192033,9192033,Hospital,G,MAHNAURA SANDANA ,"maharana sandana,maharana sandana",8004216758,9,186,100005,2024-01-05 15:07:42,26.725170,80.598171,PMJAY
HOSP9G192050,9192050,Hospital,G,Phc Mavai Brahmnan,"Unnao,Unnao",9451970753,9,186,100005,2024-05-22 14:40:33,26.750199,80.516530,PMJAY
HOSP9G192250,9192250,Hospital,G,Phc Orhar,"Unnao,Unnao",7054789883,9,186,100005,2024-01-05 15:27:42,26.501208,80.671843,PMJAY
HOSP9G192283,9192283,Hospital,G,Phc Bheera,"Lakhimpur Kheri,Lakhimpur Kheri",9076996305,9,159,100005,2024-01-11 17:54:11,28.105320,80.594710,PMJAY
HOSP9P192304,9192304,Hospital,P,KMC CITY HOSPITAL,"AL MAROOF MOHALLA SHANKAR VIHAR MORADABAD UP 244001,MORADABAD",8439534316,9,171,"100005,100006,100010,100012,100015,100017,100018,100023",2024-08-22 15:33:10,28.852114,78.771167,PMJAY
HOSP9G192312,9192312,Hospital,G,Phc Padrikala,"Unnao,Unnao",8868055708,9,186,100005,2024-05-22 14:39:23,26.468200,80.648300,PMJAY
HOSP9G192326,9192326,Hospital,G,PHC Pasa Kheda,"Unnao,Unnao",9557681419,9,186,100005,2024-05-22 14:37:48,26.450700,80.697100,PMJAY
HOSP9G192357,9192357,Hospital,G,Phc Sikandarpur Karan,"Unnao,Unnao",8604004821,9,186,100005,2024-05-22 14:47:37,26.556166,80.482053,PMJAY
HOSP9G192365,9192365,Hospital,G,Phc Muda Savaran,"Lakhimpur Kheri,Lakhimpur Kheri",8005209625,9,159,100005,2024-01-11 17:54:39,28.105320,80.594710,PMJAY
HOSP9G192494,9192494,Hospital,G,PHC Baherwa,"baherwa,",9889061584,9,183,100005,2024-01-09 12:39:11,27.456432,80.432265,PMJAY
HOSP9G192536,9192536,Hospital,G,PHC Sathnibala Kheda,"Unnao,Unnao",9870368922,9,186,100005,2024-01-09 12:44:43,26.354045,80.692053,PMJAY
HOSP9G192575,9192575,Hospital,G,Phc Manikapur,"Sitapur,Sitapur",6387833672,9,183,100005,2024-01-09 17:45:49,27.225151,80.774677,PMJAY
HOSP9G192623,9192623,Hospital,G,Phc Aashayas,"Unnao,Unnao",9354680351,9,186,100005,2024-05-22 14:41:24,26.840866,80.163570,PMJAY
HOSP9P193237,9193237,Hospital,P,Park Hospital ,"Sonda chuaraha near nand palace deoria,",9889828900,9,137,"100005,100006,100012,100015,100023",2024-10-07 19:58:22.919,26.469419,83.787291,PMJAY
HOSP9P193398,9193398,Hospital,P,DURGA HOSPITAL,"pervin kumar goyal,",9811708346,9,144,"100005,100012",2024-02-13 13:24:30,28.604428,77.501860,PMJAY
HOSP9G193963,9193963,Hospital,G,RAJAPUR BAINI,"rajapur beni, shshpur raja, Mohammadi,rajapur beni, shshpur raja, Mohammadi",9838581508,9,159,100005,2024-01-24 12:45:15,27.985191,80.205570,PMJAY
HOSP9P194135,9194135,Hospital,P,DIVYANSH MEDICAL CENTRE,Rautapar block raod basti,9721123374,9,131,"100005,100006,100010,100012,100014,100015,100017,100023",2024-08-29 17:04:03,26.79950,82.72839,PMJAY
HOSP9P194884,9194884,Hospital,P,CHANDAN HOSPITAL,"chandan hospital, vijyant khand, gomti nagar, faizabad road,",9919933333,9,162,"100002,100003,100007,100008,100013,100018,100021,100022,100023,100027",2026-04-29 16:46:09,26.873847,81.022855,PMJAY
HOSP9G195145,9195145,Hospital,G,PHC Tikra,PHC Tikra Mau,7982205357,9,136,100005,2024-01-24 13:35:00,25.25680,81.43060,PMJAY
HOSP9G195201,9195201,Hospital,G,Phc Muda Bujurg,"Lakhimpur Kheri,Lakhimpur Kheri",8739042167,9,159,100005,2024-01-24 12:45:55,28.171597,80.990079,PMJAY
HOSP9G195240,9195240,Hospital,G,Phc Phc Jasapara,"Sultanpur,Sultanpur",6393994109,9,185,100005,2024-02-03 12:41:03,26.286651,82.239033,PMJAY
HOSP9G195406,9195406,Hospital,G,Phc Phc Aligunj,"Sultanpur,Sultanpur",8448303537,9,185,100005,2024-01-30 17:39:53,26.123122,82.189832,PMJAY
HOSP9G196099,9196099,Hospital,G,Phc Madhi,"Kannauj,Kannauj",9149083545,9,155,100005,2024-01-31 17:02:40,27.125385,79.532685,PMJAY
HOSP9G196338,9196338,Hospital,G,PHC CHHIBON,PHC Chhibon,8795061485,9,136,100005,2024-02-02 16:16:55,25.289721,81.194970,PMJAY
HOSP9G196396,9196396,Hospital,G,Phc Tikra,"Kaushambi,Kaushambi",6392648514,9,158,100005,2024-02-02 15:23:40,25.337942,81.399894,PMJAY
HOSP9G196489,9196489,Hospital,G,Phc Paschim Sharira,"Kaushambi,Kaushambi",9918272129,9,158,100005,2024-02-02 15:35:07,25.337942,81.399894,PMJAY
HOSP9G196495,9196495,Hospital,G,Phc Shuklaganj,"Unnao,Unnao",9453023596,9,186,100005,2024-02-02 15:31:07,26.479800,80.386600,PMJAY
HOSP9G196670,9196670,Hospital,G,PRIMARY HEALTH CENTER  AJABPUR,PRIMARY HEALTH CENTER AJABPUR,9411638595,9,139,100005,2024-02-03 17:32:25,26.74966,78.91380,PMJAY
HOSP9G196691,9196691,Hospital,G,Phc Babhnan,"Gonda,Gonda",9721928000,9,147,100005,2024-02-02 16:32:58,26.947900,82.508300,PMJAY
HOSP9G196826,9196826,Hospital,G,Phc Makoor,"Unnao,Unnao",9839676000,9,186,100005,2024-02-02 17:12:11,26.651767,80.492141,PMJAY
HOSP9G196840,9196840,Hospital,G,Phc Ograpur,"Unnao,Unnao",7275078055,9,186,100005,2024-02-02 17:24:12,26.550103,80.738967,PMJAY
HOSP9G196860,9196860,Hospital,G,Phc Sarswan,"Kaushambi,Kaushambi",9711171263,9,158,"100005,100006",2024-02-02 17:43:35,25.337942,81.399894,PMJAY
HOSP9G196865,9196865,Hospital,G,PHC Barah Mafi ,PHC Barah Mafi,8707359368,9,136,100005,2024-02-12 16:01:32,25.175777,80.868324,PMJAY
HOSP9G196992,9196992,Hospital,G,Phc Dabauli,"Unnao,Unnao",9871589766,9,186,100005,2024-02-02 18:10:52,26.840866,80.163570,PMJAY
HOSP9P197278,9197278,Hospital,P,Durga City Hospital and Trauma Centre,"Naiganj, Prayagraj road, Jaunpur,",7607876666,9,152,"100005,100006,100015,100016,100022,100023",2024-06-28 16:15:13,25.739543,82.668340,PMJAY
HOSP9G197800,9197800,Hospital,G,Phc Markundi,"Chitrakoot,Chitrakoot",8218458681,9,136,100005,2024-02-12 16:00:53,24.965620,80.793259,PMJAY
HOSP9G198398,9198398,Hospital,G,PHC Kaubra,PHC Kaubra,7398335426,9,136,100005,2024-02-16 13:49:26,25.04120,81.09626,PMJAY
HOSP9P198705,9198705,Hospital,P,PT SIYARAM SHARMA HOSPITAL,"VILLAGE AND POST BIRAULI,TEHSEEL ANUPSHAHR",9917133133,9,134,"100005,100006,100012,100015",2024-02-21 17:08:33,28.368810,78.185225,PMJAY
HOSP9G198937,9198937,Hospital,G,Phc Jayantipur,"Kaushambi,Kaushambi",6266825356,9,158,100005,2024-02-21 16:46:54,25.337942,81.399894,PMJAY
HOSP9P199707,9199707,Hospital,P,TARAMANDAL HOSPITAL ,"BUDHA VIHAR AWASIYA YOJNA  PART B ,NEAR RAMPUR TARAMANDAL GORAKHPUR ,",9935017678,9,148,,2024-11-26 11:34:11,26.786634,83.584612,PMJAY
HOSP9P200221,9200221,Hospital,P,SUDARSHAN EYE CARE CENTER,"Netaji Market, G.T. road, Dadri, Adjoining to Lenskart showroom and near to nagar palika office, gautam buddha nagar,Netaji Market, G.T. road, Dadri, Adjoining to Lenskart showroom and near to nagar palika office",9810726605,9,144,100013,2024-09-11 12:02:03,28.552071,77.553625,PMJAY
HOSP9P200223,9200223,Hospital,P,SHRI BABURAM COLLEGE OF NURSING AND HOSPITAL,"vILLAGE PARONKH JYOTI ROAD MAINPURI,",9012412001,9,166,"100005,100006",2024-11-04 12:10:54,27.275503,78.955806,PMJAY
HOSP9P201328,9201328,Hospital,P,Aryavart Hospital A unit of Shreya Medicare Pvt Ltd,"KH 1453 Daurala Near Sivaya Toll Plaza,NH 58 Roorke Road Meerut",9650275402,9,169,,2025-01-16 12:51:46,29.103200,77.710831,PMJAY
HOSP9P201377,9201377,Hospital,P,SAI HOSPITAL ,krishna colony dibdiba bilaspur up,9761706030,9,176,"100006,100013",,28.79159,79.367079,PMJAY
HOSP9P201641,9201641,Daycare Centre,P,VISION PLUS EYE CENTRE,"kisan tower capt shashikant sharma marg,OPP TO METRO PILLAR 215",9717417417,9,144,100013,2024-06-11 12:49:55,28.5741610000001,77.3553590000001,PMJAY
HOSP9P203070,9203070,Hospital,P,PARAS YASH KOTHARI HOSPITAL,"NH -91, ByPass Road, Baikunthpur , Kanpur - Uttar Pradesh 209217 ",6389950525,9,157,"100002,100003,100006,100007,100008,100011,100014,100015,100016,100019,100020,100021,100022,100023",2024-10-07 12:24:15.735,26.603280,80.274880,PMJAY
HOSP9P203581,9203581,Hospital,P,Chandra Mother and Eye Care Pvt Ltd,"CHANDRA TOWERS, TC13V-III, VIBHUTI KHAND, GOMTINAGAR,",9335910666,9,162,100013,2026-03-13 10:45:16,26.865569,81.005512,PMJAY
HOSP9P204065,9204065,Hospital,P,NEW DELHI CENTRE FOR SIGHT LTD PRAYAGRAJ,3rd Floor Vinayak Ashirwad 3628 Taskent Marg PVR Chauraha Civil Lines,9958422442,9,120,100013,2024-11-19 12:17:28,28.5803063,77.0646827,PMJAY
HOSP9P204305,9204305,Hospital,P,SHOBHA ANAND MULTISPECIALITY HOSPITAL,"VILL- SIRODHAN, DHAULANA,",9761196924,9,661,"100005,100006,100012,100013,100015",2024-11-14 17:25:15,28.614080,77.646813,PMJAY
HOSP9P204521,9204521,Hospital,P,R B HOSPITAL SIDHAULI,"GT Road Singhpur, Sidhauli Sitapur,",9919803858,9,183,"100005,100006,100015",2024-11-19 12:34:54,27.2833380000001,80.834237,PMJAY
HOSP9P204687,9204687,Hospital,P,K P SINGH MEMORIAL HOSPITAL,"GRAM PARA SARAI,",9984511110,9,183,"100005,100006,100012,100015,100016",2025-01-03 13:41:06,27.707300,80.647469,PMJAY
HOSP9P204966,9204966,Hospital,P,SHASHI PRABHA HOSPITAL,"Civil line ,",8938920116,9,171,,2024-12-17 11:46:11,28.850227967956215,78.76637614823971,PMJAY
HOSP9P205407,9205407,Hospital,P,SWADHA HOSPITAL,"RAIL MANDI KACHAURA ROAD JASWANT NAGAR ETAWAH,",9720296702,9,139,"100005,100006,100015,100017",2024-11-19 12:41:26,26.875493605281818,78.8862768835458,PMJAY
HOSP9P205568,9205568,Hospital,P,SHANTI VILAS HOSPITAL ,"9/5 AMAR NATH JHA MARG GEORGE TOWN PRAYAGRAJ ,",9838075663,9,120,"100006,100011,100015,100016,100022,100023",2026-05-06 08:58:01,25.446383,81.860459,PMJAY
HOSP9P205874,9205874,Hospital,P,GOPINATH HOSPITAL AND RESEARCH CENTERS ,"SANEHUA , SALAMATPUR ,",9115011111,9,146,"100004,100005,100006,100010,100012,100013,100015,100017,100020,100023",2024-07-26 12:41:38,25.850324,83.658078,PMJAY
HOSP9P206806,9206806,Hospital,P,MAA SHARDA HOSPITAL,"OPPOSITE K.P.T HOSPITAL,",9716693680,9,135,"100004,100005,100006,100012,100015,100016,100023",2024-10-14 13:00:51.317,25.261251,83.274237,PMJAY
HOSP9P207389,9207389,Hospital,P,PRAKHAR HOSPITAL PVT LTD,8/219 Arya Nagar,9415040752,9,157,,2026-06-04 12:31:38,26.483064,80.312996,PMJAY
HOSP9P207705,9207705,Hospital,P,DCDC Health Services Pvt Ltd,"DCDC Kidney Care C/O 3rd Floor Lokpriya Hospital Raj Chowpla, near Amber Cinema, Modinagar, Uttar Pradesh 201204 ",8506080484,9,145,100005,2024-10-21 11:38:53.163,28.842168909064586,77.58207629651976,PMJAY
HOSP9P207836,9207836,Daycare Centre,P,INDUMATI NETRALYA,"INDUMATI NETRALAYA KATHAULI GATA 2170/4  MEJA ROAD MEJA PRAYAGRAJ  UTTAR PRADESH212303.,",9711665453,9,120,100013,2024-11-19 12:16:11,25.222771,82.0884130000001,PMJAY
HOSP9P208072,9208072,Hospital,P,Shiv Sahai Super Speciality Hospital,"Shiv Sahai Super speciality Hospital Ruhatta Umarpur Haribandhanpur Jaunpur,",9711445434,9,152,"100013,100015",2024-11-06 12:34:24,25.772148,82.585168,PMJAY
HOSP9P208779,9208779,Hospital,P,NAVJYOTI MULTISPECIALITY HOSPITAL ,"HARDIYA CHAURAHA BASI ROAD BASTI ,",9140297142,9,131,"100005,100006,100010,100012,100013,100015,100016,100017,100023",2024-12-04 11:59:12,26.8183977,82.7278202,PMJAY
HOSP9P209490,9209490,Hospital,P,CITY SUPER SPECIALITY HOSPITAL,"Alapur Near Janta Cold  Storage Barabanki ,",8009805556,9,129,"100005,100006,100011,100012,100015,100016,100022,100023",2025-02-20 17:54:26,26.918953163603064,81.16832170346993,PMJAY
HOSP99P77967,9977967,Hospital,P,Park Hospital A unit of Park Medi World Pvt Ltd ,"12 MEERA ENCLAVE NEAR KESHOPUR BUS DEPOT CHOWKHANDI WEST DELHI,",9810036477,7,85,"100001,100002,100003,100005,100006,100008,100009,100011,100012,100013,100015,100016,100017,100019,100020,100021,100022,100023",2021-05-06 15:07:00,28.646406,77.098713,PMJAY
HOSP99P84294,9984294,Medical College Hospital,P,Hamdard Institute of Medical Sciences and Research and associated Hakeem Abdul Hameed Centenary Hospital,"Guru Ravidas Marg, Block D, ,Hamdard Nagar, New Delhi, Delhi",7065085505,7,670,,2026-06-05 15:14:26,28.514929,77.251768,PMJAY
HOSP10P102707,10102707,Hospital,P,C S N Netralaya Private Limited,"G-2, Kundan Complex, Colony more Main Road Kankarbagh,Opposite Nandan Tower",9431042576,10,212,100013,2024-11-12 16:51:55,25.602270,85.154809,PMJAY
HOSP10P103142,10103142,Hospital,P,RBM HOSPITAL ,"WARD NO-6,MAIN ROAD BRAHAMPURA, MUZAFFARPUR",9955442195,10,208,,2020-02-01 11:39:20,26.13037,85.368141,PMJAY
HOSP10P107095,10107095,Hospital,P,NETAJI SUBHAS MEDICAL COLLEGE AND HOSPITAL,"AMHARA,",7781020342,10,212,"100001,100002,100003,100004,100005,100006,100007,100010,100011,100012,100013,100014,100015,100016,100017,100019,100020,100023",2020-03-20 16:40:08,25.541353259852258,84.85725456064029,PMJAY
HOSP10P107921,10107921,Hospital,P,Aashish Care and Cure Maternity Hospital Pvt Ltd,"NH-57, SHARFUDDINPUR, BOCHAHAN,bOCHAHAN",9334280581,10,208,,2022-04-01 17:57:02,26.1213770000001,85.53747,PMJAY
HOSP10P112654,10112654,Hospital,P,ASIAN CITY HOSPITAL ,"ASIAN CITY HOSPITAL,PATLIPUTRA INDUSTRIAL AREA ",8882119009,10,212,"100002,100003,100005,100006,100010,100012,100015,100017,100023",2026-05-15 15:03:23,25.635802,85.103911,PMJAY
HOSP10P122698,10122698,Daycare Centre,P,CENTRE FOR SIGHT ,"A-31 PC Colony Road Kankarbagh Patna ,",9650044492,10,212,100013,2026-06-10 14:07:51,25.602357,85.153809,PMJAY
HOSP10P122871,10122871,Hospital,P,SUN HOSPITAL A UNIT OF ANAND LIFELINE HOSPITAL PVT LTD,"DAUD BIGHA, KUMHRAR,KANKARBAGH MAIN ROAD, PATNA",9334111440,10,212,"100001,100006,100012,100015,100019",2022-08-24 17:06:05,25.601163,85.177636,PMJAY
HOSP10P123110,10123110,Hospital,P,J P HOSPITAL,"Panchmandir Road, Jamui,",8298955559,10,198,,2021-07-20 15:38:16,24.922920413392973,86.2234865079356,PMJAY
HOSP10P123441,10123441,Hospital,P,SATYAVRAT HOSPITAL,"a/24, p. c. colony , kankarbagh , patna,behind gravity mall",9386156183,10,212,"100005,100006,100011,100012,100015,100017,100023",2023-11-21 18:22:13,25.602318,85.153006,PMJAY
HOSP10P123827,10123827,Hospital,P,HEALTH HAVEN HOSPITAL,"CHANDWA MORE, ARA,NEW POLICE LINE ROAD",8521163757,10,193,,2021-12-01 14:51:52,25.558592122524857,84.64508956318514,PMJAY
HOSP10P124313,10124313,Hospital,P,Divya Jyoti Hospital,"BHAISASUR CHOWK ,KAGHZI MOHALLA.BIHAR SHARIF,",9560834452,10,209,"100005,100006,100012,100015,100023",2022-12-24 10:38:37,25.205471458692585,85.5203064046699,PMJAY
HOSP10P124407,10124407,Hospital,P,SAHAJ SANJEEVANI HOSPITAL,"EAST OF MAHILA COLLEGE, DAK BUNGLOW CHOWK, BEGUSARAI,",7903796477,10,191,"100005,100006,100010,100012,100015,100017,100023",2023-09-13 15:07:26,25.4143990000001,86.1372150000001,PMJAY
HOSP10P124560,10124560,Hospital,P,MEDIVERSAL MULTI SUPER SPECIALTY HOSPITAL,"Plot No. D/S-6, Doctors Colony, 90 Feet Road Near Kankarbagh Police station, Kankarbagh, Patna ,Kankarbagh, Police Station, Patna",8092012120,10,212,,2026-05-30 15:51:20,25.597669,85.157572,PMJAY
HOSP10P124865,10124865,Hospital,P,AAKRITI HOSPITAL,"AAKRITI HOSPITAL,NEAR SANICHARA MANDIR ,SANDALPUR ROAD",7070996106,10,212,100016,2024-08-27 10:43:47,25.60927148940803,85.1860830089829,PMJAY
HOSP10P126749,10126749,Hospital,P,medicare gynee and stone hospital,"hospital road sinha bhawan nawada,",7992322475,10,210,,2022-11-24 11:58:59,24.882883,85.544743,PMJAY
HOSP10P131254,10131254,Hospital,P,Suman Medical Research Center and Hospital Pvt Ltd,"NH 27,Banjari More",9801822256,10,197,"100005,100012,100013,100017,100023",2021-12-22 16:57:55,26.476099999998382,84.42506600000183,PMJAY
HOSP10P132516,10132516,Hospital,P,Narayana Cancer Center,"Narayana Cancer Centre, Road No.0, Rajeev Nagar,",8105502481,10,212,"100005,100008,100022",2023-04-03 20:24:07,25.626483,85.098878,PMJAY
HOSP10P134329,10134329,Hospital,P,ADWAIT STONE LASER UROLOGY CENTRE,"ADWAIT STONE LASER UROLOGY CENTRE,Mohanpurroad samastipur",7903789590,10,217,"100006,100023",2022-08-23 17:11:10,25.852115,85.770056,PMJAY
HOSP10P134392,10134392,Hospital,P,CHANDRA LIFE LINE HOSPITAL PVT. LTD.,"BELBANWA  MOTIHARI ,EAST CHAMPARAN",7549726262,10,213,,2024-04-12 12:41:28,26.64,84.91,PMJAY
HOSP10P135829,10135829,Hospital,P,pancardia heart and multi super speciality hospital pvt ltd,"G/124 p.c colony main road kanakarbagh patna,kankarbag",9163680789,10,212,,2026-05-30 16:39:34,25.6002970000001,85.1561360000001,PMJAY
HOSP10P136960,10136960,Hospital,P,ASG HOSPITAL PVT LTD,"Swadhas Sharda Complex,Khagual Road, Saguna Near Canara Bank, Danapur, Patna 801503, Bihar",8875022334,10,212,100013,2022-11-24 12:17:44,25.615197222712865,85.0420764702709,PMJAY
HOSP10P138939,10138939,Hospital,P,VISTA HOSPITAL PRIVATE LIMITED,"Plot N0- 1/1103, Near Patna Central School, By pass Road, Jaganpura, Patna, Jaganpura,Patna",9835699979,10,212,,2026-05-28 13:39:58,25.584751,85.1696590000001,PMJAY
HOSP10P140655,10140655,Hospital,P,STAR HOSPITAL A UNIT OF MAGADH NURSING HOME,"BETWEEN EAST OF ALOK PETROL PUMP  AND WEST MAHINDRA SHOW ROOM,BYPASS FOUR LANE , FATUHA ROAD , BARI PAHARI, PATNA ",9431046838,10,212,"100005,100006,100010,100012,100015,100017,100026",2026-05-28 11:04:08,25.580000,85.200000,PMJAY
HOSP10P141931,10141931,Hospital,P,Chandigarh Eye Care,"4M/122 BH COLONY BHOOTNATH ROAD PATNA,BHOOTNATH ROAD",9262359743,10,212,100013,2022-10-20 17:03:13,25.593617353273146,85.17315896543869,PMJAY
HOSP10P143680,10143680,Hospital,P,SHAHI HOSPITAL,"SHAHI HOSPITAL,ROAD NO-2B,RAJENDRA NAGAR,PATNA",9771403001,10,212,,2024-08-12 17:31:43,25.609617507992112,85.1577377599674,PMJAY
HOSP10P145179,10145179,Hospital,P,G B HOSPITAL,"NORTH OF PILLAR NO 73 BEHIND MANGAL MARKET, RAZA BAZAR PATNA,BAILEY ROAD",8102192918,10,212,"100005,100006,100015",2023-08-07 16:25:05,25.604291,85.090015,PMJAY
HOSP10P145397,10145397,Hospital,P,s s maxcare health centre,"s s maxcare health centre,aunshi bazar",8051109773,10,206,"100005,100006,100010,100012,100017",2023-04-12 15:40:54,26.315821,85.962079,PMJAY
HOSP10P146209,10146209,Hospital,P,Maa Dulari Memorial Hospital,"Maa Dulari Memorial Hospital ,  Near Bhagat Singh Chowk, Ramkrishna Nagar, Patna 800027,Land Mark - Holyfaith International School",9934552894,10,212,"100005,100006,100012",2023-04-03 20:25:48,25.608211402572763,85.14391495498216,PMJAY
HOSP10P147737,10147737,Hospital,P,JANKI TRAUMA CENTRE & HOSPITAL,"BINODPUR ROAD,",9472861767,10,201,,2024-02-06 15:02:31,25.537484961312742,87.56704255809643,PMJAY
HOSP10P149500,10149500,Hospital,P,ROSHNA BAZAR NURSHING HOME,"SITARAM CHOWK,ROSHNA BAZAR,",9749499120,10,201,100013,2024-02-06 14:59:48,25.439614708550792,87.74491636388052,PMJAY
HOSP10P150390,10150390,Hospital,P,Shree Ram Janaki Hospital,"840,",9162991611,10,208,"100005,100006",2024-02-13 17:18:52,26.225890,85.613580,PMJAY
HOSP10P150648,10150648,Hospital,P,DHARMASHEELA DEVI HOSPITAL,"NEAR ITI COLLEGE NAWADA   KENDUA  ,PATNA BYPASS ",8809732200,10,210,"100005,100006,100010,100012,100015,100016,100017",2024-05-06 10:49:36,24.914854,85.536399,PMJAY
HOSP10P151117,10151117,Hospital,P,Aligarh Eye Hospital and Maternity centre,"Niyati Rana Market, Near Hanuman Mandir ,Ramdayalu Nagar, Muzaffarpur",8279831913,10,208,100013,2024-09-06 14:15:28,26.0974740150631,85.38591263557817,PMJAY
HOSP10P167489,10167489,Hospital,P,BRIGHTSIGHT EYE HOSPITAL PVT LTD,"Saket, 26B, 2nd Floor, Patliputra Colony, Patna,Bihar",9835020098,10,212,100013,2024-09-06 13:43:15,25.6279658,85.1088508,PMJAY
HOSP10G169195,10169195,Medical College Hospital,G,ESIC MEDICAL COLLEGE AND HOSPITAL BIHTA,"ESIC MEDICAL COLLEGE,ARA PATNA ROAD",9432015304,10,212,"100005,100006,100012,100013,100014,100015,100016,100017",2024-01-30 13:58:49,25.5740200000001,84.856525,PMJAY
HOSP10P173143,10173143,Hospital,P,SHAIL PRANAV AROGYA HOSPITAL,"Near Of Bus Stand Mushrigharai Samastipur,",9835066224,10,217,100006,2024-08-27 10:15:12,25.863171,85.780221,PMJAY
HOSP10P175312,10175312,Hospital,P,ASHISH JOINT REPLACEMENT CARE PRIVATE LIMITED,"5TH FLOOR SAVERA HOSPITAL CAMPUS G-C5, G-C6 LOHIYA NAGAR PATNA,",9241879240,10,212,100015,2026-05-18 09:29:35,25.587996,85.155015,PMJAY
HOSP10P189209,10189209,Hospital,P,BUDDHA HOSPITAL AND RESEARCH INSTITUTE,"Durbe, Gaya Rafiganj Road, Near FCI Godown, Gaya,",7979808039,10,196,,2025-02-07 15:57:02,24.800968356101407,84.96022471912119,PMJAY
HOSP10P195561,10195561,Hospital,P,MITHILA AANKH HOSPITAL,"baluahi bus stand nh 31 khagaria,",9971743873,10,202,100013,2024-11-12 11:11:44,25.509611000000007,86.40577200000007,PMJAY
HOSP10P196636,10196636,Hospital,P,Meditech Hospital And Sports Injury Centre,"7, Jyotipuram Colony, Maurya Path, Khajpura,",7762851790,10,212,"100014,100015",2025-02-13 17:21:14,25.612066141493926,85.07554675791232,PMJAY
HOSP10P201299,10201299,Hospital,P,MODERN ENT HEAD & NECK HOSPITAL AND RESEARCH CENTER,"MG ROAD OPPSITE SIDE M BAZAR,",9035607042,10,192,100016,2025-02-11 19:36:28,25.250275193172,86.98852878385969,PMJAY
HOSP10P202278,10202278,Hospital,P,Govind Healthcare,"PC Colony, Hanuman nagar Main Road,,Patna",8287153735,10,212,"100005,100006,100012,100015",2025-01-14 01:13:55,25.591013188297566,85.1602965948382,PMJAY
HOSP10P202429,10202429,Hospital,P,Top Medicare Hospital,"Viswanath Nagar, Deepshikha Vishnu Chowk Road,Vishwanath Nagar ,Deepshikha-Vishnu cinema hall road",9304914300,10,191,"100002,100005,100006,100012,100015,100017,100018",2025-01-17 17:32:48,25.421935,86.128237,PMJAY
HOSP10P202542,10202542,Hospital,P,DEVITA EYE HOSPITAL,"N5 PROFESSOR COLONY NEAR ASTHA LOK HOSPITAL KANKARBAGH ,",7895024122,10,212,100013,2025-01-14 01:20:34,25.599223680425823,85.16277272460985,PMJAY
HOSP10P205558,10205558,Hospital,P,ADITYA EYE HOSPITAL,"NAVIN NAGAR, WARD NO.14, NEAR HARISH CHANDRA STADIUM, GONDAPUR _ NAWADA (805110), BIHAR,",8789332250,10,210,100013,2025-02-14 12:07:17,24.890316278225114,85.54356834792361,PMJAY
HOSP11G135846,11135846,Hospital,G,Jorethang CHC,"Jorethang,Jorerthang CHC,Near texi stant",9800797535,11,227,"100005,10083",2021-11-30 12:43:36,27.13045420860375,88.2740235599515,PMJAY
HOSP11G203478,11203478,Hospital,G,Ravongla PHC,"Ravangla, South Sikkim,ravangla south sikkim",8617355139,11,227,100005,2024-05-15 10:47:56,27.283501,88.401493,PMJAY
HOSP12G123221,12123221,Hospital,G,DISTRICT HOSPITAL NAMSAI,"Medical Colony Namsai,",9436049709,12,678,"100005,100006,100012,100015,100020,10083",2021-01-05 15:22:29,27.664673140976117,95.86826939667918,PMJAY
HS13006006,13006006,Hospital,P,Christian Institute of Health Sciences and Reasearch,"4th mile Diphupar,Diphupar",9862583193,13,244,"100001,100002,100003,100004,100005,100006,100008,100010,100012,100013,100014,100015,100016,100017,100018,100019,100020,100021,100022,100023,100026,100027,10083",2018-10-15 16:28:15,25.860181,93.780493,PMJAY
HS13007001,13007001,Hospital,P,BETHEL MEDICAL CENTRE,"Bethel,",9436005702,13,245,"100001,100002,100005,100006,100011,100012,100013,100014,100015,100020,100023",2020-03-31 16:12:19,25.65789039660737,94.10128938415733,PMJAY
HOSP14G102438,14102438,Hospital,G,CHC Wangoi,"Wangoi Thounaojam Leikai,",7005797023,14,256,"100004,100005,100012,100016,100017,100026,10083",2019-08-22 18:10:57,24.674015,93.903968,PMJAY
HOSP14P124670,14124670,Hospital,P,Cancer Treatment Services Hyderabad Pvt Limited At Babina Specialty Hospital.,"Sajiwa Jail Road  Khabeisoi,",8527822519,14,255,"100005,100006,100008,100012,100015,100016,100017,100021,100022,100027,100028",2021-04-26 15:31:46,24.85058022160004,93.98898443717894,PMJAY
HOSP14P198389,14198389,Hospital,P,INSTITUTE OF LIVER AND DIGESTIVE SCIENCES,"ILDS BUILDING,",9862284898,14,256,,2026-08-11 12:15:20,24.785526,93.921639,PMJAY
HS15003036,15003036,Hospital,G,THINGSULTHLIAH PHC,"Thingsulthliah Hospital Area,",9862164030,15,261,,2018-08-02 17:26:31,23.686179,92.8590040000001,PMJAY
HS15004025,15004025,Hospital,G,SIALHAWK PHC,"SIALHAWK,",8414012622,15,728,,2018-08-02 17:26:31,23.294156,93.1021370000001,PMJAY
HS15007011,15007011,Hospital,G,Lawngtlai District Hospital,"ELECTRICT VENG,LAWNGTLAI,",9862882943,15,264,"100001,100002,100003,100004,100005,100006,100007,100008,100009,100010,100011,100012,100013,100014,100015,100016,100017,100018,100019,100020,100021,100022,100023,100026",2018-10-03 20:00:16,22.4938640670861,92.725753762934,PMJAY
HS16002023,16002023,Hospital,G,RUPAICHARI PRIMARY HEALTH CENTRE,"Rupaichari Primary Health Center, Rupaichari ADC Village,  sabroom,",8798574906,16,271,,2019-11-29 13:04:13,23.0763000000001,91.6931000000001,PMJAY
HS16004014,16004014,Hospital,G,Damcherra PHC,"Damcherra Bazar, North Tripura,",9615753664,16,270,"100001,100002,100003,100004,100005,100006,100007,100008,100009,100010,100011,100012,100013,100014,100015,100016,100017,100018,100019,100020,100021,100022,100023,100026,10083",2019-11-29 13:04:13,24.24060000000175,92.28874024069955,PMJAY
HS16004016,16004016,Hospital,G,Jampui PHC,"Vanghmun Bazar, Jampui Hill.,Beside BDO Office",7005288505,16,270,"100001,100002,100003,100004,100005,100006,100007,100008,100009,100010,100011,100012,100013,100014,100015,100016,100017,100018,100019,100020,100021,100022,100023,100026,10083",2019-11-29 13:04:13,23.988499,92.2782680000001,PMJAY
HS16004027,16004027,Hospital,G,TILTHAI PRIMARY HEALTH CENTRE,"Tilthai Bazar, Panisagar.,Near NH 8",8787764129,16,270,"100001,100002,100003,100004,100005,100006,100007,100008,100009,100010,100011,100012,100013,100014,100015,100016,100017,100018,100019,100020,100021,100022,100023,100026,10083",2018-08-02 17:26:31,24.2999789104189,92.1513680582168,PMJAY
HS16005004,16005004,Hospital,G,Madhupur PHC,"madhupur,",8787863498,16,653,"100004,100005,100006,100026,10083",2018-08-02 17:26:31,23.728889383951568,91.2291968711504,PMJAY
HS16007008,16007008,Hospital,G,Atharabhola PHC,"HOSPITAL BUILDING,",6009841086,16,654,"100001,100002,100003,100004,100005,100006,100007,100008,100009,100010,100011,100012,100013,100014,100015,100016,100017,100018,100019,100020,100021,100022,100023,100026,10083",2019-11-29 13:04:13,23.5581070000001,91.5241470000001,PMJAY
HS16008003,16008003,Hospital,G,Kanchanbari PHC,"Kanchanbari Demdum Road,",9612965332,16,655,"100001,100002,100003,100004,100005,100006,100007,100008,100009,100010,100011,100012,100013,100014,100015,100016,100017,100018,100019,100020,100021,100022,100023,100026,10083",2019-11-29 13:04:13,24.141929469451142,91.94570848044839,PMJAY
HOSP16G124748,16124748,Hospital,G,BUNGNUNG PRIMARY HEALTH CENTRE,"Sripur, Dewanpasa, Dharmanagar,",9971594844,16,270,"100004,100005,10083",2021-03-17 12:15:00,24.36969999999549,92.1182823762972,PMJAY
HOSP16G125238,16125238,Hospital,G,Ramraibari PHC,"Ramraibari Primary Health Center,",7005131870,16,271,"100004,100005",2021-03-30 13:20:57,23.217117,91.609117,PMJAY
HS17001038,17001038,Hospital,G,DMCH HOSPITAL,"BABUPARA,",9612680557,17,278,"100004,100005,100006,100010,100012,100017,100018",2018-08-02 17:26:31,25.520047592071293,90.17519941280432,PMJAY
HS17001060,17001060,Hospital,G,Babadam PHC,"Babadam, Romgram, West Garo Hills Meghalaya,",8787447187,17,278,,2018-08-02 17:26:31,25.601062,90.124957,PMJAY
HS17002008,17002008,Hospital,G,WAGEASI PHC,"WAGEASI PHC,",9101218844,17,656,"100001,100004,100005,100006,100010,100012,100016,100017,100026,10083",2018-08-02 17:26:31,25.8499570000001,90.7904730000001,PMJAY
HS17002015,17002015,Hospital,P,Gabil PHC,"Gabil PHC,Gabil PHC",9101218844,17,656,"100001,100004,100005,100006,100012,100016,100026,10083",2018-08-02 17:26:31,25.698049241061867,90.43491498109734,PMJAY
HS17002017,17002017,Hospital,G,William Nagar DH,"Williamnagar,East Garo Hills",8014067252,17,273,"100001,100002,100003,100004,100005,100006,100007,100008,100009,100010,100011,100012,100013,100014,100015,100016,100017,100018,100019,100021,100022,100023,100026,10083",2018-08-02 17:26:31,25.5141340000001,90.604856,PMJAY
HS17003001,17003001,Hospital,G,MOHESHKOLA PHC,"NEAR PWD GUEST HOUSE, RONGARA, SOUTH GARO HILLS, MEGHALAYA",8729964473,17,277,"100001,100004,100005,100006,100012,100016,100026,10083",2018-08-02 17:26:31,25.2012203,90.7747688,PMJAY
HS17003003,17003003,Hospital,G,SIJU PHC,"NEAR SIJU POLICE BEAT HOUSE ,BAGHMARA, SOUTH GARO HILLS, MEGHALAYA",8787467903,17,277,"100001,100004,100005,100006,100010,100012,100016,100026,10083",2018-08-02 17:26:31,25.1934906,90.634631,PMJAY
HS17003007,17003007,Hospital,G,CHOKPOT CHC,"Chokpot,",8729964473,17,277,"100001,100004,100005,100006,100010,100012,100013,100014,100015,100016,100026,10083",2018-08-02 17:26:31,25.3313160000001,90.336867,PMJAY
HS17006024,17006024,Hospital,G,CIVIL HOSPITAL SHILLONG,"Civil Hospital, Shillong,Barik Point",8794725458,17,274,"100001,100003,100004,100005,100006,100007,100008,100009,100010,100011,100012,100013,100014,100015,100016,100017,100018,100019,100020,100021,100022,100023,100026,10083",2018-08-02 17:26:31,25.567778,91.8805560000001,PMJAY
HS17006034,17006034,Hospital,P,Nazareth Hospital,"Nazareth Hospital, Laitumkhrah,Shillong",8794052620,17,274,"100001,100002,100004,100005,100006,100008,100009,100010,100011,100012,100013,100014,100015,100016,100017,100018,100019,100020,100022,100023,100026,100027",2026-04-30 14:08:03,25.567668,91.900165,PMJAY
HS17006058,17006058,Hospital,P,Ichamati CHC,"Ichamati CHC,",8777470249,17,274,"100001,100004,100010,100012,100013,100014,100015,100016,100026,10083",2018-08-02 17:26:31,25.1851590000001,91.7128230000001,PMJAY
HS17006060,17006060,Hospital,G,Ganesh Govt MCH Hospital Shillong,"lawmali,",9436100977,17,274,"100001,100002,100003,100004,100005,100006,100007,100008,100009,100010,100011,100012,100013,100014,100015,100016,100017,100018,100019,100021,100022,100023,100026,10083",2018-08-02 17:26:31,25.583676,91.8843170000001,PMJAY
HS17006069,17006069,Hospital,P,SUPERCARE HOSPITAL,"SAWLAD LAW U SIB ROAD DEMTHRING,",9863021640,17,274,"100001,100002,100004,100005,100006,100007,100008,100009,100010,100011,100012,100014,100015,100016,100017,100019,100020,100022,100023,100026,10083",2019-05-08 16:33:26,25.558769,91.902597,PMJAY
HS17006071,17006071,Medical College Hospital,G,NORTH EASTERN INDIRA GANDHI REGIONAL INSTITUTE OF HEALTH AND MEDICAL SCIENCES,"MAWDIANGDIANG, SHILLONG, MEGHALAYA",9862560316,17,274,"100001,100002,100003,100005,100006,100007,100008,100010,100011,100012,100013,100014,100015,100016,100017,100018,100019,100020,100021,100022,100023,100027",2018-08-02 17:26:31,25.5951686,91.9477987,PMJAY
HS17006076,17006076,Hospital,P,Bethany Hospital,"Nongrim Hills,",9774066866,17,274,"100002,100004,100005,100006,100008,100010,100011,100012,100013,100014,100015,100016,100017,100022,100023",2019-05-16 20:25:57,25.565785,91.901405,PMJAY
HS17007034,17007034,Hospital,G,Primary Health Centre Jarain,"Jarain PHC,",7005358955,17,275,"100001,100004,100005,100012,100026,10083",2018-08-02 17:26:31,25.320983,92.133469,PMJAY
HOSP17P122752,17122752,Hospital,P,WOODLAND WK HOSPITAL,"NH6,",6009307068,17,275,"100001,100005,100006,100010,100011,100012,100014,100015,100016,100017,100018,100019,100020,100022,100023",2021-01-07 16:57:05,25.469161,92.2392180000001,PMJAY
HOSP18P102220,18102220,Hospital,P,NALBARI MULTISPECIALITY HOSPITAL,"Sarathi,Alternative road Landmark - Nalbari Maternity Hospital Back side",8132807454,18,298,"100005,100011,100012,100015,100020,100023",2020-04-24 14:11:31,26.44099199999816,91.43584600000258,PMJAY
HOSP18G106744,18106744,Hospital,G,KHARUPETIA CHC,"HOSPITAL BUILDING,",9435400573,18,283,"100005,100012,10083",2019-09-18 15:19:11,26.522673,92.160200,PMJAY
HOSP18G106767,18106767,Hospital,G,Bakalia CHC,"Bakalia CHC,Bakalia CHC",9435539790,18,292,"100004,100005,100012,100014,100016,100017,100026,100028,10083",2019-09-18 15:19:11,26.058589,93.1915940000001,PMJAY
HOSP18G106821,18106821,Hospital,G,ROWTA MODEL HOSPITAL,"ROWTA CHARIALI,UDALGURI ROAD",8638148245,18,617,"100012,10083",2019-09-18 15:19:11,26.738556,92.209662,PMJAY
HOSP18P122959,18122959,Hospital,P,Guwahati metro hospital,"2no,khanapara,NH-37,Opposite Bodoland guest House,",9435133668,18,618,"100002,100006,100007,100008,100011,100012,100014,100015,100016,100019,100022,100023",2026-06-03 12:33:37,26.112660,91.822091,PMJAY
HOSP18P130984,18130984,Hospital,P,DIBRUGARH CANCER CENTRE,"Dibrugarh Cancer center,",7002058784,18,286,,2021-07-27 11:09:07,27.4895075251,94.9394026081,PMJAY
HOSP18P134490,18134490,Hospital,P,SRISHTI HOSPITALS AND RESEARCH CENTRE PVT LTD,"amch road ,paltan bazar,",9401212150,18,286,"100002,100005",2022-06-30 15:34:09,27.493214,94.9293060000001,PMJAY
HOSP18P142761,18142761,Hospital,P,PARTHONA ORTHOPAEDIC AND SUPER SPECIALITY HOSPITAL,"PARTHONA ORTHOPAEDIC AND SUPER SPECIALITY HOSPIITAL,BEHARBARI CHARIALI",9864172183,18,618,"100005,100006,100015,100019,100020,100023",2022-05-02 11:12:32,26.110634,91.771800,PMJAY
HOSP18P143321,18143321,Daycare Centre,P,LAKHIMPUR CANCER CENTRE,"Opposite-St.Mary High School,",8872220172,18,295,"100008,100021",2022-05-03 12:34:53,27.218245,94.119016,PMJAY
HOSP18P143845,18143845,Hospital,P,APEKSHA HOSPITAL,"APEKSHA HOSPITAL,AMC ROAD JALAN NAGAR",9435031253,18,286,"100002,100005,100006,100011,100013,100015,100023",2022-08-04 14:53:46,27.492022293867606,94.93301703743117,PMJAY
HOSP18G169279,18169279,Hospital,G,DISTRICT CIVIL HOSPITAL,"Jurapukhuri,Hojai Road",9435369937,18,709,,2023-08-28 16:02:09,26.008461029933,92.9038759495106,PMJAY
HOSP19P116327,19116327,Hospital,P,Ruby General Hospital Ltd,"576 Anandapur, EM Bypass,EM Bypass, Kasba Golpark",9830074990,19,315,"100002,100003,100004,100005,100006,100007,100008,100010,100011,100012,100013,100014,100015,100016,100017,100018,100019,100020,100021,100022,100023,100026,100027,100028,10083",2026-06-17 17:16:00,22.513417812297533,88.40286496380759,PMJAY
HOSP19P120483,19120483,Hospital,P,Peerless Hospitex Hospital And Research Center Limited,"360 Panchasayar,",9883338350,19,315,"100002,100003,100005,100006,100008,100011,100012,100014,100015,100016,100017,100019,100021,100022,100023,100026",2021-03-17 11:15:19,22.480824,88.394151,PMJAY
HOSP19P124345,19124345,Hospital,P,DESUN HOSPITAL HEART INSTITUTE,"720, Anandapur, Desun More, EM By Pass, Kasba, Golpark, Kolkata - 700 107 ,",9475038457,19,315,"100002,100003,100004,100006,100008,100011,100012,100014,100015,100016,100019,100020,100021,100022,100023",2026-05-29 14:37:24,22.514602,88.403330,PMJAY
HOSP19P125435,19125435,Hospital,P,VIVEKANANDA HOSPITAL PVT. LTD,"Dr Zakir Hussain Avenue,Bidhannagar,Durgapur 713206",8001116677,19,704,"100001,100002,100003,100004,100005,100006,100007,100008,100010,100011,100012,100013,100014,100015,100016,100017,100018,100019,100020,100022,100023,100027",2024-02-08 16:18:45,23.52310,87.33950,PMJAY
HOSP19P126103,19126103,Hospital,P,BMRC HOSPITALS LTD,"6/6 B.T. ROAD, TALPUKUR,",8017527600,19,315,"100002,100003,100004,100005,100006,100007,100011,100012,100014,100015,100019,100020,100023",2026-08-21 13:45:10,22.749185,88.372544,PMJAY
HOSP19P126362,19126362,Hospital,P,KASTURI MEDICAL CENTRE PVT LTD,"5 DIAMOND HARBOUR ROAD 3A BUS STAND JOKA ,",9831067641,19,315,"100002,100003,100004,100005,100006,100008,100010,100011,100012,100013,100014,100015,100016,100017,100019,100020,100022,100023,100026,10083",2026-08-15 18:31:31,22.455678,88.3045050000001,PMJAY
HOSP19P128051,19128051,Hospital,P,Charnock Hospitals Private Limited,"BMC-195, Teghoria, Biswa Bangla Sarani,",9831535223,19,303,"100002,100003,100006,100011,100012,100015,100023",2026-08-19 18:39:08,22.625795,88.435131,PMJAY
HOSP19P131871,19131871,Hospital,P,JAGANNATH GUPTA INSTITUTE OF MEDICAL SCIENCES & HOSPITAL,"BUITA,K P MONDAL, BUITA, BUDGE BUDGE, KOLKATA 700137",8777237582,19,304,"100001,100002,100003,100004,100005,100006,100007,100008,100011,100012,100013,100015,100016,100017,100018,100019,100022,100023",2024-03-22 13:22:36,22.454666,88.1779086,PMJAY
HOSP19P143917,19143917,Hospital,P,HCG EKO CANCER CENTRE,"ACTION AREA 1D PLOT NO DG 4 NEWTOWN,",7042828200,19,303,"100005,100006,100008,100014,100019,100021,100022,100028,10083",2026-08-19 18:40:44,22.579615,88.477729,PMJAY
HOSP19P144335,19144335,Hospital,P,PRIYAMVADA BIRLA ARAVIND EYE HOSPITAL,"10, U.N. BRAHAMACHARI STREET,",9831667733,19,315,"100013,100028",2026-08-15 18:29:06,22.542457,88.355381,PMJAY
HOSP19P146225,19146225,Hospital,P,Fortis Hospitals Limited,"Fortis Hospital,730 Anandapur EM Bypass Road",8585030300,19,315,"100002,100003",2026-08-21 19:51:34,22.520374,88.401013,PMJAY
HOSP19P116327,19116327,Hospital,P,Ruby General Hospital Ltd,"576 Anandapur, EM Bypass,EM Bypass, Kasba Golpark",9830074990,19,315,"100002,100003,100004,100005,100006,100007,100008,100010,100011,100012,100013,100014,100015,100016,100017,100018,100019,100020,100021,100022,100023,100026,100027,100028,10083",2026-06-17 17:16:00,22.513417812297533,88.40286496380759,PMJAY
HOSP19P170486,19170486,Hospital,P,CENTRE FOR SIGHT SILIGURI A UNIT OF NEW DELHI CENTRE FOR SIGHT LTD,"RS  PLOT NO 254, OPPOSITE P C MITTAL BUS STAND, SEVOKE ROAD, P.O- SEVOKE ROAD, P.S BHAKTINAGAR, SILIGURI, DIST- JALPAIGURI ( WB ),",9958422442,19,314,100013,2024-07-05 14:41:09,26.715359,88.419832,PMJAY
HOSP19P200552,19200552,Hospital,P,GALAXY MULTISPECIALITY HOSPITAL,"EAST RABINDRAPALLY, NEAR WIRELESS MORE, KALYANI EXPRESS WAY,BARRACKPORE",7595032210,19,303,"100001,100002,100004,100005,100006,100007,100010,100011,100012,100014,100015,100016,100017,100018,100019,100020,100023,100026",2026-08-19 18:51:19,22.762004,88.430396,PMJAY
HOSP19P211584,19211584,Hospital,P,GALAXY SUPERSPECIALITY HOSPITAL,"ROYAL PARK, WIRELESS MORE, BARRACKPORE,",9836737231,19,303,"100001,100002,100003,100004,100005,100006,100007,100008,100010,100011,100012,100014,100015,100016,100017,100019,100020,100023,100026",2026-08-19 18:53:19,22.761275,88.390570,PMJAY
HOSP20P113938,20113938,Hospital,P,PARAS HEC HSOPITAL,"Sector - 3, Dhurwa, Near JSCA Stadium, Ranchi,",7545011000,20,339,,2026-05-27 19:11:39,23.312551,85.277245,PMJAY
HOSP20P135937,20135937,Hospital,P,SWARNREKHA HOSPITAL,"Opp. Shiv Shakti petrol pump, Tatisilwai, Ranchi Purulia road",9430717609,20,339,"100005,100006,100011,100015,100020,100023",2023-06-19 10:59:37,23.382410,85.452695,PMJAY
HOSP20P138357,20138357,Hospital,P,ORCHID MEDICAL CENTRE PVT. LTD.,"ORCHID MEDICAL CENTRE PVT LTD,H.B. ROAD",9117100100,20,339,,2026-04-27 18:20:07,23.371271,85.333453,PMJAY
HOSP20P141172,20141172,Hospital,P,Charitable and Multispecialty Hospital,"RAHIM PALACE, OPP. GRAND MARKAZ,OLD PURLIYA ROAD, ZAKIR NAGAR MANGO, JAMSHEDPUR",9162787786,20,327,100006,2024-06-27 17:23:08,22.8260857,86.2009328,PMJAY
HOSP20P153845,20153845,Hospital,P,ASG Hospital Pvt Ltd,"REGENT TOWER,OPP. AADIWASHI HOSTEL  KARAM TOLI CHOWK RANCHI  JHARKHAND ",9007210356,20,339,100013,2026-08-13 18:09:46,23.380696,85.328871,PMJAY
HOSP20P186487,20186487,Hospital,P,TRINETRAM EYE HOSPITAL,"3RD FLOOR DAYAL TRADE CENTRE, SHER -E- PUNJAB CHOWK,ADITYAPUR,",7070990333,20,341,100013,2024-10-15 15:12:18.423,22.7966976,86.15690240000004,PMJAY
HOSP21P144965,21144965,Hospital,P,JAI PRAKASH HOSPITAL AND RESEARCH CENTRE PVT LTD,"dandiapali,",9937046047,21,373,"100001,100002,100003,100004,100005,100006,100008,100010,100011,100012,100013,100014,100015,100016,100017,100018,100019,100020,100023",2023-01-18 20:28:03,22.224821051712837,84.795816750276,PMJAY
HS22001025,22001025,Hospital,P,Shri Ram Eye Care,"Near Of Khedia Talkiz, Ring Road, Manendragarh,",7898589689,22,760,100013,2020-04-18 11:21:06,23.2104199,82.2010577,PMJAY
HS22002093,22002093,Medical College Hospital,G,Medical College Ambikapur,"R.S.D.K.S Govt medical college hospital ,",9893064176,22,389,"100001,100003,100004,100005,100006,100008,100009,100010,100012,100013,100014,100015,100016,100017,100018,100020,100023,100026",2020-04-23 11:20:27,23.112199,83.166640,PMJAY
HS22002113,22002113,Hospital,P,DR FIRDOUSI HOSPITAL,"Kharsiya Road near kharsiya naka ambikapur,",9425254353,22,389,,2020-04-25 11:48:08,23.109243,83.205968,PMJAY
HS22002117,22002117,Hospital,G,PHC LAHOD,"phclahod block balodabazar,",9424260630,22,644,"100001,100002,100003,100004,100005,100006,100007,100008,100009,100010,100011,100012,100013,100014,100015,100016,100017,100018,100019,100020,100021,100022,100023,100026,100028,10083",2020-04-03 17:20:30,21.657366,82.1529770000001,PMJAY
HS22002127,22002127,Hospital,P,MATA RAJRANI MEMORIAL HOSPITAL,"beside hotel verendra prabha Babu para ambikapur ,",7000619700,22,389,"100005,100006,100008,100010,100012,100014,100015,100016,100017,100023",2020-04-25 11:51:03,23.117533,83.191300,PMJAY
HS22004037,22004037,Hospital,P,DR R L HOSPITAL,"GOUSHALA ROAD ,RAIGARH",9425501788,22,386,"100005,100006,100010,100011,100012,100014,100015,100017,100020",2020-04-25 12:03:17,21.900015,83.391260,PMJAY
HS22004039,22004039,Hospital,P,SHRI BALAJI METRO HOSPITAL RAIGARH,"Near Pahad Mandir, Kauha Kunda, Raigarh,",9424183105,22,386,"100002,100004,100005,100006,100008,100009,100010,100011,100012,100014,100015,100016,100017,100019,100020,100022,100023,100026",2020-04-25 12:07:49,21.887056,83.4183750000001,PMJAY
HS22004053,22004053,Hospital,P,KANHA HOSPITAL,"SINGH COMPLEX,OLD BUS STAND JUTEMIL ROAD RAIGARH,",7770955501,22,386,"100005,100006,100010,100015,100017",2020-04-25 12:06:55,21.883473,83.396282,PMJAY
HS22004066,22004066,Hospital,G,CHHAL,"HEALTH AND WELNESS CENTRE CHHAL,",9926194767,22,386,"100001,100002,100003,100004,100005,100006,100007,100008,100009,100010,100011,100012,100013,100014,100015,100016,100017,100018,100019,100020,100021,100022,100023,100026,100028,10083",2020-03-17 15:52:58,22.1281530000001,83.1166420000001,PMJAY
HS22004084,22004084,Hospital,P,JMJ MORNING STAR HOSPITAL,"Jmj Morning Star Hospital Near Pahad Mandir  Lochan Nagar  Raigarh,",6387972416,22,386,"100005,100006,100010,100012,100015,100016,100017,100026",2020-05-02 11:11:02,21.879403,83.389587,PMJAY
HS22004092,22004092,Hospital,P,APEX SUPER SPECIALITY HOSPITAL AND IVF CENTRE RAIGARH,"ATAL CHOWK CHHATAMUDA BY PASS ROAD RAIGARH ,",7277474000,22,386,"100002,100005,100006,100008,100011,100012,100013,100015,100017,100023",2020-05-02 11:11:40,21.930402,83.333134,PMJAY
HS22005083,22005083,Hospital,G,PHC Ajagarbahar,"village ajagarbahar ,",9479077641,22,383,"100001,100002,100003,100004,100005,100006,100007,100008,100009,100010,100011,100012,100013,100014,100015,100016,100017,100018,100019,100020,100021,100022,100023,100026,100028,10083",2020-03-17 16:08:09,22.53546075242744,82.71319643201502,PMJAY
HS22005089,22005089,Hospital,G,PHC KOTHARI,"PHC KOTHARI VILLAGE POST KOTHARI KARTALA KORBA ,",9617552727,22,383,"100005,100012",2020-03-13 13:50:34,22.138498,82.687343,PMJAY
HS22005102,22005102,Hospital,G,PHC TILKEJA,"PHC TILKEJA,NEAR GOV-H-S-SCHOOL TILKEJA",9644778274,22,383,"100001,100002,100003,100004,100005,100006,100007,100008,100009,100010,100011,100012,100014,100015,100016,100017,100018,100019,100020,100021,100022,100023,100026,100028,10083",2020-03-17 15:57:49,22.235476100349885,82.75743045808963,PMJAY
HS22005109,22005109,Hospital,G,PHC JADGA,"NEAR PETROL PUMP PASAN ROAD JADGA,",8720018954,22,383,"100001,100002,100003,100004,100005,100006,100007,100008,100009,100010,100011,100012,100013,100014,100015,100016,100017,100018,100019,100020,100021,100022,100023,100026,100028,10083",2020-03-13 13:44:19,22.647007,82.386514,PMJAY
HS22007110,22007110,Hospital,P,J J HOSPITAL,"GURU NANAK CHOW ARPA BRIDGE TORWA BILASPUR (c. g.),GURU NANAK CHOW ARPA BRIDGE TORWA BILASPUR (C. G.)",9993237010,22,375,"100006,100012,100015",2020-04-23 15:04:32,22.0678290000001,82.1853600000001,PMJAY
HS22007111,22007111,Hospital,P,Dubey Nursing Home,"subhash nagar gondpara,bilaspur c.g.,",9827966889,22,375,"100006,100012",2020-04-23 15:20:02,22.0871050000001,82.1552170000001,PMJAY
HS22007115,22007115,Hospital,P,JAN SWASTHYA SAHYOG,"JAN SWASTHYA SAHYOG  HOSPITAL GANIYARI,",9589402995,22,375,"100002,100005,100006,100011,100012,100013,100015,100018,100022,100027",2020-04-23 15:07:21,22.194382819399422,82.0305041663687,PMJAY
HS22007132,22007132,Hospital,P,SRISTI CHILDREN HOSPITAL,"subash complex jarhabhata mandir chouwk ,",9826168535,22,375,"100010,100017",2020-04-23 14:55:11,22.055911657638063,82.10517795166993,PMJAY
22007137,22007137,Hospital,P,LADIKAR HOSPITAL BILASPUR,"SHIV TALKIES ROAD OLD BUS STAND BILASPUR CHHATTISGARH,",9425530186,22,375,,2021-06-03 17:43:56,22.074884,82.160515,PMJAY
HS22007143,22007143,Hospital,G,District Hospital Bilaspur,"near Old Bus Stand Bilaspur,beside cMD college ground ",9827150592,22,375,"100001,100003,100004,100005,100006,100007,100009,100010,100011,100012,100013,100014,100016,100017,100018,100019,100023,100026,100028,10083",2020-05-08 17:37:18,22.0742276,82.1586304,PMJAY
HS22007145,22007145,Hospital,P,Ankur trauma care and nursing home,"c5 minocha colony ,uslapur road in front of ajanta saw mill",9827119112,22,375,"100006,100015",2020-04-23 15:19:17,22.0844019,82.1169443,PMJAY
HS22007146,22007146,Hospital,P,KIMS BSR SUPER SPECIALITY,"nEAR aGRASEN sQUARE,mAGARPARA rOAD, bILASPUR ",7694006586,22,375,"100002,100004,100005,100006,100011,100012,100015,100020,100023",2021-05-28 12:54:42,22.064184,82.1509969,PMJAY
HS22007158,22007158,Hospital,P,SHRI KRISHNA NETRALAYA,"SHRI KRISHNA NETRALAYA ,LINK ROAD",9826446995,22,375,100013,2020-04-23 15:05:48,22.073369,82.156222,PMJAY
HS22007161,22007161,Hospital,P,Mundra Hospital,"Ganga Nagar Phase 2 Mangla Chowk Bilaspur (Cg) 495001,Mangla chowk ,bilaspur",9425362858,22,375,"100005,100006,100015",2020-04-23 15:10:09,22.0938066,82.1278784,PMJAY
HS22007252,22007252,Hospital,P,aaRBee Institute of Medical Sciences,"SWARN JAYANTI NAGAR RING ROAD NO 2 BILASPUR (C.G.),",9827156659,22,375,,2020-04-25 12:17:34,22.078721,82.134080,PMJAY
HS22007307,22007307,Hospital,G,PHC Kargikala,"PHC kargikala Main Road,",9303602260,22,375,"100004,100005,100012,10083",2020-03-19 16:58:55,22.26401453590951,81.91668144978723,PMJAY
HS22008038,22008038,Hospital,P,PARIHAR HOSPITAL,"MINIMATA CHOWK,",9179860615,22,382,"100004,100005,100006,100010,100012,100013,100014,100015,100017,100018",2020-05-13 11:28:32,22.001108,81.238648,PMJAY
HS22008047,22008047,Hospital,G,PHC RAWELI,"RAWELI,",9589322725,22,382,"100001,100004,100005,100012",2020-03-31 15:27:32,22.092922,81.350639,PMJAY
HS22008052,22008052,Hospital,G,PHC Pondi,"PHC pondi,Revapar road PHC Pondi",9098874242,22,382,"100001,100004,100005,100006,100012,100015,100026",2020-03-19 16:42:01,22.116134,81.263684,PMJAY
HS22008057,22008057,Hospital,G,PHC Pandatarai,"Pandatari PHC,Bazar Para Pandatari",9179261210,22,382,"100001,100004,100005,100006,100012,100013,100015,100017,100026",2020-03-28 08:39:11,21.883511,80.849054,PMJAY
HS22009058,22009058,Hospital,G,PHC Lalbhadur Nagar,"PRIMARY HEALTH CENTRE LAL BAHADUR NAGAR,",7746926774,22,388,"100001,100002,100003,100004,100005,100006,100007,100008,100009,100010,100011,100012,100013,100014,100015,100016,100017,100018,100019,100020,100021,100022,100023,100026,100028,10083",2020-03-17 10:54:57,21.1095080000001,80.6517430000001,PMJAY
HS22009064,22009064,Hospital,G,Community Health Centre SALHEWARA,"salhewara,",8770858598,22,759,"100004,100005,100009,100010,100012,100017,100026",2020-03-13 17:14:40,21.595970,81.049580,PMJAY
HS22009080,22009080,Hospital,P,SHREE RAM HOSPITAL,"SHREE RAM HOSPITAL DONGERGAON ROAD BASANTPUR RAJNANDGAON,BASANTPUR",9993371298,22,388,"100005,100006,100010,100011,100012,100014,100015,100017,100020",2020-04-18 11:08:56,21.097183,81.033453,PMJAY
HS22009098,22009098,Hospital,G,PHC Musara Kalan,"BAJAR CHAOK MURAKALA,",7587760791,22,388,"100001,100002,100003,100004,100005,100007,100008,100009,100010,100011,100012,100013,100014,100015,100016,100017,100018,100019,100020,100021,100022,100023,100026,100028,10083",2020-03-18 15:45:46,21.1896380000001,80.751806,PMJAY
HS22009126,22009126,Hospital,G,UPHC Motipur,"MOTIPUR SCHOOL GROUND,WN-02",9111598001,22,388,"100001,100002,100003,100004,100005,100006,100007,100008,100009,100010,100011,100012,100013,100014,100015,100016,100017,100018,100019,100020,100021,100022,100023,100026,100028,10083",2020-03-24 10:57:13,21.1038750000001,81.030624,PMJAY
HS22010102,22010102,Hospital,G,Shri Pandurang Ramarao Dongaonkar Govt District Hospital Durg ,"District Hospital Durg,Near Gandhi Chowk G E Road Durg",8319399266,22,378,"100001,100002,100003,100004,100005,100006,100007,100008,100009,100010,100011,100012,100013,100014,100015,100016,100017,100018,100019,100020,100021,100022,100023,100026,100028,10083",2020-03-19 16:50:32,21.18747,81.27938,PMJAY
HS22010111,22010111,Hospital,G,CHC PATAN,"AATAMNAD CHOWK CHC PATAN,",9179578486,22,378,"100004,100005,100006,100012,100015,100017",2020-03-19 16:51:51,21.040218,81.543059,PMJAY
HS22010151,22010151,Hospital,G,UPHC BAGHERA,"NEAR PANI TANKI ,GOVT H S SCHOOL NEAR  BAGHERA ",9717110678,22,378,"100001,100003,100004,100005,100006,100007,100008,100009,100010,100011,100012,100013,100014,100015,100016,100017,100018,100019,100020,100021,100022,100023,100026,100028,10083",2020-03-16 17:24:21,21.1652570000001,81.2956730000001,PMJAY
HS22010152,22010152,Hospital,G,UPHC DHAMDHANAKA,"DHAMDHANAKA,UPHC GOV.ayurvedic parisar dhamdhanaka",9987429691,22,378,"100001,100002,100003,100004,100005,100006,100007,100008,100009,100010,100011,100012,100013,100014,100015,100016,100017,100018,100019,100020,100021,100022,100023,100026,100028,10083",2020-03-28 09:04:21,21.202870885294402,81.28741746223636,PMJAY
HS22010153,22010153,Hospital,G,UPHC KHURSIPAR,"GE ROAD, NEAR THANA,NEW KHURSIPAR, BHILAI",8103665051,22,378,"100001,100002,100003,100004,100005,100006,100007,100008,100009,100010,100011,100012,100013,100014,100015,100016,100017,100018,100019,100020,100021,100022,100023,100026,100028,10083",2020-05-06 12:07:48,21.207573882912584,81.4009435933873,PMJAY
HS22010167,22010167,Hospital,P,SHRI SHANKARACHARYA INSTITUTE OF MEDICAL SCIENCE,"JUNWANI BHILAI,",7697756198,22,378,"100001,100002,100003,100005,100006,100007,100008,100009,100010,100011,100012,100013,100014,100015,100016,100017,100018,100020,100022,100023",2020-05-02 10:58:25,21.215241903793512,81.30680268282254,PMJAY
HS22010204,22010204,Hospital,G,UPHC CHHAWANI,"uphc chhawani bhilai,",7974745851,22,378,"100001,100002,100003,100004,100005,100006,100007,100008,100009,100010,100011,100012,100013,100014,100015,100016,100017,100018,100019,100020,100021,100022,100023,100026,100028,10083",2020-03-17 16:06:49,21.22190444982472,81.38062512535203,PMJAY
HS22011177,22011177,Medical College Hospital,P,SRI BALAJI INSTITUTE OF MEDICAL SCIENCE PVT LTD,"SHRI BALAJI HOSPITAL CAMPUS MOWA ,MOWA",9575021000,22,387,"100001,100002,100003,100004,100005,100006,100007,100008,100009,100010,100011,100012,100013,100014,100015,100016,100017,100018,100019,100020,100021,100022,100023,100026,100027",2020-05-02 12:12:25,21.272447445552558,81.67162298634116,PMJAY
HS22011178,22011178,Hospital,P,SHRI MEDISHINE HOSPITAL,"NEW RAJENDRA NAGAR AMLIDIH RAIPUR (C.G.),",9424201452,22,387,,2020-05-02 12:43:49,21.226384,81.657109,PMJAY
HS22011189,22011189,Hospital,P,Raipur stone clinik,"kutchery chowk raipur,",9827102221,22,387,"100006,100023",2020-05-02 12:37:40,21.247119,81.641708,PMJAY
HS22011195,22011195,Hospital,P,ASHADEEP HOSPITAL,"IN FRONT OF WATER TANK, NEW RAJENDRA NAGAR, RAIPUR,",9425207449,22,387,,2020-04-23 11:45:37,21.225889785326117,81.66012090007871,PMJAY
HS22011209,22011209,Hospital,P,DEVI LAXMI HOSPITAL,"B-19/5 Ring Road Raipur ,Tagore Nagar",9425208464,22,387,"100006,100012",2020-05-02 12:20:57,21.221278597992708,81.64854860703042,PMJAY
HS22011226,22011226,Hospital,P,ROOPJEEVAN HOSPITAL,"ROOPJEEVAN HOSPITAL C-1/12, SAI NAGAR,DEVENDRA NAGAR ROAD RAIPUR ",7223825884,22,387,"100005,100006,100008,100015,100016,100023",2020-04-23 11:36:29,21.256598,81.641133,PMJAY
HS22011229,22011229,Hospital,P,AAYUSH HOSPITAL AND MATERNITY HOME,"C-9 ASHOKA RATAN VIDHANSABHA ROAD SHANKAR NAGAR RAIPUR,",9826611688,22,387,100012,2020-05-02 12:34:35,21.262246656071355,81.67382982567688,PMJAY
HS22011230,22011230,Hospital,G,CHC DHARSIWA,"bilashpur rod,CHC dharsiwa,",9424128304,22,387,"100001,100003,100004,100005,100006,100007,100009,100010,100011,100012,100013,100014,100016,100017,100018,100019,100020,100021,100022,100023,100026,100028,10083",2020-03-13 13:35:46,21.416057,81.6730000000001,PMJAY
HS22011258,22011258,Hospital,P,SHREE NARAYANA HOSPITAL,"NEAR KRISI UPAJ MANDI DEVENDRA NAGAR SECTOR 05 ,",9827125333,22,387,,2020-04-23 14:54:19,21.263398,81.649836,PMJAY
HS22011269,22011269,Hospital,P,Shri Aurobindo Medical Research Centre,"shri aurobind medical research centre,,pachpedinaka, lalpur, dhamtari road",9827137774,22,387,100013,2020-05-02 12:42:09,21.212939357136463,81.65390083501302,PMJAY
HS22011277,22011277,Hospital,P,shriganeshvinayakeyehospital,"Opposite colors mall new dhamtari road pachpedi naka lalpur,LALPUR",9977018984,22,387,100013,2020-04-23 13:36:13,21.213589,81.656604,PMJAY
HS22011308,22011308,Hospital,P,AGRASEN HOSPITAL ,"agrasen hospital ,",9827121555,22,387,"100005,100006,100015",2020-04-23 11:39:07,21.245521711035778,81.62427086837533,PMJAY
HS22011325,22011325,Hospital,P,BAL GOPAL CHILDREN HOSPITAL,"NEAR MAHILA THANA, OPP AASHIRWAD BHAWAN, BYRON BAZAR,",9926274400,22,387,"100010,100011,100015,100016,100017,100018",2020-04-23 11:52:59,21.234969,81.641433,PMJAY
HS22011395,22011395,Hospital,P,Agrawal Hospital,"Infront of Maruti Business Park, G.E. Road, Raipur,Raipur",9329101037,22,387,"100001,100005,100006,100011,100012,100014,100015,100019,100020,100023",2020-05-02 12:32:54,21.259528,81.578399,PMJAY
HS22011435,22011435,Hospital,G,UPHC Mathpuraina,"UPHC Mathpuraina,Ring road no -1 near Durga mandir mathpurena raipur",7999272268,22,387,"100001,100002,100003,100004,100005,100006,100007,100008,100009,100010,100011,100012,100013,100014,100015,100016,100017,100018,100019,100020,100021,100022,100023,100026,100028,10083",2020-11-20 10:20:17,21.209635425056774,81.63385475842574,PMJAY
HS22012031,22012031,Hospital,G,PHC Jhalap,"PHC JHALAP,",9926588612,22,385,"100001,100002,100003,100004,100005,100006,100007,100008,100009,100010,100011,100012,100013,100014,100015,100016,100017,100018,100019,100020,100021,100022,100023,100026,100028,10083",2020-03-24 10:43:57,21.215566478929077,82.38401836884623,PMJAY
HS22012036,22012036,Hospital,P,AGRAWAL NURSING HOME,"Behind Govt Hospital Basna ,Tikra Para Main Road Basna ",9685177200,22,385,"100005,100006,100010,100011,100012,100013,100014,100015,100016,100017,100020,100023",2020-05-02 11:39:46,21.27746203656723,82.82304384270799,PMJAY
HS22012074,22012074,Hospital,G,PHC KHATTI,"PHC KHATTI,",9926178889,22,385,"100001,100002,100003,100004,100005,100006,100007,100008,100009,100010,100011,100012,100013,100014,100015,100016,100017,100018,100019,100020,100021,100022,100023,100026,100028,10083",2020-05-02 11:19:30,21.051039215066766,82.17608200218467,PMJAY
HS22013044,22013044,Hospital,G,PHC MEGHA,"Near of Khel Maidan ,",9009535830,22,377,"100001,100002,100003,100004,100005,100006,100007,100008,100009,100010,100011,100012,100013,100014,100015,100016,100017,100018,100019,100020,100021,100022,100023,100026,100028,10083",2020-03-16 11:38:18,20.723672,81.797554,PMJAY
HS22013047,22013047,Hospital,G,PHC Sankra,"MAINPUR ROAD SANKRA,MAINPUR ROAD SANKRA",9926193594,22,377,"100001,100002,100003,100004,100005,100006,100007,100008,100009,100010,100011,100012,100013,100014,100015,100016,100017,100018,100019,100020,100021,100022,100023,100026,100028,10083",2020-03-13 17:12:34,20.3033390000001,81.9889030000001,PMJAY
HS22014038,22014038,Hospital,P,SHRIRAM HOSPITAL AND RESEARCH CENTER,"MAIN ROAD JAISWAL COMPLEX MAHURBAND PARA ,",9589995297,22,381,,2020-04-23 15:17:18,20.265600,81.495117,PMJAY
HS22015052,22015052,Hospital,P,MPM HOSPITAL,"MPM HOSPITAL,AGHANPUR,JAGDALPUR,BASTAR",9406075560,22,374,,2020-04-23 11:24:07,19.08797,81.9995050000001,PMJAY
HS22016018,22016018,Hospital,G,Geedam,"Near Bsnl Office Main Road Geedam,",9399359437,22,376,100005,2020-03-28 08:35:32,18.961750,81.393555,PMJAY
HS22017008,22017008,Hospital,G,DH NARYANPUR,"District Hospital Narayanpur Near Collectactorate Road,",9406003589,22,637,"100001,100002,100003,100004,100005,100006,100007,100008,100009,100010,100011,100012,100013,100014,100015,100016,100017,100018,100019,100020,100021,100022,100023,100026,100028,10083",2020-03-12 17:56:31,19.72313,81.24528,PMJAY
HS22019017,22019017,Hospital,G,AAM PHC KUSMI,"PHC Kusmi,",8103027337,22,650,"100004,100005,100012",2020-03-12 16:44:56,21.696800,81.622000,PMJAY
HS22020015,22020015,Hospital,G,DISTRICT HOSPITAL BALOD,"DALLIRAJHARA ROAD BALOD,NEAR GOVT.COLLEGE",9424296048,22,646,"100001,100002,100003,100004,100005,100006,100007,100008,100009,100010,100011,100012,100013,100014,100015,100016,100017,100018,100019,100020,100021,100022,100023,100026,100028,10083",2020-05-06 12:07:05,20.5846070000001,81.0875030000001,PMJAY
HS22020024,22020024,Hospital,G,PHC Purur,"phc purur, nh- 30, near petrol pump,nh-30",9826461124,22,646,"100004,100005,100012",2020-04-18 10:56:49,20.749221,81.411135,PMJAY
HS22020033,22020033,Hospital,G,PHC Kurdi,"PHC KURDI,KURDI",9479057739,22,646,"100001,100002,100003,100004,100005,100006,100007,100008,100009,100010,100011,100012,100013,100014,100015,100016,100017,100018,100019,100020,100021,100022,100023,100026,100028,10083",2020-04-23 11:20:53,20.847039162687352,81.18096517461822,PMJAY
HS22020034,22020034,Hospital,G,PHC Mahud B,"MAHUD B,MAN RODE",9926124774,22,646,"100001,100002,100003,100004,100005,100006,100007,100008,100009,100010,100011,100012,100013,100014,100015,100016,100017,100018,100019,100020,100021,100022,100023,100026,100028,10083",2021-08-13 12:46:44,20.9438730000001,81.2894410000001,PMJAY
HS22023013,22023013,Hospital,G,District Hospital Surajpur,"Surtajpur,Main Road Surajpur",9826667411,22,648,"100001,100002,100003,100004,100005,100006,100007,100008,100009,100010,100011,100012,100013,100014,100015,100016,100017,100018,100019,100020,100021,100022,100023,100026,100028,10083",2020-04-23 11:23:52,23.21360955,82.86821583,PMJAY
HS22023021,22023021,Hospital,G,PHC Dharampur,"hwc dharampur,bajar para",9617688257,22,648,"100001,100002,100003,100004,100005,100006,100007,100008,100009,100010,100011,100012,100013,100014,100015,100016,100017,100018,100019,100020,100021,100022,100023,100026,100028,10083",2020-03-16 11:43:23,23.40173391633587,83.177037253099,PMJAY
HS22024007,22024007,Hospital,G,CHC KASDOL,"COLLEGE ROAD IN FRONT OF BSNL OFFICE ,NAGAR PANCHAYAT KASDOL",7828129833,22,644,"100001,100002,100003,100004,100005,100006,100007,100008,100009,100010,100011,100012,100014,100015,100016,100017,100018,100019,100020,100021,100022,100023,100026,100028,10083",2020-03-16 17:35:36,21.635166835091752,82.42052008159499,PMJAY
HS22024009,22024009,Hospital,G,CHC BHATAPARA,"MAIN ROAD CHC BHATAPARA,",9827179656,22,644,"100001,100004,100005,100006,100010,100012,100013,100015,10083",2020-03-12 17:46:48,21.730799,81.962069,PMJAY
HS22024011,22024011,Hospital,G,CHC SIMGA,"TIHU PARA SIMGA,",8103655544,22,644,"100001,100002,100003,100004,100005,100006,100007,100008,100009,100010,100011,100012,100013,100014,100015,100016,100017,100018,100019,100020,100021,100022,100023,100026,100028,10083",2020-03-13 14:03:42,21.6311230000001,81.7249200000001,PMJAY
22024013,22024013,Hospital,P,LT. SMT CHANADA DEVI TIWARI HOSPITAL,"civl Line Baloda Bazar,Bhata para Road",9967565925,22,644,,2020-04-25 12:10:14,21.658283,82.144939,PMJAY
HS22024022,22024022,Hospital,G,PHC Hatband,"PHC Hathband ,simga road",8770951430,22,644,"100001,100002,100003,100004,100005,100006,100007,100008,100009,100010,100011,100012,100013,100014,100015,100016,100017,100018,100019,100020,100021,100022,100023,100026,100028,10083",2020-03-16 17:19:00,21.62466356243668,81.81872272015312,PMJAY
HS22024023,22024023,Hospital,G,Phc katgi ,"primary health centre,",9977751300,22,644,"100001,100002,100003,100004,100005,100006,100007,100008,100009,100010,100011,100012,100013,100014,100015,100016,100017,100018,100019,100020,100021,100022,100023,100026,100028,10083",2020-03-12 16:48:39,21.660771692367504,82.52356012596397,PMJAY
HS22024024,22024024,Hospital,G,CHC SUHELA,"BALODABAZAR SIMGA ROAD , NEAR TEHSIL OFFICE , SUHELA , BALODABAZAR,",7869277799,22,644,"100001,100002,100003,100004,100005,100006,100007,100008,100009,100010,100011,100012,100013,100014,100015,100016,100017,100018,100019,100020,100021,100022,100023,100026,100028,10083",2020-03-13 16:46:41,21.6145560000001,81.9803860000001,PMJAY
HS22024027,22024027,Hospital,G,PHC Damakheda,"JILA SAHKARI BANK DAMAKHEDA,",9977630830,22,644,"100001,100002,100003,100004,100005,100006,100007,100008,100009,100010,100011,100012,100013,100014,100015,100016,100017,100018,100019,100020,100021,100022,100023,100026,100028,10083",2020-03-16 11:27:30,21.697155729201427,81.76249754066794,PMJAY
HS22024028,22024028,Hospital,G,PHC NIPANIYA,"PRIMARY HEALTH CENTER,NIPANIYA",9926948428,22,644,"100005,100012,10083",2020-03-12 17:57:52,21.828773,82.044167,PMJAY
HS22026023,22026023,Hospital,G,PHC ANATPUR,"PHC ANATPUR,",8770604919,22,643,"100001,100002,100003,100004,100005,100006,100007,100008,100009,100010,100011,100012,100013,100014,100015,100016,100017,100018,100019,100020,100021,100022,100023,100026,100028,10083",2020-03-16 17:33:00,19.600877,81.8993840000001,PMJAY
HOSP22P101681,22101681,Hospital,P,JUNEJA EYE HOSPITAL,"apollo city center 3rd floor cMD Chowk bilaspur,",9670025121,22,375,100013,2020-05-08 17:44:30,22.071161,82.159233,PMJAY
HOSP22P101820,22101820,Hospital,P,SHREE SHAKTI multispeciality hospital,"jalgrih marg near debar city mod Bhathagawon ,Jalgrih Marg Near Debar City Mod Bhathagawon ",9728309224,22,387,"100005,100010,100012,100017",2024-09-18 12:54:12,21.223176999999993,81.58496300000002,PMJAY
HOSP22G101822,22101822,Hospital,G,phc bitkuli,"primary health center near higher secondry school bitkuli,",9826168674,22,644,"100001,100002,100003,100004,100005,100006,100007,100008,100009,100010,100011,100012,100013,100014,100015,100016,100017,100018,100019,100020,100021,100022,100023,100026,100028,10083",2020-03-12 17:58:34,21.80720945293443,82.13369198050782,PMJAY
HOSP22P109009,22109009,Hospital,P,SHRI ANANT SAI HOSPITAL ,"beside kingsway hotel near airtel office ring road no 1 telibandha raipur ,",7999817914,22,387,"100002,100005,100012,100015,100020,100021",2020-08-18 14:04:06,21.236118,81.6696240000001,PMJAY
HOSP22P114064,22114064,Hospital,P,HI TEK SUPER SPECIALITY HOSPITAL ,"hitek  super speciality hospital pvt.ltd,smriti nagar bhilai",7470799933,22,378,"100001,100002,100003,100004,100005,100006,100008,100010,100011,100012,100013,100014,100015,100016,100017,100018,100019,100020,100022,100023",2021-04-15 11:11:03,21.216111,81.323056,PMJAY
HOSP22G114597,22114597,Hospital,G,URBAN PRIMARY HEALTH CENTRE NAYAPARA MAHASAMUND,"WARD NO 09,NAYAPARA MAHASAMUND",9340427663,22,385,"100001,100002,100003,100004,100005,100006,100007,100008,100009,100010,100011,100012,100013,100014,100015,100016,100017,100018,100019,100020,100021,100022,100023,100026,100028,10083",2020-08-18 11:20:44,21.116141,82.102954,PMJAY
HOSP22G114983,22114983,Hospital,G,UPHC DEVPURI,"Raipur-dhamtari Road, Near Upadhyay Furniture,,",9755206005,22,387,"100001,100002,100003,100004,100005,100006,100007,100008,100009,100010,100011,100012,100013,100014,100015,100016,100017,100018,100019,100020,100021,100022,100023,100026,100028,10083",2020-03-13 13:56:30,21.205856,81.680673,PMJAY
HOSP22G115057,22115057,Hospital,G,phc mopka,"canal road primary health center mopka vill. mopka,",9926644626,22,644,"100001,100002,100003,100004,100005,100006,100007,100008,100009,100010,100011,100012,100013,100014,100015,100016,100017,100018,100019,100020,100021,100022,100023,100026,100028,10083",2020-03-18 16:08:29,21.792912858480932,82.06525292579545,PMJAY
HOSP22G115179,22115179,Hospital,G,PHC Silyari,"NEAR RAILWAY STATION, SILYARI,",9131502704,22,387,"100001,100002,100003,100004,100005,100006,100007,100008,100009,100010,100011,100012,100013,100014,100015,100016,100017,100018,100019,100020,100021,100022,100023,100026,100028,10083",2020-03-19 16:46:26,21.42269293608659,81.75400259896242,PMJAY
HOSP22P115299,22115299,Hospital,P,LALCHANDANI HOSPITAL,"Lalchandani hospital Dayalband bilaspur,Lalchandani hospital dayalbandh bilaspur",9827176282,22,375,"100014,100015",2020-04-23 15:09:13,22.072420,82.171436,PMJAY
HOSP22P119359,22119359,Hospital,P,SANJEEVANI CBCC USA CANCER HOSPITAL RAIPUR,"SANJEEVANI CANCER HOSPITAL,DAVARA COLONY",9826457409,22,387,"100005,100006,100008,100012,100015,100016,100019,100021,100022,100023",2021-06-03 15:56:12,21.2146076389965,81.6501758967925,PMJAY
HOSP22P119538,22119538,Hospital,P,MISHRA HOSPITAL,"LOHARA ROAD, KAILASH NAGAR,LOHARA ROAD, KAILASH NAGAR",7875040359,22,382,"100006,100010,100012,100017",2021-03-10 16:29:36,21.998390106175734,81.22450828773412,PMJAY
HOSP22G119763,22119763,Hospital,G,Chhindnar ,"pHC cHHINDNAR,",6264825881,22,376,"100004,100005,100012",2020-08-18 11:31:36,19.032422,81.335021,PMJAY
HOSP22P121045,22121045,Hospital,P,MITTAL BHILAI HOSPITAL,"nehru nagar,junwani road",9425504442,22,378,"100002,100005,100006,100008,100011,100015,100021,100022,100023",2020-11-26 16:32:37,21.21860679,81.3202532,PMJAY
HOSP22G121155,22121155,Hospital,G,Bandana,"bandana,",7023511446,22,389,"100004,100005,100010,100012,100019,100020,100021,100023,100026,100028,10083",2020-11-19 16:17:11,22.8464960000001,83.4099400000001,PMJAY
HOSP22G121169,22121169,Hospital,G,PHC Badekanera,"phc badekanera,",9691714398,22,643,"100001,100002,100003,100004,100005,100006,100007,100008,100009,100010,100011,100012,100013,100014,100015,100016,100017,100018,100019,100020,100021,100022,100023,100026,100028,10083",2020-11-19 16:07:20,19.5279,81.7946000000001,PMJAY
HOSP22G121243,22121243,Hospital,G,phc khujji,"KHUJJI,",9406080852,22,388,"100001,100002,100003,100004,100005,100007,100008,100009,100010,100011,100012,100013,100014,100015,100016,100017,100018,100019,100020,100021,100022,100023,100026,100028,10083",2021-01-13 11:59:29,20.953425,80.877417,PMJAY
HOSP22G121273,22121273,Hospital,G,Guturma,"PHC GUTURMA,",7247278709,22,389,"100001,100002,100003,100004,100005,100006,100007,100008,100009,100010,100011,100012,100013,100014,100015,100016,100017,100018,100019,100020,100021,100022,100023,100026,100028,10083",2020-11-19 17:20:45,22.694846852135157,83.46586883581881,PMJAY
HOSP22G121638,22121638,Hospital,G,UPHC RAMNAGAR,"Kota Rd, Ramnagar, Kota,",8085079924,22,387,"100001,100002,100003,100004,100005,100006,100007,100008,100009,100010,100011,100012,100013,100014,100015,100016,100017,100018,100019,100020,100021,100022,100023,100026,100028,10083",2020-11-20 10:09:49,21.254458,81.626110,PMJAY
HOSP22G122162,22122162,Hospital,G,SHC Buchipar-N,"NEAR MAHAMAYA CHOUK,",9340717612,22,644,"100001,100002,100003,100004,100005,100006,100007,100008,100009,100010,100011,100012,100013,100014,100015,100016,100017,100018,100019,100020,100021,100022,100023,100026,100028,10083",2020-12-30 12:08:20,21.714245480945237,81.87195357872315,PMJAY
HOSP22G122339,22122339,Hospital,G,BADEBHANDAR,"BADE BHANDAR,NEAR MAIN ROAD RAIGARH TO CHANDRAPUR",9617403497,22,386,,2020-11-20 10:46:19,21.739322,83.289304,PMJAY
HOSP22G122397,22122397,Hospital,G,PHC JHIKKI,"PHC JHIKKI,ITI ROAD, PHC JHIKKI",8461010604,22,380,"100001,100002,100003,100004,100005,100006,100007,100008,100009,100010,100011,100012,100013,100014,100015,100016,100017,100018,100019,100020,100021,100022,100023,100026,100028,10083",2021-01-07 17:28:46,22.9194,83.6233,PMJAY
HOSP22G122398,22122398,Hospital,G,PHC Kalia,"PRIMARY HEALTH CENTRE KALIYA,",8319233853,22,380,100005,2021-01-07 17:28:02,22.958501,83.811415,PMJAY
HOSP22G122403,22122403,Hospital,G,phc pandrapath ,"pandrapath,",8319717268,22,380,"100001,100002,100003,100004,100005,100006,100007,100008,100009,100010,100011,100012,100013,100014,100015,100016,100017,100018,100019,100020,100021,100022,100023,100026,100028,10083",2020-12-30 18:20:28,23.096934,83.681361,PMJAY
HOSP22P122475,22122475,Hospital,P,siddheshwar hospital ,"behind kotra road thana ,kotra road ",9827286142,22,386,"100005,100006,100012,100013,100015",2021-03-04 00:01:48,21.8657240000001,83.310955,PMJAY
HOSP22G122662,22122662,Hospital,G,PHC KANAKBIRA RAIGARH,"Vill. KANAKBIRA, Block-Sarangarh Dist- Sarangarh Bilaigarh CG,",8965844134,22,763,"100004,100005,100012",2020-12-31 16:27:53,21.483716999999743,83.1203659999992,PMJAY
HOSP22G122936,22122936,Hospital,G,uphc gogaon,"Ketla maidan,near govt high school,",9630611973,22,387,"100001,100002,100003,100004,100005,100006,100007,100008,100009,100010,100011,100012,100013,100014,100015,100016,100017,100018,100019,100020,100021,100022,100023,100026,100028,10083",2020-12-30 12:26:02,21.2712000000001,81.6096000000001,PMJAY
HOSP22G122983,22122983,Hospital,G,PHC PUSPAL,"Phc Puspal ,Sukma (C.G.)",9406287220,22,642,"100005,100006,100012,10083",2020-12-30 12:34:21,18.6388260000001,81.887028,PMJAY
HOSP22G123069,22123069,Hospital,G,UPHC Kashiram Nagar,"sec 02 i type Room Number 1 and 2,RAD Colony Kashiram Nagar",9575487977,22,387,"100001,100002,100003,100004,100005,100006,100007,100008,100009,100010,100011,100012,100013,100014,100015,100016,100017,100018,100019,100020,100021,100022,100023,100026,100028,10083",2020-12-30 18:17:38,21.233252,81.6630440000001,PMJAY
HOSP22P123730,22123730,Hospital,P,RAJPRIYA HOSPITAL,"NEAR KALINDI KUNJ PRIDE,KABIR CHOWK",9893597257,22,386,"100005,100006,100010,100012,100015,100017,100023",2021-04-15 11:07:51,21.879553,83.392855,PMJAY
HOSP22P124108,22124108,Hospital,P,SAMDA SUPERSPECIALITY HOSPITAL,"KAURIN BHATA BASANTPUR ROAD WARD NO43 RAJNANDGAON,",8010112110,22,388,,2021-06-03 17:42:50,21.082029,81.020243,PMJAY
HOSP22P124703,22124703,Hospital,P,KD HOSPITAL AND RESEARCH CENTRE,"JAIL ROAD BIHI BADI DARIPARA AMBIKAPUR,",8770680392,22,389,"100005,100006,100010,100015,100017",2021-03-24 17:28:36,23.114639212508706,83.19299710584733,PMJAY
HOSP22P126781,22126781,Hospital,P,Gangotri Hospital,"Gangotri Hospital om Parisar arya nagar dhamdha roda near by kalibadi mandir durg,",9617829077,22,378,100005,2021-05-28 11:57:24,21.1744640000001,81.2885440000001,PMJAY
HOSP22P126859,22126859,Hospital,P,EKTA HOSPITAL AND PATHOLOGY CENTER,"BATHENA CANAL ROAD OPPO ELECTRICITY OFFICE DHAMTARI 493773,BATHENA CANAL ROAD OPPO ELECTRICITY OFFICE DHAMTARI 493773",7748949004,22,377,"100005,100006,100012,100014,100015",2021-09-08 16:45:26,20.7252040000001,81.5576800000001,PMJAY
HOSP22P130192,22130192,Hospital,P,JAYA POLY CLINIC AND HOSPITAL,"High school Main  get ke samne,",9907116735,22,644,100006,2021-09-08 17:01:23,21.401663,82.1774280000001,PMJAY
HOSP22P131032,22131032,Hospital,P,APEX EYE HOSPITAL AND RETINA CENTER,"PLOT NO 3,20 STATION ROAD OPPOSITE HOTEL ALKA PALACE WARD NO 24 CHHATTISGARH,DURG,491001,STATION ROAD DURG",9993368086,22,378,100013,2021-09-28 14:54:30,21.1977335,81.2881554,PMJAY
HOSP22P134031,22134031,Hospital,P,SHRI AKAL PURAKH HOSPITAL,"H 150, Opposite railway station, Mahasamund,",9815660340,22,385,"100014,100015",2021-11-18 14:49:49,21.1123900000001,82.104043,PMJAY
HOSP22P135444,22135444,Hospital,P,SANJEEVANI NURSING HOME CHIKHLI RAJNANDGAON,"Infront of Chikhali Police Chouki, Khairagarh Road, Chikhali,",9301730075,22,388,"100002,100004,100005,100006,100010,100011,100012,100014,100015,100017,100020,100026",2023-11-22 17:52:20,21.113570,81.042241,PMJAY
HOSP22P136660,22136660,Hospital,P,rajkesar hospital ,"rajkesar hospital, Infront Of Post Office,akaltara road , baloda.",9826186260,22,379,,2025-02-03 16:10:41,22.132838,82.473847,PMJAY
HOSP22P136675,22136675,Hospital,P,SHREE NARSINH MULTISPECILITY HOSPITAL BALOD,"11,Near Saryu Prasad Stadium Ganjpara Balod",7697337664,22,646,,2022-02-24 17:23:46,20.724155,81.209334,PMJAY
HOSP22P137916,22137916,Hospital,P,MORE HOSPITAL ,"anuvrat tower,SECTOR 2 DEVENDRA NAGAR",7738208392,22,387,,2022-07-05 12:33:32,21.26049400135038,81.6428818509263,PMJAY
HOSP22P137976,22137976,Hospital,P,SHUBH MULTISPECIALITY HOSPITAL,"OPPOSITE SAPPHIRE GREENS VIDHAN SABHA ROAD RAIPUR,AMASEONI",6262009091,22,387,,2022-04-26 11:48:31,21.283092,81.713697,PMJAY
HOSP22P142117,22142117,Hospital,P,SHREE VIGNESH HOSPITAL,"TC tower, Raipura Chowk, Raipur,",9685939724,22,387,"100005,100006,100012,100014,100015,100020",2022-09-26 13:10:25,21.229710,81.592532,PMJAY
HOSP22P142304,22142304,Hospital,P,SHRI AMRITHUM SUPER SPECIALITY HOSPITAL ,"AMRAPALI SOCIETY GANGA DIAGNOSTIC ROAD PACHPEDI NAKA RAIPUR CG,AMRAPALI SOCIETY PACHPEDI NAKA RAIPUR",9826471643,22,387,"100001,100002,100003,100004,100005,100006,100010,100011,100012,100013,100014,100015,100016,100017,100019,100020,100023,100026",2022-06-22 11:58:06,21.209404,81.658235,PMJAY
HOSP22P143593,22143593,Hospital,P,SHRI SHAH NEURO HOSPITAL,"H2/33 ,NARMAD NAGAR RING ROAD 2",9674682334,22,375,100011,2022-10-11 17:28:52,22.089357010948063,82.12625260582308,PMJAY
HOSP22P144388,22144388,Hospital,P,SHRI RAM HOSPITAL,"SHR RAM HOSPITAL ,",9551322220,22,644,"100005,100006,100010,100012,100013,100015,100017,100020,100023",2022-09-07 12:56:24,21.6297500000001,82.118722,PMJAY
HOSP22P144537,22144537,Hospital,P,SONI MULTI SPECIALITY HOSPITAL AND MATERNITY HOME RAJIM,"Soni Malti Speciality Hospital and Maternity Home Rajim,NEAR AMAPARA,PITAIBAND ROAD, RAJIM , DISTT- GARIYABAND C.G. 493885",9827189170,22,645,"100005,100006,100010,100012,100015,100017",2022-11-11 15:58:11,20.968575868054216,81.88467564679172,PMJAY
HOSP22P145303,22145303,Hospital,P,PADMAVATI HOSPITAL,"mahka road kharsia,",7000097880,22,386,"100005,100006,100010,100012,100015,100017",2023-01-18 15:14:23,21.990678340475966,83.09620446281406,PMJAY
HOSP22P145579,22145579,Hospital,P,MATA RAJRANI MEMORIAL HOSPITAL UNIT 2,"OPOSIT RANI TALAB DISTRICT HOSPITAL ROAD ,",7000619700,22,389,"100001,100005,100006,100012,100015",2022-09-26 13:08:41,23.113707,83.194829,PMJAY
HOSP22P147615,22147615,Hospital,P,MASOOM CHILDREN HOSPITAL,"WARD NO.-47, GANGAPUR  KHURD RING ROAD NEAR NEW BUS STAND ,",7000381675,22,389,"100010,100017",2023-01-18 15:13:28,23.114335005609448,83.1800940374892,PMJAY
HOSP22P148082,22148082,Hospital,P,MEDLIFEHOSPITAL,"sandesh bandhu building behind bank of india telibandha raipur,",6262444494,22,387,"100005,100006,100011,100015",2022-12-28 16:39:54,21.239538,81.6680380000001,PMJAY
HOSP22P148996,22148996,Hospital,P,SANJEEVANI HOSPITAL RAMANUJGANJ,"Ring road Ramanujganj near CHC Ramanujganj,",9755199921,22,649,"100010,100012,100014,100015,100017",2022-10-11 17:30:41,23.80838499,83.70382186,PMJAY
HOSP22P149100,22149100,Hospital,P,Shri Shankara Hospital ,"Behind Fruit Market, Lalpur ,Near Samta Parisar, Infront of Rishabh Regency",9229223650,22,387,"100005,100006,100015,100020",2022-11-29 12:01:29,21.216889,81.664142,PMJAY
HOSP22G150158,22150158,Hospital,G,PHC SANDI BANGLA,"PHC SANDI BANGLA,",7000280041,22,644,"100001,100002,100003,100004,100005,100006,100007,100008,100009,100010,100011,100012,100013,100014,100015,100016,100017,100018,100019,100020,100021,100022,100023,100026,100028,10083",2022-11-11 16:00:29,21.453072916636643,82.06268200034322,PMJAY
HOSP22P152618,22152618,Hospital,P,SHREE MANGLA HOSPITAL,"nehru nagar main road bilaspur,",9907997997,22,375,"100002,100005,100006,100008,100011,100012,100015,100016,100020,100023",2023-03-16 10:41:09,22.090139,82.128475,PMJAY
HOSP22P156869,22156869,Hospital,P,SAPTGIRI HOSPITALS AND DIAGNOSTIC CENTER,"Saptgiri Hospital,Main Road Mandir Hasaud",9406121230,22,387,"100005,100006,100015",2024-07-04 15:35:08,21.2290949,81.7700089,PMJAY
HOSP22P160240,22160240,Hospital,P,ROOP JEEVAN HOSPITAL,"Rajnandgaon Road Lohara Naka Kawardha District Kabirdham C.G.,",8103119589,22,382,"100005,100006,100008,100010,100012,100014,100015,100016,100017,100018,100023",2023-12-12 17:16:15,21.995110,81.222780,PMJAY
HOSP22P160514,22160514,Hospital,P,SUBHA NURSING HOME,"SUBHA NURSING HOME ,MAIN ROAD JHILMILA SARAIPALI",8103966806,22,385,"100005,100006,100010,100012,100015,100017",2024-09-13 14:13:41,21.210921,82.903957,PMJAY
HOSP22P166523,22166523,Hospital,P,COLORS CHILDREN HOSPITAL,"BESIDE CHOPDA PALACE,NEAR MAHARAJA CHOWK NEW ADRASH NAGAR ,",9770453740,22,378,"100010,100017",2024-10-03 11:35:01,21.1739200000001,81.29402,PMJAY
HOSP22P170772,22170772,Hospital,P,Matruchhaya Medicare & Research Pvt. Ltd.,"Plot No C 132 133 Sector 09,Kamal Vihar",9893388306,22,387,"100005,100006,100012,100015,100023",2024-08-16 12:02:29,21.19883,81.67065,PMJAY
HOSP22P172646,22172646,Hospital,P,Dr R Patels Urology and Multispeciality Hospital,"Raigarh,",7715070186,22,386,"100005,100006,100011,100015,100023",2024-07-29 13:01:11,21.902275,83.393337,PMJAY
HOSP22P177213,22177213,Hospital,P,OM HOSPITAL TILDA,"KH NO-528/6, VIIL- BAHESAR, TILDA ,KH NO-528/6, VIIL- BAHESAR, TILDA ",9340296265,22,387,"100001,100005,100006,100010,100012,100015,100017,100019,100020",2024-07-29 13:00:06,21.5479103910816,81.7970770574774,PMJAY
HOSP22P192700,22192700,Hospital,P,SHRI VENKATESH SUPERSPECIALITY HOSPITAL,"c-14,sector 8a,kaushlya (kamal) vihar,raipur c.g.,",8878333399,22,387,"100002,100003,100005,100006,100011,100012,100015",2024-09-13 14:10:14,21.200457912029606,81.66952814204456,PMJAY
HOSP22P202381,22202381,Hospital,P,KAILASH KANTA HOSPITAL ,"Shaheed Pt Vidya Charan Shukla Chowk, Janta Colony, Raipur, Chhattisgarh, 492001,",9300734153,22,387,"100005,100006,100012,100015",2024-07-29 13:02:32,21.237944763133342,81.64332748935885,PMJAY
HOSP22P202823,22202823,Daycare Centre,P,OM NETRA KENDRA AND LASER VISION,"C- 108 TAGORE NAGAR NEAR BANK OF BARODA RAIPUR ,",9827682391,22,387,100013,2026-06-12 13:18:41,21.226119,81.650155,PMJAY
HOSP22P203331,22203331,Hospital,P,Nand Gopal child and maternity care Hospital,"plot no-05,radhika nagar,supela,",7218215940,22,378,"100005,100006,100010,100012,100015,100017",2024-10-03 11:32:03,21.217414,81.350931,PMJAY
HOSP22P204022,22204022,Hospital,P,BEST ORTHOPEDIC SUPERSPECIALITY HOSPITAL,"3 FLOOE B . R PLAZA ABOVE PUMA SHOWROOM BESIDE EXPRESS HIGHWAY TELIBANDHA,",9826164712,22,387,,2024-09-03 11:52:32,21.237788,81.670454,PMJAY
HOSP22P205379,22205379,Hospital,P,SHREE KRISHNA MULTISPECIALITY HOSPITAL ABHANPUR,"Sarkhi Kolar Road Near Jai Ambey Fuels Abhanpur,",9993281500,22,387,"100005,100006,100010,100012,100017,100023",,21.048826,81.732694,PMJAY
HOSP22P205392,22205392,Daycare Centre,P,KHALSA EYE AND RETINA CARE,"Plot No. 72/11, Street No. 3, Vivekanand Nagar near Mahalaxmi Greens,",7760073807,22,377,100013,2024-12-30 13:46:17,20.709371,81.536536,PMJAY
HOSP22P207699,22207699,Hospital,P,SHRIRAM CARE HOSPITAL,"aMERI ROAD, NEHRU NAGAR,",7566111999,22,375,"100001,100002,100003,100005,100006,100008,100010,100011,100012,100014,100015,100016,100017,100020,100022,100023,100027",2024-11-29 16:38:30,22.084795,82.130012,PMJAY
HOSP22P208606,22208606,Hospital,P,Kashi spine hospital ,"Shankar nagar, Raipur, Chhattisgarh ,",7024704800,22,387,,2024-12-13 15:26:21,21.253630,81.669666,PMJAY
HOSP23P100102,23100102,Hospital,P,KALYAN MULTISPECIALITY HOSPITAL,"PLOT NO. 34-35, LAXMI BAI COLONY, PADAV,",9826334100,23,407,"100002,100003,100005,100006,100012,100015,100023",2020-06-11 14:05:44,26.212638,78.175129,PMJAY
HOSP23G100220,23100220,Hospital,G,CHC Dhanpuri,CHC DHANPURI,9644671795,23,429,"100001,100002,100003,100004,100005,100006,100007,100008,100009,100010,100011,100012,100013,100014,100015,100016,100017,100018,100019,100020,100021,100022,100023,100026,10083",2019-06-11 15:08:56,23.2039922,81.532652,PMJAY
HOSP23P100402,23100402,Hospital,P,SilverLine Hospital and Research Institute Bhopal,"80 motia talab road opp tajul masajid bhopal,",9425672336,23,396,"100006,100008,100015,100022",2020-01-07 16:34:26,23.263638,77.393791,PMJAY
HOSP23G100509,23100509,Hospital,G,CHC BHIMPUR,"BHIMPUR,",7000015306,23,394,"100001,100002,100003,100004,100005,100006,100007,100008,100009,100010,100011,100012,100013,100014,100015,100016,100017,100018,100019,100020,100021,100022,100023,100026,10083",2019-06-11 10:41:35,21.925325,77.5539920000001,PMJAY
HOSP23G100917,23100917,Hospital,G,ch garhakota,"ch garhakota sagar ,",8269921008,23,425,"100001,100002,100003,100004,100005,100006,100007,100008,100009,100010,100011,100012,100013,100014,100015,100016,100017,100018,100019,100020,100021,100022,100023,100026,10083",2020-01-08 09:12:07,23.7795600000001,79.1456580000001,PMJAY
HOSP23P101739,23101739,Hospital,P,Ajwani Eye Hospital ,"Shindhi Colony ,Berasia Road Bhopal",9845793234,23,396,100013,2020-03-16 12:22:19,23.293164853837155,77.40123553331182,PMJAY
HOSP23P102254,23102254,Hospital,P,SALUJA EYE CARE CENTER,"04, BABJI NAGAR, NEAR MAHINDRA SHOWROOM, ,SCH NO. 78, A.B. ROAD, NIRANJANPUR , INDORE ",9993502020,23,410,100013,2026-06-05 14:02:15,22.766128,75.900416,PMJAY
HOSP23P102338,23102338,Hospital,P,BHANDARI HOSPITAL AND RESERACH CENTER ,"21-23 SCH NO 54 VIJAY NAGAR INDORE,",9644094448,23,410,"100006,100023",2026-06-12 12:16:23,22.754459,75.893054,PMJAY
HOSP23P102417,23102417,Hospital,P,MATASHREE NETRALAYA,"G-2, Near Manora Homes ,Behind Aura Mall, Gulmohar ,BHOPAL,",9425004862,23,396,100013,2026-06-12 15:29:40,23.189263,77.434451,PMJAY
HOSP23P102444,23102444,Hospital,P,R K HOSPITAL ,"1, prakash nagar , navlakkha square,",9826056855,23,410,,2021-09-01 14:14:31,22.6979000000001,75.878677,PMJAY
HOSP23P102720,23102720,Daycare Centre,P,VISION CARE AND REASERCH CENTRE,"VISION CARE AND RESEARCH CENTER E-7/378 ARERA COLONY BHOPAL,NEAR HANUMAN MANDIR 1100 QUARTER BHOPAL",9425376207,23,396,100013,2020-01-13 17:11:31,23.209982,77.432351,PMJAY
HOSP23P106342,23106342,Hospital,P,PEOPLES GENERAL HOSPITAL PVT LTD,6 MALVIYA NAGAR BHOPAL,9893593735,23,396,,2020-01-23 16:17:19,23.2499173,77.4415118,PMJAY
HOSP23P106420,23106420,Hospital,P,CHOITHRAM HOSPITAL AND RESEARCH CENTRE ,"14, Manik Bagh Road Indore ,",7777886658,23,410,"100002,100003,100021",2020-03-23 16:00:23,22.68744104217977,75.85425544337494,PMJAY
HOSP23P106648,23106648,Hospital,P,SARAF HOSPITAL ,"old high court lane , lashker gwalior",9425757270,23,407,"100005,100006,100012,100015,100020,100023",2020-10-15 12:26:06,26.203642291993617,78.15973989985685,PMJAY
HOSP23P107015,23107015,Hospital,P,GG NURSING HOME KATNI,"Madan Mohan Choubey Ward Baragwan,",9827008531,23,413,"100005,100006,100013,100015",2020-05-04 17:48:33,23.8216600000001,80.3995800000001,PMJAY
HOSP23P107657,23107657,Hospital,P,NAVJEEVAN HOSPITAL,"Navjeevan Hospital, opp. scindia kanya vidyalaya , moti mahal road",8770118863,23,407,"100005,100006,100008,100011,100015,100022,100023",2023-09-15 14:07:48,26.21044962,78.1764873973718,PMJAY
HOSP23P107742,23107742,Hospital,P,SANJIVANI HOSPITAL BETUL,"NEAR LITTLE FLOWER SCHOOL CHANDRASHEKHAR WARD, SADAR, BETUL",9425002630,23,394,"100005,100015",2020-06-08 14:36:49,21.901161,77.892963,PMJAY
HOSP23P108140,23108140,Hospital,P,VIDHATA MULTISPECIALITY HOSPITAL,23RASLAKHEDI BHANPUR VIDISHA ROAD BHOPAL M P,7697207969,23,396,"100005,100006,100011,100015,100019,100020,100023",2020-01-04 11:51:00,23.3041,77.4342,PMJAY
HOSP23G108404,23108404,Hospital,G,GOVERNMENT MEDICAL COLLEGE SHAHDOL,"GOVERNMENT MEDICAL COLLEGE SHAHDOL, kudri -champa road ",9926409802,23,429,"100001,100002,100003,100005,100006,100007,100008,100009,100010,100011,100012,100013,100014,100015,100016,100017,100018,100019,100020,100021,100022,100023,100027",2020-05-25 12:33:36,23.302189,81.356804,PMJAY
HOSP23P108521,23108521,Hospital,P,SANJEEVANI HOSPITAL ANUPPUR,"WARD NO-03 BEHIND SINDHI DHARMASHALA NEAR GURUDWARA STATION ROAD ANUPPUR,behind sindhi dharamshala ",9555016110,23,390,,2022-04-11 15:27:49,23.102563,81.7406070000001,PMJAY
HOSP23P108601,23108601,Hospital,P,Agrawal Hospital and Research Institute,"H 204, Madhav Nagar,Opp AG Office",9425101601,23,407,"100012,100014,100016",2020-06-01 14:56:05,26.199873,78.176354,PMJAY
HOSP23P108934,23108934,Hospital,P,Asha Niketan Hospital ,"E6 Arera Colony Bhopal,",7987697139,23,396,"100005,100006,100012,100015,100016,100017,100023",2020-12-22 16:58:08,23.210385,77.438649,PMJAY
HOSP23P110980,23110980,Hospital,P,Max Care children Hospital,"116, Fatehgarh, Sultania Road, Bhopal 462001,",9425008272,23,396,"100017,100018",2020-08-11 05:24:50,23.26,77.40,PMJAY
HOSP23P111290,23111290,Hospital,P,SHREE SIDDHIVINAYAK MULTISPECIALITY HOSPITALS,"12 DASHPUR KUNJ ROAD OPP CIVIL,HOSPITAL MANDSAUR",8349207947,23,416,"100002,100005,100006,100012,100015,100017,100023",2020-03-23 16:08:30,24.070340,75.070568,PMJAY
HOSP23G111425,23111425,Hospital,G,Uchc makronia bujurg,"Uch makronia narsingpur road,",8823028903,23,425,"100001,100002,100003,100004,100005,100006,100007,100008,100009,100010,100011,100012,100013,100014,100015,100016,100017,100018,100019,100020,100021,100022,100023,100026,10083",2020-01-08 15:39:15,23.846391,78.79249,PMJAY
HOSP23G111508,23111508,Hospital,G,chc rehli,"chc rehli main road ,",9098691254,23,425,"100001,100002,100003,100004,100005,100006,100007,100008,100009,100010,100011,100012,100013,100014,100015,100016,100017,100018,100019,100020,100021,100022,100023,100026,10083",2020-01-08 15:32:41,23.619214529281493,79.06887034281795,PMJAY
HOSP23G111559,23111559,Hospital,G,SUPER SPECIALITY HOSPIATAL NSCB MEDICAL COLLEGE,"super speciality hospital nscb medical college jabalpur,nagpur road",8127818550,23,411,"100001,100002,100003,100004,100005,100006,100007,100008,100009,100010,100011,100012,100013,100014,100015,100016,100017,100018,100019,100020,100021,100022,100023,100026,100028,10083",2020-02-20 13:06:26,23.1495166621758,79.88050932846659,PMJAY
HOSP23P111751,23111751,Hospital,P,NIRAMAY HOSPITAL,"PLOT NO 1 AND 2 RAJESHWER COMPLEX MADHUWAN VIHAR COLONY ,NEAR IPS SCHOOL HOSHANGABAD ROAD BHOPAL",7389696979,23,396,"100001,100005,100006,100011,100012,100015,100019,100020,100023",2020-07-31 14:51:22,23.199218,77.447462,PMJAY
HOSP23P111754,23111754,Hospital,P,RA STONE & SURGICAL CARE ,"48 old MLA Quaters ,Jawahar chowk ",9424439419,23,396,"100005,100006,100015,100023",2020-08-28 23:11:42,23.231385,77.393774,PMJAY
HOSP23P112549,23112549,Hospital,P,Sheefa Medical Centre,"5 Mamta colony khajrana main road ahead Ganesh Mandir indore,5",8959907710,23,410,"100012,100015",2021-08-10 15:41:27,22.731763,75.909476,PMJAY
HOSP23P113484,23113484,Hospital,P,Global Orthopaedic Center,"71/10,Kshapnak Marg,Freeganj Ujjain,",7000384612,23,435,100015,2021-01-15 17:48:13,23.1801552,75.793627,PMJAY
HOSP23P114048,23114048,Hospital,P,shanta nursing home,"PATANKAR BAZAR LASHKAR GWALIOR,",9425758113,23,407,"100001,100006,100011,100012,100014,100015,100019,100020,100023",2021-01-15 17:48:13,26.193682,78.156372,PMJAY
HOSP23P114278,23114278,Hospital,P,ARERA TRAUMA & CRITICAL CARE HOSPITAL,"E-3/240,ARERA COLONY,BHOPAL",9425606598,23,396,"100006,100008,100011,100012,100014,100015,100019,100020,100022,100023",2020-07-29 15:25:52,23.221677,77.430985,PMJAY
HOSP23P114294,23114294,Hospital,P,GOKULDAS HOSPITAL PVT LTD,"11 DR SARJU PRASAD MARG INDORE ,",9826031212,23,410,,2021-06-22 20:57:42,22.716434,75.876030,PMJAY
HOSP23P114409,23114409,Hospital,P,St Francis Hospital And Research Centre,"Near Lakhani Chouraha, Ralamandal Bypass Road, Ward No. 75,101 nayata mundla by pass road indore",9425056975,23,410,"100002,100003,100005,100006,100008,100010,100012,100013,100015,100016,100020,100023",2021-02-08 16:44:55,22.67281077,75.915206768465,PMJAY
HOSP23P114448,23114448,Hospital,P,GD HOSPITAL ,"GD, HOSPITAL 80 FEET ROAD RATNAPURI RATLAM ",9755238844,23,423,,2020-03-23 16:51:14,23.33978015,75.0278945819714,PMJAY
HOSP23P114450,23114450,Hospital,P,SHRI GOVERDHAN CRITICAL CARE MATERNITY TRAUMA CENTER AND MULTISPECILITY HOSPITAL,MAHAVIR WARD LINK ROAD SADAR BETUL,9179058111,23,394,"100005,100015,100020,100023",2020-06-16 21:36:27,21.9032,77.895352,PMJAY
HOSP23G114532,23114532,Hospital,G,Super speciality Hospital ,"JAH CAMPUS GWALIOR,",9313019158,23,407,"100001,100002,100003,100004,100005,100006,100007,100008,100009,100010,100014,100017,100018,100019,100020,100021,100022,100023,100026,10083",2021-01-05 15:11:12,26.19190815019023,78.15694201248584,PMJAY
HOSP23P114784,23114784,Hospital,P,SHIVALAYA HOSPITAL TRAUMA & MATERNITY CENTER ,Kannod Road Ashta,7047612993,23,427,"100005,100006,100012,100014,100015,100023",2020-10-12 17:40:56,23.01816,76.72696,PMJAY
HOSP23P116451,23116451,Hospital,P,UBUNTU HEART & SUPER SPECIALITY HOSPITAL,"13, Shri Ram Colony, Hoshangabad Road, Near Misrod Railway Station, Bhopal",7771971777,23,396,"100002,100003,100005",2020-12-15 12:35:25,23.1725506,77.4590026838163,PMJAY
HOSP23P116465,23116465,Hospital,P,Bhopal Multispeciality Hospital,"Bhopal Multispeciality Hospital,Indra Vihar Colony Airport road",9826929357,23,396,"100001,100002,100003,100005,100006,100012,100015,100019,100023",2020-08-05 15:51:07,23.2781850000001,77.363296,PMJAY
HOSP23P116490,23116490,Hospital,P,MULTI CARE HOSPITAL ,"royal market,near gandhi medical collage bhopal ",7987288272,23,396,,2020-10-13 11:28:36,23.26168171,77.3927110098529,PMJAY
HOSP23P116616,23116616,Hospital,P,AROGYADHAM CHIKITSALAY EVEM ANUSANDHAN KENDRA,"CITY CENTER GWALIOR,",9406500172,23,407,"100002,100006,100011,100012,100013,100015,100016,100020,100023",2020-12-26 13:26:54,26.204919543492153,78.19590060118975,PMJAY
HOSP23P116639,23116639,Hospital,P,KIBS HOSPITAL,"651 R SECTOR MAHALAXMI NAGAR INDORE,",9329721426,23,410,100018,2024-05-16 16:42:37,22.7569720000001,75.9119370000001,PMJAY
HOSP23P116819,23116819,Hospital,P,Ashadeep hospital,"Vijay nagar indore,40-41 D/D-2",9039038999,23,410,"100013,100015",2020-08-17 12:39:19,22.760000,75.890000,PMJAY
HOSP23P117381,23117381,Hospital,P,Lahoti Hospital And Research Centre,"Sector A 14 oppo. Sterling Enclave -i Shahpura BHopal ,",9826426470,23,396,,2020-10-13 13:10:33,23.202181,77.430477,PMJAY
HOSP23P117925,23117925,Hospital,P,Ajay Bhandari Associates LLP,"4Th Bridge Napier Town Jabalpur,Bhandari Hospital Road",9340969794,23,411,"100002,100005,100006,100015",2020-10-28 11:52:37,23.15451,79.93687,PMJAY
HOSP23P117974,23117974,Hospital,P,PRABHU PREM NETRALAYA AND GENERAL HOSPITAL,"P-68, RAJDHANI SHISHAK NAGAR, 11th MILE SQUARE",9977000850,23,396,,2020-12-15 12:36:27,23.14233,77.48408,PMJAY
HOSP23P118078,23118078,Hospital,P,VEDANTA FRACTURE & GENERAL HOSPITAL,"18- Ashoka Vihar ,Nagar Nigam Colony Bhopal,",8109998999,23,396,"100004,100006,100014,100015",2020-12-15 12:07:25,23.2572700000001,77.428881,PMJAY
HOSP23P118783,23118783,Hospital,P,AROGYAM HOSPITAL,"18 COLLEGE ROAD,ratlam mp",8989191919,23,423,,2020-10-21 15:26:35,23.326714,75.040543,PMJAY
HOSP23P118868,23118868,Hospital,P,Shubh Hospital,"Ayodhya Nagar,opp.tanatan dhaba,ayodhya bypass road bhopal",8964089604,23,396,"100006,100012,100015,100023",2020-08-28 22:18:06,23.265539,77.472657,PMJAY
HOSP23P118944,23118944,Hospital,P,CITY CARE HOSPITAL ,77 Motia talab tajul masjidbhopal,9993084671,23,396,"100005,100006,100015,100023",2020-12-15 12:34:12,23.27676,77.44416,PMJAY
HOSP23P119196,23119196,Hospital,P,NAWAZ UROLOGY HOSPITAL & MATERNITY HOME ,52 A BDA COLONY KOHEFIZA,9826054209,23,396,"100006,100012,100023",2020-10-13 16:51:35,23.26309,77.37976,PMJAY
HOSP23P119257,23119257,Hospital,P,SAMADHAN  HOSPITAL ,"ward no 11,doctors colony, budhi road BALAGHAT,",9425600208,23,392,,2020-10-28 11:48:49,21.818622818577055,80.18404013922384,PMJAY
HOSP23P119261,23119261,Hospital,P,RETINA EYE HOSPITAL,"CHAUHAN CRANE BUILDING TANSEN NAGAR HAZIRA ROAD GWALIOR,",9638397002,23,407,100013,2020-10-28 16:16:46,26.224699,78.1815310000001,PMJAY
HOSP23P119428,23119428,Hospital,P,SIGHT CARE EYE HOSPITAL,118 kailash vihar infront of income tax office city centre,9752760155,23,407,100013,2020-10-15 12:34:24,26.207355,78.193436,PMJAY
HOSP23P119659,23119659,Medical College Hospital,P,Sukh Sagar Medical College and Hospital,"MUKANWARA,",9630092699,23,411,,2024-08-06 15:03:36,23.057752,79.843143,PMJAY
HOSP23P119699,23119699,Hospital,P,TRUE CARE HOSPITAL,"46 RAJA BAG KUSHWAH NAGAR INDORE MP,",8770773079,23,410,,2020-12-18 11:59:30,22.747167,75.845894,PMJAY
HOSP23P119803,23119803,Hospital,P,Future Multispecality Hospital ,"bhopal indore road near petrol pumb allahabad bank ,Phanda kala Bhopal ",7869134303,23,396,"100005,100006,100012,100015",2020-12-15 12:50:33,23.2263980000001,77.2091390000001,PMJAY
HOSP23P120028,23120028,Hospital,P,VISM HOSPITAL ,"vism campus NH-75 railway station spring factory sitholi , Jhansi Road Gwalior  M.P.,TURARI, NEAR RAILWAY SPRING FACTORY",9424901234,23,407,,2020-12-18 11:53:10,26.137567,78.2003540000001,PMJAY
HOSP23P120251,23120251,Hospital,P,ADITYA SUPER SPECIALITY HOSPITAL ,"OPP LITTLE KINGDOM SCHOOL,NAPIER TOWN",9406760701,23,411,,2021-02-02 12:55:13,23.160593,79.928496,PMJAY
HOSP23P120440,23120440,Hospital,P,Dns Hospitals Private Limited,"14,Anoop Nagar, Lig Square, A.B. Road, Indore (M.P),",8349783523,23,410,"100002,100003,100015,100016,100019",2021-04-15 16:03:34,22.7378479,75.8882395,PMJAY
HOSP23P120463,23120463,Hospital,P,PRIME HOSPITAL,"C-2-3 KAILASH NAGAR ALKAPURI NEAR NEW HIGH COURT CITY CENTRE GWALIOR,",9977554477,23,407,"100006,100011,100015,100019,100020,100023",2020-12-18 11:48:23,26.1963826,78.1975848,PMJAY
HOSP23P120485,23120485,Hospital,P,BALAJI CHILDREN HOSPITAL,"75,opp motia talab bhopal m p ",9238934459,23,396,"100017,100018",2020-12-15 12:17:27,23.27014,77.39485,PMJAY
HOSP23P120871,23120871,Hospital,P,radhe krishna hospital,"joura road morena,",8964045097,23,417,100005,2021-04-20 11:41:42,26.487099,77.976413,PMJAY
HOSP23P121056,23121056,Hospital,P,Anushree Netra Chikitsalaya And Retina Care Center,"1st floor jabalpur club Complex, Naudra Bridge, Near Jyoti Talkies, Jabalpur,",9425323986,23,411,100013,2026-05-01 19:56:56,23.165997,79.935595,PMJAY
HOSP23P122135,23122135,Hospital,P,SHREE SAI BABA JEEVANDHARA HOSPITAL ,Rajghat road in front of krishi upaj mandi barwani,9425087533,23,393,"100005,100006,100014,100015,100017,100022,100023",2021-08-16 18:13:44,22.0456619,74.8967446,PMJAY
HOSP23P122607,23122607,Hospital,P,MEDANTA HOSPITAL INDORE,"PLOT NO 8 PU4 SCH NO 54 VIJAY NAGAR,",7771000368,23,410,,2026-06-03 15:47:48,22.749045,75.895834,PMJAY
HOSP23P123076,23123076,Hospital,P,SHALBY HOSPITAL,"Plot b, Scheme no. 05 kachnar City Road Ahinsha Chowk Vijay Nagar Agrasen Ward No14 Jabalpur,",9826177577,23,411,"100002,100003,100008,100022,100023",2026-04-18 14:37:08,23.190000,79.910000,PMJAY
HOSP23P123285,23123285,Hospital,P,DR RAI HOSPITAL,"DR RAI HOSPITAL 10TH BATTALION ROAD,MAKRONIYA",9425452396,23,425,,2021-04-19 12:49:10,23.852426,78.789424,PMJAY
HOSP23P123317,23123317,Hospital,P,Madhuban Hospital Unit Of Tiss,"Khasra Number 19  Rehayashi welfare colony Maduban Budhni HSD Road Budhni ,",9896341350,23,427,"100005,100006,100012,100014,100015,100020",2021-04-26 13:42:06,22.775141983553297,77.67155367345049,PMJAY
HOSP23P123864,23123864,Hospital,P,LKT HI TECH HOSPITAL,"NH-44 LINK ROAD PATEL ,NAGAR ASHOK NAGAR, NEAR POLICE CONTROL ROOM VIDISHA BY PASS ROAD ",9111555342,23,391,,2022-11-23 19:19:27,24.563214864100317,77.74633026582114,PMJAY
HOSP23P123904,23123904,Hospital,P,sonare multispecality hospital,"iN FRONT OF CENTRAL BANK OF INDIA,CHANDANGAON CHHINDWARA",8357981408,23,399,"100005,100015,100020,100023",2021-08-25 17:19:34,22.035172,78.9245760000001,PMJAY
HOSP23P124619,23124619,Hospital,P,PHOENIX MEDICAL CANTER,"2-A Sukh Shanti Nagar,bengali square",9300754333,23,410,"100015,100019,100020,100022,100023",2021-08-16 16:10:24,22.71752615370592,75.9114228004371,PMJAY
HOSP23P124755,23124755,Hospital,P,SHRI VAISHNAV DIAGNOSTIC AND KIDNEY CENTER,"11 SHRI GANPATI MANDIR PARISAR ,KHAJRANA ",9770907708,23,410,100005,2023-12-06 11:55:48,22.716733,75.881246,PMJAY
HOSP23P124824,23124824,Hospital,P,INDORE TRAUMA CENTER YOGMAYA HOSPITAL & TRAUMA CENTER,"DAYAL BAGH COLONY NEAR HOLY CROSS SCHOOL,",9827447062,23,410,"100015,100023",2022-04-13 12:30:25,22.672147,75.881032,PMJAY
HOSP23P127200,23127200,Hospital,P,MITTAL MEDICARE AND HOSPITAL PVT LTD,"10,Tilak marg Narnsingh Choupati",9425045651,23,403,"100005,100012,100015,100017",2021-12-23 12:31:25,22.5915205,75.3062212,PMJAY
HOSP23P129944,23129944,Hospital,P,BAGHEL HOSPITAL AND RESEARCH CENTRE,"Shivam Vatika,shivam Vatika harda",9826085787,23,408,"100002,100005,100006,100012,100015,100020",2022-04-23 12:38:58,22.347050459957202,77.10171027433762,PMJAY
HOSP23P129975,23129975,Hospital,P,CHS APPLE MULTISPECILITY HOSPITAL ,"Hospital Road Behind Geeta Colony Gird Gwalior,",7999781935,23,395,"100005,100006,100008,100011,100014,100015,100022,100023",2021-08-15 08:46:52,26.5626110000001,78.7916210000001,PMJAY
HOSP23P130406,23130406,Hospital,P,AROGYA HELATHCRE MULTI SPECIALITY HOSPITAL,"City pride building, OppJain Nursing  Home, Parasia Road, Chhindwara",7489967422,23,399,,2021-12-30 17:58:47,22.0574,78.9382,PMJAY
HOSP23P130971,23130971,Hospital,P,GAYATRI MULTISPECIALITY HOSPITAL,17 PATEL NAGAR RAISEN ROAD,9425437782,23,396,"100002,100004,100005,100006,100008,100011,100015,100019,100020,100022,100023,100026",2022-02-14 12:41:47,23.2577,77.5017,PMJAY
HOSP23P131042,23131042,Hospital,P,vedika multi speciality hospital,"galla mandi gate no 1 ke samne,",7049576298,23,401,"100005,100006,100012,100015,100023",2021-12-30 16:37:44,25.664367,78.461095,PMJAY
HOSP23P131293,23131293,Hospital,P,Hajela Hospital,"KOTRA SULTANABAD,gEETANJALI COMPLEX KOTRA SULTANABAD",9575452525,23,396,"100015,100016",2026-05-04 16:48:40,23.224887,77.393336,PMJAY
HOSP23P133633,23133633,Hospital,P,KRISH MEMORIAL HOSPITAL,"NEAR CHOTA TALAB, BUS STAND,",7692860604,23,394,"100015,100019,100020,100023",2021-12-28 15:08:01,21.782725,78.263178,PMJAY
HOSP23P133886,23133886,Hospital,P,ITM Hospital and Research Centre,"NH 75 Jhanshi Road,",9560033023,23,407,"100001,100005,100006,100008,100010,100011,100012,100013,100014,100015,100016,100017,100019,100020,100022,100023",2022-01-08 22:57:07,26.209364,78.183263,PMJAY
HOSP23P134328,23134328,Hospital,P,NATIONAL HOSPITAL,"ABOVE INDIAN OVERSEASE BANK,SAMAN TIRAHA, NEW BUS STAND",9827346096,23,424,"100001,100005,100006,100008,100010,100015,100017,100019,100022,100023",2022-02-14 11:01:37,24.543866570023297,81.32365589580252,PMJAY
HOSP23P134682,23134682,Hospital,P,VIDISHA APOLLO MULTISPECIALITY HOSPITAL,MUKHARJI NAGAR MAIN ROAD VIDISHA PINCODE 464001,9755180090,23,437,"100005,100006,100015,100023",2022-01-10 11:15:53,23.4198,78.5578,PMJAY
HOSP23P134688,23134688,Hospital,P,Medilife Hospital,"164, Green Park Colony, DIG Bungalow, Berasia Road,",9754782968,23,396,"100005,100012,100015,100023",2022-01-04 18:03:24,23.277646927662616,77.40207100014175,PMJAY
HOSP23P135750,23135750,Hospital,P,SANJEEVANI HOSPITAL,"SEEVAN SKY KE PASS WARD NO. 9 SECTER-B CHANAKYA PURI, SEHORE",9691741601,23,427,100005,2022-12-12 15:06:39,23.198437,77.095184,PMJAY
HOSP23P135939,23135939,Hospital,P,Jaanki Hospital,"469 ,rohit nagar phase 1, bawadia kalan ,bhopal,",7067109095,23,396,"100015,100019",2022-05-19 17:51:01,23.191981,77.437674,PMJAY
HOSP23G136429,23136429,Hospital,G,Government Polyclinic,"Government polyclinic malharganj ,",9907074811,23,410,"100001,100002,100003,100004,100005,100006,100007,100008,100009,100010,100011,100012,100013,100014,100015,100016,100017,100018,100019,100020,100021,100022,100023,100026,10083",2022-02-04 15:50:50,22.719431,75.8461560000001,PMJAY
HOSP23P117925,23117925,Hospital,P,Ajay Bhandari Associates LLP,"4Th Bridge Napier Town Jabalpur,Bhandari Hospital Road",9340969794,23,411,"100002,100005,100006,100015",2020-10-28 11:52:37,23.15451,79.93687,PMJAY
HOSP23P137129,23137129,Hospital,P,RISHI CHILDREN HOSPITAL,Anand nagar  sadar bazar hoshangabad,8319346718,23,409,"100010,100017",2021-12-20 15:20:31,22.7525,77.7260,PMJAY
HOSP23P137553,23137553,Hospital,P,ARNAV HOSPITAL,F SECTOR RAISEN ROAD NEAR NRI COLLEGE PATEL NAGAR BHOPAL,8889912459,23,396,"100001,100005,100006,100011,100015,100019,100020,100023",2022-09-23 15:09:17,23.25635,77.50336,PMJAY
HOSP23P137616,23137616,Hospital,P,SR MEMORIAL HOSPITAL,maa vaishno devi parishar near gupteswar mandir tighra road gwalior,9424561369,23,407,"100005,100006,100014,100015,100023",2022-02-28 17:43:45,26.218287,78.182831,PMJAY
HOSP23P137920,23137920,Hospital,P,NEW INDORE SUPER SPECIALITY HOSPITAL,"Near hp petrol pump, Betma road, Depalpur",9907753787,23,410,"100006,100015",2023-10-09 17:40:08,22.8400658,75.5380554,PMJAY
HOSP23P138017,23138017,Hospital,P,V ONE HOSPITAL,"2/1, Residency Aria, Near Geeta bhavan Square ",6269000903,23,410,"100002,100007,100008,100015,100019,100022,100023",2022-12-03 14:44:37,22.71680,75.88438,PMJAY
HOSP23P138355,23138355,Hospital,P,Metro City Hospital,"c 21 padmanabh Nagar ,near prabhat sqr bhopal ",7024550870,23,396,"100005,100006,100011,100012,100015,100023",2022-04-01 18:25:08,23.2512530000001,77.430621,PMJAY
HOSP23P138360,23138360,Hospital,P,MISHRA MULTISPECIALITY HOSPITAL AND TRAUMA CENTRE,"Krishna Nagar, Near Pani Tanki, Gole Ka Mandir, Gwalior, Madhya Pradesh 474005,",9893612517,23,407,,2022-03-24 12:45:26,26.230192,78.211311,PMJAY
HOSP23P138429,23138429,Hospital,P,TRINITY MULTISPECIALITY HOSPITAL,"A3/A4 Silver Crest Colony, Chunabhatti, Kolar Road, Bhopal (M.P.),A3/A4 Silver Crest Colony, Chunabhatti, Kolar Road, Bhopal (M.P.)",9993007175,23,396,"100001,100005,100006,100008,100015,100016,100019,100022,100023",2022-03-07 10:40:56,23.209566460620223,77.41896314831274,PMJAY
HOSP23P138709,23138709,Hospital,P,BHOPAL CARE HOSPITAL,"E-8/38,12 NO. BUS STOP, ARERA COLONY",8839958323,23,396,"100005,100006,100011,100014,100015,100016,100019,100022,100023",2022-02-22 13:49:40,23.202439,77.437400,PMJAY
HOSP23P139010,23139010,Hospital,P,THAKUR HOSPITAL,NEAR MADHAV GANJ POLICE STATION,8007779827,23,407,"100006,100023",2022-09-16 16:26:09,25.9042,77.868,PMJAY
HOSP23P139103,23139103,Hospital,P,BHOPAL HI TECH HOSPITAL,29-30 NEW JAIL ROAD KAROND CHOURAHA BHOPAL,9826939914,23,396,"100006,100015,100020",2022-08-29 17:03:50,23.3033108,77.4000871,PMJAY
HOSP23P140253,23140253,Hospital,P,RAMSHRI INSTITUTE OF MEDICALSCIENCE AND SUPERSPECIALITY HOSPITAL,"Opposite indrapras garden,Bhind road Gole ka mandir gwalior",9425650266,23,407,"100005,100006,100011,100015,100019,100022,100023",2022-05-27 12:26:19,26.236379,78.208089,PMJAY
HOSP23P140291,23140291,Hospital,P,MAA PITAMBARA HOSPITAL AND RESEARCH CENTRE,"CHAWANI NAKA BADA GAWALIPURA ROAD,AGAR MALWA",9669900259,23,667,,2023-03-29 11:53:32,23.727171,76.019416,PMJAY
HOSP23P140647,23140647,Hospital,P,Tanish Medical Care Hospital,"305 Jawahar Marg Indore Near Yashwant Road Square,Near Imli Sahab gurudwara",9981612344,23,410,100023,2024-02-13 14:48:48,22.7103637,75.8417637,PMJAY
HOSP23P141155,23141155,Hospital,P,SHRI RAM HEALTH CENTER,"SHRI RAM HEALTH CENTER,PALI ROAD",9425182126,23,429,"100005,100006,100014,100015,100017,100023",2022-03-24 18:23:58,23.312348,81.351004,PMJAY
HOSP23P141164,23141164,Hospital,P,VIHAAN HOSPITAL AND RESEARCH CENTRE,"NEAR HOTEL LANDMARK,RATAHARA",8602296658,23,424,"100001,100005,100006,100008,100010,100014,100015,100016,100017,100018,100019,100020,100023",2022-05-23 15:24:50,24.544295068315094,81.33246855684865,PMJAY
HOSP23P141398,23141398,Hospital,P,COMMUNITY VALUE SPECIALTY HOSPITAL,"Community Value Specialty Hospital,Ayodhya Bypass ,Karond ,Bhopal",6268188168,23,396,"100001,100005,100006,100012,100015,100020,100022,100023",2023-09-27 11:22:32,23.302285,77.408081,PMJAY
HOSP23P141457,23141457,Hospital,P,MANAN CHILD CARE AND MULTISPECIALITY HOSPITAL,PLOT NO 2 ADITYA AVENUE COLONY AIRPORT ROAD BHOPAL,9827339299,23,396,"100010,100017,100018",2022-05-17 17:51:09,23.287637742,77.35338,PMJAY
HOSP23P141523,23141523,Hospital,P,JAINAMSHREE MULTISPECIALITY HOSPITAL,"E-5/47,ARERA COLONY BHOPAL",9013756557,23,396,,2022-05-18 17:32:34,23.214068,77.430733,PMJAY
HOSP23P141894,23141894,Hospital,P,NARAYANA HOSPITAL,"NARAYAN COMPLEX PINTO PARK GWALIOR, pinto park gwalior,pinto park gwalior",8770404491,23,407,"100005,100006,100011,100015,100017,100020,100023",2022-05-20 16:18:28,26.2425040000001,78.217724,PMJAY
HOSP23P142019,23142019,Hospital,P,SAHARA HOSPITAL,"SOPHIA COLLEGE CAMPUS, MAHALGAON CITY CENTRE GWALIOR ,",9893572377,23,407,"100005,100006,100011,100012,100015,100016,100017,100018,100019,100023",2022-05-24 16:07:11,26.201483,78.187820,PMJAY
HOSP23P142249,23142249,Hospital,P,GALAV HOSPITAL,D 5 BASANT VIHAR MAIN ROAD GWALIOR,8851284583,23,407,"100006,100011,100015,100022,100023",2023-03-13 17:26:31,26.20843,78.17706,PMJAY
HOSP23P142347,23142347,Hospital,P,dr harishankar hospital,"54,swarnkar colony",9425149250,23,437,"100005,100015",2022-09-05 14:33:05,23.5223500000001,77.808542,PMJAY
HOSP23P142388,23142388,Hospital,P,MIRACLES HOSPITAL,"86-87, JYOTI NAGAR, 200 FEET CPA ROAD, NEAR AASHIMA MALL ,HOSHANGABAD ROAD, BHOPAL",7566663401,23,396,"100002,100005,100010,100011,100012,100015,100016,100017",2026-06-15 16:02:55,23.184378227597747,77.46383019107213,PMJAY
HOSP23P142863,23142863,Hospital,P,OJAS HOSPITAL,"Plot no. 10-11, Arvind Vihar, Opp Central Plaza,,Bagsewania main road, Bhopal",9074783228,23,396,"100005,100006,100011,100015,100017,100020,100022,100023",2022-09-02 14:40:08,23.195476,77.465724,PMJAY
HOSP23P142911,23142911,Hospital,P,Yatharth super speciality orchha ,"jhansi mauranipur haiway,near pratpura orchha , niwari ",9818900807,23,722,,2022-09-15 17:32:04,25.4183751,78.6479365,PMJAY
HOSP23P143116,23143116,Hospital,P,ADIYOGI MULTISPECIALITY HOSPITAL PRIVATE LIMITED,256/2/1 loharpipliya dewas,7869915333,23,402,,2022-12-02 11:49:52,22.55,76.0,PMJAY
HOSP23P143305,23143305,Hospital,P,VIVANTA CRITCAL CARE,"DEV HEIGHTS , NEAR LIC OFFICE , PARASIA ROAD ,",9977098400,23,399,,2023-07-21 15:36:40,22.063045,78.917498,PMJAY
HOSP23P143415,23143415,Hospital,P,ASG Hospital Pvt Ltd,"Nigotia Tower C - 01,  City Center,Gwalior",8875020446,23,407,100013,2026-06-12 17:28:32,26.211437,78.187037,PMJAY
HOSP23P143642,23143642,Hospital,P,PARASNATH HOSPITAL,"54,HIG 54 PHASE 5 AYODHYA NAGAR",9893902900,23,396,100017,2023-03-22 20:22:31,23.274491,77.473093,PMJAY
HOSP23P143754,23143754,Hospital,P,SMT.RAMADEVI SMRITI MATERNITY AND NURSING HOME,GARGAJ COLONY OPP BAHODAPUR POLICE STATION  GWALIOR,9300999777,23,407,"100006,100012,100015,100023",2022-12-01 15:10:11,26.22892,78.14938,PMJAY
HOSP23P143930,23143930,Hospital,P,HELP AND CARE MULTI HOSPITAL,"CHHATRI NAKA, ARON ROAD, WARD NO  13, SIRONJ, VIDISHA",9977845344,23,437,"100005,100006,100015",2022-11-23 13:26:19,24.0993,77.6708,PMJAY
HOSP23P144102,23144102,Hospital,P,SUNSHINE HOSPITAL,"05,NEAR LOTUS ELECTRONICS KOHEFIZA",9826558282,23,396,,2022-11-30 13:34:04,23.265373,77.380207,PMJAY
HOSP23P144123,23144123,Hospital,P,OM HOSPITAL,"11 shastri nagar near Massey showroom chouraha ,",9425973895,23,419,100015,2023-06-26 13:10:27,24.460100,74.877795,PMJAY
HOSP23P144252,23144252,Hospital,P,SHREE BALAJI MULTISPECIALITY HOSPITAL ,"HIG 11 B SECTOR AYODHYA NAGAR RAISEN ROAD BHOPAL,",9977997234,23,396,"100005,100011,100015,100023",2022-09-01 15:19:31,23.276974838395105,77.46609764538789,PMJAY
HOSP23P144398,23144398,Hospital,P,AYUSHMAN MULTICARE HOSPITAL,"3 rathi market bhanpur chouraha bhopal,",8839006742,23,396,"100005,100006,100015",2022-09-01 15:16:57,23.2989930000001,77.432081,PMJAY
HOSP23P144630,23144630,Hospital,P,Vishesh Jupiter Hospital,"Near, Scheme No. 94, Sector 1,Ring Road, Teen Imli Square, Indore, Madhya Pradesh",9522006741,23,410,"100002,100003,100021",2022-09-21 13:12:32,22.7402710000001,75.9023530000001,PMJAY
HOSP23P145250,23145250,Hospital,P,CHHAVI EYE HOSPITAL,"2567 NEAR TELECOM FACTORY GATE NO. 2 MADAN MAHAL STATION ROAD,WRIGHT TOWN",9826013544,23,411,100013,2026-05-01 19:41:33,23.164323,79.921541,PMJAY
HOSP23P145556,23145556,Hospital,P,TARAN ONCO CARE,"1, ravindra nagar near patrakar square,Indore,",9009779517,23,410,100008,2023-12-06 12:37:41,22.7232020000001,75.894884,PMJAY
HOSP23P147022,23147022,Hospital,P,C3 Multispeciality Hospitals,"Plot No- 46-47 PU4 Commercial behind C21 mALL, a.B. Road, Indore,Plot No- 46-47 PU4 Commercial Behind C21 MALL, A.B. Road, Indore",9300220330,23,410,,2023-07-11 11:35:38,22.744744,75.8975,PMJAY
HOSP23P147056,23147056,Hospital,P,ram krishna hospital and trauma center ,"4 bejnath dham coloney ,ujjain road ",9575433253,23,667,"100006,100014,100015,100020,100023",2023-07-11 13:29:09,23.707670280289264,75.9980424198626,PMJAY
HOSP23P147166,23147166,Hospital,P,MUSKAN CHILDREN AND GENERAL HOSPITAL,147 Green Park Colony Berasia Road,7020400692,23,396,100017,2023-08-28 11:46:39,23.276843,77.403066,PMJAY
HOSP23P147578,23147578,Hospital,P,KUSHA BHAU THAKRE NURING COLLEGE AND HOSPITAL,"OPP IBD MARK CITY NEAR INAYATPUR THAUKHEDA KOLAR ROAD BHOPAL,",9826011037,23,396,"100005,100006,100008,100012,100015,100022,100023",2022-12-12 15:16:36,23.1825660000001,77.417623,PMJAY
HOSP23P148312,23148312,Hospital,P,SRJ WELLNESS LLP SRJ NETRALAYA,4 ANOOP NAGAR OPP SRJ CBCC CANCER HOSPITAL,9099974734,23,410,100013,2023-12-05 16:25:17,22.7195,75.8577,PMJAY
HOSP23P148380,23148380,Hospital,P,SR TULSI,"beside canara bank, gram bangarasia, bhopal,bangrasia",9229670367,23,396,"100005,100006,100011,100015,100023",2023-07-13 18:09:56,23.178491,77.417334,PMJAY
HOSP23P148590,23148590,Hospital,P,SHRI KRISHNA HOSPITAL AND RESERCH INSTITUTE ,"34 SATRAM DHAM ASHRAM KE PASS GWALIOR ROAD DATIA,",9229226477,23,401,"100005,100006,100015,100023",2023-04-12 11:58:30,25.143867,78.395447,PMJAY
HOSP23P148767,23148767,Hospital,P,JEEVANDAAN MULTISPECIALITY HOSPITAL,"KISAN MARKET ,NEAR BIJLI OFFICE LAMBAKHEDA ,BHOPAL,",9009400698,23,396,,2023-12-29 16:15:38,23.324123,77.404287,PMJAY
HOSP23P150657,23150657,Hospital,P,Prarthana Hospital And Research Centre,"beside PTS-New Bus Stand Flyover,PTS Bus Stand Road",8450855964,23,424,"100005,100006,100015,100017,100019,100023",2024-01-03 17:47:45,24.54038529285306,81.31646017667595,PMJAY
HOSP23P158811,23158811,Hospital,P,Swastik Multispeciality Hospital And Research Centre,"ITI Road Infront of Interstate Bus Terminus ,Deendayal Chowk Jabalpur",7566635352,23,411,"100001,100002,100003,100005,100006,100008,100011,100012,100013,100014,100015,100016,100017,100018,100019,100020,100022,100023",2026-05-01 20:02:20,23.194326,79.911345,PMJAY
HOSP23P159091,23159091,Hospital,P,LBS HOSPITAL BERASIA,"WARD NO 9 MAIN BHOPAL ROAD BERASIA,",9993940723,23,396,,2024-10-18 09:24:05.469,23.622280,77.430484,PMJAY
HOSP23P159250,23159250,Hospital,P,DKS Hospital Multispeciality Trauma and Critical Care Centre,"Plot 23 Gram Beheta Behind Shikhar Palace ,Sehore Naka Bairagarh Bhopal",9425025035,23,396,"100001,100005,100006,100008,100011,100012,100014,100015,100017,100019,100020,100022,100023",2024-01-01 12:17:16,23.270213,77.325809,PMJAY
HOSP23P159523,23159523,Hospital,P,BHOPAL CARE HOSPITAL,"PH NO 46, NOS M/106,MAIN ROAD BANAPURA, SEONI MALWA",9039918363,23,409,"100005,100015",2023-12-27 18:42:27,22.467538009375474,77.48165231779109,PMJAY
HOSP23P160511,23160511,Hospital,P,BISEN ORTHO CARE AND MULTISPECIALITY HOSPITAL,"NEAR S P BUNGLOW ,BABARIYA ROAD ,BARAPATHER,",7509084645,23,428,"100001,100005,100006,100010,100011,100012,100014,100015,100016,100017,100018,100019,100020,100023",2023-07-12 14:50:54,22.090651,79.549562,PMJAY
HOSP23P163594,23163594,Hospital,P,BANSAL HOSPITAL SAGAR,"44/2,44/3 PRABHAKAR NAGAR,MAKRONIYA",6262091234,23,425,,2023-08-02 18:23:49,23.854941,78.714866,PMJAY
HOSP23P164379,23164379,Hospital,P,AYOSHYA SHREE HOSPITAL AND TRAUMA CENTER LLP,"plot no 56 ahinsa vihar,ayodhya by-pass road",7697832183,23,396,"100011,100015,100020,100023",2023-09-26 17:13:16,23.269387,77.473642,PMJAY
HOSP23P165706,23165706,Hospital,P,VIVEK MEMORIAL HOSPITAL,"VIVEK MEMORIAL HOSPITAL, 11-C/3, SCHEME NO. 78, OPP. SOMYA MOTORS, MAHINDRA SHOWROOM,OPP. SOMYA MOTORS",9893780354,23,410,"100008,100011,100015,100020,100022,100023",2024-02-06 11:18:08,22.701355,75.9082530000001,PMJAY
HOSP23P165754,23165754,Hospital,P,SHREE MULTISPECIALITY HOSPITAL,"271/2A ,SAKET NAGAR",8818815656,23,396,,2023-09-27 11:47:30,23.213890,77.457175,PMJAY
HOSP23P168936,23168936,Hospital,P,BHOPAL HOSPITAL AND RESEARCH CENTER,"02 ,SHRI RAM COLONY HOSHANGABAD ROAD ,BHOPAL,",6261790747,23,396,"100005,100012,100015,100020,100023",2024-01-03 17:55:31,23.173487298919973,77.46024453589662,PMJAY
HOSP23P169963,23169963,Hospital,P,ARERA HOSPITAL VIDISHA ,"E3-240, ARERA COLONY BHOPAL,",7471111351,23,396,"100001,100002,100005,100006,100008,100011,100014,100015,100019,100020,100022,100023",2023-09-22 19:26:06,23.215203031753205,77.4385860626719,PMJAY
HOSP23P170715,23170715,Hospital,P,Kishnani Hospital,"Sant Hirdaram nagar Bhopal ,",9893060254,23,396,"100001,100002,100005,100006,100011,100012,100013,100014,100015,100016,100017,100018,100019,100020,100022,100023",2023-09-27 11:13:27,23.272159,77.344611,PMJAY
HOSP23P171654,23171654,Hospital,P,ANAND HOSPITAL,"private bus Stand, Satkar Square, parasia road Chhindwara,Private Bus Stand, Satkar Square, Parasia Road Chhindwara",7225026110,23,399,"100004,100005,100015,100020,100023",2023-09-15 16:40:25,22.057433,78.936562,PMJAY
HOSP23P171912,23171912,Hospital,P,ASG HOSPITAL PVT LTD,"124, Near Shastri Bridge ,Napier Town ,JABALPUR MADHYA PRADESH ,Madhya pradesh",8875020446,23,411,100013,2026-05-30 14:11:15,23.160465,79.9300620000001,PMJAY
HOSP23P174308,23174308,Hospital,P,SHRI SHANKAR HOSPITAL,"WARD NO. 10,NEAR SBI (ADB BRANCH) BANK SANCHI ROAD VIDISHA M.P.",9425149299,23,437,100002,2024-01-08 11:24:16,23.5139360000001,77.79370500000005,PMJAY
HOSP23P174844,23174844,Hospital,P,Life Crae Hospital And Research Centre ,"Anantpur ,Janta College Road ",8435388888,23,424,"100005,100006,100015",2023-12-29 11:53:41,24.56085638166897,81.32311157090794,PMJAY
HOSP23P183636,23183636,Hospital,P,YASHODA HOSPITAL,"near dwarikadeesh mandir kumharpura, Thatipur, Gwalior, Madhya Pradesh 474011,",9425111956,23,407,"100006,100011,100014,100015,100019,100022,100023",2024-02-12 16:18:25,26.225538,78.196367,PMJAY
HOSP23P184795,23184795,Hospital,P,CHL CHARITABLE TRUST HOSPITAL ,"SCHEME NO 114 PART 1 A B ROAD NEAR NIRANJANPUR ,",9826070004,23,410,"100002,100003,100008,100021,100022",2024-01-04 14:57:02,22.738079,75.888123,PMJAY
HOSP23P26161518,161518,,P,Shalby hospital,"Race course road, Near Janjeerwala Square,",7089909764,23,410,"100008,100021,100022",2026-06-16 10:57:28,22.719114,75.870121,PMJAY
HOSP23P185335,23185335,Hospital,P,Samriddhi Hospital,"mandloi Market Village Kurana baiora bypass Road,",9893686162,23,396,"100015,100020,100023",2024-07-30 17:55:33,23.3307280000001,77.3169300000001,PMJAY
HOSP23P188401,23188401,Daycare Centre,P,anandam netralaya,"Anandam Netralaya, 16/1/3 Race Course Road Near Sodani Diagnostics ,Indore, M.p.,ab road shajapur",7983110278,23,410,100013,2024-09-05 16:50:35,22.726344,75.879174,PMJAY
HOSP23P191461,23191461,Hospital,P,INDORE CITY HOSPITAL,"124 RAU KHEDI ,NEAR TOLL BY PASS",9926663077,23,410,"100005,100006,100012,100015,100017,100020,100023",2024-07-14 13:28:51,22.835799000135452,75.94055600002025,PMJAY
HOSP23P192668,23192668,Hospital,P,VIJAY SHREE HOSPITAL,"HIG 3 ,Near SBI Bank Adarsh Colony",9993823003,23,396,"100006,100015,100019,100023",2024-07-11 17:23:28,23.277346,77.352055,PMJAY
HOSP23P193176,23193176,Hospital,P,Sigma Hospital,"3,comfort heritage society, Ayodhya Bypass road",8319860986,23,396,"100005,100006,100011,100015,100020,100022,100023",2024-07-10 16:19:51,23.264632980190356,77.47253110064844,PMJAY
HOSP23P194703,23194703,Hospital,P,RAM KRISHNA MEDICAL COLLEGE HOSPITAL AND RESEARCH CENTRE BHOPAL ,"INAYATPUR KOLAR ROAD,NEAR MOTHER TERESA SCHOOL",8770172433,23,396,"100004,100005,100006,100012,100013,100015,100016,100017,100018,100020",2024-07-09 16:50:32,23.181590,77.417430,PMJAY
HOSP23P194980,23194980,Hospital,P,LIFE LINE HOSPITAL,"WARD NO 25 RAM GOPAL MOTI BABA MANDIR KANCHI MOHALLA SEHORE ,",7000606119,23,427,100005,2025-01-29 12:38:10,23.203094000000107,77.08416499999998,PMJAY
HOSP23P198018,23198018,Hospital,P,INDEX MEDICAL COLLEGE HOSPITAL AND RESEARCH CENTRE,"NH59A NEAR KHUDEL VILLAGE, INDORE,",9109157880,23,410,,2024-07-14 10:03:07,22.68,76.05,PMJAY
HOSP23P198710,23198710,Hospital,P,SHREE HOSPITAL,"Ram Nagar ,Station Road,Mandideep,NEAR AMBEDKAR BHAWAN, shanti nagar",9009223966,23,421,"100005,100006",2025-01-24 14:34:34,23.09,77.51,PMJAY
HOSP23P199287,23199287,Hospital,P,Sadbhawna Facture Hospital,"Shivam vatika ,",9165071232,23,408,100015,2024-10-19 12:48:46.612,22.347158257801496,77.10345847485155,PMJAY
HOSP23P204034,23204034,Hospital,P,SN KRISHNA HOSPITAL,"SINDHI COLONY , UJJAIN ,",8989705007,23,435,"100001,100002,100003,100004,100005,100006,100007,100008,100010,100011,100014,100015,100016,100017,100018,100019,100020,100022,100023",2024-07-06 16:18:31,23.179299999999984,75.78491200000008,PMJAY
HOSP23P204159,23204159,Hospital,P,Apple Hospital FUHRC,"15/2 Transport Nagar, Bhawarkuan,",7987627393,23,410,,2024-08-29 11:16:22,22.694800,75.861900,PMJAY
HOSP23P204213,23204213,Hospital,P,Claris Hospital,"aadarsh Nagar Parasia Road,",9599042565,23,399,,2025-01-24 15:57:03,22.063408000000635,78.91610199999923,PMJAY
HOSP23P204296,23204296,Hospital,P,Swastik Hospital Bhopal,"Patel Nagar near by Anand Nagar Bhopal,",9713424007,23,396,"100008,100015,100022,100023",2024-07-11 17:29:37,23.2323180000001,77.4089240000001,PMJAY
HOSP23P204350,23204350,Hospital,P,AWADH MULTISPECIALITY HOSPITAL ,NEAR PANCHAYAT BHAWAN GRAM BARKHEDI SEHORE 466001,9301531637,23,427,,2024-07-26 18:04:45,23.02947,77.04040,PMJAY
HOSP23P205229,23205229,Hospital,P,ABHISHREE HOSPITAL PVT LTD,PLOT NO 22 C SECTOR INDRAPURI RAISEN ROAD BHOPAL,8319643501,23,396,"100005,100006,100011,100015,100019,100020,100022,100023",2024-10-29 14:22:51,23.25010,77.46590,PMJAY
HOSP23P205544,23205544,Hospital,P,JEEVAN SHRI HOSPITAL,35 RADHA KRISHNA COLONY KAROND BYPASS ROAD,8305122441,23,396,"100005,100012,100015,100023",2024-07-25 18:28:45,23.30301435,77.40896408,PMJAY
HOSP23P205638,23205638,Hospital,P,SARDAR PATEL HOSPITAL ,ROYAL MARKET BHOPAL ,6267454999,23,396,,2024-10-23 13:58:01,23.26134,77.39375,PMJAY
HOSP23P205794,23205794,Hospital,P,ClearMedi Paridhi Multispeciality Hospital Gwalior,"111, near S.B.I Bank Regional Office, City Center, Kailash Vihar, Tulsi Vihar Colony, Gwalior,",8800665353,23,407,"100005,100006,100008,100011,100014,100015,100016,100019,100020,100022,100023",2025-01-15 11:47:23.238,26.204557,78.192381,PMJAY
HOSP23P208631,23208631,Hospital,P,ERIKA HOSPITAL MULTISPACILITY PVT LTD,"A.B. ROAD, IN FRONT OF M.G. CONVENT SCHOOL MARIMATA BAGH SHAJAPUR (M.P.),",9893142397,23,430,"100006,100015",2025-01-20 15:05:08,23.427136,76.293737,PMJAY
HOSP23P208830,23208830,Hospital,P,DEVRAJ INSTITUTE OF MEDICAL SCIENCES ,"BADAGAON VILLAGE KHURERI HIGHWAY GWALIOR MADHYA PRADESH,",9826296555,23,407,"100005,100006,100010,100013,100015,100016,100019,100020,100023",2025-01-17 15:59:33,26.24953,78.2804970000001,PMJAY
HOSP23P208845,23208845,Hospital,P,SWASTIK CANCER HOSPITAL AND SUPERSPECIALITY CENTER ,"28/03/20, VILLAGE AGARIYA CHOPRA , RAISEN ,SACHI BLOCK,DIST. RAISEN,",9713424007,23,421,"100005,100006,100008,100011,100014,100015,100021,100022",2025-01-16 17:20:04,23.26478,77.59811,PMJAY
HOSP23P209343,23209343,Hospital,P,JASH HOSPITAL AND RESEARCH CENTER,"CITY CENTER MALL NEAR GANDHI PARK SHUJALPUR,MG ROAD",9755395959,23,430,"100001,100002,100005,100006,100008,100010,100011,100012,100013,100014,100015,100016,100017,100018,100019,100020,100022,100023,100027",2024-11-19 14:41:36,23.406005649106902,76.69688756025312,PMJAY
HOSP23P209379,23209379,Hospital,P,Hayat Multispecialty Hospital,"Waqf Complex, Liyaqat Market, New Categorised Market,",9893312633,23,396,"100005,100006,100011,100019,100020",2025-01-23 18:32:17,23.269524,77.40757,PMJAY
HS24001114,24001114,Hospital,P,Aaryan Institute of Medical Science,"Aims Hospital, ,Near.Navanaka",9825355422,24,449,"100006,100015,100020,100023",2018-09-14 17:25:10,22.835026,69.354992,PMJAY
HS24001116,24001116,Medical College Hospital,P,GAIMS TEACHING HOSPITAL,"GK GENERAL HOSPITAL ,",9898277842,24,449,"100001,100005,100006,100009,100010,100012,100013,100015,100016,100017,100019,100020",2018-09-14 13:06:28,23.240746781432932,69.67413476187323,PMJAY
HS24002212,24002212,Hospital,P,MAVJAT MULTISPECIALITY HOSPITAL,"Mansarovar Lake,",9724867905,24,441,"100002,100003,100006,100010,100011,100012,100015,100016,100017,100019,100020,100023",2018-09-14 17:25:10,24.180357,72.433395,PMJAY
HS24003138,24003138,Hospital,P,AGRAWAL HOPSITAL,"KILACHAND CENTER STATION ROAD,",9426701734,24,455,"100006,100023",2018-09-14 17:25:10,23.852717,72.126888,PMJAY
HS24005259,24005259,Hospital,G,Primary Health Center Jashvantgadh,"primary Health Center  jasavantgadh,",9033519171,24,458,"100005,100011,100012,100013,100018,10083",2018-08-02 17:26:31,23.80539485802987,72.87629027318212,PMJAY
HS24005269,24005269,Hospital,G,Primary Health Centre Kherol,"village-Kherol,Ta-Talod,Di-Sabarkantha,",9687679102,24,458,"100001,100004,100005,100007,100017,100026,10083",2018-08-02 17:26:31,23.306618735503577,72.93667071312461,PMJAY
HS24005280,24005280,Hospital,G,PHC VADAGAM,"PRIMARY HEALTH CENTRE VADAGAM,NEAR SHREYAS HIGH SCHOOL VADAGAM",9879983878,24,672,"100001,100003,100004,100005,100007,100008,100009,100010,100012,100014,100016,100017,100019,100023,100026,10083",2018-08-02 17:26:31,23.335544,73.1357300000001,PMJAY
HS24005286,24005286,Hospital,G,Primary Health Center Hadiyol,"Hadiyol,",9687679020,24,458,"100001,100004,100005,100007,100012,100017,100026,10083",2018-08-02 17:26:31,23.5494600000001,72.991315,PMJAY
HS24007086,24007086,Hospital,G,THE GUJARAT CANCER AND RESEARCH INSTITUTE,The Gujarat Cancer and Research Institute  M.P.Shah cancer Hospital civil campus asarva,9099926525,24,438,"100004,100005,100006,100007,100008,100011,100012,100013,100014,100015,100016,100017,100018,100019,100021,100022,100023,100028,10083",2018-08-02 17:26:31,23.0509556,72.6072205,PMJAY
HS24007087,24007087,Hospital,G,U.N.MEHTA INSTITUTE OF CARDIOLOGY  RESEARCH CENTRE,"MEDICITY CAMPUS, CIVIL HOSPITAL,ASARWA",9099955106,24,438,"100001,100002,100003,100004,100005,100006,100007,100008,100009,100010,100011,100012,100014,100015,100016,100017,100018,100019,100020,100023,100026,100028,10083",2021-03-17 11:15:19,23.051420584615315,72.60129657261143,PMJAY
HS24007156,24007156,Medical College Hospital,P,GCS MEDICAL COLLEGE HOSPITAL AND RESEARCH CENTRE,"OPP. DRM OFFICE, NR. CHAMUNDA BRIDGE, NARODA ROAD,AHMEDABAD-380025,",9825386037,24,438,,2026-06-29 13:16:49,23.039304,72.610518,PMJAY
HS24007207,24007207,Medical College Hospital,P,SMT SMS MULTISPECIALITY HOSPITAL,"opp Akshar III ,Near Tapovan circle ,  Visat gandhinagar highway Chandkheda,chandkheda ",9898733374,24,438,,2026-06-29 13:34:56,23.117128,72.606574,PMJAY
HS24008086,24008086,Hospital,P,SAVA AAYUSH SUPER SPECIALITY HOSPITAL,"SAVA HOSPITAL,",9081288851,24,460,"100006,100010,100011,100012,100015,100016,100017,100020,100023",2018-09-14 13:06:28,22.717376,71.639274,PMJAY
HS24009092,24009092,Hospital,P,B.T. SAVANI KIDNEY HOSPITAL,"BT SAVANI KIDNEY HOSPITAL,NEAR UNIVERSITY GATE UNIVERSITY ROAD",8128987939,24,457,100023,2018-09-14 13:06:28,22.287273,70.752955,PMJAY
HS24009186,24009186,Hospital,P,AAYUSH MULTISPECIALITY HOSPITAL,"SAVASAR PLOAT MORBI,NEAR OLD BUS STAND ",8140700050,24,673,"100002,100006,100010,100011,100012,100015,100017,100020,100023",2018-09-14 13:06:28,22.806492,70.87796,PMJAY
HS24010049,24010049,Hospital,P,Saket The Institute of Endosurgery,"Saket Hospital, Near of railway station,,Jam Khambhaliya",9825407535,24,674,"100006,100023",2018-09-14 13:06:28,22.215839252898178,69.65798275964801,PMJAY
HS24011034,24011034,Hospital,G,COMMUNITY HEALTH CENTER MADHAVPUR GHED,"GOVERNMENT HOSPITAL,PORBANDAR SOMNATH HIGHWAY NR HOTEL MADHUVAN",7567876275,24,456,"100001,100003,100004,100005,100006,100007,100008,100009,100010,100012,100014,100016,100017,100019,100023,100026,10083",2018-08-02 17:26:31,21.258607,69.956131,PMJAY
HS24012136,24012136,Hospital,P,ADITYA BIRLA HOSPITAL,"POST OFFICE ROAD VERAVAL,",9227493274,24,675,"100006,100010,100013,100015,100017,100020,100023",2018-09-14 17:25:10,20.914054,70.366128,PMJAY
HS24013070,24013070,Hospital,P,NETRA CHIKITSA TRUST HOSPITAL,"near dutt temple,chital road - ",9978966629,24,439,"100005,100006,100010,100012,100013,100015,100016,100017,100020,100023",2018-09-14 17:25:10,21.614943,71.219467,PMJAY
HS24013101,24013101,Hospital,G,Primary Health Center Chavand,"to Chavand Ta lathi ,Rajkot Bhavnagar Road",9727723345,24,439,"100001,100004,100005,100007,100017,100026,10083",2018-09-11 11:58:34,21.8083790000001,71.39786,PMJAY
HS24016101,24016101,Hospital,G,Primary Health Center Antroli,"PHC Antroli,Antroli Village",9428282965,24,450,"100001,100003,100004,100005,100007,100008,100009,100010,100012,100014,100016,100017,100019,100023,100026,10083",2018-08-02 17:26:31,23.0040000000001,73.0149000000001,PMJAY
HS24017129,24017129,Hospital,G,CHC Jambughoda,"Jambughoda,",7567867270,24,454,"100001,100003,100004,100005,100007,100008,100009,100010,100012,100014,100016,100017,100019,100023,100026,10083",2018-09-11 19:25:12,22.369865,73.731283,PMJAY
HS24019196,24019196,Hospital,P,ISHA HOSPITAL,"ISHA HOSPITAL,Behind Atlantis, Opp. Vadodara Central, Sarabhai Campus, Sarabhai Main Road, Vadodara",9824428283,24,461,,2018-09-14 13:06:28,22.317827,73.167065,PMJAY
HS24019197,24019197,Hospital,P,KAILASH CANCER HOSPITAL AND RESEARCH CENTRE HOSPITAL,"MUNI SEVA ASHRAM,KAILASH CANCER HOSPITAL AND REASERACH CHENTRE",9974094154,24,461,"100008,100011,100015,100020,100021,100022,100023",2018-09-20 15:47:27,22.2914450000001,73.3224190000001,PMJAY
HS24020052,24020052,Hospital,G,PHC ZARIYA,"SHCOOL ZARIYA,ZARIYA",9978986381,24,452,"100005,100011,100013,100018,10083",2018-09-12 11:41:19,21.9199780000001,73.7278690000001,PMJAY
HS24021084,24021084,Hospital,P,SHRIMATI JAYABEN MODY HOSPITAL,"F/106/BHARUCH,VALIA ROAD , GIDC ANKLESHWAR ",9724923069,24,442,"100006,100008,100012,100015,100017,100021,100022,100023",2018-09-14 13:06:28,21.614913,73.007560,PMJAY
HS24022124,24022124,Hospital,G,PRIMARY HEALTH CENTRE KARCHELIYA,"HWc KARCHELIYA ,NEAR BUS STAND ",9727709599,24,459,"100001,100002,100003,100004,100005,100006,100007,100008,100009,100010,100012,100014,100016,100017,100019,100023,100026,10083",2018-08-02 17:26:31,20.9861270000001,73.157001,PMJAY
HS24022136,24022136,Hospital,P,METAS OF SEVENTH DAY ADVENTISTS HOSPITAL,"Metas Hospital ,Metas Hospital",9420730717,24,459,"100005,100006,100012,100015,100020,100023",2018-09-14 17:25:10,21.182482,72.809571,PMJAY
HS24023023,24023023,Hospital,G,PHC SAKARPATAL,"PHC CAMPUS,WAGHAI SAPUTARA ROAD",8320828561,24,444,"100001,100003,100004,100005,100007,100009,100010,100014,100016,100017,100019,100023,100026,10083",2018-09-12 11:39:26,20.7960533079567,73.5243008099932,PMJAY
HS24024085,24024085,Hospital,G,primary health center Hond,"PHC HOND ,nEAR BY GRAMPANCHAYAT HOND OR NH NO 48 HOND ",9727704055,24,453,"100001,100003,100004,100005,100007,100009,100010,100011,100013,100014,100016,100017,100018,100019,100023,100026,10083",2018-08-02 17:26:31,20.7334010000001,73.0295180000001,PMJAY
HS24025041,24025041,Hospital,P,SHRIMAD RAJCHANDRA HOSPITAL,"DHARAMPUR BY PASS ROAD , BILPUDI,",9998570964,24,462,,2018-09-20 15:47:27,20.535706,73.187328,PMJAY
HOSP24P101175,24101175,Hospital,P,LAXMI HOSPITAL ,"3rd and 4th floor shivani avenue jawahar crooss road maninagar,3rd And 4th Floor Shivani Avenue Jawahar Crooss Road Maninagar",8320172803,24,438,"100005,100023",2021-02-02 18:16:18,22.994754,72.603587,PMJAY
HOSP24P101388,24101388,Hospital,P,Apollo CVHF Heart Institute,"APOLLO CVHF HEART INSTITUTE,S G HIGHWAY",9426360149,24,438,"100002,100003",2026-05-26 20:44:37,23.040956,72.512278,PMJAY
HOSP24P106991,24106991,Hospital,P,RENUS KIDNEY HOSPITAL,"505,RENUS KIDNEY HOSPITAL,GOLDEN ICON,,132 FEET RING ROAD,NR.SHIVARANJNI FLYOVER,SATTELITE",9099921224,24,438,100005,2019-12-12 17:18:57,23.0184,72.5297,PMJAY
HOSP24P108629,24108629,Hospital,P,ZYDUS HOSPITAL,"Anand-Lambhvel Road, Zydus Rd, Nanikhodiyar, Anand, ,",8980010012,24,440,"100002,100003,100023",2020-03-05 15:54:13,22.564125,72.9571680000001,PMJAY
HOSP24P110934,24110934,Hospital,P,Maitreya Multi Superspeciality Hospital,"OP. NEXA SHOW ROOM, SOMESHWAR CIRCLE, UNIVERSITY ROAD,OMESHWAR CIRCLE",9925242020,24,459,"100002,100003,100011,100015,100020",2020-05-16 14:16:21,21.169716,72.836951,PMJAY
HOSP24G112277,24112277,Hospital,G,Primary Health Centre MAJEVADI,"MAJEVADI,NEAR GRAM PANCHAYAT,MAJEVADI",7567884908,24,448,"100004,100005,100006,100012",2020-09-07 14:22:43,21.607847,70.412358,PMJAY
HOSP24G112551,24112551,Hospital,G,PHC MOTI MONPARI,"sarsai road plot vistar,",9664947742,24,448,"100004,100005,100006",2020-11-25 11:33:29,21.300250,70.688228,PMJAY
HOSP24P112895,24112895,Hospital,P,MARENGO ASIA HEALTHCARE PRIVATE LIMITED,"PLOT NO 67/1 OPP PANCHAMRUT BUNGLOWS,NEAR SHUKAN MALL OFF SCIENCE CITY ROAD SOLA AHMEDABAD",9825108257,24,438,"100005,100008,100021,100022",2026-07-15 10:28:14,23.069828,72.517409,PMJAY
HOSP24P113165,24113165,Hospital,P,MEDIPOLIS LIFE CARE LLP,"B-1, MEDIPOLIS LIFECARE,PALANPUR-DEESA HIGHWAY",7861868218,24,441,"100006,100023",2020-06-19 12:47:21,24.175814,72.406808,PMJAY
HOSP24G113415,24113415,Hospital,G,PHC KALARANI,"MALVAN FALIYA HARIPURAROAD,",7567867446,24,668,"100005,100012,10083",2020-11-25 11:33:29,22.211824657131658,73.86640144769808,PMJAY
HOSP24P113464,24113464,Hospital,P,KIMAYA HEART INSTITUTE AND RESEARCH CENTRE,"b-2 medipolis,deesa highway,palanpur",9819309733,24,441,"100002,100003",2020-06-19 12:48:38,24.175706,72.406862,PMJAY
HOSP24P120640,24120640,Hospital,P,SHANKUS HOSPITALS PRIVATE LIMITED PALANPUR UNIT,"9/1742,NEAR AROMA CIRCLE , DEESA HIGHWAY",8238723980,24,441,"100008,100022",2020-12-24 17:33:20,24.177170,72.408633,PMJAY
HOSP24P122440,24122440,Hospital,P,KJMH LIFECARE PRIVATE LIMITED,"KJ multispeciality hospital,Near 9 squar complex zanzarda cross road",9624913331,24,448,"100002,100003,100006,100011,100015,100020,100023",2021-03-04 11:07:43,21.522200,70.432700,PMJAY
HOSP24P122522,24122522,Hospital,P,SURAT INSTITUTE OF MEDICAL SCIENCE LLP,"BESIDE MODH VANIK VADI,KATARGAM LALDARWAZA ROAD,NEAR SURAT RAILWAY STATION",7041124300,24,459,"100002,100003,100005,100006,100015,100020,100023",2021-04-03 11:58:47,21.207315,72.834451,PMJAY
HOSP24G123163,24123163,Hospital,G,PHC Banthivada,"Banthivada,",7874676847,24,672,"100004,100005,10083",2022-09-26 11:27:56,23.477139,73.5289650000001,PMJAY
HOSP24G123176,24123176,Hospital,G,DR VINODBHAI MENAT,"PHC KASANA TA-MEGHRAJ DISTRICT-ARVALLI,",9328151267,24,672,"100004,100005,10083",2021-01-18 14:35:02,23.5717000000001,73.5636000000001,PMJAY
HOSP24P123748,24123748,Hospital,P,SHREE GIRIRAJ MULTISEPECIALITY HOSPITAL,"Shree Giriraj Hospital, 27 Navjyot Park corner,150 FEET RING ROAD",9925000504,24,457,"100002,100003,100005,100006,100007,100008,100011,100015,100016,100020,100021,100022,100023",2021-12-09 12:44:35,22.283450,70.773522,PMJAY
HOSP24T124562,24124562,Hospital,P,BAPS SHASTRIJI MAHARAJ HOSPITAL,"BAPS SHASTRIJI MAHARAJ HOSPITAL,OPP. BAPS SHREE SWAMINARAYAN MANDIR,ATLADARA,VADODARA.",9998991050,24,461,,2022-03-16 13:51:20,22.274670,73.156881,PMJAY
HOSP24P125282,24125282,Hospital,P,SHANKUS HOSPITALS PRIVATE LIMITED CITY CENTER UNIT,"2nd floor ,Vijay kothi,b/h Rajkamal Petrol Pump ",9099080003,24,451,"100002,100003,100005,100006,100023",2021-12-07 13:35:24,23.596714,72.379058,PMJAY
HOSP24T125288,24125288,Hospital,P,Nirali Cancer Hospital,"A M NAIK HEALTHCARE COMPLEX,N H 48 NAVSARI",9152957310,24,453,"100008,100021,100022",2021-06-15 13:23:59,20.941099,72.968993,PMJAY
HOSP24P129906,24129906,Hospital,P,AAIHMS HOSPITAL AND RESEARCH CENTRE LIMITED,"7,8, AAKAR SOCIETY SAHJANAND SSWAMINARAYAN MANDIR SIMADANAKA SURAT,",9033004564,24,459,"100002,100006,100007,100011,100012,100014,100015,100016,100020,100023",2021-10-13 18:36:19,21.226369,72.895970,PMJAY
HOSP24P130175,24130175,Hospital,P,HRIDYAM HOSPITAL,"Hridyam Hospital,GMERS college cross road N.H. 8",9913701470,24,458,"100002,100003",2022-01-11 17:55:26,23.580724,72.965671,PMJAY
HOSP24G130272,24130272,Hospital,G,GOVT.DENTAL COLLEGE & HOSPITAL  ,"nAVAGAM GHED,",9824282509,24,447,"100014,10083",2021-11-26 15:33:49,22.482904564767395,70.06793546442691,PMJAY
HOSP24G130311,24130311,Hospital,G,PHC CHALAMALI,"At-phc chalamali,po- chalamali,TA- bodeli,dis - chhotaudepur ,",6354028699,24,668,"100005,100012,100013,10083",2021-07-08 12:56:14,22.13956090630971,73.8282353922624,PMJAY
HOSP24P130364,24130364,Hospital,P,SHANKUS HOSPITALS PRIVATE LIMITED HIMMATNAGAR UNIT,"10122235/52,FF 1-8 fIRST FLOOR ,ASHWAMEGH COMPLEX ,OPP NEW CIVIL HOSPITAL , MOTIPURA , HIMMATNAGAR",8238723980,24,458,"100006,100008,100021,100022,100023",2022-03-05 10:42:57,23.573755,72.965002,PMJAY
HOSP24P130738,24130738,Hospital,P,SHANKUS HOSPITALS PRIVATE LIMITED PATAN UNIT,"Apollo Business center ,Hasanpur , Unza Patan Highway",9099080003,24,455,"100008,100021,100022",2022-03-05 10:42:07,23.841530,72.155697,PMJAY
HOSP24P130834,24130834,Hospital,P,7X MULTI SPECIALITY HOSPITAL,"4TH FLOOR, 7X CORRIDOR, OPP MOTIVIN BAUG, SONERI MEHAL ROAD,,",9426478067,24,442,"100006,100012,100015",2021-12-01 18:00:17,21.697670,72.987666,PMJAY
HOSP24T131148,24131148,Hospital,P,BAPS YOGIJI MAHARAJ HOSPITAL,"OPP BAPS SWAMINARAYAN TEMPLE,SHAHIBAUG, ",9998992110,24,438,100005,2022-02-14 17:10:53,23.046235,72.588761,PMJAY
HOSP24P131615,24131615,Hospital,P,AARNA SUPERSPECIALITY HOSPITAL,"SHANT PRABHA HEIGHT, ,OPP. RAMUJILAL HALL, JAWARHAR CHOWK, MANINAGAR, AHMEDABAD",8469131341,24,438,100023,2021-12-04 11:51:10,22.9949770000001,72.602311,PMJAY
HOSP24P134237,24134237,Hospital,P,STAR SYNERGY HOSPITAL A UNIT OF SAURASHTRA MEDICARE LLP,"Opp. Vishweshar Mahadev Temple,,Mavdi Main Road, Rajkot",9512140075,24,457,"100002,100003,100008,100015,100020,100021,100022,100023",2022-02-08 17:53:44,22.268152,70.787786,PMJAY
HOSP24T134352,24134352,Hospital,P,ADAMT KOTHIYA HOSPITAL,"B/H Torrent Power Station Uttamnagar Nikol Road,Ahmedabad Gujarat 382350,",9924020100,24,438,"100002,100003,100005,100006,100007,100008,100010,100011,100012,100015,100017,100020,100021,100022,100023",2021-12-14 20:38:46,23.040204,72.649414,PMJAY
HOSP24P136020,24136020,Hospital,P,Health 1 Super Speciality Hospital,"Health 1 Super Speciality Hospital, Near Swati Clover,Shilaj Circle, Thaltej",8141003987,24,438,"100002,100003,100008,100022,100023",2022-03-29 17:39:24,23.041191,72.484975,PMJAY
HOSP24P136202,24136202,Hospital,P,VRUDAM INSTITUTE OF MEDICAL SCIENCE,"VRUDAM INSTITUTE OF MEDICAL SCIENCE,PUNA PATIYA JUNCTION, PARVAT PATIYA",9925181231,24,459,,2022-05-10 12:15:35,21.190716,72.870101,PMJAY
HOSP24P136205,24136205,Hospital,P,SAFAL HEART HOSPITAL,"second floor Shivam Orbit,motipyra, ,",8980007685,24,458,"100002,100003",2022-03-31 11:01:51,23.578546,72.957856,PMJAY
HOSP24P136961,24136961,Hospital,P,Shukan multispeciality hospital and trauma center,"AMITNAGAR CIRCLE,vIP road,karelibaug",9960240418,24,461,100005,2023-02-22 15:46:52,22.327433,73.208749,PMJAY
HOSP24P137409,24137409,Hospital,P,CARE AND CURE MULTI SPECIALITY HOSPITAL,"13,14,15 NILAM KUNJ SOCIETY NR. GOKUL NATHJI HAVELI, SHAH E ALAMROAD, MANINAGAR ,AHMEDABAD,BHAIRAVNATH ROAD, mIRA CINEMA ",7861813100,24,438,"100002,100003,100007,100015,100020,100023",2022-09-27 16:02:43,22.992484,72.601561,PMJAY
HOSP24P137736,24137736,Hospital,P,NIDHI HOSPITAL,"Shree Kunj Building Stadium Commerce College Road, Commerce Six Rd, Nr Azad Sweets, Navrangpura, Ahmedabad, Gujarat,Nr Azad Sweets, Navrangpura, Ahmedabad, Gujarat",9824400458,24,438,"100015,100020,100023",2022-11-17 15:28:19,23.040084,72.561505,PMJAY
HOSP24P141699,24141699,Hospital,P,Samanvay Hospital,"Samanvay Hospital,Opp Raneshwar Temple, Vasna Road, vadodara",9081224499,24,461,"100002,100003,100005,100015,100020",2022-12-26 12:15:03,22.295083,73.149784,PMJAY
HOSP24P142027,24142027,Hospital,P,GANGOTRI ORTHOPEDIC AND MULTISPECIALITY HOSPITAL,"2nd Floor shanti niketan business center,Gangotri Circle",7820028008,24,438,"100015,100020",2022-11-17 15:18:51,23.045665274435862,72.66947408048804,PMJAY
HOSP24P142275,24142275,Hospital,P,ICONIC1010 Hospital International Private Limited,"Off Sindhu Bhavan Road, Lane Besides Stellar Complex, Bodakdev,Bodakdev",9825699345,24,438,"100002,100003,100015,100020",2022-05-31 17:07:33,23.038084,72.506165,PMJAY
HOSP24P143089,24143089,Hospital,P,OSWAL AAYUSH SUPER SPECIALITY HOSPITAL,"56/56, digvijay Plot,Opp. Police Chowki Chowk",9512612224,24,447,"100006,100010,100011,100012,100015,100017,100020,100023",2022-05-27 16:17:25,22.461517,70.065299,PMJAY
HOSP24P144169,24144169,Hospital,P,AADICURA SUPERSPECIALITY HOSPITAL,"Aadicura Superspeciality Hospital,Winward Business Park, Jetalpur Road ",9824021535,24,461,100005,2022-10-12 10:57:24,22.309222737465632,73.17013814510096,PMJAY
HOSP24P144256,24144256,Hospital,P,PP MANIYA HOSPITAL PRIVATE LIMITED ,"NR. MAMATA PARK SOCIETY-1, OPP. DHARUKLA COLLEGE,KAPODRA, VARACHHA MAIN ROAD, SURAT",7096775377,24,459,"100002,100003,100006,100007,100008,100011,100015,100016,100020,100021,100022,100023",2022-09-15 17:19:45,21.221465,72.877833,PMJAY
HOSP24T146280,24146280,Hospital,P,K K PATEL SUPER SPECIALITY HOSPITAL,"NEAR KUTCH UNIVERSITY,MUNDRA ROAD",6359166166,24,449,"100002,100003,100007,100008,100021,100022",2023-02-09 16:31:43,23.208581,69.646217,PMJAY
HOSP24P146411,24146411,Hospital,P,SHREE GIRIRAJ HOSPITAL,"PLOT NO 28,29,30,NEAR VAKANER CHOWKDI",9726026307,24,457,"100006,100010,100012,100015,100017,100020",2023-03-10 11:25:43,22.360079,70.938314,PMJAY
HOSP24P147832,24147832,Hospital,P,SOLAR HOSPITAL GRACE GPS HEALTHCARE PVT LTD,"43, Shreemali Co-Op Housing Society Ltd, Navrangpura Mithakhali Railway Crossing,Netaji Road, Navrangpura ",9825228720,24,438,"100007,100008,100015,100020,100022,100023",2023-06-05 13:35:02,23.033645,72.5662998,PMJAY
HOSP24P149901,24149901,Hospital,P,SMS hospital,"2nd floor ,ganesh plaza, above ganesh hyundai showroom, nr maneja crossing, ,Makarpura Main Road,Makarpura Vadodara ",9998183495,24,461,,2026-06-16 13:52:23,22.244511,73.1932100000001,PMJAY
HOSP24T150074,24150074,Hospital,P,NAARAYAN SMRUTI MULTISPECIALITY HOSPITAL,"OPP ANANYA GIRLS HOSTEL DABHOI WAGHODIA RIGN ROAD NR GURUKUL CIRCLE ,VADODARA",6357010801,24,461,,2023-06-12 14:42:49,22.290761,73.235778,PMJAY
HOSP24G151225,24151225,Hospital,G,CHC KOTHAMBA,"BESIDE POLICE STATION,SHIGNALI ROAD",8980690434,24,669,"100005,100012,10083",2022-12-09 13:18:29,23.013753084581467,73.52299940690045,PMJAY
HOSP24P159833,24159833,Hospital,P,BACKBONEMEDICITY,"11/1-5, RAM VIHAR SOCIETY, CHANDRESHNAGAR, BEHIND TWIN STAR BUILDING(NORTH BLOCK),150 FEET RING ROAD, NEAR NANA MAVA CIRCLE RAJKOT",9825183739,24,457,"100002,100003,100006,100011,100015,100020,100023",2024-01-08 17:43:10,22.273921,70.780443,PMJAY
HOSP24P160006,24160006,Hospital,P,Samanvay Multispeciality Hospitals Private Limited,"Nr. Koyali Fatak, Shapur (Sorath), ,Junagadh Vanthali Highway",9428240486,24,448,"100008,100015,100020,100021,100022",2023-05-22 14:30:51,21.490091,70.380099,PMJAY
HOSP24P162935,24162935,Hospital,P,TRINITY CHILDREN HOSPITAL,"3 rd floor ,JV square,opposite sayaji ground,vyara",8412010086,24,641,"100010,100017",2024-02-29 12:33:48,21.110384,73.386079,PMJAY
HOSP24P166120,24166120,Hospital,P,INS PLUS SUPER MULTI SPECIALITY HOSPITAL,"sandhkuva,station road ",9033983397,24,453,"100002,100003,100015,100020,100023",2024-01-18 12:33:18,20.951177,72.920702,PMJAY
HOSP24G173348,24173348,Hospital,G,UCHC CHHANI,"CHHANI URBAN COMMUNITY HEALTH CENTRE,OPPOSITE CHHANI GURUDWARA",9227735382,24,461,100012,2023-11-07 16:12:28,22.362874865425397,73.16483618076813,PMJAY
HOSP24P179814,24179814,Hospital,P,KHIMJI JAMNADAS SUPERSPECIALITY PRIVATE LIMITED,"18/P6 - P7 - 1 PLOT NO1/4 GANGA PARK OP KJ MULTI HOSPITAL NR ZANZARDA CHOKDI JUNAGADH,",9624613331,24,448,"100008,100021,100022",2024-05-29 17:32:45,21.52032139249225,70.42997796599775,PMJAY
HOSP24P180789,24180789,Hospital,P,Silver Touch Hospitals Private Limited,"100ft anand nagar road ,opp sale petrol pump near platinum hall prahladnagar Ahmedabad ,",7434055055,24,438,"100015,100020",2024-01-06 17:06:06,23.0128055,72.5127535,PMJAY
HOSP24P184047,24184047,Hospital,P,BANAS HEART INSTITUTE LLP,"3rd floor, iscon pride complex, opp. jio petrol pump, highway road, deesa,deesa",9898237996,24,441,100002,2024-01-25 15:51:14,24.398716,72.082935,PMJAY
HOSP24P186135,24186135,Hospital,P,Royal Plus Shashwat Hospital,"Third Floor,Chandan Park Main road,,Opp.Babubhai Vaid Library,Nr Paradise Hall,Raiya road,Rajkot",9033300441,24,457,"100008,100021,100022",2024-10-08 16:39:09.01,22.298673807567724,70.76297456486122,PMJAY
HOSP24G190429,24190429,Hospital,G,AMC DENTAL COLLAGE,"Bhalakya Mill Compound, Khokhra,",9909026230,24,438,100014,2024-01-25 15:25:30,23.005792,72.61192299999993,PMJAY
HOSP24P191284,24191284,Hospital,P,HOPE HOSPITAL UNIT OF AL HOPE HOSPITAL PVT LTD,"near railway over bridge, motipura ,",9924990171,24,458,"100002,100015,100020,100023",2026-08-25 11:58:25,23.676343,73.138638,PMJAY
HOSP24P191437,24191437,Hospital,P,SOS Hospital,"Near Petrol pump,mota asrana",9925243778,24,443,"100005,100006,100010,100011,100012,100015,100017,100020",2024-08-08 18:38:00,21.162921,71.615762,PMJAY
HOSP24P193786,24193786,Hospital,P,UNIVERSAL SUPER SPECIALITY HOSPITAL LIMITED,"Universal Hospital, Ring Rd, nr. Kiran Motors, Jariwala Compound, Khatodra Wadi, Surat,Universal Hospital, Ring Rd, Nr. Kiran Motors, Jariwala Compound, Khatodra Wadi, Surat",9978807619,24,459,,2024-07-04 15:32:27,21.177509,72.826423,PMJAY
HOSP24P196362,24196362,Hospital,P,A K HEART HOSPITAL A UNIT OF BK HOSPICARE LLP,"FIRST AND SECOND FLOOR , ABOVE PAHAL HOSPITAL , ,BEHIND CAPPLE HOTEL , NEAR AROMA CIRCLE , PALANPUR",9049650825,24,441,"100002,100003",2024-03-18 12:36:25,24.173545,72.417772,PMJAY
HOSP24P197029,24197029,Hospital,P,DIVINE HOSPITAL,"14, Kailash Park, Behind Reliance Geo pump, Rajkot Road, Jamnagar,",9726383909,24,447,,2024-05-23 17:34:53,22.474997,70.091594,PMJAY
HOSP24P197422,24197422,Hospital,P,SAMARPAN AAYUSH HOSPITAL LLP,"khambhaliya highway, jamnagar,",9537888819,24,447,"100008,100021,100022",2024-06-04 16:21:53,22.498617,70.3732820000001,PMJAY
HOSP24P197429,24197429,Hospital,P,MEHSANA AAYUSH HOSPITAL LLP,"near perfect plaza, Radhanpur Road ,radhanpur road ",9409062692,24,451,"100002,100006,100010,100011,100012,100015,100016,100017,100019,100020,100023",2024-03-22 20:19:55,23.608826,72.373212,PMJAY
HOSP24P200066,24200066,Hospital,P,Junagadh Aayush Hospital LLP,"Plot no.7-16,nr zanzarda bypass chowkadi junagadh",8320393189,24,448,"100002,100003,100006,100010,100012,100015,100016,100017,100020,100023",2024-05-24 18:26:30,21.524722,70.432977,PMJAY
HOSP24P201164,24201164,Hospital,P,KUTCH AAYUSH HOSPITAL LLP,"NEAR RAJA RAM GROUND,NEAR RAM KRISHNA SOCIETY",8469888864,24,449,"100002,100003,100006,100010,100011,100012,100015,100016,100017,100020,100023",2024-05-31 21:40:16,23.241221,69.677731,PMJAY
HOSP24P201642,24201642,Hospital,P,SADVICHAR HOSPITAL,"NEAR SBI BANK KRUSHI SHAKHA ,CHHATADIYA ROAD ,RAJULA,NEAR SBI BANK KRUSHI SHAKHA,CHHATADIYA ROAD ,RAJULA",9978343833,24,439,"100006,100010,100012,100013,100015,100017,100023",2024-07-31 12:31:44,21.033461,71.442311,PMJAY
HOSP24P202194,24202194,Hospital,P,PRAMUKH CANCER HOSPITAL,"BLOCK A-1,MEDIPOLIS NEW DOCTOR HOUSE,DEESA HIGHWAY,PALANPUR 385001,",9166581606,24,441,"100006,100008,100022",2024-05-23 17:19:50,24.175977,72.406585,PMJAY
HOSP24P204716,24204716,Hospital,P,KALP HOSPITAL A UNIT OF KALP MEDICARE PRIVATE LIMITED,"vinayak prime-b,",9879698955,24,448,,2024-11-05 17:57:24,21.522781,70.458687,PMJAY
HOSP24G205804,24205804,Hospital,G,ESIC MODEL HOSPITAL BAPUNAGAR,ESIC MODEL HOSPITAL NR HARDASNAGAR POLICE CHOWKY BAPUNAGAR,9825563669,24,438,"100005,100006,100010,100012,100013,100015,100016,100017",2024-07-29 14:52:58,23.02793,72.62355,PMJAY
HOSP24P206444,24206444,Hospital,P,ANANTA HOSPITAL,"near shree major rushikesh ramani garden, nikol , ahmedabad ,",9898022444,24,438,"100002,100003,100023",2024-10-29 17:30:14,23.041493,72.642860,PMJAY
HOSP24P206586,24206586,Hospital,P,AROGYAM CANCER AND SUPERSPECIALITY HOSPITAL LLP,"Besides Nandapura Bus Stop, Nr. Railway Over Bridge, Godhra- Indore Highway, Orwada, Ta- Godhra, Dist- Panchmahal, Gujarat- 389120",9998076393,24,454,,2024-10-11 17:37:17.297,22.798840,73.763420,PMJAY
HOSP24P206911,24206911,Hospital,P,Hanumant Hospital LLP,"5-6th Floor, Anjaneya Icon, Opp Suryadeep Complex, Kalanala, Bhavnagar.,Kalubha Rd",9687643279,24,443,"100006,100010,100015,100017",2025-02-24 12:01:20,21.768236,72.144680,PMJAY
HOSP27P111613,27111613,Hospital,P,Dr M.L.Dhawale Hospital DLH,"Opposite fire station Palghar Boisar Road Palghar,",9322283197,27,665,"100004,100005,100006,100010,100012,100013,100015,100017,100020,100022,100023",2019-12-17 12:14:12,19.719455,72.763595,PMJAY
HOSP27P112188,27112188,Medical College Hospital,P,JMF ACPM MEDICAL COLLEGE AND HOSPITAL DHULE,"Dean office,,ACPM Medical College,",9823137172,27,474,"100001,100002,100003,100004,100005,100006,100007,100008,100009,100010,100011,100012,100013,100014,100015,100016,100017,100018,100019,100020,100022,100023,100026",2019-12-31 11:18:34,20.896521,74.723459,PMJAY
HOSP27P112195,27112195,Hospital,P,Surya Hospitals PVT Ltd,"Kasba peth, Pune,",9370716940,27,490,,2019-12-31 11:18:34,18.522061,73.858369,PMJAY
HOSP27P112198,27112198,Hospital,P,vivekanand Hospital,"Bamnoli, Kupwad, Sangli,Bamnoli",9422406901,27,493,"100001,100004,100005,100006,100008,100010,100011,100012,100013,100014,100015,100017,100019,100020,100022,100023,100026",2019-12-31 11:18:34,16.876009,74.623583,PMJAY
HOSP27P112203,27112203,Hospital,P,Khandesh Cancer Centre,"490/03 Surat Bypass Road Dhule,",7757930184,27,474,"100004,100005,100006,100008,100011,100012,100014,100019,100021,100022,100023,100027",2019-12-31 11:18:34,20.867244991125432,74.76830024291871,PMJAY
HOSP27P121344,27121344,Medical College Hospital,P,Smt Kashibai Navale Medical College and General Hospital Narhe Pune,"Sr.no 49/1 narhe off mumbai pune bypass , Sinhgad Technical Education So , Pune City , Maharashtra ,,",9373643818,27,490,"100001,100002,100004,100005,100006,100007,100008,100009,100010,100011,100012,100013,100014,100015,100016,100017,100018,100019,100020,100022,100023,100026",2020-11-06 03:52:08,18.450792,73.811897,PMJAY
HOSP27P121441,27121441,Hospital,P,Sanjeevan Hospital And Critical Care Unit ,"6th lane  laxmi road Jaysingpur ,",9822047010,27,480,"100002,100005,100023",2020-11-06 03:52:16,16.765206,74.534698,PMJAY
HOSP27P121489,27121489,Hospital,P,City Hospital Buldana,"Jambharun Road ,Behind Bus Stand ",8208486030,27,472,"100005,100006,100010,100012,100015,100016,100017,100020,100023,100026",2020-11-06 07:36:51,20.534069,76.173494,PMJAY
HOSP27P121490,27121490,Hospital,P,"Prabhat hospital , Kamptee","Lala Oli, 441002 Lala Oli, 441002",7350095965,27,484,"100004,100005,100006,100012,100013,100015,100016,100017,100020,100022,100023",2020-11-06 07:36:51,21.218251,79.198091,PMJAY
HOSP27P121501,27121501,Hospital,P,SRCC CHILDREN HOSPITAL UNIT OF NARAYANA HELATH,"1A, HAJI ALI PARK ,K KHADYE MARG, MAHALAXMI MUMBAI,",8291903045,27,482,,2021-03-17 11:15:19,18.978100,72.811122,PMJAY
HOSP27P121514,27121514,Hospital,P,Shlok Hospital,"KONADPUR PHATA, 412205 KONADPUR PHATA, 412205",7447796396,27,490,"100001,100002,100004,100005,100006,100008,100011,100012,100014,100015,100016,100017,100018,100019,100020,100022,100023",2020-11-06 07:36:55,18.34799,73.84982,PMJAY
HOSP27P121522,27121522,Hospital,P,Sontakke Hospital,"SONTAKKE HOSPITAL RALLIES PLOT,KHAMGAON",7038620688,27,472,"100010,100017",2020-11-06 07:36:55,20.71,76.58,PMJAY
HOSP27P121539,27121539,Hospital,P,Life Line Multispeciality Hospital,"Opp. Khushbu Motor, Kalamna Road Kamptee,Kalamna Road Kamptee",7030566677,27,484,"100001,100002,100004,100005,100006,100007,100010,100011,100012,100014,100015,100016,100017,100018,100019,100020,100022,100023,100026,10083",2020-11-06 07:36:55,21.203800,79.177869,PMJAY
HOSP27P121545,27121545,Hospital,P,PBMAs H V DESAI EYE HOSPITAL,"93 tarawade vasti, mohammedwadi, hadapsar, Pune 411060 Pune-411060",9545830707,27,490,100013,2021-03-17 11:15:19,18.47245,73.92332,PMJAY
HOSP27G121549,27121549,Hospital,G,Kamla Nehru Hospital Pune,"Kamla Nehru Hospital Pune, ",9960013908,27,490,"100002,100004,100005,100006,100010,100012,100013,100014,100015,100016,100017,100018,100019,100020",2020-11-06 07:36:56,18.523955,73.854182,PMJAY
HOSP27P121553,27121553,Hospital,P,Solapur Cancer Center Solapur,"Modi khana Ramwadi Road, Solapur,",9822115602,27,496,"100008,100021,100022",2020-11-06 07:36:56,17.664940,75.900122,PMJAY
HOSP27P121569,27121569,Daycare Centre,P,APEX KIDENY CARE CENTER VASHI,"HOPE AND CARE SANPADA STATION RD NEAR VASHI NEXT TO KESHAV KUNJ 1 BULDING ROAD 41/1, SECTOR 30A VASH,",8291974342,27,497,100005,2020-11-06 11:52:21,19.066831,73.006111,PMJAY
HOSP27P121570,27121570,Daycare Centre,P,Apex kidney care Pvt ltd,"101 eden rose complex ,opp cinemax theater vagad  nagar ,beverly park n miraroad  east ,",7400095966,27,497,100005,2020-11-06 11:52:24,19.293092,72.872182,PMJAY
HOSP27P121571,27121571,Daycare Centre,P,Apex Kidney Care Pvt Ltd,"1st Floor sarswati ganesh parasd apts parnaka kalyan west,",7400095917,27,497,100005,2020-11-06 11:52:24,19.2438960000001,73.122166,PMJAY
HOSP27P121588,27121588,Hospital,P,KAMAL ORTHOPEDIC CENTER  JATH,"nigadi cornar satara road  jath ,Nigadi Cornar Satara Road , Jath ",9822338014,27,493,"100005,100006,100014,100015,100020,100023",2020-11-06 11:52:25,17.050836548531024,75.21877044223868,PMJAY
HOSP27P121625,27121625,Hospital,P,Jeevan Jyoti Cancer hospital,"vivekanand nagar Jilha peth Jalgaon,",8380007270,27,478,"100008,100022",2020-11-06 11:52:28,21.003196,75.565291,PMJAY
HOSP27P121645,27121645,Hospital,P,Sai Seva Multispeciality Hospital,Nashik Nashik,9923713388,27,487,"100001,100002,100003,100004,100005,100006,100007,100008,100009,100010,100011,100012,100013,100014,100015,100016,100017,100018,100019,100020,100021,100022,100023,100026",2020-11-06 15:36:38,20.07795,74.10932,PMJAY
HOSP27P121655,27121655,Hospital,P,Aundh Institute of Medical Sciences(AiMS Hospital and Research Centre) in association with Olive Healthcare Services Pvt. Ltd.,"Sr No 154, Near kumar classic, Aundh, Pune,",8888871695,27,490,,2026-05-21 13:44:14,18.562547,73.810711,PMJAY
HOSP27P121658,27121658,Hospital,P,Horizon Multi speciality Hospital,"Near Greenacres, Dhamani Road, Sangli,3rd lane, Ganeshnagar, Sangli ",9371621038,27,493,"100006,100008,100012,100021,100022",2020-11-06 15:36:39,16.831359759282165,74.58631876172515,PMJAY
HOSP27P121660,27121660,Hospital,P,Janseva Hospital,"1,6,7  367/387,runwal nagar,ugon road Nashik 422303",9822425015,27,487,"100001,100002,100003,100004,100005,100006,100007,100008,100009,100010,100011,100012,100013,100014,100015,100016,100017,100018,100019,100020,100021,100022,100023,100026",2020-11-06 15:36:39,20.07981,74.11031,PMJAY
HOSP27P121662,27121662,Hospital,P,"NIRAMAY HOSPITAL , NIHO","SUPA-PARNER ROAD,",9767785090,27,466,"100001,100002,100003,100004,100005,100006,100011,100012,100013,100014,100015,100016,100017,100018,100019,100020,100022,100023,100026",2020-11-06 15:36:39,18.959214994719034,74.53602712553925,PMJAY
HOSP27P121665,27121665,Hospital,P,SURYODAYA HOSPITAL,"2ND FLOOR KAPOTE MEHER MARKET ,OLD WADALA NAKA DWARKA NASHIK",7887858423,27,487,"100001,100004,100005,100006,100008,100011,100012,100014,100015,100016,100017,100018,100019,100020,100022,100023,100026",2020-11-06 15:36:39,19.993682,73.7938090000001,PMJAY
HOSP27P121667,27121667,Hospital,P,BHIRUD HOSPITAL,JALGAON JALGAON,9372335833,27,478,"100004,100005,100006,100012,100022,100023",2020-11-06 15:36:40,21.03789,75.7813,PMJAY
HOSP27P121669,27121669,Hospital,P,Suyash Hospital Kudal,"Opp Bus Stand Dist Kudal Maharashtra 416520,BUS STAND",9422436933,27,495,,2020-11-06 15:36:40,16.01201,73.68502,PMJAY
HOSP27P121678,27121678,Hospital,P,SHAHUMAHARAJHOSPITAL,"jalgaon mNC,shahu Nagar, Jalgaon,",9422209608,27,478,,2020-11-06 15:36:40,21.012075,75.556491,PMJAY
HOSP27P121692,27121692,Hospital,P,Pandharpur Superspeciality & Galaxy Multispeciality Hospital,"OLD KARAD NAKA PANDHARPUR ,",9158217999,27,496,"100002,100004,100005,100006,100007,100011,100012,100015,100017,100020,100022,100023",2020-11-06 15:36:41,17.671540283722322,75.32416010348948,PMJAY
HOSP27P121695,27121695,Daycare Centre,P,Lions Heath Foundation,"127, ALIBAG - REVAS ROAD, 402201 127, ALIBAG - REVAS ROAD, 402201",9762531563,27,491,100013,2020-11-06 15:36:41,18.65685,72.83557,PMJAY
HOSP27G121745,27121745,Hospital,P,STAR HOSPITAL,"beside krish garden bldg. opp shani mandir. laxmiben chheda marg, Nalasopara - Vasai Link Rd, ,Patankar Park, Nalasopara West,",9867708862,27,665,"100001,100004,100005,100006,100011,100012,100015,100019,100023",2020-11-06 19:52:13,19.415913,72.810629,PMJAY
HOSP27P121793,27121793,Hospital,P,Balaji Heart Hospital and Diagnostic Centre,"balaji hospital  next to gloria church,byculla east",9820148902,27,482,"100001,100002,100003,100004,100005,100006,100007,100008,100009,100010,100011,100012,100013,100014,100015,100016,100017,100018,100019,100020,100021,100022,100023,100026",2023-11-27 11:38:44,18.977237164143375,72.83516312825452,PMJAY
HOSP27P121807,27121807,Hospital,P,Parvati Nursing Home,"plot no 9,pragati colony",9922421897,27,471,"100006,100012,100015,100020,100023",2020-11-06 19:52:16,21.085761,80.007801,PMJAY
HOSP27P121812,27121812,Hospital,P,SAIDEEP HEALTH CARE RESEARCH PVT LTD,"VIRAJ ESTATE YASHWANT COLONY NEAR DSP CHOWK AHMEDNAGAR,VIRAJ ESTATE , YASHWANT COLONY NEAR DSP CHOWK AHMEDNAGAR",9960886696,27,466,"100002,100003,100004,100005,100006,100007,100008,100010,100011,100013,100015,100017,100020,100022,100023,100026,10083",2020-11-06 19:52:16,19.108368,74.743347,PMJAY
HOSP27P121820,27121820,Hospital,P,"Shri Mangalmurti Clinic And Research Center, Satara","28, Koregaon Road, 415002 28, Koregaon Road, 415002",9890059123,27,494,"100002,100004,100005,100006,100007,100011,100015,100020,100022,100023",2020-11-06 19:52:17,17.68625,74.01517,PMJAY
HOSP27P121821,27121821,Hospital,P,TIRUMALA HOSPITAL,"Plot No-27, Near Ashirwad garden, ,Ring road, Narhar nagar",9403135802,27,485,"100001,100002,100004,100005,100006,100011,100015,100019,100020,100023",2020-11-06 19:52:17,19.184325,77.292101,PMJAY
HOSP27P121845,27121845,Hospital,P,Symbiosis University Hospital & research Center,"Gram Lavale Tal Mulshi,",9225300856,27,490,"100002,100003,100004,100005,100006,100007,100008,100009,100010,100011,100012,100013,100014,100015,100016,100017,100018,100019,100020,100022,100023,100026,100028",2020-11-06 19:52:33,18.538797,73.727423,PMJAY
HOSP27P121846,27121846,Hospital,P,"SPANDAN HOSPITAL, SURGICAL CRITICAL CARE AND BURN UNIT","Near Renu hospital,Barshi Rode Beed,",8275268526,27,470,"100001,100002,100004,100005,100006,100011,100015,100016,100018,100019,100020,100022,100023,100026",2020-11-06 19:52:34,18.978658,75.755822,PMJAY
HOSP27P121867,27121867,Hospital,P,PRAKASH CHILDRNS HOSPITAL AND NEONATOLOGY CENTER,JALGAON JALGAON,9422564874,27,478,"100004,100005,100008,100010,100017,100018",2020-11-06 23:36:38,21.00627,75.56714,PMJAY
HOSP27P121869,27121869,Hospital,P,Dr. Prafulla Patil Multispecility Hospital Pvt ltd,"pathari road ,",9518748190,27,489,"100002,100004,100005,100006,100007,100011,100012,100013,100014,100015,100016,100017,100020,100023,100026",2020-11-06 23:36:38,19.2899430000001,76.7362580000001,PMJAY
HOSP27P121873,27121873,Medical College Hospital,P,Shalinitai Meghe Hospital and Research Center,"YCCE CAMPUS,",9823180190,27,484,,2020-11-06 23:36:39,21.0670430000001,78.2211840000001,PMJAY
HOSP27P121879,27121879,Hospital,P,Sancheti Hrudayalay buldhana,"plot no 15 sancheti hrudayalay nr sundarkhed gram panchayat behind gode niwas chikhali road, buldhan,rajmata nagar",9822469930,27,472,,2020-11-06 23:36:39,20.521534,76.192466,PMJAY
HOSP27P121882,27121882,Hospital,P,Deshmukh Eye Hospital,"Netradan Marg,Khaperde Gardens , Near Irwin Square",9823165687,27,468,100013,2020-11-06 23:36:39,20.932244,77.761565,PMJAY
HOSP27P121898,27121898,Hospital,P,Geetanjali Hospital,"2410/B,SIDDHANATHWADI,NEAR S.T.STAND ,WAI,",9850065626,27,494,,2020-11-06 23:36:40,17.874896,73.969316,PMJAY
HOSP27P121900,27121900,Hospital,P,Mansi Memorial Hospital,"BEHIND BUS STAND, 412802 BEHIND BUS STAND, 412802",9823119213,27,494,"100001,100002,100003,100004,100005,100006,100007,100008,100009,100011,100012,100013,100014,100015,100016,100017,100018,100019,100020,100022,100023",2020-11-06 23:36:40,18.05433,74.01194,PMJAY
HOSP27P121901,27121901,Hospital,P,ACCORD HOSPITAL,"PLOT 1/1, SANT NAGAR, SECTOR NO 4, MOSHI PRADHIKARAN, PUNE 411070,",9763721840,27,490,"100002,100003,100004,100005,100006,100007,100008,100011,100012,100013,100014,100015,100016,100019,100020,100022,100023,100026",2020-11-06 23:36:40,18.647171,73.867375,PMJAY
HOSP27P122023,27122023,Hospital,P,APEX WELLNESS HOSPITAL,"SURVEY NO 799 PLOT NO 187 GOVINDNAGAR ,",8975233299,27,487,"100002,100004,100005,100006,100007,100008,100011,100013,100014,100015,100019,100020,100021,100022,100023,10083",2020-11-07 03:52:57,19.986010,73.779030,PMJAY
HOSP27P122044,27122044,Hospital,P,Integrated Cancer Treatment and Research Centre ,"Vishwashanti Dham,Kesnand Road",9422523695,27,490,"100008,100021,100022",2020-11-07 03:53:16,18.582091,74.002308,PMJAY
HOSP27P122053,27122053,Hospital,P,Manwatkar Multispeciality Hospital,"Ekori Ward, Ekori Ward ",9823004481,27,473,"100004,100005,100006,100010,100011,100012,100013,100015,100017,100018,100020,100023",2020-11-07 03:53:16,19.949604,79.29562,PMJAY
HOSP27P141432,27141432,Hospital,P,Aaditya Hospital,"Sangli Miraj Road,Vishrambag, Sangli",9834235225,27,493,,2022-03-14 19:32:53,16.847294360752457,74.59714374590294,PMJAY
HOSP27P142929,27142929,Hospital,P,synergy multispeciality hospital Private Limited,"CTS No.10247, A/5, Sangli - Miraj Rd, near S. T Workshop, Chandan Wadi, Miraj, Maharashtra 416410,",9923387111,27,493,,2022-04-15 11:27:08,16.837362,74.637799,PMJAY
HOSP27P146020,27146020,Hospital,P,Dhakne Hospital,"shop no 6,7 shantai city center near nagarpalika talegaon,",9822373869,27,490,,2022-07-08 21:40:12,18.733551,73.675493,PMJAY
HOSP27P146023,27146023,Hospital,P,Jsf anandrishiji netralaya,"Mahavir Bhavan , Near hotel Yash Palace ,anandrishiji Marg ",9049006960,27,466,100013,2022-07-08 21:40:13,19.10050620279067,74.74902215360487,PMJAY
HOSP27P146044,27146044,Daycare Centre,P,Achary Shri Ramesh Dialysis Center,"316, B-wing, Dattani Plaza, Near Safed Pool,,Andheri Kurla Road, Andheri East, Mumbai ",9833594969,27,483,100005,2022-07-08 21:40:15,19.098458,72.885236,PMJAY
HOSP27P146047,27146047,Hospital,P,HARISHCHANDRA MULTISPECIALITY HOSPITAL AND RESEARCH CENTER AKOLE,"OPP GADAKH SHOWROOM,",9226526016,27,466,"100004,100005,100006,100015,100020,100023,100026",2022-07-08 21:40:15,19.5433120000001,74.0085000000001,PMJAY
HOSP27P146051,27146051,Hospital,P,Sonambekar hospital,"111/37,akole by pass road",9822325525,27,466,"100002,100005,100007,100008,100011,100016,100023,100026",2022-07-08 21:40:15,19.576542,74.201092,PMJAY
HOSP27P146077,27146077,Hospital,P,PIOS MEDILINKS PVT. LTD. HOSPITAL,"near bus stand sangli -kolhapur road ,jaysingpur 416-101,sangli-kolhapur road,jaysingpur 416-101",9960865027,27,480,"100002,100003,100004,100005,100006,100007,100011,100013,100014,100015,100016,100018,100020,100023",2022-07-08 21:40:17,16.802602,74.5655790000001,PMJAY
HOSP27P146085,27146085,Daycare Centre,P,DRUSHTI EYE INSTITUTE PVT. LTD,"117, Samarth Nagar,Varad Ganesh Mandir Lane, Aurangabad",9422201204,27,469,100013,2022-07-08 21:40:18,19.8790720000001,75.3224650000001,PMJAY
HOSP27P146086,27146086,Hospital,P,Sai Hospital ,"SAI HOSPITAL NEAR S.T.BUS STAND , 32 SHIRALA,",9423809517,27,493,"100006,100012,100015,100020,100023",2022-07-08 21:40:18,16.987068,74.1304930000001,PMJAY
HOSP27P146087,27146087,Hospital,P,Surabhi Hospitals Private Limited,"SURABHI HOSPITALS PVT LTD GULMOHAR ROAD CORNER ,NAGAR-AURANGABAD ROAD SAWEDI AHMEDNAGAR",8087261561,27,466,"100002,100003,100005,100006,100007,100008,100011,100012,100015,100017,100019,100020,100022,100023",2022-07-08 21:40:18,19.118600,74.750100,PMJAY
HOSP27P146088,27146088,Hospital,P,MHALAXMI HRUDAYALAY PVT.LTD(shrisaicardiac center ),"2021/B, E Ward, Rajarampuri, 6th Lane, Kolhapur, 416008 Kolhapur",9823149903,27,480,"100002,100003,100004,100005,100007,100023",2022-07-08 21:40:18,16.6955426,74.2457368,PMJAY
HOSP27P158587,27158587,Hospital,P,PLATINUM HOSPITAL,"platinum Hospital, shree sankalp siddhi complex, opp range office,golani naka vasai east",9320835528,27,665,"100002,100005,100006,100008,100012,100015,100020,100022",2023-02-01 11:48:27,19.405392,72.849865,PMJAY
HOSP27P159554,27159554,Hospital,P,SMIT HOSPITAL,"BHANUDHAN PLAZA, KORIT NAKA,KORIT NAKA",9998992145,27,486,,2023-02-22 10:44:59,21.380795,74.246480,PMJAY
HOSP27P160311,27160311,Hospital,P,SACHIN MULTISPECIALITY HOSPITAL UNIT OF SUNSHINE CARDIAC CENTER LLP,"Rajarampuri 6th lane kolhapur 416008,",8329487003,27,480,100002,2023-03-13 11:12:45,16.6933740000001,74.2451040000001,PMJAY
HOSP27P160312,27160312,Hospital,P,Sharanya Heart Care Nursing Home,"Plot no 8, line no 1 Hari Om nagar near ambi tank Rankala kolhapur,",9422458272,27,480,"100002,100003,100005,100010,100015,100017,100018,100020",2023-03-13 11:12:45,16.688196,74.204899,PMJAY
HOSP27P161607,27161607,Hospital,P,Sudarshan Eye Hospital Sangli,"Sawant Plot, Maratha seva sangh karaylay, Garpir Road, Backside of Civil Hospital,SAWANT PLOTS,NEAR CIVIL HOSPITAL",9881035578,27,493,100013,2023-03-23 15:33:19,16.84968629700583,74.57684077563886,PMJAY
HOSP27P162413,27162413,Hospital,P,Kamate multispeciality Hospital and Research centre ,"Plot no 36 B Church road Gadhinglaj,Church road near DYSP office ",8180025339,27,480,"100005,100006,100012,100014,100015,100020,100022,100023",2023-04-05 15:42:30,16.222831711762893,74.34400661899235,PMJAY
HOSP27P162754,27162754,Hospital,P,SOHAM HOSPITAL,"ARCHIT SAI AVENUE,BEHIND CHHAN HOTEL,SHREE VALLABH NAGAR,MUMBAI NAKA,NASHIK,",9422770544,27,487,"100002,100003,100005,100006,100007,100011,100015,100023,100028",2026-06-26 11:21:08,19.997867,73.7848090000001,PMJAY
HOSP27P164136,27164136,Hospital,P,Siddhivinayak hospital ,"924,Ganesh Nagar ,Near Bansi Dairy, NH6, bhandara road",9960732432,27,471,,2023-05-05 15:09:28,21.073629121354628,79.80968587132065,PMJAY
HOSP27P167156,27167156,Hospital,P,Tulsi Eye Hospital,"happy home colony near general Vaidya nagar Nashik - Pune Road Nashik,",9420366956,27,487,100013,2023-06-01 10:24:13,19.9848180391935,73.79901288792058,PMJAY
HOSP27P167181,27167181,Hospital,P,DR MAID MULTISPECIALITY HOSPITAL,"LOKRUCHI NAGAR ,,NAGAR-MANMAD ROAD, OPP TO SBI BANK, RAHATA, TAL - RAHATA, DIST AHMEDNAGAR",9011354335,27,466,"100001,100002,100004,100005,100006,100010,100011,100012,100013,100014,100015,100016,100017,100018,100019,100020,100022,100023",2023-06-01 13:26:16,19.709561689535647,74.47931814391768,PMJAY
HOSP27P167487,27167487,Hospital,P,elixir metrocity hospital and critcal care centre,"Ward no 13 house no 82 umred road , near sakkardara square ",9969541018,27,484,"100002,100007",2023-06-07 14:38:22,21.120333938724244,79.06657675564975,PMJAY
HOSP27P168101,27168101,Hospital,P,Rasal Hospital,"Sundari Complex 1st Floor link Road Sangamner Tal - Sangamner,",9890028820,27,466,"100004,100005,100006,100008,100011,100012,100014,100015,100018,100019,100020,100022,100023,100026",2023-06-22 17:06:35,19.591966056273705,74.18520543896392,PMJAY
HOSP27P168438,27168438,Hospital,P,SURESH DESHPANDE MEMORIAL ORTHOPAEDIC HOSPITAL AND REHABILITATION CENTRE GADHINLAJ,"PLOT NO. 8-A/5,HIDDUGI BAG,AZAD ROAD,GADHINGLAJ",9850622043,27,480,"100005,100006,100011,100014,100015,100019,100020",2023-06-30 16:37:53,16.21609435803397,74.3469846658054,PMJAY
HOSP27P172514,27172514,Hospital,P,NANDADEEP EYE HOSPITAL SANGLI,"opp patidar bhavan madhavnagar road sangli ,",7028281190,27,493,100013,2023-09-05 13:26:00,16.864083039417963,74.56866987534485,PMJAY
HOSP27P176304,27176304,Hospital,P,Raddiant Plus Hospital,"5th floor, star plus mall, near muktidham mandir, nashik road, Nashik,Lam road",9960991436,27,487,"100001,100004,100005,100006,100010,100012,100013,100015,100017,100018,100019,100020,100023,100026",2023-10-06 01:31:47,19.949848570749708,73.83664304451372,PMJAY
HOSP27P176328,27176328,Hospital,P,Orange city hospital research institute,"Sawarkar chowk,19, pande Layout, Veer Sawarkar Square, Nagpur- 440015",9823012280,27,484,"100002,100005,100006,100015,100020,100022",2026-05-21 16:58:57,21.110000,79.070000,PMJAY
HOSP27P176716,27176716,Hospital,P,The Pacific Hospital And Research Centre,"Plot No. 16 , N-12, F sector, Cidco,,Near SBI Bank, Himayat Bagh chowk, Aurangabad ",9545458899,27,469,"100001,100004,100005,100007,100009,100011,100015,100016,100019,100020,100022,100023,100026",2023-10-09 11:58:30,19.903654223716785,75.34192130487122,PMJAY
HOSP27P181153,27181153,Hospital,P,LAGHANE MULTISPECALITY HOSPITAL,"X-73,BAJAJNAGAR",9923133689,27,469,"100001,100002,100003,100004,100005,100006,100007,100008,100009,100010,100011,100012,100014,100015,100016,100017,100018,100019,100020,100021,100022,100023,100026",2023-10-30 16:55:18,19.840704710082335,75.24356162780941,PMJAY
HOSP27P181161,27181161,Hospital,P,PIONEER HOSPITAL (VENTURE OF SNAP) HOSPITAL AND RESEARCH CENTER PVT LTD,"ARYAN PLAZA 3RD FLOOR ASHOKA MARG NEAR SAGAR SWEET NASHIK,",8956211725,27,487,"100001,100002,100003,100005,100006,100007,100008,100010,100011,100012,100013,100015,100017,100018,100019,100020,100023,10083",2023-10-30 16:55:19,19.979405,73.805697,PMJAY
HOSP27P181167,27181167,Hospital,P,Asha hospital,"parimal nagar, kabara nagar road, nanded,kabra nagar road, nanded",9272504540,27,485,"100001,100002,100004,100005,100006,100007,100008,100011,100012,100014,100015,100016,100019,100020,100022,100023,100026",2023-10-30 16:55:19,19.176052999998703,77.2920970000041,PMJAY
HOSP27P181169,27181169,Hospital,P,LIONS HOSPITAL,"LIONS HOSPITAL KOPETH KHAIRANE SECTOR 07 THANE,",9867879763,27,497,"100004,100005,100006,100011,100015,100020,100023,100026",2023-10-30 16:55:19,19.102271,73.004816,PMJAY
HOSP27P181171,27181171,Hospital,P,AYUR HOSPITAL KALYAN,"Shaneshwar Complex, Chinchpada Road, Chinchpada-kalyan East, Kalyan - 421306 (Near Balaji Jewellers),",9967580872,27,497,"100002,100003,100004,100005,100006,100007,100008,100009,100010,100012,100013,100014,100016,100017,100018,100019,100023,100026",2023-10-30 16:55:20,19.2146040000001,73.141529,PMJAY
HOSP27P181172,27181172,Hospital,P,Kullolli Institute Of Health Services,"C ROAD RAGHUNANDAN COLONY,vISHRAMBAG sANGLI",9423273619,27,493,"100005,100006,100008,100012,100013,100016,100022,100023",2023-10-30 16:55:20,16.851005001172354,74.59753706375318,PMJAY
HOSP27P181180,27181180,Hospital,P,MGM NEW BOMBAY HOSPITAL VASHI,"NAVI MUMBAI,sector 3,Near Vashi Police Station,Vashi",9820044082,27,497,"100002,100003,100007,100021,100022,100023",2023-10-30 16:55:20,19.072702595159697,72.99359620200329,PMJAY
HOSP27P185236,27185236,Hospital,P,The R Jhunjhunwala Sankara Eye Hospital,"Plot No. 13, Sector 5A, New Panvel East, Navi Mumbai,",9819915070,27,491,100013,2026-05-29 13:00:55,19.006856,73.117661,PMJAY
HOSP27P185963,27185963,Hospital,P,madhav netralaya eye institute and research centre,"purushottam bhavan, samaj bhushan griha nirman sahakari sanstha, ajni,",7219771961,27,484,100013,2023-12-08 17:16:42,21.114040,79.074974,PMJAY
HOSP27P203595,27203595,Hospital,P,Chaudhary Hospital,"Bhande Plot Sq Nagpur,",9823261417,27,484,"100007,100011,100015",2024-05-17 15:19:48,21.125941,79.11653,PMJAY
HOSP27G205668,27205668,Hospital,G,Ulhasnagar Municipal Corporation Super Specialty Hospital,"Regency Antilia, Road, Shahad, Murbad, Ulhasnagar, Maharashtra 421103,",9325959115,27,497,"100002,100003,100004,100005,100006,100007,100008,100011,100012,100015,100016,100017,100019,100020,100022,100023",2024-07-19 15:37:39,19.246704,73.172143,PMJAY
HOSP27P209112,27209112,Daycare Centre,P,SHANTILAL SHANGHVI EYE INSTITUTE,"CS NO 3/207,4/207,R J GAIKWAD ROAD,BARKAT AL NAKA,WADALA EAST,",9975058148,27,482,100013,2024-11-05 12:53:29,19.016079,72.867248,PMJAY
HOSP27P209260,27209260,Hospital,P,Trisha Hospital Gondia,"YASHODHA SABHAGRUH ROAD, SHASTRI WARD GONDIA, ",9823302702,27,476,"100001,100002,100003,100004,100005,100006,100007,100008,100009,100010,100011,100012,100013,100014,100015,100016,100017,100018,100019,100020,100021,100022,100023,100026,100027,100028",2024-11-11 12:49:11,21.4597632,80.2029568,PMJAY
HOSP27P209261,27209261,Hospital,P,Sahayog Hospital,"3/636/A, RANI AVANTIBAI SQUARE, B M PATLE WARD, GONDIA,RING ROAD",8390868337,27,476,"100002,100003,100004,100005,100006,100007,100008,100010,100011,100012,100013,100014,100015,100016,100017,100018,100019,100020,100022,100023,100026,100027",2024-11-11 12:49:11,21.472200,80.196100,PMJAY
HOSP27P209436,27209436,Hospital,P,"Max Neurocare And Superspeciality Hospital Latur , MNSHL","Barshi Road Near Dayanand College Latur,",9867667629,27,481,"100001,100004,100005,100006,100011,100014,100015,100016,100019,100020,100022,100023,100026",2024-11-19 15:23:03,18.401801,76.559865,PMJAY
HOSP27P209438,27209438,Hospital,P,Mamta Hospital,"Mamta Hospital,",9890953493,27,481,"100005,100006,100022,100023",2024-11-19 15:23:03,18.408804000001908,76.56037150000384,PMJAY
HOSP27P209439,27209439,Hospital,P,APOLO MULTISPECIALITY HOSPITAL ,"NANDI STOP DESHPANDE COLONY LATUR,",8329824239,27,481,"100002,100005,100006,100007,100008,100011,100020,100022,100023",2024-11-19 15:23:03,18.392814,76.5610320000001,PMJAY
HOSP27P209672,27209672,Hospital,P,JALGAON CANCER CARE AND RADIATION CENTER JALGAON,"NAYANTARA ARCADE NEAR GOVINDA RIKSHA STOP PIMPRALA ROAD JALGAON,",9422019765,27,478,"100008,100021",2024-12-17 11:39:39,21.014511808417794,75.5609954700779,PMJAY
HOSP27P209679,27209679,Hospital,P,YADAORAOJI PADOLE MEMORIAL HOSPITAL,"post Office Road Ansari Ward,Muslim Library Road Bhanadara",9021709359,27,471,,2026-04-10 17:18:11,21.165108,79.654194,PMJAY
HOSP27P209785,27209785,Hospital,P,ANANDI MULTISPECIALITY HOSPITAL JEJURI,"AP JEJURI TAL PURANDAR DIST PUNE,",9657727777,27,490,"100002,100005,100006,100008,100015,100020,100022",2024-12-31 11:43:35,18.28071749345861,74.15566983347631,PMJAY
HOSP27P209846,27209846,Hospital,P,Mehta Hospital,"Sahyog Society Bhigwan Road baramti,",9623459484,27,490,"100002,100003,100004,100005,100006,100012,100023",2025-01-09 11:42:50,18.163215,74.5876420000001,PMJAY
HOSP27P209916,27209916,Hospital,P,shree sai multispeciality hospital,"NH-6,Vidya Nagar,opposite to chole eye Hospital near patidar bhavan,bhandara,takiya ward bhandara",9145635795,27,471,"100001,100004,100005,100006,100008,100011,100012,100014,100015,100016,100018,100019,100020,100022,100023,100026",2025-01-16 14:35:27,21.161883,79.641492,PMJAY
HOSP27P209917,27209917,Hospital,P,SHATAYU HOSPITAL AND RESEARCH CENTRE,"SHATAYU HOSPITAL AND RESEARCH CENTRE PLOT NO 26,WARDHA ROAD NEAR HITVADA PRESS DHANTOLI",9822565161,27,484,"100001,100002,100004,100005,100006,100007,100011,100012,100015,100016,100019,100020,100022,100023",2026-06-18 13:06:27,21.133199,79.077959,PMJAY
HOSP27P210022,27210022,Hospital,P,Kaizen Super Speciality Hospital,"Ranka Chambers, Ramchandra Nagar, Near Nitin Company Junction, Thane West,",9665059611,27,497,"100005,100006,100007,100023",2026-06-30 22:44:12,19.20018,72.9627070000001,PMJAY
HOSP27P210200,27210200,Hospital,P,SHELKE HOSPITAL,"0 INDIRANAGAR GALLI NO 1,0 INDIRANAGAR GALLI NO 1,",9822071948,27,466,"100001,100004,100005,100006,100008,100011,100014,100015,100017,100019,100020,100021,100022,100023,100026",2025-02-18 01:31:46,19.575923,74.205464,PMJAY
HOSP27P210202,27210202,Hospital,P,KABADE SURGICAL HOSPITAL ,"Kabade Surgical Hospital, Kolhapur road, Sangli -416416,",9822052682,27,493,"100001,100006,100008,100011,100015,100019,100020,100022,100023",2025-02-18 01:31:47,28.577251048334432,76.81428631458607,PMJAY
HOSP27P210214,27210214,Hospital,P,CHINTAMANI HOSPITAL run by NIEM HOSPITAL AND HEALTHCARE PVT LTD,"UGAMNAGAR ZADGAO MIDC,NEAR MAHINDRA WORKSHOP",9422051708,27,492,100005,2025-02-18 01:31:47,17.002160,73.309260,PMJAY
HOSP27P210223,27210223,Hospital,P,SANJEEVANI MAMTA HOSPITAL AND RESEARCH CENTER,"11 NITYANAND ROAD SAHAR ROAD ANDHERI EAST,",9320770278,27,483,100005,2025-02-18 01:31:48,19.120551807898806,72.8517455661613,PMJAY
HOSP27P210228,27210228,Hospital,P,Vighnaharta Hospital,"NEAR WIRELESS POLICE SATATION OLD PUNE MUMBAI HIGHWAY MALINAGAR WADGAON MAVAL PUNE ,",7588507438,27,490,"100001,100002,100004,100005,100006,100010,100012,100015,100017,100019,100020,100023,100026",2025-02-18 01:31:48,18.74436795874891,73.62957531797318,PMJAY
HOSP27P210229,27210229,Hospital,P,noble super specialty hospital and research center solapur ,"1588,kuchan nagar,padmashali chowk,near kalika mandir,solapur,",9665260368,27,496,"100002,100003,100004,100012,100015,100020,100023",2025-02-18 01:31:48,17.681898,75.927231,PMJAY
HOSP27P210230,27210230,Hospital,P,Apex Hospital Pune City Pvt,"Sr No. 13/12, Pawar Nagar, Kalewadi Phata, Thergaon, Aundh-Ravet Road,",8825190657,27,490,"100001,100002,100004,100005,100006,100008,100009,100010,100011,100012,100013,100014,100015,100016,100017,100018,100019,100020,100021,100022,100023,100026",2025-02-18 01:31:48,18.6030950000001,73.7953130000001,PMJAY
HOSP27P210234,27210234,Hospital,P,Gadda Hospital Digras,"Gandhi Nagar,",8329814527,27,500,,2025-02-18 01:31:49,20.105833491812533,77.71426899999847,PMJAY
HOSP27P210239,27210239,Hospital,P,Maske Hospital Madha Solapur Pvt,"Near savitribai phule prahsala Shivaji nagar Solapur oad Madha ,",7702035511,27,496,"100001,100002,100003,100004,100005,100006,100007,100008,100009,100010,100011,100012,100013,100014,100015,100016,100017,100018,100019,100020,100021,100022,100023,100026",2025-02-18 01:31:49,18.028062602563892,75.52062797089874,PMJAY
HOSP27P210243,27210243,Hospital,P,MUNDE HOSPITAL DEGLUR,"MUNDE HOSPITAL OLD BUS STAND JAWAL DEGLUR,",9422871943,27,485,"100001,100005,100006,100008,100012,100015,100019,100020,100022,100023,100026",2025-02-18 01:31:49,18.5463790000001,77.5751250000001,PMJAY
HOSP27P210244,27210244,Hospital,P,chirayu criticare center ,"chirayu criticare center,",9822502583,27,500,"100010,100017",2025-02-18 01:31:49,20.382894,78.126233,PMJAY
HOSP27P210247,27210247,Hospital,P,MEDICARE HEART AND CRITICAL CARE HOSPITAL,"OPP SP OFFICE PATEL BUILDING BARSHI ROAD BEED 431122 BEED,",9730939142,27,470,"100002,100004,100005,100006,100007,100014,100015,100016,100020,100023,100026",2025-02-18 01:31:50,18.988272644708942,75.75174582375956,PMJAY
HOSP27P210253,27210253,Medical College Hospital,P,DR JJ MAGDUM TRUST DR JJ MAGDUM HOMOEPATHIC MEDICAL COLLEGE HOSPITAL ,"JAYSINGPUR,",9075287865,27,480,"100005,100006,100012,100013,100023,100026",2025-02-18 01:31:50,16.7722610000001,74.559468,PMJAY
HOSP27P210263,27210263,Hospital,P,MATRUSEVA SUPERSPECIALITY CENTRE,"BHOKARE COLONY OPP RELIANCE PETROL PUMP SANGLI MIRAJ  ROAD  MIRAJ,",9632523434,27,493,"100017,100023",2025-02-18 01:31:51,16.834629,74.634530,PMJAY
HOSP27P210269,27210269,Hospital,P,SHREE MATERNITY AND MULTISPECIALITY HOSPITAL SANGLI ,"PLOT NO 1772 BEHIND HOTEL ANURADHA AMBEDKAR ROAD SANGLI, ",9423718445,27,493,"100001,100004,100005,100006,100008,100011,100012,100014,100015,100017,100018,100019,100020,100022,100023,100026",2025-02-18 01:31:51,16.8506022,74.5602308,PMJAY
HOSP27P210270,27210270,Hospital,P,CHOUDHARI HOSPITAL,"11TH LANE KADAGE MALA, NEAR POST OFFICE, JAYSINGPUR,",9850509877,27,480,"100004,100010,100017,100018,100026",2025-02-18 01:31:51,16.777184,74.5540990000001,PMJAY
HOSP27P210272,27210272,Hospital,P,NEELKAMAL MULTISPECIALITY HOSPITAL,"Mandore Bhavan Sindhi Colony Road near Panchamukhi Hanuman Mandir, ",9403704108,27,478,"100001,100002,100004,100005,100006,100014,100015,100019,100020,100022,100023,100026",2025-02-18 01:31:51,20.99923358405036,75.56382541687009,PMJAY
HOSP27P210275,27210275,Hospital,P,SARA MULTISPECIALITY HOSPITAL PVT LTD,"01 SADASHIV NAGAR BEHIND KASTURI HOTEL MEHRUN JALGAON,",9422783304,27,478,"100001,100002,100004,100005,100006,100010,100011,100012,100014,100015,100017,100018,100019,100020,100023,100026",2025-02-18 01:31:51,21.001771,75.563175,PMJAY
HOSP27P210288,27210288,Hospital,P,Desai Hospital,"1st Floor Sayaji Business Park Gargoti,",9881081485,27,480,"100004,100005,100006,100015,100020,100023",2025-02-18 01:31:52,16.315868,74.137483,PMJAY
HOSP27P210302,27210302,Hospital,P,SHRIRAM HEART AND EYE CARE,"6B RAILWAY LINES RAMLAL CHOWK SOLAPUR,",9822001124,27,496,,2025-02-18 01:31:53,17.665916,75.8941790000001,PMJAY
HOSP27G210316,27210316,Hospital,G,New Bhosari Hospital,"Gulave Vasti Bhosari,",8888844246,27,490,"100004,100005,100006,100010,100012,100013,100016,100017",2025-02-18 01:31:54,18.626721,73.846674,PMJAY
HOSP27P210372,27210372,Hospital,P,DR R N PATILS SURAJ HOSPITAL ,"SUN PALM VIEW BUILDING, PLOT NO 1& 1A SEC-15,SANPADA NAVI MUMBAI,",9820332608,27,497,,2025-02-18 05:16:20,19.062461,73.006076,PMJAY
HOSP27P210388,27210388,Hospital,P,KRISHNAMAI MULTISPECIALITY HOSPITAL,"Dudhgaon Road,Ashta,",9890772001,27,493,"100006,100011,100015,100020,100022,100023",2025-02-18 05:16:21,16.944464,74.4087260000001,PMJAY
HOSP27G210414,27210414,Hospital,G,Rural Hospital ,"Gramin Rugnalaya, Risod,Hingoli Road",9764940663,27,499,"100004,100005,100006,100009,100010,100012,100017,100026",2025-02-18 05:16:23,19.963945132785582,76.79234161553916,PMJAY
HOSP27G210420,27210420,Hospital,G,Igatapuri,"rural hospital hospital,NEAR DHAMMAGIRI,SWAMI SAMARTH NAGAR, IGATPURI",9130733202,27,487,"100001,100002,100003,100004,100005,100006,100007,100008,100009,100010,100011,100012,100013,100014,100015,100016,100017,100018,100019,100020,100021,100022,100023,100026",2025-02-18 05:16:23,19.699663,73.558707,PMJAY
HOSP27P210450,27210450,Hospital,P,Kalawati Super speciality Hospital Jalna ,"Plot no 1, Rishi Park ,Ambad Chaufuli ,Ring Road,Jalna,",9890468658,27,479,"100001,100002,100003,100004,100005,100006,100007,100010,100012,100014,100015,100017,100018,100019,100020,100022,100023,100026",2025-02-18 05:16:25,19.824820,75.883295,PMJAY
HOSP27P210453,27210453,Hospital,P,CITY HOSPITAL,"KALAMNA ROAD YERKHEDA KAMPTEE,",8999060864,27,484,,2025-02-18 05:16:25,21.207339,79.179155,PMJAY
HOSP27P210457,27210457,Hospital,P,criticare lifeline hospital,"opp parvati angan society sector 19 kamothe,",9326566979,27,491,"100001,100002,100004,100005,100006,100007,100008,100009,100010,100011,100012,100013,100015,100016,100017,100018,100019,100020,100022,100023,100026",2026-08-14 12:49:38,19.010834,73.096577,PMJAY
HOSP27P210468,27210468,Hospital,P,PANACEA HOSPITAL,"Property No 287 At Sonari Post JNPT Township Tal Uran Dist Raigad,",9920512172,27,491,"100001,100002,100003,100004,100005,100006,100007,100008,100009,100010,100011,100012,100013,100014,100015,100016,100017,100018,100019,100020,100021,100022,100023,100026",2025-02-18 05:16:26,18.878494,72.940831,PMJAY
HOSP27P210472,27210472,Hospital,P,DR NIKAMS TULIP SUPERSPECAILITY HOSPITAL,"DR NIKAMS TULIP SUPERSPECIALITY HOSPITAL,D MART ROAD",9570127012,27,496,"100001,100002,100003,100004,100005,100006,100008,100009,100010,100011,100012,100013,100014,100015,100016,100017,100018,100019,100020,100022,100023,100026,100027",2025-02-18 05:16:26,17.680728,75.319303,PMJAY
HOSP27P210476,27210476,Hospital,P,Jupiter Lifeline Hospital Baner,"Near Prathamesh Park Baner,",9867597939,27,490,"100002,100003,100021",2025-02-18 05:16:26,18.565662626880226,73.78608013203569,PMJAY
HOSP27P210477,27210477,Hospital,P,Kaushalya kidney care superspeciality hospital,"Kaushalya kidney care superspeciality hospital,Beside Somani colour Home, New doctor lane, hedgewar marg, parbhani",8689879317,27,489,100005,2025-02-18 05:16:26,19.261005,76.771538,PMJAY
HOSP27P210481,27210481,Hospital,P,Indian Institute of Metabolic Sciences  Dr. Todkar Multispecialty Hospital,"survey no 33 , pan card road ,baner, pune,",9823390505,27,490,"100001,100002,100003,100004,100005,100006,100007,100008,100010,100011,100012,100013,100014,100015,100016,100017,100018,100019,100020,100022,100023,100026",2025-02-18 05:16:26,18.558556,73.778966,PMJAY
HOSP27G210500,27210500,Hospital,G,WCH Malegaon,"WCH Malegaon,",9422942727,27,487,"100010,100012,100017,100018,100026",2025-02-18 05:16:27,20.591520,74.545270,PMJAY
HOSP27P210516,27210516,Hospital,P,HRIDAM MULTISPECIALITY HOSPITAL,"13th L opposite swami pani puravtha Mali Colony  Sanmitra Housing Society Rajarampuri Kolhapur,",9113560452,27,480,"100002,100003,100005,100006,100007,100023",2025-02-18 09:31:45,16.689515,74.248604,PMJAY
HOSP27P210518,27210518,Hospital,P,DR GADRE EYE CARE CENTRE,"PATIL CHAMERS,,OPP.SINDHUDURG BANK, DABHOLI NAKA",9822467144,27,495,100013,2025-02-18 09:31:45,15.8621920000001,73.6318630000001,PMJAY
HOSP27P210524,27210524,Hospital,P,SHREE MAHAVIR JAIN HOSPITAL AND SHRI PRATAP J ASHAR CARDIAC CENTER,"Hajuri Circul Hajuri DARGHA ROAD THANE W 400604,",9619729666,27,497,"100001,100002,100003,100004,100005,100006,100007,100008,100010,100011,100012,100013,100014,100015,100016,100017,100018,100019,100020,100022,100023,100026",2025-02-18 09:31:45,19.194547,72.9595687,PMJAY
HOSP27P210525,27210525,Hospital,P,SHIVAJIRAO HEART CARE AND IMAGING CENTER,"PLOT 3/4, YASHWANTRAO NATYAGRUHA ROAD,YASHWANTRAO CHAVAN NATYAGRUHA ROAD",9096293181,27,470,"100001,100002,100003,100004,100005,100006,100007,100008,100011,100013,100014,100015,100016,100019,100020,100022,100023,100026",2025-02-18 09:31:45,18.987647595893932,75.7457752468377,PMJAY
HOSP27P210526,27210526,Daycare Centre,P,"Isha Eye Care Pvt Ltd,Pune City,Pune,Pvt",1ST FLOOR A WING PREMIER PLAZA ANAND NAGAR OLD MUMBAI PUNE HIGHWAY Pune 411019 PUNE,7588797539,27,490,100013,2025-02-18 09:31:46,18.63630,73.79619,PMJAY
HOSP27P210528,27210528,Hospital,P,Galaxy Superspeciality Hospital And Research Institue,"c,",9404679880,27,469,,2025-02-18 09:31:46,19.86667882987058,75.34333106659199,PMJAY
HOSP27G210542,27210542,Hospital,G,RH Dattawad,"Takli road Dattawad,",9511276549,27,480,"100004,100005,100006,100012,100017,100018",2025-02-18 09:31:46,16.592420,74.583406,PMJAY
HOSP27G210546,27210546,Hospital,G,RURAL HOSPITAL SOLANKUR,"A/P-SOLANKUR,",9822132495,27,480,"100001,100004,100005,100006,100009,100010,100012,100014,100015,100016,100017,100018,100019,100022,100023,100026",2025-02-18 09:31:46,16.415475,74.048332,PMJAY
HOSP27G210554,27210554,Hospital,G,RH MURGUD KOLHAPUR,"NEAR MURGUD BUS STAND,",9284318845,27,480,"100004,100005,100006,100010,100012,100015,100017,100018,100020",2025-02-18 09:31:47,16.396784849645883,74.19031225279883,PMJAY
HOSP27G210559,27210559,Hospital,G,RH PARGAON ,"A/P PARGAON TAL-HATKANGALE DIST-KOLHAPUR,",8007476699,27,480,"100001,100002,100003,100004,100005,100006,100007,100008,100009,100010,100011,100012,100013,100014,100015,100016,100017,100018,100019,100020,100021,100022,100023,100026",2025-02-18 09:31:47,16.860401592403107,74.23301568221066,PMJAY
HOSP27G210563,27210563,Hospital,G,Rural Hospital Gadchandur,"Ward No. 5,",9922558936,27,473,"100005,100006,100012,100017",2025-02-18 09:31:47,19.813118,79.181754,PMJAY
HOSP27P210613,27210613,Daycare Centre,P,Asian Eye Institute and Laser Centre Pvt Ltd,"101, Satyanarayan Apartment, Opp. G.H. High School, Off. M.G. Cross Road, Borivali (East), Mumbai,10A satynarayn apt off m g rd opp g h school",9820798186,27,483,100013,2025-02-18 09:31:50,19.231429,72.858883,PMJAY
HOSP27G210633,27210633,Hospital,G,Ner,"RH NER TALUKA JALNA DIST JALNA ,",9422255992,27,479,"100005,100006,100010,100012,100013,100015,100017,100020,100026",2025-02-18 09:31:51,19.7684,76.1926,PMJAY
HOSP27G210672,27210672,Hospital,G,GHOTI,"Ghoti, Tal. Igatpuri,Ghoti sinnar NH-3 High way",9325670048,27,487,"100001,100002,100003,100004,100005,100006,100007,100008,100009,100010,100011,100012,100013,100014,100015,100016,100017,100018,100019,100020,100021,100022,100023,100026",2025-02-18 09:31:52,19.749625,73.668763,PMJAY
HOSP27P210699,27210699,Hospital,P,SAMARTH HOSPITAL AND RESERCH CENTER,"Ale Taluka Junnar District Pune,",9867253399,27,490,"100004,100005,100006,100011,100012,100013,100015,100020,100022,100023",2025-02-18 09:31:54,19.175177247939615,74.1474738021351,PMJAY
HOSP27G211113,27211113,Hospital,G,SHANKARRAO MASULKAR URBAN HEALTH CENTER AND EYE HOSPITAL,"JRP7246, Masulkar Colony, , Pimpri Colony,  , Pimpri-Chinchwad, Maharashtra 411018,",9561084723,27,490,100013,2025-03-26 17:31:52,18.63489,73.8128,PMJAY
HOSP27P211115,27211115,Hospital,P,DR P M MAHAJAN MEMORIAL HOSPITAL,"BESAID BHIRUD HOPSITAL, JAMNER ROAD,",8766728251,27,478,"100010,100017",2025-03-26 17:31:52,21.03776587001188,75.78111249758737,PMJAY
HOSP27P211118,27211118,Hospital,P,SHREE HOSPITAL,"1ST FLOOR PRIME CENTER OPP SBI BANK,CHINCHNAKA, CHIPLUN,",9420908888,27,492,,2025-03-26 17:31:52,17.52352718963533,73.53964530175719,PMJAY
HOSP27P211121,27211121,Hospital,P,SUNSHINE MULTISPECIALITY CENTER,"T P SCHEME 2 , NEAR NAGOJIRAO PATANKAR HIGHSCHOOL, RANKALA TOWER ROAD, RANKALA , KOLHAPUR,",8623883675,27,480,,2025-03-26 17:31:52,16.691498,74.218711,PMJAY
HOSP27G211127,27211127,Hospital,G,ESIS HOSPITAL VASHI,"ESIS HOSPITAL VASHI, NR RAMDEV HOTEL, SAGAR VIHAR ROAD, SEC 5, VASHI, NAVI MUMBAI.,",8286601377,27,497,"100004,100005,100006,100009,100012,100013,100015,100016,100017",2025-03-26 17:31:53,19.075997,73.006880,PMJAY
HOSP27G211132,27211132,Hospital,G,RH SANGRAMPUR,"RH SANGRAMPUR,TALUKA SANGRAMPUR,",7588395372,27,472,100005,2025-03-26 17:31:53,21.0339510000001,76.6757270000001,PMJAY
HOSP27P211318,27211318,Hospital,P,Warad Hospital ,"C/O Prabhu Warad Warad Hospital Near Khandoba Temple Khandoba Galli Latur,",9422469256,27,481,"100004,100005,100006,100008,100012,100014,100015,100016,100018,100019,100022,100023,100026",2025-04-23 15:20:20,18.401054,76.576669,PMJAY
HOSP27P211343,27211343,Hospital,P,ACCIDENT FRACTURE ORTHOPEDIC AND REPLACEMENT HOSPITAL,"20/564, BEHIND HOTEL UPVAN,",9922556655,27,480,"100015,100020",2025-04-23 18:31:45,16.683147,74.468145,PMJAY
HOSP29G168954,29168954,Hospital,P,NMDC YASHODA AROGYVARDHINI HOSPITAL,"NMDC YASHODA AROGYAVARDHINI HOSPITAL,nMDC COLONY DONIMALAI",9943156766,29,528,"100001,100002,100003,100004,100005,100006,100007,100008,100009,100010,100011,100012,100013,100014,100015,100016,100017,100018,100019,100020,100021,100022,100023,100026",2023-11-14 06:12:47,15.056144813253724,76.59221070595447,PMJAY
HOSP32G100205,32100205,Hospital,G,MALABAR CANCER CENTRE THALASSERY,"Malabar Cancer Centre,Moozhikkara",9895848300,32,557,"100001,100002,100003,100004,100005,100006,100007,100008,100009,100010,100011,100012,100013,100014,100015,100016,100017,100018,100019,100021,100022,100023,100026,100028,10083",2019-06-04 11:09:17,11.74914,75.52404,PMJAY
HOSP32P100841,32100841,Hospital,P,AMAEDEEP DIYA EYE CARE PVT LTD,"12/694,2nd Mile Stone, Kollam, Kerala",9061031036,32,559,100013,2019-10-03 16:20:38,8.901519,76.616673,PMJAY
HOSP32P102074,32102074,Hospital,P,KARUNYA EYE HOSPITAL PANDALAM,"RAJA TOWER,NEAR POST OFFICE",9745688854,32,564,100013,2019-12-11 21:14:22,9.22743500000007,76.6778610000001,PMJAY
HOSP32P102077,32102077,Hospital,P,SREEKANTAPURAM HOSPITAL,"SREEKANTAPURAM HOSPITAL, KANDIYOOR, THATTARAMBALAM.P.O,SREEKANTAPURAM HOSPITAL, KANDIYOOR, MAVELIKARA",9567263471,32,554,"100005,100006,100011,100012,100013,100015,100016,100017,100023",2020-08-25 15:25:09,9.25100400000002,76.5274390000001,PMJAY
HOSP32P102273,32102273,Hospital,P,NU VISION EYE CARE,14/7A PANDIKKAD ROAD NEAR KORAMBAYIL HOSPITAL MANJERI,8921644544,32,562,100013,2019-09-02 16:57:28,8.536227,76.96736,PMJAY
HOSP32P102944,32102944,Hospital,P,CHAITHANYA EYE HOSPITAL AND RESEARCH INSTITUTE,"Amaan Square,",7907443649,32,560,100013,2020-06-27 08:02:19,9.63,76.54,PMJAY
HOSP32P103036,32103036,Hospital,P,KANHANGAD EYE FOUNDATION AND RESEARCH CENTRE,"SABAKA CENTER,NEAR NEW LIC OFFICE BUILDING,PUTHIYAKOTTA",9447685727,32,558,100013,2020-11-19 15:36:22,12.311157,75.0942620000001,PMJAY
HOSP32P106636,32106636,Hospital,P,TREE G EYE CARE HOSPITAL,"Court Rd opp. Dist Hospital Karuvambram Manjeri,",9995884182,32,562,100013,2020-02-18 15:28:10,11.115691,76.119334,PMJAY
HOSP32G111384,32111384,Hospital,G,Sree Chitra Tirunal Institute For Medical Sciences And Technology ,"Sree Chitra Tirunal Institute for Medical Sciences and Technology, Trivandrum,Government Medical College Campus, Thiruvananthapuram ",8005451000,32,565,"100002,100003,100005,100006,100007,100008,100011,100022",2019-12-11 21:12:11,8.521450,76.926221,PMJAY
HOSP32P116359,32116359,Hospital,P,GEM HOSPITAL AND RESEARCH CENTRE THRISSUR PRIVATE LIMITED,"GEM HOSPITAL AND RESEARCH CENTRE ,PARAVATTANI THRISSUR",8078780000,32,566,100006,2020-05-18 14:05:59,10.520455,76.2369640000001,PMJAY
HOSP32P119045,32119045,Hospital,P,LISA HOSPITAL,"LISA HOSPITAL KOODRANJI ROAD  THIRUVAMBADY,",9895029502,32,561,"100005,100006,100010,100012,100015,100016,100017",2020-10-16 18:43:05,11.361609,76.012564,PMJAY
HOSP32P119095,32119095,Hospital,P,HOLY CROSS HOSPITAL PVT LTD PRASANTHI HOSPITAL,"Court Road PB No 82 Manjeri Malappuram Kerala India,",8301057259,32,562,"100005,100006,100010,100012,100015,100016,100017,100018,100023",2020-07-25 15:36:35,11.115913,76.118522,PMJAY
HOSP32P119307,32119307,Hospital,P,MALABAR HOSPITAL,"RAJEEV GANDHI ROAD,KARUVAMBURAM,MANJERI,,",9447012070,32,562,"100005,100006,100010,100012,100015,100016,100017,100023",2020-09-18 13:11:36,11.124403,76.110982,PMJAY
HOSP32P120150,32120150,Hospital,P,Rajiv Gandhi Co Operative Hospital,"Kallekkad,Kodunthirapully",9495056122,32,563,"100002,100005,100006,100012,100015,100017",2020-09-16 16:22:53,10.7782550000001,76.605104,PMJAY
HOSP32P122142,32122142,Hospital,P,MBH HOSPITAL LLP,Down Hill Post,9544558807,32,562,"100002,100005,100006,100012,100015",2020-11-18 17:30:02,11.0566,76.08083,PMJAY
HOSP32P122166,32122166,Hospital,P,Chaithanya Eye Institute,"NH Bypass, Near Palarivattom Flyover  , Palarivattom Cochin ,NH Bypass Near palarivattom Flyover ",8606336912,32,555,100013,2026-05-27 21:58:40,10.008523,76.312224,PMJAY
HOSP32P123123,32123123,Hospital,P,BATHERY HEALTH CARE AND RESEARCH FOUNDATION,"SULTHAN BATHERY SERVICE CO OPERATIVE BANK Ltd sulthan bathery,",9446695654,32,567,100005,2021-01-08 17:10:42,11.665578,76.266037,PMJAY
HOSP32P123272,32123272,Hospital,P,V TRUST HEALTH CARE,"8/980, MAIN ROAD, BALUSSERY,",9633040606,32,561,100013,2021-01-30 10:06:43,11.446997,75.829798,PMJAY
HOSP32P123507,32123507,Medical College Hospital,P,PKDAS INSTITUTE OF MEDICAL SCIENCES GENERAL HOSPITAL,"Vaniyamkulam,Ottapalam",9961910999,32,563,"100005,100006,100012,100013,100015,100016,100017",2021-03-01 13:00:12,10.781811390680772,76.32930862062699,PMJAY
HOSP32P123615,32123615,Hospital,P,TRUSTEYE HOSPITAL PVT LTD,"5 TH FLOOR CITY CENTRE KANNUR,EYETRUSTHOSPITAL 5TH FLOOR CITY CENTRE KANNUR",9004650011,32,557,100013,2021-02-08 14:41:24,11.869815336745333,75.36640055758016,PMJAY
HOSP32P124312,32124312,Hospital,P,AR MEDICAL CENTRE,"CRAFT CAMPUS,CHANDAPURA",9846098333,32,566,"100002,100003,100015",2021-04-23 15:30:30,10.2341650000001,76.1936620000001,PMJAY
HOSP32P124338,32124338,Hospital,P,SHRI SHARADA EYE AND ENT CLINIC,"ak tower , Near assumption junction, sulthan bathery,Ak Tower , Near Assumption Junction, Sulthan Bathery",9497402648,32,567,"100013,100016",2021-03-04 16:31:58,11.662245,76.253945,PMJAY
HOSP32P124859,32124859,Hospital,P,PUNYAM CHARITABLE TRUST,"GOVERNMENT HOSPITAL ERATTUPETTA,",9744941111,32,560,100005,2021-03-30 20:11:41,9.68466401330231,76.77368902433113,PMJAY
HOSP32P125260,32125260,Hospital,P,KORAMBAYIL HOSPITAL & DIAGNOSTIC CENTRE PVT LTD,"PANDIKKAD ROAD, MANJERI",9447369561,32,562,"100001,100002,100005,100006,100010,100011,100012,100015,100016,100017,100023",2021-04-11 15:36:00,11.12303385,76.1270731708479,PMJAY
HOSP32P125305,32125305,Hospital,P,KARUNA CANCER HOSPITAL & DIALYSIS CENTRE,"KARUNA CANCER HOSPITAL AND DIALYSIS CENTRE ,PALLIPADI,CHEMMAD,TIRURANGADI,",9544924596,32,562,"100005,100015",2022-02-15 15:16:47,11.037857,75.882063,PMJAY
HOSP32P125403,32125403,Hospital,P,Carewell Hospital and Research Centre Pvt Ltd,"Nh 66, Nullipady ,",8547436723,32,558,"100002,100005,100006,100011,100015,100016",2022-07-12 14:06:51,12.511428,74.998096,PMJAY
HOSP32P126796,32126796,Hospital,P,THE KOZHIKODE DISTRICT CO OPERATIVE HOSPITAL,"64/716  THE KOZHIKODE DISTRICT CO OPERATIVE HOSPITAL ,ERANHIPPALAM",9447645396,32,561,"100002,100003,100005,100006,100011,100012,100013,100015,100016",2021-05-06 12:08:08,11.276868,75.784540,PMJAY
HOSP32P126797,32126797,Hospital,P,M K HAJI ORPHANAGE HOSPITAL,TIRURANGADI,9562773883,32,562,"100002,100005,100006,100012,100013,100015",2021-05-04 07:58:35,11.0409512,75.9298369,PMJAY
HOSP32P126891,32126891,Hospital,P,SACRED HEART MISSION HOSPITAL,"PULLUR P O IRINJALAKUDA,",7559002225,32,566,"100002,100005,100012,100015",2021-05-16 08:35:16,10.345523,76.233666,PMJAY
HOSP32P127176,32127176,Hospital,P,BISHOP ALAPATT MISSION HOSPITAL,"BISHOP ALAPATT MISSION HOSPITAL,KARANCHIRA, KATTOOR P O",9483781916,32,566,"100005,100006,100012,100015,100017",2021-05-18 15:38:46,10.376508,76.162145,PMJAY
HOSP32P127507,32127507,Hospital,P,ANSAR HOSPITAL ,"SH 69 ANSAR NAGAR,PERUMBILAVU",9645968489,32,566,"100005,100006,100012,100015,100016",2021-05-18 15:36:43,10.703391,76.088902,PMJAY
HOSP32P128279,32128279,Hospital,P,ALPHONSA HOSPITAL,"Alphonsa Hospital Murickassery P.O, Idukki,",9496109283,32,556,100005,2024-05-30 16:33:02,9.913693,77.008998,PMJAY
HOSP32P129464,32129464,Hospital,P,SREENETHRAEYECAREPVT LTD,"SREENETHRA EYE CARE PVT LTD,BAKERY JUNCTION NANDAVANAM ROAD PALAYAM",9349912160,32,565,100013,2021-06-14 15:06:00,8.500709435889476,76.95415045859704,PMJAY
HOSP32P132020,32132020,Hospital,P,CHANDRAMATHY AMMA MEMORIAL HOSPITAL,"KANJANY ROAD OLARIKARA, P. O. PULLAZHI, THRISSUR 680 012,",9895315303,32,566,"100005,100006,100010,100011,100012,100013,100015,100016,100017,100018,100019,100023",2021-09-17 11:24:55,10.516552,76.1783540000001,PMJAY
HOSP32P132779,32132779,Hospital,P,ST.MARTINS HOSPITAL ,"st martin hospital,ambalavayal po",8848459550,32,567,"100005,100006,100010,100012,100015,100017",2021-09-17 12:28:11,11.624413430734236,76.2107964563703,PMJAY
HOSP32P143435,32143435,Hospital,P,CHEST HOSPITAL,"PAVAMANI ROAD P.O.PUTHIYARA KOZHIKODE ,",7736781693,32,561,"100005,100006,100012,100014,100015,100016,100017,100019",2022-07-12 13:12:26,11.255566,75.785832,PMJAY
HOSP32P147561,32147561,Daycare Centre,P,CHAITHANYA EYE HOSPITAL AND RESEARCH INSTITUTE,"PRATHIBHA JUNCTION KADAPPAKADA KOLLAM,",9656235239,32,559,100013,2022-10-18 15:36:18,8.894895,76.607335,PMJAY
HOSP32P148076,32148076,Hospital,P,SHIHAB THANGAL HOSPITAL RUN BY TIRUR  CO OPERATIVE HOSPITAL & RESEARCH CENTRE LIMITED,"SHIHABTHANGAL HOSPITAL RUN BY.TIRUR CO-OPERATIVE ETTIRIKKADAVU  PO.PACHATTIRI,",7593071135,32,562,"100002,100005,100006,100010,100012,100013,100015,100016,100017,100023",2024-06-18 11:58:38,10.906210,75.911204,PMJAY
HOSP32P150936,32150936,Hospital,P,Dr Agarwals Eye Hospital ,"66/5234/Dr Agarwals eye Hospital,Imperial Trade center/M G road metro station/piller no 649/ cochin",8289853599,32,555,100013,2022-12-12 11:33:07,9.982770511808639,76.28237759597869,PMJAY
HOSP33P103094,33103094,Hospital,P,Ammani Hospital,"Ammani Hospitals 130 Gandhi Road Hasthampatti,",9443165408,33,584,"100005,100012,100015",2019-08-27 18:08:33,11.654722,78.167842,PMJAY
HOSP33P111674,33111674,Hospital,P,MEENAKSHI MEMORIAL HOSPITAL,"164 PACR Road ,",9150534954,33,597,"100002,100005,100006,100012,100015,100020,100023",2019-12-19 10:55:55,9.450672,77.559943,PMJAY
HOSP33P114221,33114221,Hospital,P,NATHANS HOSPITAL ,"4th Cross Co-operative Colony, Near KVB Bank, Krishnagiri ,",9677460100,33,577,100015,2020-02-13 12:26:49,12.537691,78.249779,PMJAY
HOSP33P114325,33114325,Hospital,P,MGM CANCER INSTITUTE,"119  121, Nelson Manickam Road, Rajeswari Street, Rajaram Mehta Nagar, Aminjikarai, Chennai  600029,",9962956789,33,568,"100008,100021,100022,100027",2020-02-15 16:26:59,13.068267833147386,80.2267169703603,PMJAY
HOSP33P128373,33128373,Hospital,P,KANAKESA THEVAR MEMORIAL HOSPITAL PRIVATE LTD,"66 CHINNAIAH STREET,PATTUKKOTTAI,",9443354206,33,586,"100002,100003,100005,100006,100015",2021-05-27 00:16:57,10.418233,79.322901,PMJAY
HOSP33P128753,33128753,Hospital,P,MATHURAM HOSPITAL ,"NO 3A 3B EVR ROAD GURU MEDICAL HALL PUTHUR TRICHY 620017 TAMILNADU,",9380289550,33,591,"100005,100006,100015,100023",2021-05-29 22:53:15,10.822390,78.678600,PMJAY
HOSP33P129825,33129825,Hospital,P,CMC KANNIGAPURAM RANIPET,"CMC KANNIGAPURAM RANIPET CAMPUS,RANIPET,",9486858900,33,731,"100002,100003,100005,100006,100007,100008,100011,100015,100021,100023",2021-06-09 15:22:05,12.8503480000001,79.4182900000001,PMJAY
HOSP33P19494,3319494,Hospital,P,DR AGARWALS HEALTH CARE LIMITED,"B 31 SASTRI ROAD 5TH CROSS THILLAINAGAR TRICHY -620018,",9600088603,33,591,100013,2018-09-19 12:53:16,10.822780,78.682750,PMJAY
HOSP33P130803,33130803,Hospital,P,SANKAR HOSPITAL,"30E, MUTHARAMMAN KOVIL STREET, AUTHOOR,",9842138269,33,594,100005,2021-07-06 21:56:50,8.623000,78.071436,PMJAY
HOSP33P171152,33171152,Hospital,P,kolathur dialysis and medical center,"no 41,4th circular road jawahar nagar ,",9841208424,33,568,100005,2023-08-18 17:31:27,13.114458,80.220966,PMJAY
HOSP33P171990,33171990,Hospital,P,BS HOSPITAL,"190, Ettines Road, Race Course,",9787211000,33,587,"100002,100005,100006,100012",2023-08-29 16:13:49,11.401097,76.701629,PMJAY
HOSP33P171994,33171994,Hospital,P,krishna neuro and multispeciality hospital,"#93/41-a, Bye pass road, ambur,",9789714198,33,732,"100005,100006,100023",2023-08-29 16:13:50,12.789743,78.715768,PMJAY
HOSP33P204143,33204143,Hospital,P,Annaii Medical College and Hospital,"Rajalakshmi Health City, Pennalur,Sriperumbudur,Kancheepuram Dist, Chennai - 602 117,",9626112959,33,574,"100001,100002,100005,100006,100008,100009,100010,100011,100012,100013,100014,100015,100016,100017,100019,100020,100022,100023,100027",2024-06-06 09:31:34,12.977313,79.982040,PMJAY
HOSP33P210900,33210900,Hospital,P,SRINGERI SHARADA EQUITAS HOSPITAL,"NO,175 VELACHERY MAIN ROAD GOWRIVAKKAM ,",9677741392,33,574,"100005,100006,100008,100012,100021,100022",2025-03-05 14:52:32,12.920875,80.166710,PMJAY
HOSP33P211141,33211141,Hospital,P,suham hospital private limited,"12 royal garden trunk road near kollidam check post thiruvanaikovil,",9043500008,33,591,"100005,100006,100008,100009,100010,100011,100015,100017,100019,100020,100022,100023",2025-03-28 09:31:52,10.849843,78.703846,PMJAY
HOSP34P106952,34106952,Hospital,P,ARAVIND EYE HOSPITAL PONDICHERRY,"cUDDALORE MAIN ROAD THAVALAKKUPPAM PONDICHERRY,",9840113531,34,600,100013,2019-12-06 15:57:44,11.86197,79.7898920000001,PMJAY
HOSP98G111990,98111990,Hospital,G,Vallabhbhai Patel Chest Institute,"University of Delhi,",9810146835,7,80,100005,2019-12-31 18:33:42,28.6909390000001,77.208443,PMJAY
HOSP98G112471,98112471,Hospital,G,ISPAT GENERAL HOSPITAL,"SECTOR-19,",8895501244,21,373,"100001,100005,100006,100009,100010,100011,100012,100013,100014,100015,100016,100017,100019,100020",2020-01-20 13:33:31,22.263979,84.864564,PMJAY
HOSP99P100617,99100617,Hospital,P,Metro Hospital & Cancer Institute,"21, Community Centre, Preet Vihar,",9958890353,7,78,"100002,100003,100008,100017,100021,100022,100027",2026-05-29 17:18:40,28.638522,77.294841,PMJAY
HOSP99P101168,99101168,Hospital,P,RLKC HOSPITAL METRO HEART INSTITUTE,"Pandav Nagar, Naraina Road, Near Shadipur Metro Station, New Delhi, Delhi 110008,",9319411660,7,85,,2026-06-01 20:56:37,28.650966,77.154254,PMJAY
HOSP21P110021,785129837,Hospital,P,LIONS BHOOMIKA EYE HOSPITAL,"Plot No-517/A, Hemasurapada Chhendipada Road, Dist-Angul, Pin-759124, Odisha",9437006667,21,344,100013,2025-03-04 15:54:02.567084,20.8470,85.0889,PMJAY
HOSP21P110022,785129838,Hospital,P,ROSHAN EYE CARE,"PLOT NO-120/2388, DIC CHOWK,AMALAPADA",7606922832,21,344,100013,2025-03-04 15:54:02.567084,20.84593,85.09489,PMJAY
HOSP21P110024,785129840,Hospital,P,SAI SHANTI EYE HOSPITAL,"Amalapada 6th Lane Hanuman Bazar , ",9556167267,21,344,100013,2025-03-04 15:54:02.567084,20.840827303740497,85.10145616421084,PMJAY
HOSP21P110026,785129842,Hospital,P,SAROJINI HEALTH CARE,Anand bazar,9437228607,21,344,"100005,100006,100010,100012,100015,100023",2025-03-04 15:54:02.567084,20.829453,85.082894,PMJAY
HOSP21P110031,785129847,Hospital,P,SURENDRA HOSPITAL,MISHRAPADA,9438394944,21,344,"100005,100006,100008,100010,100012,100015,100016,100017,100023",2025-03-04 15:54:02.567084,20.8207,85.0703,PMJAY
HOSP21P110039,785129855,Hospital,P,BASANTI NURSING HOME,"DURPAL KAMARDA BHOGRAI BALASORE,",7972250653,21,346,"100005,100006,100012,100013,100015",2025-03-04 15:54:02.567084,21.752863,87.365846,PMJAY
HOSP21P110041,785129857,Hospital,P,Bhoomika Eye Hospital Jaleswar,"Plot No-151 Badabazar infront of state bank of india jaleswar balasore odisha,",9437006667,21,346,100013,2025-03-04 15:54:02.567084,21.804192139168507,87.22616883820416,PMJAY
HOSP21P110042,785129858,Hospital,P,Bhoomika Eye hospital soro,"Utterswar Badakuri chhaka Near Honda showroom,",9437006667,21,346,100013,2025-03-04 15:54:02.567084,21.291476599361573,86.69141884131079,PMJAY
HOSP21P110047,785129863,Hospital,P,JAY KRISHNA HOSPITAL,"JAY KRISHNA HOSPITAL ,NH-16, KURUDA, BALASORE, ",8144075294,21,346,100013,2025-03-04 15:54:02.567084,21.470583,86.8815710000001,PMJAY
HOSP21P110048,785129864,Hospital,P,JAYASHRI HEALTHCARE & RESEARCH CENTRE,"ISSAN NAGAR,ITI SQUARE,BALASORE,ODISHA",9437159218,21,346,,2025-03-04 15:54:02.567084,21.4846605,86.9169636,PMJAY
HOSP21P110049,785129865,Hospital,P,JYOTI HOSPITAL,JYOTHI HOSPITAL(JYOTHI CHARITABLE SOCIETY),9437049391,21,346,"100005,100006,100012,100013,100015,100017,100023",2025-03-04 15:54:02.567084,21.472519,83.983673,PMJAY
HOSP21P110053,785129869,Hospital,P,MAA TARINI NURSHING HOME,"ADM SQAURE BALASORE,",9583043421,21,346,"100005,100006,100012,100016",2025-03-04 15:54:02.567084,21.50273,86.9247500000001,PMJAY
HOSP21P110061,785129877,Hospital,P,SURAKHYA NURSING HOME,"Deulipanchughanta Jaleswar Balasore 756032, ",9777768067,21,346,"100005,100006,100012,100016",2025-03-04 15:54:02.567084,21.804984369425426,87.23033579340387,PMJAY
HOSP21P110073,785129889,Hospital,P,SAI VISION EYE HOSPITAL,"MARUTI NAGAR RAJBORASAMBAR PADAMPUR,",9437416840,21,347,100013,2025-03-04 15:54:02.567084,21.000095,83.0637170000001,PMJAY
HOSP21P110098,785129914,Hospital,P,NEW LIFE HOSPITAL,"SUDPARA,",9439423806,21,345,"100006,100012,100015,100017",2025-03-04 15:54:02.567084,20.701894,83.4845720000001,PMJAY
HOSP21P110102,785129918,Hospital,P,SAMALESWARI MULTY SPECIALITY HOSPITAL PVT LTD,"JITENDRA NAGAR BALANGIR,",9438017361,21,345,"100005,100006,100012,100015,100016,100017",2025-03-04 15:54:02.567084,20.699546,83.492864,PMJAY
HOSP21P110118,785129934,Hospital,P,CARCINOVA CANCER HOSPITAL,"NUAPATANA NEAR CDA CUTTACK,",9938169215,21,350,"100005,100006,100008,100012,100014,100016,100018,100019,100021,100022,100023,100027",2025-03-04 15:54:02.567084,20.5234,85.8284860000001,PMJAY
HOSP21P110124,785129940,Hospital,P,HCG PANDA CANCER HOSPITAL,"NH-16 TELENGAPENTH CUTTACK,",8249377153,21,350,"100005,100006,100008,100016,100021,100022",2026-06-25 16:25:22,20.366973,85.891479,PMJAY
HOSP21P110140,785129956,Hospital,P,PADMINI CARE HOSPITAL,"DREAMS ROAD, KOTASAHI,KAIRAPARI,TANGI,CUTTACK,",8093060185,21,350,,2025-03-04 15:54:02.567084,20.568220,85.996385,PMJAY
HOSP21P110145,785129961,Hospital,P,SADGURU HOSPITAL,"AT/PO/PS- JAGATPUR,
 CUTTACK-754021",9437046626,21,350,"100001,100002,100003,100005,100006,100007,100008,100010,100011,100012,100014,100015,100016,100017,100018,100019,100020,100021,100022,100023,100027",2025-03-04 15:54:02.567084,20.500833,85.92954,PMJAY
HOSP21P110151,785129967,Hospital,P,SAI SHANTI EYE HOSPITAL,"PATAPUR,",9438619888,21,350,100013,2025-03-04 15:54:02.567084,20.479353398010048,86.14929768310071,PMJAY
HOSP21P110155,785129971,Hospital,P,SANJIBANEE NURSING HOME,AT/PO/PS/NISCHINTAKOILI,9337142724,21,350,"100005,100006,100012,100015,100017",2025-03-04 15:54:02.567084,20.47809,86.17822,PMJAY
HOSP21P110157,785129973,Hospital,P,SANTI SUDHA HOSPITAL,"PLOT NO 42/5694, KHATIYAN NO 772/957, UNDER MOUZA -NIMPUR, AT -LAXMANPUR,IB ROAD,PO/PS-JAGATPUR",9861325081,21,350,"100005,100006,100012,100015,100016,100017",2025-03-04 15:54:02.567084,20.4958,85.945786,PMJAY
HOSP21P110166,785129982,Hospital,P,SWASTHYA MULTISPECIALITY HOSPITAL AND ADVANCED TRAUMA CARE CENTRE,"PRATAPNAGARI  BHANPUR  CUTTACK SADAR,",7077622266,21,350,,2025-03-04 15:54:02.567084,20.4363270000001,85.883855,PMJAY
HOSP21P110173,785129989,Hospital,P,ANANTARAM MEMORIAL CUTTACK NURSING HOME,"MIRKAMALPATNA MANGALABAG,",7989618047,21,350,"100005,100006,100023",2025-03-04 15:54:02.567084,20.469738,85.886357,PMJAY
HOSP21P110177,785129993,Hospital,P,Ashwini Hospital Unit of CHPL,"Plot 3P CDA Sector 1,",9437047817,21,350,"100001,100002,100003,100005,100006,100007,100009,100011,100014,100015,100016,100017,100018,100019,100020,100023",2025-03-04 15:54:02.567084,20.473651,85.849510,PMJAY
HOSP21P110178,785129994,Hospital,P,ASHWINI TRAUMA CENTRE,"PLOT NO. 1-COM-14, SECTOR -1,AT-CDA, BIDANASI, PO/PS -MARKAT NAGAR",9437047818,21,350,"100001,100005,100006,100009,100011,100014,100015,100016,100017,100019,100020,100023",2025-03-04 15:54:02.567084,20.4722,85.8473,PMJAY
HOSP21P110194,785130010,Hospital,P,DR. AGRAWAL EYE HOSPITAL,"BBC TOWER, LINK ROAD SQUARE, MADHUPATNA, CUTTACK-753010",9437604869,21,350,100013,2025-03-04 15:54:02.567084,203123,854717,PMJAY
HOSP21P110197,785130013,Hospital,P,Hemaprava Multispeciality Hospital,"Professor Para Bajrakabati Road, ",9437030690,21,350,"100001,100002,100005,100006,100008,100009,100011,100012,100014,100015,100016,100017,100019,100020,100022,100023",2025-03-04 15:54:02.567084,20.462415294156983,85.89055035825595,PMJAY
HOSP21P110203,785130019,Hospital,P,INDIAN INSTITUTE OF GASTROETEROLOGY AND HEPATOLOGY,"SERVICE ROAD NH-16 GANDARPUR CUTTACK, ",7978672443,21,350,"100004,100005,100006,100007,100008,100011,100012,100014,100015,100016,100017,100019,100020,100022,100023,100026",2025-03-04 15:54:02.567084,20.4658610000001,85.8939730000001,PMJAY
HOSP21P110205,785130021,Hospital,P,JEEVANDHARA NURSING HOME,"NILADRIVIHAR, CHAULIAGANJ, CUTTACK",9937087235,21,350,"100006,100012,100017",2025-03-04 15:54:02.567084,20.455558,85.913304,PMJAY
HOSP21P110206,785130022,Hospital,P,JPM ROTARY CLUB OF CUTTACK EYE HOSPITAL AND RESEARCH INSTITUTE,"CDA SECTOR -6 MARKATNAGAR ABHINABHA BIDANASI,",9835958323,21,350,"100005,100013,100016",2025-03-04 15:54:02.567084,20.472697,85.834499,PMJAY
HOSP21P110211,785130027,Hospital,P,LIFE INSTITUTE OF GASTROENTEROLOGY & GYNAECOLOGY,POTAPOKHARI (NEAR BLOCK OFFICE)NAYABAZAR CUTTACK,9437178316,21,350,"100005,100006,100008,100009,100010,100011,100012,100014,100015,100016,100017,100018,100019,100022,100023",2025-03-04 15:54:02.567084,20.464763,85.912565,PMJAY
HOSP21P110219,785130035,Hospital,P,MELVIN JONES LIONS EYE HOSPITAL,"KHALASI LANE BUXI BAZAR,",9437054535,21,350,100013,2025-03-04 15:54:02.567084,20.477952,85.871215,PMJAY
HOSP21P110221,785130037,Hospital,P,MODERN EYE CARE AND SUPER SPECIALITY CLINIC ,"PLOT NO C/434 , SECTOR - 6 , CDA , CUTTACK , ODISHA ,",8895575707,21,350,100013,2025-03-04 15:54:02.567084,20.472697,85.8344990000001,PMJAY
HOSP21P110222,785130038,Hospital,P,Moon Hospital,"Plot 1141 Mahanadi Vihar,",9937596246,21,350,"100001,100005,100006,100008,100011,100012,100014,100015,100016,100017,100019,100020,100021,100022,100023",2025-03-04 15:54:02.567084,20.454235,85.912269,PMJAY
HOSP21P110227,785130043,Hospital,P,NEW HEALTH POINT HOSPITAL,"PLO NO-1505 B SECTOR-6 CDA CUTTACK,",7008524763,21,350,100010,2025-03-04 15:54:02.567084,20.4781550000001,85.8377950000001,PMJAY
HOSP21P110239,785130055,Hospital,P,RADHARAMAN HOSPITAL,"TALA TELENGA BAZAR, PURIGHAT ROAD, CUTTACK. ODISHA",9437158512,21,350,100013,2025-03-04 15:54:02.567084,20.46252,85.88299,PMJAY
HOSP21P110244,785130060,Hospital,P,RELAX HOSPITALS,"EMPORIUM LANE RANIHAT CUTTACK,",9337560850,21,350,"100005,100006,100008,100011,100012,100015",2025-03-04 15:54:02.567084,20.470490,85.888745,PMJAY
HOSP21P110255,785130071,Hospital,P,SAI SANJIBANI NURSING HOME,"POLICE KALYAN MANDAP, PO- NAYABAZAR, PS- CHAULIAGNAJ, DIST- CUTTACK",9178329500,21,350,"100005,100006,100012,100016,100017",2025-03-04 15:54:02.567084,20.4647277,85.9088444,PMJAY
HOSP21P110263,785130079,Hospital,P,SHANTI MEMORIAL HOSPITAL PVTLTD,"PATNAIK COLONY THORIA SAHI,",9437024550,21,350,"100001,100002,100003,100005,100006,100007,100008,100009,100011,100012,100014,100015,100016,100017,100018,100019,100020,100021,100022,100023",2025-03-04 15:54:02.567084,20.469147,85.882896,PMJAY
HOSP21P110269,785130085,Hospital,P,SHREEJA HOSPITAL,"SAI NAGR, OMP SQUARE, CUTTACK ,",9438785992,21,350,"100002,100005,100006,100008,100011,100012,100015,100016,100019,100023",2025-03-04 15:54:02.567084,20.454199,85.900028,PMJAY
HOSP21P110282,785130098,Hospital,P,STARHOSPITAL,"PLOT NO. 960, JOBRA, COLLEGE SQUARE,",9437969646,21,350,"100005,100006,100008,100011,100012,100015,100016,100017,100019,100020,100022,100023",2025-03-04 15:54:02.567084,20.466347261619617,85.89098807144643,PMJAY
HOSP21P110283,785130099,Hospital,P,SUN HOSPITAL PVT LTD,"SRIVIHAR COLONY TULSIPUR CUTTACK,",7008999796,21,350,"100001,100004,100005,100006,100009,100010,100011,100012,100014,100015,100016,100017,100018,100019,100020,100023",2025-03-04 15:54:02.567084,20.474194596469744,85.8637899101526,PMJAY
HOSP21P110287,785130103,Hospital,P,TARINI SUPER SPECIALITY HOSPITAL PVT LTD,"PLOT NO-1889/3889, EMPORIUM LANE, RANIHAT, DIST- CUTTACK-753001 ",9437271804,21,350,"100004,100005,100006,100008,100010,100011,100012,100013,100014,100015,100016,100017,100018,100019,100022,100023,100026",2025-03-04 15:54:02.567084,20.4699456,85.8899658,PMJAY
HOSP21P110310,785130126,Hospital,P,DEBI DURGA HOSPITAL,"DAKHINAKALI ROAD NEAR DISTRICT HEADQUATER HOSPITAL,DHENKANAL",9438394922,21,352,"100005,100006,100012,100015",2025-03-04 15:54:02.567084,20.660575,85.586107,PMJAY
HOSP21P110314,785130130,Hospital,P,KALINGA EYE HOSPITAL,"DAKHINAKALI ROAD,DHENKANAL",9437094372,21,352,100013,2025-03-04 15:54:02.567084,203935,85352.,PMJAY
HOSP21P110317,785130133,Hospital,P,MAA BAISTOMBIDEVI NURSING HOME,"ATPO- SANKARPUR,,",7008794551,21,352,"100005,100006,100012,100015,100016",2025-03-04 15:54:02.567084,20.688570,85.610293,PMJAY
HOSP21P110322,785130138,Hospital,P,SAI SHREE EYE HOSPITAL,"JAGANNAT ROAD,DHENKANAL",9437452148,21,352,100013,2025-03-04 15:54:02.567084,20.662636,85.595098,PMJAY
HOSP21P110334,785130150,Hospital,P,AAYUSH HOSPITAL,"BRAHMA NAGAR 2ND LANEBERHAMPUR,",9861983125,21,354,"100005,100006,100012,100016",2025-03-04 15:54:02.567084,19.312548593658974,84.79186893386782,PMJAY
HOSP21P110338,785130154,Hospital,P,AMIT INSTITUTE OF MEDICAL SCIENCE AND HOSPITAL,"RANDHA,",9575430012,21,354,"100002,100003,100005,100006,100008,100011,100012,100015,100019,100022,100023",2025-03-04 15:54:02.567084,19.236673,84.754948,PMJAY
HOSP21P110348,785130164,Hospital,P,ECOS EYE HOSPITAL,"3RD TOTA STREET BIJIPUR,",9437211194,21,354,100013,2025-03-04 15:54:02.567084,19.300058420721015,84.79551451881008,PMJAY
HOSP21P110360,785130176,Hospital,P,MODERN EYE CARE CENTRE,"VIP COLONY KAMAPALLI-GOILUNDI ROAD,",9437107918,21,354,100013,2025-03-04 15:54:02.567084,19.30573,84.8048250000001,PMJAY
HOSP21P110371,785130187,Hospital,P,Ruby Eye Hospital,"Sushruta Nagar, Govinda Vihar,",9938854810,21,354,100013,2025-03-04 15:54:02.567084,19.3213630000001,84.8047480000001,PMJAY
HOSP21P110389,785130205,Hospital,P,Bhoomika Eye Hospital Jagatsinghpur,"At-Markandapur, Po-Punanga, Dist-Jagatsinghpur, Pin-754103, Odisha,",9437006667,21,355,100013,2025-03-04 15:54:02.567084,20.252711,86.177349,PMJAY
HOSP21P110408,785130224,Hospital,P,Bhoomika Eye Hospital Jajpur Road,"Plot No-N1501-1510 At-Laxmi Vihar PoPs-Jajpur Road Dist-Jajpur,",9437006667,21,356,100013,2025-03-04 15:54:02.567084,20.9424100000001,86.1420330000001,PMJAY
HOSP21P110409,785130225,Hospital,P,Bhoomika Eye Hospital,"N.H-16, MAIN ROAD, JARAKA, JAJPUR, ODISHA,",9437006667,21,356,100013,2025-03-04 15:54:02.567084,20.765457,86.146646,PMJAY
HOSP21P110434,785130250,Hospital,P,SHREE JAGANNATH EYE HOSPITAL,"Plot No-720 At-Paikarapur Po-Chhatia Dist-Jajpur State-Odisha Pin-754023,",7008094644,21,356,100013,2025-03-04 15:54:02.567084,20.614285,86.063320,PMJAY
HOSP21P110443,785130259,Hospital,P,MOTILAL YADAV MEMORIAL SAMALESWARI HOSPITAL,"AT-BEHERAPAT PO-EKATALI PS-JHARSUGUDA,",7894528888,21,357,"100005,100006,100012,100015,100016,100017,100023",2025-03-04 15:54:02.567084,21.869785,83.997741,PMJAY
HOSP21P110449,785130265,Hospital,P,NEWLIFE MISSION HOSPITAL,"AT.Karlupada Po.Kesinga Dist.kalahandi,",9938065937,21,358,"100005,100006,100012,100013,100015",2025-03-04 15:54:02.567084,20.1783120000001,83.217991,PMJAY
HOSP21P110451,785130267,Hospital,P,SHREE JAGNNATH NETRALAYA,"NEAR BALAJI TEMPLE PARDESI PADA BHAWANIPATNA,",7894426800,21,358,100013,2025-03-04 15:54:02.567084,19.906399,83.153601,PMJAY
HOSP21P110455,785130271,Hospital,P,omm sai eye hospital,"phulbani,",7789894643,21,359,100013,2025-03-04 15:54:02.567084,20.476715,84.232101,PMJAY
HOSP21P110467,785130283,Hospital,P,SAI SHANTI EYE HOSPITAL,"AT/PO-BELTAL,PATTAMUNDAI",9861062800,21,360,100013,2025-03-04 15:54:02.567084,20.58018,86.551,PMJAY
HOSP21P110469,785130285,Hospital,P,SHREE SAI CARE,"SAMAGUDIA,",9437184962,21,360,"100005,100006,100007,100010,100011,100012,100014,100015,100016,100017,100018,100020,100023",2025-03-04 15:54:02.567084,20.476789474395105,86.44934215761668,PMJAY
HOSP21P110474,785130290,Hospital,P,Bhoomika Eye Hospital Keonjhar,"At-Medical Road, Church Chhak, Dist-Keonjhar, Pin-758001, Odisha,",9437006667,21,361,100013,2025-03-04 15:54:02.567084,21.634598,85.610450,PMJAY
HOSP21P110476,785130292,Hospital,P,Hima hospital,"AT-KEONJHAR,",9438002213,21,361,"100005,100006,100009,100012,100013,100014,100015,100016",2025-03-04 15:54:02.567084,21.634598,85.610450,PMJAY
HOSP21P110483,785130299,Hospital,P,SUNRISE HOSPITAL,"SUNRISE HUSPITAL 
,BANIAPAT,D D COLLEGE ROAD,KEONJHARGARH DIST-KEONJHAR, ODISHA",9348110973,21,361,"100005,100006,100012",2025-03-04 15:54:02.567084,21.65,85.6,PMJAY
HOSP21P110488,785130304,Hospital,P,BHOOMIKA EYE HOSPITAL,"Plot No-339/1742, Khata No-588/114, At-Saradhapur, Po/Dist-Khordha, Pin-752055, Odisha",9437006667,21,362,100013,2025-03-04 15:54:02.567084,20.1879,85.5882,PMJAY
HOSP21P110502,785130318,Hospital,P,NEW AROGYA HOSPITAL,"HOSPITAL AREA,  NAYAGARH ROAD, PO/PS/DIST-KHORDHA, ODISHA",7751005100,21,362,"100005,100006,100012,100015,100016",2025-03-04 15:54:02.567084,20.1890012,85.6077242,PMJAY
HOSP21P110531,785130347,Hospital,P,Apollo Hospitals Bhubaneswar,"Unit-15 Doordarshan Colony Gajapati Nagar,",9873273222,21,362,"100002,100003,100004,100005,100006,100007,100008,100010,100011,100012,100013,100015,100016,100017,100019,100020,100021,100022,100023,100028",2025-03-04 15:54:02.567084,20.305736,85.832039,PMJAY
HOSP21P110537,785130353,Hospital,P,BLUE WHEEL HOSPITAL MULTI SPECIALITY HOSPITAL,"MANCHESWAR INDUSTRIAL ESTATE BHUBANESWAR,",9338280999,21,362,"100002,100003,100004,100005,100006,100007,100008,100010,100011,100012,100014,100015,100016,100017,100018,100019,100020,100022,100023",2025-03-04 15:54:02.567084,20.336023,85.818089,PMJAY
HOSP21P110538,785130354,Hospital,P,CARE HOSPITALS,"PLOT-324PRACHI ENCLAVE  C.S.PUR,",9886651901,21,362,"100002,100003,100005,100006,100011,100015,100023,100028",2025-03-04 15:54:02.567084,20.321311,85.8202900000001,PMJAY
HOSP21P110539,785130355,Hospital,P,Centre For Sight Group of Eye Hospitals Bhubaneswar," 239, N4, Block N4, IRC Village, Nayapalli, Bhubaneswar, Odisha 751012,",7004870296,21,362,100013,2025-03-04 15:54:02.567084,20.294106858489997,85.81275927195827,PMJAY
HOSP21P110546,785130362,Hospital,P,HEALTH VILLAGE HOSPITAL,"HEALTH Village Hospital, plot no 15/1, CIVIC CENTER,NAYAPALLI, BHUBANESWAR CITY BHUBANESWAR STATE ODISHA PIN 751015, Indradhanu Market Road, bhubaneswar,",9437122165,21,362,"100005,100006,100007,100008,100011,100012,100014,100015,100016,100019,100020,100022,100023",2025-03-04 15:54:02.567084,20.294707,85.81648299999999,PMJAY
HOSP21P110550,785130366,Hospital,P,IGKC MULTISPECIALITY HOSPITAL,"PLOT NO-43/1695,GHATIKIA,KALINGA NAGAR,BHUBANESWAR,KHORDHA,ODISHA",9437012071,21,362,"100002,100003,100005,100006,100007,100008,100010,100011,100012,100013,100014,100015,100016,100017,100018,100019,100020,100022,100023",2025-03-04 15:54:02.567084,20014.38,85045.76,PMJAY
HOSP21P110552,785130368,Hospital,P,IMS & SUM HOSPITAL,"K-8, KALINGA NAGAR, GHATIKIA",7381144222,21,362,"100001,100002,100003,100005,100006,100007,100008,100009,100010,100011,100012,100013,100014,100015,100016,100017,100018,100019,100020,100021,100022,100023",2025-03-04 15:54:02.567084,20.2840,85.7702,PMJAY
HOSP21P110555,785130371,Hospital,P,KALINGA HOSPITAL LIMITED,"CHANDRASEKHARPUR BHUBANESWAR,",9008722933,21,362,"100002,100003,100004,100005,100006,100007,100008,100009,100010,100011,100012,100013,100014,100015,100016,100017,100018,100019,100020,100022,100023,100026,100028",2025-03-04 15:54:02.567084,20.318375,85.813367,PMJAY
HOSP21P110557,785130373,Hospital,P,KAR VISION EYE HOSPITAL,"G A PLOT NO. IX C/8, UNIT-III, PS- KHARAVEL NAGAR, BHUBANESWAR,",9439001010,21,362,100013,2025-03-04 15:54:02.567084,20.279169,85.838972,PMJAY
HOSP21P110560,785130376,Hospital,P,LASER ENT CLINIC,"Saileshree vihar,Hig -Duplex -50",9438533893,21,362,"100006,100016",2025-03-04 15:54:02.567084,20.3339,85.8099,PMJAY
HOSP21P110565,785130381,Hospital,P,MAA SHAKTI HOSPITAL,"PLOT NO-168 EKAMRA MARG UNIT-6,",8249955430,21,362,,2025-03-04 15:54:02.567084,20.258546,85.820612,PMJAY
HOSP21P110573,785130389,Hospital,P,Neelachal Hospital PvtLtd,"A/84, Unit-III, Kharvel Nagar ,Bhubaneswar,",9437006591,21,362,"100003,100004,100005,100006,100007,100008,100009,100011,100012,100013,100014,100015,100016,100017,100018,100019,100020,100022,100023",2025-03-04 15:54:02.567084,20.270715,85.845426,PMJAY
HOSP21P110590,785130406,Hospital,P,SPARSH HOSPITAL KANTABADA,"PLOT NO-1541683 NEAR Spring City,",7735002582,21,362,"100001,100002,100003,100004,100005,100006,100007,100008,100009,100010,100011,100012,100013,100014,100015,100016,100017,100018,100019,100020,100022,100023,100026",2025-03-04 15:54:02.567084,20.217783,85.716616,PMJAY
HOSP21P110594,785130410,Hospital,P,SUNSHINE HOSPITAL,"Plot No - 317Cuttack RoadLaxmisagar Bhubaneswar 751006,",9999335872,21,362,,2025-03-04 15:54:02.567084,19.036237,73.009659,PMJAY
HOSP21P110601,785130417,Hospital,P,VIVEKANAND HOSPITAL,"A 54/1, Near Fire Station Square, Baramunda, Bhubaneswar, Odisha 751003,",9090101010,21,362,"100001,100002,100003,100004,100005,100006,100007,100008,100009,100010,100011,100012,100013,100014,100015,100016,100017,100018,100019,100020,100022,100023,100026",2025-03-04 15:54:02.567084,20.279309983739495,85.80011621002177,PMJAY
HOSP21P110605,785130421,Hospital,P,USHA HOSPITAL,NH 26,9502940663,21,363,"100005,100006,100010,100011,100012,100014,100015,100016,100017,100018,100020",2025-03-04 15:54:02.567084,18.85811,82.59365,PMJAY
HOSP21P110610,785130426,Hospital,P,Jeevandeep Hospital and Research Centre,"K C Circle Road Ward No 06,",7064993443,21,365,"100005,100006,100012,100013,100015",2025-03-04 15:54:02.567084,21.938172,86.726410,PMJAY
HOSP21P110611,785130427,Hospital,P,JK Hospital,"Rairangpur,",9348110973,21,365,"100005,100006,100012,100015",2025-03-04 15:54:02.567084,22.266485,86.1736030000001,PMJAY
HOSP21P110612,785130428,Hospital,P,MAHATMA GANDHI EYE HOSPITAL & RESEARCH INSTITUTE,"At-Rangamatia, PO:Patagadia, PS-Rasgovindpur, Dist- Mayurbhanj",8917206569,21,365,100013,2025-03-04 15:54:02.567084,20.2959847,85.8246101,PMJAY
HOSP21P110616,785130432,Hospital,P,SIMADRI SURYA EYE HOSPITAL,"BYPASS ROAD BESIDE VIGILANCE OFFICE,",9177277077,21,366,100013,2025-03-04 15:54:02.567084,19.241557217886637,82.54183821564624,PMJAY
HOSP21P110617,785130433,Hospital,P,ANANTA EYE HOSPITAL,"DASPALLA,",8118060152,21,367,100013,2025-03-04 15:54:02.567084,20.3315420000001,84.851951,PMJAY
HOSP21P110641,785130457,Hospital,P,BHOOMIKA EYE HOSPITAL,"Plot No-138/67, At/Po:- Teisipur, Puri PIN- 752046, Odisha ",9437220738,21,369,100013,2025-03-04 15:54:02.567084,20.0153,85.8073,PMJAY
HOSP21P110656,785130472,Hospital,P,SIVANANDA CLINIC,sarbodayanagar752002,9439882408,21,369,"100006,100012,100016",2025-03-04 15:54:02.567084,19.815813,85.844509,PMJAY
HOSP21P110660,785130476,Hospital,P,Ananta Eye Hospital,"Kapu Street,",9438678247,21,370,100013,2025-03-04 15:54:02.567084,19.166656,83.410672,PMJAY
HOSP21P110673,785130489,Hospital,P,radiant hospital,"panchgochhia, ",9437258187,21,371,100021,2025-03-04 15:54:02.567084,21.491096,83.968597,PMJAY
HOSP21P110680,785130496,Hospital,P,VIKASH BINAYAK HOSPITAL,"Infront Fire Station, Burla",9777095999,21,371,,2025-03-04 15:54:02.567084,21.4951265,83.8692141,PMJAY
HOSP21P110684,785130500,Hospital,P,Mahanadi Netra Chikitsalaya LEPRA Society,"Rathpur Biramaharajur Sonepur,",9437198482,21,372,100013,2025-03-04 15:54:02.567084,20.9496360000001,84.0068130000001,PMJAY
HOSP21P110690,785130506,Hospital,P,KALINGA TRAUMA HOSPITAL,"D4/6 CIVILTOWNSHIP,",9437965596,21,373,"100005,100006,100012,100015",2025-03-04 15:54:02.567084,22.226653,84.821827,PMJAY
HOSP21P110695,785130511,Hospital,P,APOLLO HOSPITALS MANAGING IPGI SSH ROURKELA,"SECTOR-19,ROURKELA,SUNDARGARH",9124801354,21,373,,2025-03-04 15:54:02.567084,22.26504,84.86236,PMJAY
HOSP21P110696,785130512,Hospital,P,Community Welfare Society Hospital,"Near NIT Campus ,Jagada,",9437490468,21,373,"100003,100004,100005,100006,100009,100011,100012,100013,100014,100015,100016,100017,100019,100023",2025-03-04 15:54:02.567084,22.270690,84.902202,PMJAY
HOSP21P110704,785130520,Hospital,P,"SUPER SPECIALITY HOSPITAL, CIVIL TOWNSHIP","AT-W4/11, CIVIL TOWNSHIP, ROURKELA - 769004, DIST-SUNDARGARH, ODISHA",9400129158,21,373,"100005,100006,100007,100012,100015,100016,100017,100023",2025-03-04 15:54:02.567084,22.222937,84.811264,PMJAY
HOSP27G26149634,149634,,G,THANE MUNICIPAL CORPORATION DIALYSIS CENTER VARTAK NAGAR,"Lokmanya Hospital Near Runwal Plaza Laxmi Park Phase-1 gate Lokmanya Nagar Thane West,",9082567181,27,497,100005,2026-01-08 15:11:37,16.705002,74.2414820000001,PMJAY
HOSP27G26225960,225960,,G,Mohadi Naleshwar Phc,"Mohadi Naleshwar Phc Block Sindewahi Chandrapur,",7020070844,27,473,"100005,100006,100012",2026-01-12 18:37:24,20.228180,79.577200,PMJAY
HOSP5G26163756,163756,,G,PHC Type B Kakrighat," Kakrighat   Almora,",9456104675,5,45,100005,2026-01-07 15:04:28,29.450458,79.7702140000001,PMJAY
HOSP27P26131904,131904,,P,CLARIS HOSPITAL,"101 102 103 WING -A SAI SNEHA COMPLEX RAMDEV PARK ROAD ,",9702416912,27,497,"100001,100004,100005,100006,100008,100010,100011,100012,100014,100015,100016,100017,100018,100019,100020,100022,100023,100026,100027,10083",2026-07-23 15:32:33,19.2791720000001,72.8565990000001,PMJAY
HOSP27G26192158,192158,,G,Dahegaon TR,"at dahegaon,",9423638434,27,500,100005,2026-01-19 15:34:34,20.205207,78.7202090000001,PMJAY
HOSP23P26115082,115082,,P,ANAND HOSPITAL,"7 Sindu nagar bhawarkua main road Indore,SINDHU NAGAR BHAWARKUA ROAD INDORE",9826296922,23,410,"100006,100015",2026-06-16 17:27:46,22.703157063033757,75.86151958146155,PMJAY
HOSP7P25272322,272322,Daycare Centre,P,RANA EYE CENTRE,"C-8/28 SEC 7 ROHINI NEW DELHI ,",9810150651,7,82,100013,2026-06-05 11:29:53,28.708490,77.124270,PMJAY
HOSP9P26157732,157732,,P,DR ANURAG SINGH KIDNEY CARE CENTRE,"2 2 2f,",9455864299,9,120,"100005,100006,100023",2026-05-04 16:33:54,25.4722,81.8446460000001,PMJAY
HOSP36P26155151,155151,,P,BABAJI NETHRALAYYA PRIVATE LIMITED,"MIG-304 4th road KPHB Phase 1 beside global edge school kukatpally housing board colony,",9849991361,36,700,100013,2026-05-02 14:06:29,17.490975640876783,78.39674420353003,PMJAY
HOSP5G26253453,253453,,G,PHC Type A Someshwar," Someshwar  Almora,",9456340009,5,45,100005,2026-01-09 10:55:40,29.7946870000001,79.6002730000001,PMJAY
HOSP4P62024,462024,Daycare Centre,P,Grover Eye Laser and ENT Hospital,"140 Sector 35 A,Lane 6",8146694359,4,44,100013,2026-04-13 14:07:25,30.727789,76.760173,PMJAY
HOSP7P26272746,272746,,P,SATNARAYAN HOSPITAL,"MAIN KANJAWALAA ROAD BUDH VIHAR PHASE -1,",9871677769,7,82,"100006,100012",2026-04-13 14:06:43,28.6997410000001,77.0821520000001,PMJAY
HOSP27G26171613,171613,,G,PHC WADHONA,"at post Wadhona,",9637013139,27,473,"100005,100006,100012",2026-01-30 10:52:42,20.396900,79.683700,PMJAY
HOSP5G26125635,125635,,G,PHC Type B Bindukhatta,"APHC Bindukhata Nainital,",8445111799,5,51,100005,2026-01-09 11:00:45,29.0753478727077,79.5166041993066,PMJAY
HOSP3P93201,393201,Hospital,P,New Ruby Hospital Private Limited,"26, 27 Link Road, Lajpat Nagar, Jalandhar,",8146133375,3,34,,2026-04-13 14:03:20,31.315407,75.573102,PMJAY
HOSP3P183925,3183925,Hospital,P,KRISHNA SUPERSPECIALITY HOSPTIAL,"NEAR D MART, MANSA ROAD, BATHINDA,",9814200222,3,28,"100001,100002,100003,100005,100006,100008,100009,100011,100012,100013,100015,100016,100017,100019,100020,100022,100023",2026-04-30 16:16:12,30.183424,74.960004,PMJAY
HOSP27P26137821,137821,,P,YASHODA CHILDRENS AND GENERAL HOSPITAL,"Madhu Maitrey, ManvelPada, Virar east Palghar,",7767902022,27,665,"100001,100004,100005,100006,100010,100011,100012,100013,100014,100015,100017,100018,100019,100020,100023,100026",2026-05-18 17:24:30,19.4444050000001,72.821895,PMJAY
HOSP27G26224149,224149,,G,BNMC GAIBINAGAR HP ,"GAIBINAGAR ,FANDOLE NAGAR BEHIND ANAND TALKIES,GAIBINAGAR,",8447177673,27,497,"100005,100017",2026-01-20 11:23:01,19.286330000000106,73.07187699999997,PMJAY
HOSP6P01621,601621,Hospital,P,PARK HOSPITAL A UNIT OF PARK MEDICITY INDIA PRIVATE LIMITED,"GT Road,nH 1",7206941465,6,71,"100001,100002,100003,100005,100006,100008,100010,100011,100012,100013,100015,100016,100017,100019,100021,100022,100023",2026-06-19 12:35:08,29.385591,76.971095,PMJAY
HOSP27G26173241,173241,,G,BNMC AZMINAGAR HP 08,"DARGA DIVANSHAHA ROAD,DARGA DIVANSHAHA  LAKE AZMINAGAR ",8378884640,27,497,100005,2026-01-20 12:05:35,19.298185599999996,73.05453609999995,PMJAY
HOSP27G26114528,114528,,G,PHC HALGARA,"AT POST HALGARA TQ NILANGA DIST LATUR ,",9421684351,27,481,"100005,100006,100012",2026-06-12 10:01:39,18.094389287025876,76.89035545415123,PMJAY
HOSP27G26205222,205222,,G,VVMC Pelhar,"Pelhar,Pelhar",9623502081,27,665,100005,2026-01-21 12:19:59,19.44622,72.881062,PMJAY
HOSP27P26125222,125222,,P,SHALOM MEDICARE PVT LTD,"opp Raj Classic, Indralok Phase 6, bhayandar east ,",8850756944,27,497,"100002,100004,100005,100006,100007,100008,100009,100010,100011,100012,100013,100014,100015,100016,100017,100018,100019,100020,100022,100023,100026,100027",2026-02-06 10:47:00,19.3008330000001,72.8700940000001,PMJAY
HOSP27G26190214,190214,,G,VVMC Bilalpada,"Bilalpada gaon,nsp East,",9870360786,27,665,100005,2026-01-21 12:58:25,19.41,72.86,PMJAY
HOSP4P119617,4119617,Hospital,P,Amar Shakti Eye and Gynae Clinic,"Sco 33 First floor sector -7 /C Chandigarh,",9878122227,4,44,100013,2026-03-30 10:19:05,30.734360,76.802487,PMJAY
HOSP27G26284781,284781,,G,PHC USWAD,"PHC USWAD TAL CHANDWAD DIST NASHIK,",9595718686,27,487,"100005,100006,100012",2026-04-06 15:23:30,20.324844,74.248803,PMJAY
HOSP27G26256225,256225,,G,VVMC Dhaniv,"behind shan bar and restaurant, dhaniv goan, pelhar road, dhaniv nsp e,",8983361861,27,665,100005,2026-01-21 12:26:03,19.4253200000001,72.8272000000001,PMJAY
HOSP27G26276253,276253,,G,Chandrapur,"phc chandrpur,",8208487411,27,468,"100004,100005,100006,100012,100017,100026",2026-01-19 10:37:17,20.973145,77.3325840000001,PMJAY
HOSP27G26115820,115820,,G,PHC UMBARGVHAN,"at umbargavhan post kharde digar taluka kalwan,umbargavhan taluka kalwan",9869749307,27,487,"100005,100006,100012,100017",2026-01-20 16:33:14,20.670405002020587,73.87957511113609,PMJAY
HOSP27G26217182,217182,,G,phc Adkur,"adkur,",9420352986,27,480,"100001,100004,100005,100006,100012,100013,100015,100017,100018,100019,100026",2026-01-20 11:38:56,16.013181,74.266006,PMJAY
HOSP27G26165831,165831,,G,NIVADE,"Phc NIWADE,Main road",9158806005,27,480,"100005,100006,100012,100015",2026-02-28 09:55:11,16.68334243710933,73.9890635865039,PMJAY
HOSP27G26163585,163585,,G,PHC BHANGARAM TALODHI,"Bhangaram Talodhi,",9423643262,27,473,"100005,100006,100012",2026-01-19 12:15:41,19.660635,79.731437,PMJAY
HOSP5G26152791,152791,,G,PHC Type A Bhorsa,"APHC Bhorsa Nainital,",9634106711,5,51,100005,2026-01-08 19:51:15,29.28150,79.61018,PMJAY
HOSP27G26128353,128353,,G,Virur Station,"At Post Wirur Sta. T. Rajura Dist Chandrapur,",8605650468,27,473,"100005,100006,100012",2026-01-19 13:06:29,19.643631,79.434307,PMJAY
HOSP27G26218037,218037,,G,Jategaon tr,"at jategaon post pimpalad nashik,",9860566000,27,487,"100005,100006,100012,100026",2026-02-04 18:20:47,19.926900,73.647500,PMJAY
HOSP27G26165353,165353,,G,Visapur PHC,"Visapur Ballarpur,Visapur Ballarpur",9356975339,27,473,"100005,100006,100012",2026-01-19 15:14:51,19.883355,79.327520,PMJAY
HOSP27G26185605,185605,,G,Primary health centre ghugus,"Ghugus,",8975033435,27,473,"100005,100006,100012",2026-02-25 12:43:20,19.941450,79.115340,PMJAY
HOSP9P26170127,170127,,P,SYNERGY PLUS HOSPITAL (A UNIT OF FUTURISTIC MEDICARE PVT LTD) ,"SHANTI PLAZA, NH-19 NEAR GURU KA TAAL, SIKANDRA, AGRA,",9837270140,9,118,"100001,100002,100003,100004,100005,100006,100007,100010,100011,100012,100013,100014,100015,100016,100017,100018,100019,100020,100022,100023,100026",2026-05-06 10:44:50,27.204477,77.957861,PMJAY
HOSP27G26160912,160912,,G,Chichpalli,"Chichpalli,",9764171274,27,473,100005,2026-01-19 12:23:04,20.0017089,79.4788256,PMJAY
HOSP27G26108452,108452,,G,Ghodpeth,"Phc Ghodpeth Ta. Bhadrawati Dist. Chandrapur,",8830837253,27,473,100005,2026-01-19 11:30:45,20.06363,79.17177,PMJAY
HOSP27G26115690,115690,,G,PHC BALAPUR,"AT POST BALAPUR,",9284223672,27,473,"100005,100006,100012",2026-01-19 15:25:51,20.453856,79.7516900000001,PMJAY
HOSP27G26170882,170882,,G,PHC CHIROLI,"CHIROLI,CHIROLI",9881225498,27,473,"100005,100006,100012",2026-03-05 16:27:28,20.000297,79.610819,PMJAY
HOSP27G26218241,218241,,G,Rajgoli Khurd,"Rahgoli kh taluka Chandgad,",9421402014,27,480,"100001,100004,100005,100006,100012,100013,100015,100017,100018,100019,100026",2026-01-20 12:02:38,16.021387,74.423605,PMJAY
HOSP27G26187263,187263,,G,kapaleshwar ,"Kapaleshwar ,",8788068136,27,487,100005,2026-01-20 16:02:39,20.657044,74.0659000000001,PMJAY
HOSP10P00621,1000621,Hospital,P,ASG HOSPITAL PVT LTD,"Old R.K. Avenue, Rajendra Nagar ,Near Dinkar Golambar, Patna",8875020446,10,212,100013,2026-05-04 10:31:36,25.609763,85.163111,PMJAY
HOSP27G26233103,233103,,G,PHC Rajoli,"At. Rajoli,",8552896083,27,473,"100005,100006,100012",2026-01-19 16:52:22,20.190000,79.680000,PMJAY
HOSP27G26212866,212866,,G,Dhaba,"AT POST DHABA,",9767057217,27,473,100005,2026-01-19 12:55:29,19.608,79.63337,PMJAY
HOSP23P26237960,237960,,P,ASG HOSPITAL PRIVATE LIMITED,"""LOWER GROUND FLOOR A6 A/6 ,HOUSING BOARD COLONY, KOH E FIZA ,BHOPAL, MADHYA PRADESH"",",7999849541,23,396,100013,2026-06-16 14:55:00,23.268592,77.377399,PMJAY
HOSP27G26254007,254007,,G,Primary Health Center Adegaon,"At Adegaon Hingna,Near Bajar Chauk Adegaon Hingna",9637505890,27,484,"100004,100005,100006,100012,100018,100023",2026-01-30 10:18:33,21.017210,78.730770,PMJAY
HOSP27G26232770,232770,,G,Primary Health Centre CHINCHOLI BK,"Chincholi,Warur road",9850738388,27,473,"100005,100006,100012,100013",2026-05-07 14:51:02,19.6980800000001,79.338402,PMJAY
HOSP5G26234106,234106,,G,PHC Type A Shama,"Shama Bageshwar,",8533054370,5,46,100005,2026-01-13 19:06:43,29.925463989389,79.8836570895347,PMJAY
HOSP27G26288099,288099,,G,PRIMARY HEALTH CENTER KANHOLIBARA,"At Kanholibara Hingna,",9730868393,27,484,"100001,100005,100012",2026-02-02 11:25:28,20.93579,78.86124,PMJAY
HOSP27G26234776,234776,,G,PHC Rangayapalli ,"Rangayapalli,",9404829297,27,475,"100004,100005,100006,100009,100012,100016,100017,100023,100026",2026-01-29 18:37:35,18.900666430715205,79.98083743523222,PMJAY
HOSP27G26113796,113796,,G,Gangalwadi,"phc gangalwadi,PHC Gangalwadi ",7767069327,27,473,"100005,100006,100012",2026-05-13 10:12:30,20.48022,79.91997,PMJAY
HOSP27G26240278,240278,,G,Mandwa TR,"AT POST MANDWA TA KORPANA,",9145058280,27,473,"100005,100006,100012",2026-01-19 15:22:53,19.704628,78.951756,PMJAY
HOSP27G26190395,190395,,G,PHC Wada,"PHC Wada,",9403549193,27,490,"100005,100006,100012",2026-01-21 15:44:17,18.994453,73.735037,PMJAY
HOSP27G26143960,143960,,G,Samudrawani,"PHC Samudrawani,Samudrawani",8097637402,27,488,"100004,100005,100006,100009,100012,100016,100017,100023,100026",2026-01-21 12:05:43,18.223261,76.2407470000001,PMJAY
HOSP27G26297705,297705,,G,Talegaon Thakur,"Talegaon th Taluka Tiosa,talegaon Th Taluka Tiosa",9529469889,27,468,"100004,100005,100006,100009,100012,100016,100017,100023,100026",2026-01-19 12:28:33,21.082926,78.067104,PMJAY
HOSP27G26128989,128989,,G,Mardi,"mardi,",8999649998,27,468,"100004,100005,100006,100009,100012,100016,100017,100023,100026",2026-01-19 11:49:18,20.9451626537111,77.8117586669728,PMJAY
HOSP27G26113050,113050,,G,Vaitarana TR,"Vaitrna,",9503190017,27,487,"100005,100006,100012",2026-02-06 16:47:11,19.728826,73.686274,PMJAY
HOSP27G26178105,178105,,G,Yermala,"yermala,",9422467450,27,488,"100004,100005,100006,100009,100012,100016,100017,100023,100026",2026-01-21 14:18:08,18.39607,75.87373,PMJAY
HOSP9P01162,901162,Hospital,P,Narayan Swaroop Hospital,"40A NEEMSARAI MUNDERA DHOOMANGANJ PRAYAGRAJ U.P.,",9336304050,9,120,"100001,100002,100004,100005,100006,100008,100010,100011,100012,100013,100015,100016,100017,100019,100020,100022,100023,100026",2026-04-27 18:16:41,25.449794,81.764402,PMJAY
HOSP27G26227632,227632,,G,MEDSHI,"Medshi tq malegaon district Washim,",9763913181,27,499,"100004,100005,100006,100009,100012",2026-02-17 16:35:15,20.327971,76.941641,PMJAY
HOSP27G26277443,277443,,G,KENDURPHC,"AT POST KENDUR TAL-SHIRUR, DIST-PUNE,",9764989596,27,490,"100004,100005,100006,100012",2026-01-21 15:23:39,18.781984,74.038247,PMJAY
HOSP27G26277268,277268,,G,Savargaon,"PHC SAVARGAON ,savargaon ",9890425484,27,487,"100005,100006,100010,100012,100026",2026-01-20 17:26:05,20.0097020000001,73.680329,PMJAY
HOSP27G26207993,207993,,G,BEMBLI,"Bembli,",8999962456,27,488,"100004,100005,100006,100009,100012,100016,100017,100023,100026",2026-01-21 14:20:08,18.144420,76.195760,PMJAY
HOSP27G26233569,233569,,G,DEWADA TR,"At Dewada, Rajura,",8208417477,27,473,"100005,100006,100012",2026-01-19 15:20:26,19.64407084788496,79.303055111084,PMJAY
HOSP27G26117272,117272,,G,TALODHI,"At.Po. talodhi Ta. Nagbhid Dist. Chandrapur ,",9049920062,27,473,"100005,100006,100012",2026-01-19 17:32:31,20.440930,79.665650,PMJAY
HOSP27G26190051,190051,,G,Mulher TR,"Mulher Satana,satana",9423928772,27,487,"100005,100006",2026-01-20 17:49:17,20.6091200000001,74.2012130000001,PMJAY
HOSP27G26261189,261189,,G,Nerpingalai,"Nerpingalai,Nerpingalai",8010994873,27,468,"100005,100006,100012",2026-01-19 11:01:11,21.182983,77.9820330000001,PMJAY
HOSP27G26247479,247479,,G,Mangrul Chawhala,"PHC MANGURAL CHAWALA,",7620144880,27,468,"100004,100005,100006,100012,100026",2026-01-19 12:08:11,20.60547,77.82112,PMJAY
HOSP27G26231578,231578,,G,Virgaon,"Virgaon,",8605214864,27,487,100012,2026-01-20 18:14:19,20.666247056422634,74.14296645126262,PMJAY
HOSP9P72226,972226,Hospital,P,APEX HOSPITAL A UNIT OF APEX WELCARE PVT LTD,"N7/2A-5, BLW, HYDEL ROAD, VARANASI,",9036126814,9,187,,2026-05-09 08:50:51,25.283150,82.968465,PMJAY
HOSP27G26284716,284716,,G,Chandan Kheda,"Phc Chandankheda Ta. Bhadrawati  Dist- Chandankheda,",9834212732,27,473,"100005,100006,100012",2026-01-19 15:28:13,20.261990,79.214100,PMJAY
HOSP5G26226020,226020,,G,PHC Type A Gheti,"Gheti Bageshwar,",9720285277,5,46,100005,2026-01-13 19:08:12,29.9666260000001,79.608594,PMJAY
HOSP27G26246765,246765,,G,Bubli TR,"Phc bubali tal surgana nashik,",9822329909,27,487,"100005,100006,100012",2026-01-21 10:38:59,20.51994255019555,73.66925139038392,PMJAY
HOSP27P26286772,286772,,P,CHIDANAND CHILDRENS AND GENERAL HOSPITAL,"BUILT GROUND FLOOR VEDANT BHUVAN CHANDANSAR ROAD OPP TANDUL BAZAR, KOPARI VIRAR EAST,",9766902022,27,665,"100006,100010,100011,100013,100014,100015,100017,100018,100019,100020",2026-05-18 17:32:15,19.473085,72.826679,PMJAY
HOSP27G26277139,277139,,G, Vadalibhoi,"VADALI BHOI,",9011162957,27,487,100005,2026-02-13 16:45:20,20.294740,74.123190,PMJAY
HOSP27G26274435,274435,,G, Nirpur,"Nirpur phc,Nirpur road",9527841021,27,487,"100005,100012",2026-01-21 10:47:06,20.6061330000001,74.119987,PMJAY
HOSP27G26144339,144339,,G,PHUNGUS,"PHUNGUS,Phungus",9765918715,27,492,100005,2026-01-21 17:17:09,17.172082,73.463671,PMJAY
HOSP27G26287261,287261,,G,Mohadi TR,"PHC MOHADI, TAL-DINDORI, DIST NASHIK. ,",9970849796,27,487,"100005,100006,100012",2026-01-29 17:25:30,20.148266,73.8892945,PMJAY
HOSP27G26244749,244749,,G,Pandane TR,"Pandane Dindori Nasik,",9623026126,27,487,"100004,100005,100006,100009,100012,100016,100017,100023,100026",2026-01-21 10:35:04,20.261425,73.8428400000001,PMJAY
HOSP27G26178001,178001,,G,Kamlapur TR,"pHC KAMLAPUR,",7483438145,27,475,"100004,100005,100006,100009,100012,100016,100017,100023,100026",2026-02-05 19:10:02,19.197027,80.193245,PMJAY
HOSP1P03921,103921,Daycare Centre,P,KAMAL NAYAN VISION CENTRE,"22 JAIN NAGAR,TALAB TILLO",9419260274,1,5,100013,2026-05-15 10:21:32,32.724950,74.816134,PMJAY
HOSP27G26146118,146118,,G,phc amgaon mahal,"phc amgaon Mahal,Amgaon",9545647348,27,475,"100004,100005,100006,100009,100012,100016,100017,100023,100026",2026-01-19 15:36:15,19.916506664582357,79.96639739226532,PMJAY
HOSP27G26258038,258038,,G,PHCKANGAON,"Phc Kangaon, Tah Hinganghat,",7058456589,27,498,"100005,100012",2026-01-19 16:28:56,20.545797,78.698473,PMJAY
HOSP27G26219679,219679,,G,PHCHIWARABAZAR,"At post hiwara bazar,Hiwara bazar",9763146564,27,484,"100005,100006,100012",2026-02-02 11:29:47,21.541537,79.420209,PMJAY
HOSP5P203295,5203295,Daycare Centre,P,RAAHI NETRADHAM,"RAAHI NETRADHAM ,KAMLA BUSINESS CENTRE 3RD FLOOR, HARIDWAR ROAD ,",9890257998,5,49,100013,2026-03-12 16:38:22,30.290739,78.053376,PMJAY
HOSP10P08770,1008770,Hospital,P,SAHYOG HOSPITAL,"40 ,pataliputra colony patna",9334103827,10,212,"100006,100012,100015,100016,100023",2026-04-17 15:51:43,25.629107,85.108276,PMJAY
HOSP5G26290094,290094,,G,PHC Type A Jaul Jibi,"PHC Type A  Jaul Jibi,",9871214232,5,53,100005,2026-01-20 12:22:33,29.614018,80.229972,PMJAY
HOSP5G26165556,165556,,G,PHC Type A Bawai,"Government Health Center, Bawai, Rudraprayag,",9501968083,5,54,100005,2026-01-17 19:44:27,30.357308,79.0211750000001,PMJAY
HOSP5P25108114,108114,Hospital,P,RG Stone Urology and Laparoscopy Hospital,"8, Convent Road, Near Main SBI Branch,",8860639226,5,49,"100004,100005,100006,100012,100015,100019,100020,100023,100026",2026-04-10 11:56:48,30.320550,78.046928,PMJAY
HOSP23P131293,23131293,Hospital,P,Hajela Hospital,"KOTRA SULTANABAD,gEETANJALI COMPLEX KOTRA SULTANABAD",9575452525,23,396,"100015,100016",2026-05-04 16:48:40,23.224887,77.393336,PMJAY
HOSP9P01601,901601,Hospital,P,RAMA DEVI MEDICAL CENTRE PRIVATE LIMITED,"205,G.T ROAD, SAFIPUR, RAMADEVI,",9453501804,9,157,"100001,100002,100005,100006,100008,100009,100010,100011,100012,100013,100014,100015,100017,100018,100019,100020,100023",2026-06-25 17:29:12,26.414135,80.388969,PMJAY
HOSP9P01071,901071,Daycare Centre,P,prakash eye hospital and laser centre,"10 GARDEN HOUSE COLONY,10 GARDEN HOUSE COLONY AT JANTA NAGAR NEAR NAI SARAK GARH ROAD MEERUT",9411618093,9,169,100013,2026-05-28 12:58:44,28.966279,77.731254,PMJAY
HOSP27G26171094,171094,,G,Dongargaon Khadi,"At. Dongargaon Dist. Chandrapur,",9152131636,27,473,"100004,100005,100006,100012",2026-06-01 10:03:57,20.209265,79.086159,PMJAY
HOSP9P26228069,228069,,P,HEALTH CITY VISTAAR SUPERSPECIALITY HOSPITAL AND TRAUMA CENTER,"DISPENSARY HEALTH SERVICES YOJANA, SECTOR 4, GOMTI NAGAR LUCKNOW ,",9839076579,9,162,"100002,100005,100006,100008,100021,100022",2026-06-30 15:28:39,26.828126,81.010835,PMJAY
HOSP9P01689,901689,Hospital,P,SIS HOSPTAL AND RESEARCH CENTRE,"3-COM 1/9 AMBEDKARPURAM AWAS VIKAS NO 03 KALYANPUR KANPUR,",9336119188,9,157,"100006,100011,100012,100014,100015,100016,100020,100023",2026-05-21 14:32:41,26.484758,80.256225,PMJAY
HOSP5G26184114,184114,,G,PHC Type A Bankot,"PHC Type A Bankot,",6397590461,5,53,100005,2026-01-22 18:47:53,29.6572820000001,80.0411130000001,PMJAY
HOSP27P26238115,238115,,P,LATE MRS HOUSABAI HOMOEOPATHIC MEDICAL COLLEGE AND HOSPITAL,"NIMSHIRGAON,",9422421294,27,480,"100005,100006,100012,100015,100023",2026-06-30 15:36:56,16.775370,74.486151,PMJAY
HOSP23P26255068,255068,,P,OPTIMUS SUPERSPECIALITY HOSPITAL,"SAGAR TAL ROAD JAGNNAPURA GWALIOR,",7415457284,23,407,"100006,100008,100015,100022,100023",2026-06-24 21:38:40,26.1976300000001,78.165927,PMJAY
HOSP27G26130553,130553,,G,PRIMARY HEALTH CENTER BOLTHAN,"Bolthan, tal Nandgaon, dist. Nashik,",9922571753,27,487,"100005,100006,100012",2026-02-04 10:40:59,20.191400,74.908600,PMJAY
HOSP9P01048,901048,Hospital,P,Sri Sai Hospital,"Near Locoshed Bridge Delhi Road Moradabad,",9359702122,9,171,"100002,100004,100005,100006,100010,100011,100012,100015,100017,100018,100020,100023",2026-05-28 14:23:56,28.840157,78.752975,PMJAY
HOSP3P26234811,234811,,P,CHRISTIAN MEDICAL COLLEGE AND HOSPITAL,"Near Civil Hospital, Ludhiana,Brown Road",9876609924,3,36,"100001,100002,100003,100004,100005,100006,100007,100008,100009,100010,100011,100012,100013,100014,100015,100016,100017,100018,100019,100020,100021,100022,100023,100026,100027",2026-01-21 16:49:11,30.910254,75.863314,PMJAY
HOSP23P11583,2311583,Hospital,P,SHITLA SAHAI INSTITUTE OF MEDICAL SCIENCES,"cANCER HILL , MANDARE KI MATA LASHKAR , GWALIOR,",9425109561,23,407,"100002,100003,100005,100006,100011,100014,100015,100023",2026-06-13 14:38:02,26.183443,78.165807,PMJAY
HOSP3P26206578,206578,,P,DAYANAND MEDICAL COLLEGE HOSPITAL,"Civil line Tagore nagar ludhiana,",9815500929,3,36,"100001,100002,100003,100004,100005,100006,100008,100009,100010,100011,100012,100013,100014,100015,100016,100017,100018,100019,100020,100021,100022,100023,100026,100027,100028",2026-01-21 21:59:40,30.914867418423157,75.82326290726951,PMJAY
HOSP23P67704,2367704,Hospital,P,BIMR HOSPITALS,"Surya mandir road residency morar,",9406862812,23,407,"100002,100003,100007,100008,100021,100022,100023",2026-04-30 16:16:29,26.234925,78.218059,PMJAY
HOSP9P01285,901285,Hospital,P,K K Hospital,"87/88 Nabiullah Road River Bank Colony Lucknow,",9794679000,9,162,"100002,100005,100006,100008,100010,100011,100012,100015,100020,100022,100023",2026-04-17 11:06:38,26.864517,80.923380,PMJAY
HOSP6P83105,683105,Hospital,P,BANSAL EYE HOSPITAL,"121 CIVIL LINES MIXI CHOWK NEAR KALKA CHOWK AMBALA,AMBALA CITY",9896219069,6,58,100013,2026-05-30 11:45:26,30.381532,76.784198,PMJAY
HOSP7P25233311,233311,Daycare Centre,P,VISITECH EYE CENTRE A UNIT OF JASOLA HEALTHCARE LLP,"Plot No.2,Pocket-1,Jasola Vihar, New Delhi-110025,",9810198857,7,670,100013,2026-04-24 15:14:14,28.542536,77.298059,PMJAY
HOSP9P153784,9153784,Hospital,P,AHUJA MEDICAL & RESEARCH CENTRE,"87/53 Bhannana Purwa Deputy Padav Kanpur,87/53 bhannana purwa deputy padav kanpur ",9335324450,9,157,"100005,100006,100012,100015,100016,100017,100020,100023",2026-04-24 16:55:43,26.459934,80.327969,PMJAY
HOSP23G26181631,181631,,G,CHC DHOLARIYA,"FAIMLI PLANING CENTER,DOLARIYA,",9669219007,23,409,100006,2026-01-27 16:14:05,22.59495440072088,77.63676639335995,PMJAY
HOSP6P146389,6146389,Hospital,P,TULIP MULTISPECIALITY HOSPITAL PVT. LTD .,"T P Scheme No 15, Delhi Road, Vivekanand Chowk",7404321021,6,75,"100002,100005,100006,100011,100012,100013,100015,100016,100023",2026-05-18 09:54:18,28.99145,77.03425,PMJAY
HOSP32G92812,3292812,Medical College Hospital,P,KMCT MEDICAL COLLEGE HOSPITAL,"KMCT MEDICAL COLLEGE HOSPITAL, MANASSERY P.O., MUKKAM,",9567615162,32,561,"100001,100002,100003,100005,100006,100007,100009,100010,100011,100012,100013,100014,100015,100016,100017,100018,100019,100020,100023",2026-04-08 13:03:36,11.326151,75.971123,PMJAY
HOSP5G26293242,293242,,G,PHC Type A Jumma,"PHC Type A Jumma,",8755440645,5,53,100005,2026-01-27 12:21:11,29.91986,80.57183,PMJAY
HOSP27P26181041,181041,,P,AVISHAKAR GAIKWAD CRITICAL CARE AND DENTAL SURGICAL,"BEHIND MUTTHE LAYOUT,",9158843065,27,472,100005,2026-08-10 15:19:07,20.535846,76.184409,PMJAY
HOSP27P26118310,118310,,P,SILVER COIN NURSING HOME,"A,103 VAKOLA PIPE LINE SANTACRUZ EAST MUMBAI,",8655440755,27,483,"100005,100006,100012,100015,100017,100023",2026-05-26 16:44:20,19.084965,72.855224,PMJAY
HOSP5G26193410,193410,,G,PHC Type A Pangu,"PHC Type A Pangu,",7895140032,5,53,100005,2026-02-01 23:51:46,29.9924790000001,80.6296100000001,PMJAY
HOSP3P26138332,138332,,P,Fortis Hospital,"Chandigarh Road, near Radha Soami Satsang Bhawan, Mudiana Kalan,",9928812927,3,36,"100002,100003,100004,100005,100006,100008,100010,100011,100012,100013,100015,100016,100017,100019,100020,100021,100022,100023,100026",2026-03-30 13:59:16,30.889494,75.935212,PMJAY
HOSP9P151112,9151112,Hospital,P,AJANTA HOSPITAL & IVF CENTRE,"765 ABC COMPLEX ALAMBAGH LUCKNOW ,KANPUR ROAD ALAMBAGH ",9335242509,9,162,,2026-03-27 12:50:17,26.807648,80.899278,PMJAY
HOSP27P26230763,230763,,P,Apex Nursing Home A Unit of RBJ Hospital Pvt Lvt,"Plot No. 27, Near Gadre Garden, Shivaji Park, Kolhapur ,",8888674740,27,480,"100005,100006,100015,100020,100023",2026-01-28 14:58:36,16.7039340000001,74.246724,PMJAY
HOSP3P26132757,132757,,P,Neelkanth Multispeciality Hospital,"Near HP Petrol Pump Jakhal Road, Sunam,",9464983357,3,43,"100005,100006,100026",2026-03-30 14:39:20,30.127162,75.807144,PMJAY
HOSP23G26141665,141665,,G,PHC CHHARCH,"Chhurch,",8223886979,23,432,100005,2026-01-27 16:12:04,25.531123,77.3578240000001,PMJAY
HOSP27P26134348,134348,Daycare Centre,P,ASG HOSPITAL PRIVATE LIMITED,"OFFICE NO 312 TO 319  3RD FLOOR ROCK MOUNT RESIDENCY,KHADAKPADA CIRCLE , KALYAN (WEST) THANE MAHARASHTRA",8875020446,27,497,100013,2026-05-04 17:24:19,19.253245,73.137032,PMJAY
HOSP23G26128535,128535,,G,PHC barana,"barana thar,",7000148915,23,434,100005,2026-02-04 13:13:09,25.043335,79.205204,PMJAY
HOSP9P01472,901472,Medical College Hospital,P,TMHRC MORADABAD,"Bagarpur Delhi Road, Pakbara Moradabad,",9410613183,9,171,"100001,100002,100003,100005,100006,100009,100010,100011,100012,100013,100014,100015,100016,100017,100019,100020,100023",2026-05-30 18:29:22,28.834529,78.742678,PMJAY
HOSP7P26102925,102925,,P,PUSHPANJALI HOSPITAL,"RR-30, MIANWALI NAGAR, MAIN ROHTAK ROAD, METRO PILLAR NO. 310, PASCHIM VIHAR, NEW DELHI-110087,",9310491968,7,85,"100002,100005,100006,100012,100014,100015,100016,100017,100018,100023",2026-05-19 12:41:21,28.679795,77.085470,PMJAY
HOSP27P26166026,166026,,P,HOMBALKAR SURGICAL HOSPITAL,"STATION ROAD SHIVAJI NAGAR NEAR NAYARA PETROL PUMP MIRAJ 416410,",9822070404,27,493,100018,2026-01-31 16:14:47,16.826649749999998,74.64206100000001,PMJAY
HOSP23G26125844,125844,,G,PRIMARY HEALTH CENTRE BUDERA,"Primary Health Centre Budera,",9453534203,23,434,100005,2026-02-03 18:14:28,24.659007,79.0839270000001,PMJAY
HOSP6P03100,603100,Hospital,P,C.Lall hospital,"530, ARYA NAGAR AMBALA CANTT,",9416275557,6,58,"100012,100015",2026-05-25 09:57:21,30.340000,76.870000,PMJAY
HOSP1P00630,100630,Hospital,P,ASG Hospital Pvt Ltd,"1st FLOOR 4 G SPOT ,BATMALOO MAIN ROAD BAGHI-NAND SINGH SRINAGAR ",8875020446,1,13,100013,2026-05-27 12:06:30,34.081828,74.788074,PMJAY
HOSP24P112895,24112895,Hospital,P,MARENGO ASIA HEALTHCARE PRIVATE LIMITED,"PLOT NO 67/1 OPP PANCHAMRUT BUNGLOWS,NEAR SHUKAN MALL OFF SCIENCE CITY ROAD SOLA AHMEDABAD",9825108257,24,438,"100005,100008,100021,100022",2026-07-15 10:28:14,23.069828,72.517409,PMJAY
HOSP3P35652,335652,Hospital,P,HARTEJ HOSPITAL,"A-290-292, RANJIT AVENUE,A - Block, Ranjit Avenue",9876551279,3,27,,2026-06-15 13:19:13,31.634227,74.874001,PMJAY
HOSP17P84324,1784324,Hospital,P,Woodland Hospital,"woodland Hospital Dhanketi Shillong,",9863021800,17,274,"100001,100002,100004,100005,100006,100007,100009,100010,100011,100012,100014,100015,100016,100017,100018,100019,100020,100022,100023,100026",2026-05-21 17:26:00,25.566264,91.889647,PMJAY
HOSP6P123086,6123086,Hospital,P,NETRA EYE HOSPITAL,"SCO 404, SECTOR 20,sector 20",9646624864,6,70,100013,2026-06-06 09:59:14,30.672547,76.855927,PMJAY
HOSP9P03345,903345,Hospital,P,GANGASHEEL ADVANCED MEDICAL RESEARCH INSTITTUTE,"C17 DEEN DAYAL PURAM BAREILLY,",9690054444,9,130,"100002,100003,100005,100006,100008,100010,100011,100012,100015,100017,100020,100023",2026-06-15 12:03:43,28.382319,79.430472,PMJAY
HOSP9P207389,9207389,Hospital,P,PRAKHAR HOSPITAL PVT LTD,8/219 Arya Nagar,9415040752,9,157,,2026-06-04 12:31:38,26.483064,80.312996,PMJAY
HOSP6P06987,606987,Daycare Centre,P,MUSKAAN DENTALS,"C 1039 SUSHANT LOK PHASE 1,NEAR VYAPAAR KENDRA",9494947304,6,62,100014,2026-03-23 17:55:31,28.459170,77.084566,PMJAY
HOSP24P72677,2472677,Hospital,P,APOLLO HOSPITALS INTERNATIONAL LIMITED,"PLOT 1A, BHAT GIDC ESTATE, BHAT, GANDHINAGAR,",9833275770,24,446,"100002,100003,100008,100021,100022",2026-05-04 14:17:04,23.109600,72.626200,PMJAY
HOSP7P08039,708039,Hospital,P,Dr. Shroffs Charity Eye Hospital,"5027, Kedarnath Road, Daryaganj,",9871489515,7,77,100013,2026-06-19 15:37:03,28.645868,77.241996,PMJAY
HOSP23P102417,23102417,Hospital,P,MATASHREE NETRALAYA,"G-2, Near Manora Homes ,Behind Aura Mall, Gulmohar ,BHOPAL,",9425004862,23,396,100013,2026-06-12 15:29:40,23.189263,77.434451,PMJAY
HOSP23P01306,2301306,Hospital,P,Navodaya Cancer Hospital,"B Sector Indrapuri Oppo Bhel Gate Number 1,",9827055790,23,396,,2026-06-12 13:09:52,23.252993,77.461707,PMJAY
HOSP20P99232,2099232,Hospital,P,Medanta Abdur Razzaque Ansari Memorial Weavers Hospital A unit of Global Health Limited,"Irba Ranchi,",7762834834,20,339,"100002,100003,100005,100006,100015,100016,100022,100023,100028",2026-04-28 16:05:59,23.446118,85.434366,PMJAY
HOSP9P143176,9143176,Hospital,P,iimt life line hospital ,"ganga nagar meerut,meerut",9719400299,9,169,"100002,100005,100006,100011,100012,100013,100015,100016,100017,100023",2026-05-25 17:36:45,28.999181,77.762355,PMJAY
HOSP27P210022,27210022,Hospital,P,Kaizen Super Speciality Hospital,"Ranka Chambers, Ramchandra Nagar, Near Nitin Company Junction, Thane West,",9665059611,27,497,"100005,100006,100007,100023",2026-06-30 22:44:12,19.20018,72.9627070000001,PMJAY
HOSP37P72622,3772622,Hospital,P,Ayushman Hospital And Health Services,"Sector 10  Dwarka ,",9810210041,7,84,"100002,100005,100006,100008,100010,100011,100012,100013,100015,100016,100017,100019,100020,100022,100023",2026-04-30 15:20:31,28.595360,77.065122,PMJAY
HOSP27P79043,2779043,Medical College Hospital,P,Bharati Hospital and Research Center,Dhankawadi Pune Satara Road Katraj,9822051716,27,490,"100002,100003,100004,100005,100006,100007,100008,100009,100011,100012,100013,100014,100015,100016,100017,100018,100019,100020,100022,100023,100026,100027,100028",2026-04-29 12:27:48,18.4595566,73.8573239,PMJAY
HOSP6P13478,613478,Daycare Centre,P,MUSKAAN DENTALS,"H NO 167P FIRST FLOOR SECTOR 56,NEAR KENDRIYA VIHAR",9891127779,6,62,100014,2026-04-07 12:34:45,28.425902,77.094686,PMJAY
HOSP5P02722,502722,Medical College Hospital,P,Shri Mahant Indiresh Hospital,"Patel Nagar, Dehradun,",9389922425,5,49,"100001,100002,100003,100004,100005,100006,100007,100008,100009,100010,100011,100012,100013,100014,100015,100016,100017,100018,100019,100020,100021,100022,100023,100026,100027,100028,10083",2026-06-08 21:52:24,30.305007,78.020999,PMJAY
HOSP20P10256,2010256,Hospital,P,MAA RAM PYARI ORTHO HOSPITAL RESEARCH CENTRE PVT LTD,"YADAV BHAWAN, KARAMTOLI, RANCHI,",9431101600,20,339,100015,2026-06-10 13:49:35,23.382092,85.334646,PMJAY
HOSP10P99126,1099126,Hospital,P,SAVERA CANCER AND MULTISPECIALITY HOSPITAL,"GC5-GC6A, DR. R. N. SINGH ROAD, LOHIYA NAGAR,,kANKARBAGH, PATNA, BIHAR",9835066460,10,212,"100005,100006,100008,100014,100019,100021,100022",2026-05-20 15:48:49,25.587996,85.155049,PMJAY
HOSP7P120870,7120870,Hospital,P,Action Cancer Hospital,"A4, A6 Block, Paschim Vihar,",8506074639,7,85,"100008,100011,100021,100022",2026-05-27 16:51:09,28.674211,77.111372,PMJAY
HOSP9P06759,906759,Hospital,P,TIRUPATI EYE CENTRE ,"C 53 C SECTOR 33 NOIDA ,",9560889495,9,144,100013,2026-06-24 16:35:48,28.587426,77.357041,PMJAY
HOSP24P101388,24101388,Hospital,P,Apollo CVHF Heart Institute,"APOLLO CVHF HEART INSTITUTE,S G HIGHWAY",9426360149,24,438,"100002,100003",2026-05-26 20:44:37,23.040956,72.512278,PMJAY
HOSP20P138357,20138357,Hospital,P,ORCHID MEDICAL CENTRE PVT. LTD.,"ORCHID MEDICAL CENTRE PVT LTD,H.B. ROAD",9117100100,20,339,,2026-04-27 18:20:07,23.371271,85.333453,PMJAY
HOSP18P67478,1867478,Hospital,P,NARAYANA SUPERSPECIALITY HOSPITAL,"TOLARAM BAFNA MEDICAL COMPLEX ,AMINGAON",8008076565,18,291,"100002,100003,100005,100006,100007,100011,100015,100023",2026-06-05 12:13:15,26.20763336685711,91.67829690808958,PMJAY
HOSP23P145250,23145250,Hospital,P,CHHAVI EYE HOSPITAL,"2567 NEAR TELECOM FACTORY GATE NO. 2 MADAN MAHAL STATION ROAD,WRIGHT TOWN",9826013544,23,411,100013,2026-05-01 19:41:33,23.164323,79.921541,PMJAY
HOSP5G26254863,254863,,G,PHC Type A Gholtir,"Government Health Center, Ghimtoli, Rudraprayag,",9149081285,5,54,100005,2026-02-02 00:03:30,30.3528000000001,79.0910000000001,PMJAY
HOSP23G26205640,205640,,G,PHC CHICHGOHAN,"RAILWAY GATE KE PASS CHICHGOHAN ,",9111939608,23,405,100005,2026-02-17 14:46:05,21.982229,76.206025,PMJAY
HOSP5P06107,506107,Hospital,P,Shri Swami Bhumanand Hospital Haridwar,"Ranipur Jhal, Roorkee Road, Jawalapur, Haridwar,",9627657884,5,50,"100002,100005,100006,100010,100011,100012,100013,100014,100015,100016,100017,100023",2026-08-04 17:43:34,29.927630,78.124169,PMJAY
HOSP5G26211927,211927,,G,PHC Type A Basukedar,"Government Health Center, Basukeda, Augustmuni, Rudraprayag,",7895910562,5,54,100005,2026-02-02 00:11:45,30.391373,79.022773,PMJAY
HOSP23G26274247,274247,,G,PHC DHANGAON,"DHANGAON,",8889800110,23,405,100005,2026-02-17 14:47:39,22.088278,76.119842,PMJAY
HOSP9P144715,9144715,Hospital,P,ANAND NIROGDHAM HOSPITAL PVT LTD,"A-1,DAMODAR COLONY GARH ROAD MEERUT,NEAR MEDICAL COLLEGE GARH ROAD MEERUT",9368185001,9,169,"100002,100003,100006,100015,100016,100023",2026-05-25 17:45:13,28.959794,77.738621,PMJAY
HOSP3P25223352,223352,Hospital,P,NATIONAL EYE CARE HOSPITAL,"NATIONAL EYE CARE HOSPITAL,ADJOINING AXIS BANK ,,KAPURTHALA ROAD,NEAR SPORTS COLLEGE",9872479056,3,34,100013,2026-05-18 10:05:21,31.336126,75.550966,PMJAY
HOSP27P26175959,175959,,P,MUMBAI EYE CARE CORNEA AND LASIK CENTRE PVT LTD,"101/102/104A SAI VAIBHAV CHS, NEAR VIKRANT CIRCLE , JHULELAL CHOWK , GHATKOPAR EAST ,",9322655044,27,483,100013,2026-08-13 17:58:30,19.079320,72.902297,PMJAY
HOSP9P112655,9112655,Hospital,P,MEDANTA LUCKNOW A UNIT OF GLOBAL HEALTH LIMITED,"SECTOR A POCKET 1 SUSHANT GOLF CITY LUCKNOW,AMAR SHAHEED PATH",9415410130,9,162,"100002,100003,100021",2026-04-22 12:33:41,26.777201,80.984968,PMJAY
HOSP9P26170127,170127,,P,SYNERGY PLUS HOSPITAL (A UNIT OF FUTURISTIC MEDICARE PVT LTD) ,"SHANTI PLAZA, NH-19 NEAR GURU KA TAAL, SIKANDRA, AGRA,",9837270140,9,118,"100001,100002,100003,100004,100005,100006,100007,100010,100011,100012,100013,100014,100015,100016,100017,100018,100019,100020,100022,100023,100026",2026-05-06 10:44:50,27.204477,77.957861,PMJAY
HOSP5G26247037,247037,,G,PHC Type A Tilwara,"Government Health Center, Tilwara, Augustmuni, Rudraprayag,",9501968083,5,54,100005,2026-02-02 00:44:32,30.339844,78.968227,PMJAY
HOSP27P79018,2779018,Hospital,P,Siddhivinayak Hospital,"S-1 & S-2, Vedant Complex, Vartak Nagar, Thane West - 400606,",9769545533,27,497,"100002,100003,100007,100011,100023",2026-05-04 17:30:29,19.208772,72.960453,PMJAY
HOSP5G26161897,161897,,G,Additional Primary Health Center Khedakhal,"Government Health Center, Khedakhal, Augustmuni, Rudraprayag,",9501968083,5,54,100005,2026-02-17 14:44:34,30.217715,78.915897,PMJAY
HOSP27G26135955,135955,,G,Mahagaon bu. TR,"PHC Mahagaon,",9359239349,27,475,"100005,100006,100009,100012,100016,100017",2026-02-03 17:46:26,19.455535,79.968740,PMJAY
HOSP10P124560,10124560,Hospital,P,MEDIVERSAL MULTI SUPER SPECIALTY HOSPITAL,"Plot No. D/S-6, Doctors Colony, 90 Feet Road Near Kankarbagh Police station, Kankarbagh, Patna ,Kankarbagh, Police Station, Patna",8092012120,10,212,,2026-05-30 15:51:20,25.597669,85.157572,PMJAY
HOSP9P139064,9139064,Hospital,P,Centre for Sight ,"D-59/73A Rathyatra Mahmoorganj road Varanasi ,",9958422442,9,187,100013,2026-06-25 11:56:40,25.306522,82.988428,PMJAY
HOSP5P08498,508498,Hospital,P,SK Memorial Hospital,"12 E C Dehradun uttarakhand, ",9897082000,5,49,"100005,100006,100010,100012,100015,100017,100020,100023",2026-06-04 15:23:49,30.3287490000001,78.0525000000001,PMJAY
HOSP27G26113103,113103,,G,PHC KARWAHI,"At Post Karwahi Th. Ramtek Dist. Nagpur,",8447724199,27,484,"100005,100012",2026-02-03 10:43:17,21.678080,79.439356,PMJAY
HOSP6P201934,6201934,Hospital,P,Dr Sethis Amar Hospital,"Main Rohtak road, Opposite Post Office, Kharkhoda,",9017525650,6,75,"100004,100005,100006,100012,100015",2026-05-18 09:51:36,28.879663,76.910999,PMJAY
HOSP9P166319,9166319,Hospital,P,shri jagannath charitable cancer institute and research centre ,"khasra no 455,meerut road",9811076625,9,145,"100005,100006,100008,100016,100021,100022,100023",2026-04-25 17:10:24,28.723780,77.469185,PMJAY
HOSP5G26221159,221159,,G,PHC Type A Uchadhungi ,"Government Health Center, Uchadhungi, Rudraprayag,",9501968083,5,54,100005,2026-02-02 00:40:07,30.406714,79.057011,PMJAY
HOSP23P121056,23121056,Hospital,P,Anushree Netra Chikitsalaya And Retina Care Center,"1st floor jabalpur club Complex, Naudra Bridge, Near Jyoti Talkies, Jabalpur,",9425323986,23,411,100013,2026-05-01 19:56:56,23.165997,79.935595,PMJAY
HOSP9P01506,901506,Hospital,P,JAMUNA SEWA SADAN AND RESEACH CENTRE,"S-15/47,PANCHKOSHI ROAD, SHIVPUR",9415204376,9,187,"100005,100006,100011,100012,100013,100015,100023",2026-06-15 16:57:21,25.358718,82.952907,PMJAY
HOSP6P92417,692417,Hospital,P,L J EYE INSTITUTE,"251,251 model town",9050374555,6,58,100013,2026-05-09 13:38:51,30.361885,76.793535,PMJAY
HOSP9P02546,902546,Hospital,P,Care Hospital,"DR NIKUNJ GOEL SANT BHAWAN,C/O CARE HOSPITAL STADIUM ROAD",9917239996,9,130,"100002,100005,100006,100011,100012,100013,100014,100015,100016,100017,100018,100019,100020,100022,100023",2026-04-30 15:01:10,28.380000,79.440000,PMJAY
HOSP27G26195826,195826,,G,LASURNE,"Lasurne,Indapur-Baramati Road",7620726794,27,490,"100001,100004,100005,100006,100012,100015,100017,100026,10083",2026-02-02 17:20:51,18.084435,74.765535,PMJAY
HOSP27G26177436,177436,,G,PHC APTALE ,"aptale ,",9765007484,27,490,,2026-02-02 16:50:37,19.211906,73.771460,PMJAY
HOSP9P203581,9203581,Hospital,P,Chandra Mother and Eye Care Pvt Ltd,"CHANDRA TOWERS, TC13V-III, VIBHUTI KHAND, GOMTINAGAR,",9335910666,9,162,100013,2026-03-13 10:45:16,26.865569,81.005512,PMJAY
HOSP5G26178790,178790,,G,PHC Type A Charandev,"PHC Type A Charandev,",9410708977,5,53,100005,2026-02-17 14:33:45,29.703085,80.219631,PMJAY
HOSP5G26144154,144154,,G,PHC Type A Muwani,"PHC Type A Muwani,",8936903700,5,53,100005,2026-02-17 14:34:45,29.702843,80.320539,PMJAY
HOSP9P41247,941247,Hospital,P,MAHASHWETA HOSPITAL PVT LTD,"S 10/6 SA-3AP,MAQBOOL ALAM ROAD CHAUKAGHAT VARANASI",9415228020,9,187,"100004,100005,100006,100012,100015,100016,100020,100023,100026",2026-06-08 10:44:31,25.340142758617816,82.9920186356278,PMJAY
HOSP23P25227003,227003,Hospital,P,Prakash Eyecare and Laser Centre,"plot number 131/14,zone iI MP NAGR BHOPAL",8085133033,23,396,100013,2026-04-28 11:52:31,23.228865,77.435633,PMJAY
HOSP9P04590,904590,Hospital,P,KRUSH DIVINE HOSPITAL,"TULSI VIHAR,NEAR RAILWAY STATION DADRI",9811364831,9,144,100012,2026-04-01 12:35:35,28.541588,77.537541,PMJAY
HOSP27G26162545,162545,,G,Kelzar TR,"AT P Kelzar Tal Baglan Dist Nashik,Kelzar",8208672253,27,487,100005,2026-02-03 15:16:21,20.654754,73.975686,PMJAY
HOSP9P00934,900934,Hospital,P,Siddh Multispeciality Hospital,"Harthala Industrial Estate Kanth Road,",9412235166,9,171,"100002,100005,100006,100010,100011,100012,100013,100014,100015,100016,100017,100018,100019,100020,100023",2026-05-29 14:13:06,28.877876,78.739908,PMJAY
HOSP5G26232441,232441,,G,PHC Type A Banbasa," Banbasa Champawat,",9759005755,5,48,100005,2026-02-17 14:37:36,29.031569,80.089849,PMJAY
HOSP9P26296921,296921,Hospital,P,Madnani Medicare PVT LTD,"236 B Lukerganj,",9415284744,9,120,"100005,100006,100012,100013,100015,100023",2026-05-27 14:58:07,25.453555,81.827317,PMJAY
HOSP9P26243571,243571,,P,SHRI GIRIRAJ JI HOSPITAL,"PLOT NO.2A 2B 2C YASH NAGAR BANDHA POLICE CHOWKI FAIZULLAGANJ LUCKNOW,LUCKNOW",9792016241,9,162,,2026-05-14 14:59:35,26.895550,80.925438,PMJAY
HOSP27P26122478,122478,,P,Akashdeep Hospital,"Yeshwant Hsg Society Sangli Road,",9890787999,27,493,100013,2026-02-04 19:40:32,16.839346,74.627469,PMJAY
HOSP7P26138231,138231,,P,Mojiram Lions Eye Hospital,"Main Palla Road, Akbarpur Majra, Bakhatwarpur, Delhi-110036,",9810005342,7,80,100013,2026-04-10 14:12:53,28.835518,77.179365,PMJAY
HOSP9P131546,9131546,Hospital,P,Riti Eye Care Hospital,"15/26, NEAR PATRIKA CHAURAHA CIVIL LINE,",8527187555,9,120,100013,2026-05-18 13:36:41,25.453555,81.827317,PMJAY
HOSP27G26139246,139246,,G,AMBAD UPHC ,"Mahalaxmi mandir samaj mandir ,",7499003059,27,487,100005,2026-06-15 10:28:12,19.950135,73.749934,PMJAY
HOSP7P25166482,166482,Hospital,P,Eskag Sanjeevani Dashrathpuri Dialysis Center,"A47, Dabri - Palam Rd, Vaishali Colony, Dashrath Puri, Delhi, 110045,",9831963162,7,84,100005,2026-07-08 14:24:26,28.605601,77.081665,PMJAY
HOSP27G26105323,105323,,G,Deulgaon sakarsha,"At Post Deulgaon Sakarsha,",7841924785,27,472,100005,2026-02-10 16:04:27,20.428710,76.683725,PMJAY
HOSP9P102926,9102926,Hospital,P,FOCUS MULTISPECIALITY CENTRE LLP,"116D GULMOHAR PARK NEAR JHULELAL DWAR, RAJENDRA NAGAR, BAREILLY",8377038720,9,130,100013,2026-04-22 14:27:59,28.38648,79.43209,PMJAY
HOSP9P205568,9205568,Hospital,P,SHANTI VILAS HOSPITAL ,"9/5 AMAR NATH JHA MARG GEORGE TOWN PRAYAGRAJ ,",9838075663,9,120,"100006,100011,100015,100016,100022,100023",2026-05-06 08:58:01,25.446383,81.860459,PMJAY
HOSP10P138939,10138939,Hospital,P,VISTA HOSPITAL PRIVATE LIMITED,"Plot N0- 1/1103, Near Patna Central School, By pass Road, Jaganpura, Patna, Jaganpura,Patna",9835699979,10,212,,2026-05-28 13:39:58,25.584751,85.1696590000001,PMJAY
HOSP27G26224603,224603,,G,Janefal,"At Post Janephal,",7208338692,27,472,"100005,100012",2026-02-05 19:14:54,20.296851,76.574220,PMJAY
HOSP27G26192520,192520,,G,Kingaon Raja,"At Kingaon Raja Taluka Sindkhed Raja ,",9421881922,27,472,100005,2026-02-06 13:54:50,19.989070,76.244100,PMJAY
HOSP99P100617,99100617,Hospital,P,Metro Hospital & Cancer Institute,"21, Community Centre, Preet Vihar,",9958890353,7,78,"100002,100003,100008,100017,100021,100022,100027",2026-05-29 17:18:40,28.638522,77.294841,PMJAY
HOSP27G26220844,220844,,G,Jawalkhed,"At post Jawalkhed,",8380078211,27,472,100005,2026-02-06 14:46:18,20.018079,76.039100,PMJAY
HOSP7P26190920,190920,,P,VISITECH EYE CENTRE (A UNIT OF JASOLA HEALTHCARE LLP),"D-10, GREEN PARK MAIN, NEW DELHI,",9810198857,7,83,100013,2026-05-18 13:32:06,28.555673,77.208422,PMJAY
HOSP6P13464,613464,Daycare Centre,P,MUSKAAN DENTALS,"H no 449 Main Market Opposite Community Centre Sector 14,NEAR UNION BANK",9891127779,6,62,100014,2026-05-01 12:33:42,28.476372,77.045570,PMJAY
HOSP10P85746,1085746,Hospital,P,SARAF ORTHO SPINE AND MATERNITY CENTRE,"Saraf ortho spine and maternity Centre ,In front of DMC principal Office, Laheriasarai",9386098474,10,195,"100005,100012,100015",2026-05-25 09:45:45,26.132059,85.901920,PMJAY
HS24007207,24007207,Medical College Hospital,P,SMT SMS MULTISPECIALITY HOSPITAL,"opp Akshar III ,Near Tapovan circle ,  Visat gandhinagar highway Chandkheda,chandkheda ",9898733374,24,438,,2026-06-29 13:34:56,23.117128,72.606574,PMJAY
HOSP9P25204785,204785,Hospital,P,OCTAVIA HOSPITAL A UNIT OF EIGHT LIONS HOSPITAL PRAVATE LIMITED,"SH 15/63-A-P-T Panchkoshi road, bharlai, shivpur,",9695130565,9,187,"100002,100004,100005,100006,100010,100011,100012,100015,100017,100020,100023",2026-04-18 13:01:32,25.366883,82.942271,PMJAY
HOSP23P143415,23143415,Hospital,P,ASG Hospital Pvt Ltd,"Nigotia Tower C - 01,  City Center,Gwalior",8875020446,23,407,100013,2026-06-12 17:28:32,26.211437,78.187037,PMJAY
HOSP23G26251610,251610,,G,PHC chandera,"chadera,",7987309345,23,434,100005,2026-02-07 16:29:19,25.057282,78.865184,PMJAY
HOSP27P209917,27209917,Hospital,P,SHATAYU HOSPITAL AND RESEARCH CENTRE,"SHATAYU HOSPITAL AND RESEARCH CENTRE PLOT NO 26,WARDHA ROAD NEAR HITVADA PRESS DHANTOLI",9822565161,27,484,"100001,100002,100004,100005,100006,100007,100011,100012,100015,100016,100019,100020,100022,100023",2026-06-18 13:06:27,21.133199,79.077959,PMJAY
HOSP3P100854,3100854,Hospital,P,ACE HEART AND VASCULAR INSTITUTE,"SHIVALIK HOSPITAL,SECTOR 69",9815577775,3,608,"100002,100005",2026-06-04 15:21:04,30.695040,76.721292,PMJAY
HOSP3P26244697,244697,,P,Dr ATMA RAM EYE AND GEN HOSPITAL,"MAIN ROAD BHIKHI,",9465262652,3,37,100013,2026-06-09 13:41:42,30.064918,75.534953,PMJAY
HOSP23P26161518,161518,,P,Shalby hospital,"Race course road, Near Janjeerwala Square,",7089909764,23,410,"100008,100021,100022",2026-06-16 10:57:28,22.719114,75.870121,PMJAY
HOSP27G26153364,153364,,G,Chincholi Mali,"Chincholi Mali,",9158461844,27,470,100005,2026-02-11 15:00:07,18.675255,76.006114,PMJAY
HOSP27P26293222,293222,,P,ABO EYE INSTITUTE,"Plot no 31,Baidyanath Square, Nagpur ,",9890374024,27,484,100013,2026-05-27 16:24:00,21.132764,79.096642,PMJAY
HOSP3P26118339,118339,,P,Max Super Speciality Hospital Bathinda A unit of Home Trail Buildtech Private Limited,"MANSA ROAD , NEAR CIVIL HOSPITAL BATHINDA,",9999657590,3,28,"100002,100005,100006,100008,100010,100012,100013,100015,100017,100021,100023",2026-03-30 14:15:55,30.191539,74.946918,PMJAY
HOSP27G26102113,102113,,G,WARALA,"At. Po. Warla ,",9146689054,27,499,"100004,100005,100006,100009,100012,100016,100017,100023,100026",2026-07-10 10:18:26,19.994249,77.260607,PMJAY
HOSP9P171904,9171904,Hospital,P,ITS Dental College Hospital And Research Centre,"47, Knowledge Park III,",7840001495,9,144,100014,2026-04-28 15:53:27,28.477091,77.477812,PMJAY
HOSP7P116435,7116435,Hospital,P,MATA ROOP RANI MAGGO & MAHINDRU HOSPITAL ,"C-8 /9, OM VIHAR, PHASE-1,UTTAM NAGAR, NEW DELHI,UTTAM NAGAR METRO PILLAR NO - 709 ",9711139320,7,84,"100002,100006,100011,100012,100013,100015,100019,100020,100023",2026-04-27 11:28:11,28.620947,77.050457,PMJAY
HS24019182,24019182,Hospital,P,VIROC HOSPITAL,"B-5 NIVRUTTI COLONY,,ARYAKANYA VIDYALAYA ROAD, KARELIBAUG",9227473106,24,461,100015,2026-04-10 17:23:48,22.312931,73.202250,PMJAY
HOSP7P26190920,190920,,P,VISITECH EYE CENTRE (A UNIT OF JASOLA HEALTHCARE LLP),"D-10, GREEN PARK MAIN, NEW DELHI,",9810198857,7,83,100013,2026-05-18 13:32:06,28.555673,77.208422,PMJAY
HOSP27P79036,2779036,Daycare Centre,P,SURAJ EYE INSTITUTE,"559, NEW COLONY,Near Byramji Town",9890020804,27,484,100013,2026-05-11 20:06:17,21.168924,79.083781,PMJAY
HOSP5P114037,5114037,Hospital,P,Sunanda Medical Centre,"Lane No.1, Ashwani Enclave , Shimla Bypass Road, Dehradun,",8266016162,5,49,"100002,100003,100005,100006,100011,100012,100015,100016,100017,100020,100022,100023",2026-05-20 17:21:19,30.298782,77.996763,PMJAY
HOSP9P25182794,182794,Hospital,P,ARC PLUS SUPER SPECIALTY HOSPITAL A UNIT OF CLIDOARC LLP,"CHITAIPUR CHAURAHA, CHITAIPUR, VARANASI,",9313947441,9,187,"100002,100003,100004,100005,100006,100007,100011,100012,100015,100016,100019,100020,100022,100023,100026,10083",2026-07-02 10:13:48,25.264756,82.958382,PMJAY
HOSP9P01015,901015,Hospital,P,GLOBUS HOSPITAL A UNIT OF HOSPITAL INFOTECH PVT LTD,"117/N/33,AVON MARKET KAKADEV KANPUR NAGAR,117/N/33,AVON MARKET KAKADEV KANPUR NAGAR",8604297231,9,157,100015,2026-04-22 14:53:53,26.475986,80.294284,PMJAY
HOSP7P25148933,148933,Hospital,P,GOYAL HOSPITAL UROLOGY CENTRE ,"E 4/8 KRISHNA NAGAR DELHI,Krishna Nagar",9811101454,7,671,"100004,100005,100006,100012,100014,100015,100019,100023",2026-06-15 13:48:02,28.658708,77.283236,PMJAY
HOSP7P07825,707825,Hospital,P,Sonia hospital ( A unit of altius healthcare private limited),"1 Gulshan Park main rohtak road,Nangloi,Delhi,",8750060740,7,85,"100002,100005,100006,100008,100010,100011,100012,100013,100015,100016,100017,100020,100022,100023",2026-05-12 21:16:38,28.680000,77.050000,PMJAY
HOSP23P158811,23158811,Hospital,P,Swastik Multispeciality Hospital And Research Centre,"ITI Road Infront of Interstate Bus Terminus ,Deendayal Chowk Jabalpur",7566635352,23,411,"100001,100002,100003,100005,100006,100008,100011,100012,100013,100014,100015,100016,100017,100018,100019,100020,100022,100023",2026-05-01 20:02:20,23.194326,79.911345,PMJAY
HOSP23P25228833,228833,Hospital,P,ER. H N NEMA MEMORIAL SUPER SPECIALITY HEART AND CRITICAL CARE HOSPITAL,"nema heart hospitalisbt bus stand near deendyal chowk jabalpur,isbt",7697335555,23,411,"100002,100005",2026-05-07 13:42:40,23.193717,79.912982,PMJAY
HOSP23P03634,2303634,Hospital,P,Retina Speciality Hospital,"324 - 325 Sch. No. - 54, Pu - 4, Ab Road,vijay nagar",9425056374,23,410,100013,2026-06-17 11:42:41,22.748058,75.896321,PMJAY
HOSP4P02792,402792,Hospital,P,Eden Critical Care Hospital,"plot no 115,industrial area phase 1",9814114214,4,44,"100002,100005,100006,100011,100015,100016,100020,100023",2026-04-30 14:20:55,30.711493,76.808978,PMJAY
HOSP23P09506,2309506,Hospital,P,JANJYOTI SUPER SPECIALITY EYE HOSPITAL,"1051, Gol bazar ,,Near Kesharwani Collage",9826950101,23,411,100013,2026-04-24 11:20:29,23.171612,79.924878,PMJAY
HOSP23G26176729,176729,,G,PHC Umrali,"PHC Umrali ,",7828506490,23,639,"100005,100012",2026-02-20 10:24:38,22.179915,74.318792,PMJAY
HOSP5P26920,526920,Daycare Centre,P,Drishti Center For Advanced Eye Care,"Durga City Center ,Near M B Degree College",7088998333,5,51,100013,2026-08-08 20:07:12,29.229391,79.529870,PMJAY
HOSP27P78997,2778997,Hospital,P,PAWANA HOSPITAL,"gat no 167, somatane phata , near mumbai pune highway ,urse parandawadi rode",9960232100,27,490,"100002,100003,100004,100005,100006,100007,100008,100010,100011,100012,100013,100014,100015,100017,100018,100019,100020,100023",2026-04-28 21:47:13,18.703298,73.684924,PMJAY
HOSP23P07677,2307677,Hospital,P,KOTHARI HOSPITAL PRIVATE LIMITED,"PLOT NO 69/C GATE NO. 4 WRIGHT TOWN SUBHADRA KUMARI CHAUHAN WARD JABALPUR,",9827099019,23,411,,2026-06-17 13:40:19,23.16373,79.9218520000001,PMJAY
HOSP23G26298738,298738,,G,phcbarjhar,"tabmoliya faliya barjhar,",9752940407,23,639,"100005,100012",2026-02-18 16:13:02,22.528386,74.330855,PMJAY
HOSP99P84294,9984294,Medical College Hospital,P,Hamdard Institute of Medical Sciences and Research and associated Hakeem Abdul Hameed Centenary Hospital,"Guru Ravidas Marg, Block D, ,Hamdard Nagar, New Delhi, Delhi",7065085505,7,670,,2026-06-05 15:14:26,28.514929,77.251768,PMJAY
HOSP7P159494,7159494,Hospital,P,BHAGWATI HOSPITAL,"CS/OCF-6, SECTOR-13, ROHINI, DELHI,",9811207171,7,82,"100001,100002,100003,100004,100005,100006,100008,100010,100011,100012,100013,100014,100015,100016,100017,100018,100019,100020,100022,100023,100026,10083",2026-04-27 15:18:51,28.7191570000001,77.1295680000001,PMJAY
HOSP23P123076,23123076,Hospital,P,SHALBY HOSPITAL,"Plot b, Scheme no. 05 kachnar City Road Ahinsha Chowk Vijay Nagar Agrasen Ward No14 Jabalpur,",9826177577,23,411,"100002,100003,100008,100022,100023",2026-04-18 14:37:08,23.190000,79.910000,PMJAY
HOSP27G26129380,129380,,G,LMC India Nagar," India Nagar,",9156663224,27,481,100005,2026-02-23 14:44:00,18.409770,76.560920,PMJAY
HOSP27G26242739,242739,,G,LMC Manthale Nagar," Manthale Nagar,",8329270512,27,481,100005,2026-02-25 13:27:35,18.393470,76.583770,PMJAY
HOSP27G26140163,140163,,G,Fondshiras,"ta-malshiras,,PHC-fondshiras,natepute road",9890202507,27,496,"100005,100012",2026-02-17 16:11:53,17.931231,74.810317,PMJAY
HOSP27G26106718,106718,,G,phcgheradi,"gheradi,",8600228394,27,496,"100005,100012",2026-02-17 16:43:34,17.277155,75.280741,PMJAY
HOSP27P26177356,177356,Hospital,P,Shree Ramkrishna Netralaya,"1st floor , unit 1-4, Dosti Imperia Shopee Ghodbunder Road, Manpada,",9076058001,27,497,100013,2026-06-15 20:30:28,19.232284,72.975547,PMJAY
HOSP27P26149116,149116,Hospital,P,K AND R NURSING CENTRE PVT LTD SUNRISE HOSPITAL,"517, A/1, Plot No.70, E-Ward, Near Hotel K-Tree, Shivaji Park, Kolhapur  416001.,",9921792969,27,480,"100002,100003,100005,100006,100007,100008,100015,100020,100022,100023,100028",2026-06-30 18:43:19,16.703625,74.248483,PMJAY
HOSP32P92871,3292871,Hospital,P,Dr.binus sunriseeyecare,"OPP SREEPURAM E M SCHOOL, CHETTIPEEDIKA ,PALLIKUNNU",9747741076,32,557,100013,2026-04-29 14:56:50,11.889734,75.369679,PMJAY
HOSP7P25186244,186244,Hospital,P,MINIMAL ACCESS SMART SURGERY HOSPITALS PRIVATE LIMITED,"B-18, CHIRAG ENCLAVE GREATER KAILASH PART-1 NEW DELHI-110048,",9910955443,7,83,,2026-05-22 12:49:52,28.546821000000136,77.24962800000003,PMJAY
HOSP7P138038,7138038,Daycare Centre,P,NARANG EYE INSTITUTE LASER & RETINA CENTRE,"B-8, DERAWAL NAGAR",9810869039,7,80,100013,2026-05-15 09:48:32,28.698812,77.189493,PMJAY
HOSP7P173055,7173055,Hospital,P,VARDHMAN DIALYSIS CENTER,"A-1/5, SECTOR 8, DEEPALI CHOWK,ROHINI,DELHI,",9811057475,7,82,100005,2026-06-03 19:54:11,28.698849,77.118768,PMJAY
HOSP27P26275504,275504,Daycare Centre,P,Swaraashi Netralaya,"605/606, Neptune uptown bldg,n.s.road",9892657656,27,483,100013,2026-07-16 17:20:20,19.173878,72.956017,PMJAY
HOSP27P209679,27209679,Hospital,P,YADAORAOJI PADOLE MEMORIAL HOSPITAL,"post Office Road Ansari Ward,Muslim Library Road Bhanadara",9021709359,27,471,,2026-04-10 17:18:11,21.165108,79.654194,PMJAY
HOSP24P83124,2483124,Hospital,P,SANJIVANI SUPER SPECIALITY HOSPITA PVT LTD,"1, uday park, nr. sunrise park, vastrapur,1, UDAY PARK, NR. SUNRISE PARK, VASTRAPUR, AHMEDABAD",9737134287,24,438,"100002,100003,100015,100020,100023",2026-05-28 23:16:12,23.038526,72.528705,PMJAY
HOSP27G26158278,158278,,G,LMC Goutam Nagar,"Goutam Nagar,",8975084501,27,481,100005,2026-02-25 13:30:08,18.396190,76.558090,PMJAY
HOSP24P68100,2468100,Hospital,P,AHMEDABAD INSTITUTE OF MEDICAL SERVICES,"P.N.HOUSE, OPP. JETHABHAI PARK SOCIETY,NARAYANNAGAR ROAD, PALDI",7878797818,24,438,"100002,100003,100015,100020,100023",2026-06-17 20:14:45,23.003485,72.563683,PMJAY
HOSP6P25105730,105730,Hospital,P,Divydeep,"Nursing home site P1612 Sec 16 or 17,",9999334108,6,63,,2026-07-13 10:12:02,29.129988,75.735868,PMJAY
HOSP7P25120122,120122,Hospital,P,SANTOMHOSPITAL,"csocf 4pkt 10 sector 24 rohini,",9599571063,7,82,"100001,100002,100005,100006,100008,100010,100011,100012,100013,100014,100015,100016,100017,100019,100020,100022,100023",2026-05-21 12:36:26,28.720022,77.099272,PMJAY
HOSP3P19649,319649,Hospital,P,MEDICAID HOSPITAL,"circular road,CIRCULAR ROAD ",9779117273,3,27,"100002,100006,100015,100016,100023",2026-04-30 09:50:33,31.659485,74.869596,PMJAY
HOSP9P02255,902255,Hospital,P,SHUBHAM HOSPITAL,"S-8/108-F5A,M.A.ROAD, KHAJURI VARANASI,",9415990143,9,187,"100002,100003,100004,100005,100006,100010,100011,100012,100015,100017,100020,100023",2026-05-31 13:05:47,25.343927,82.988056,PMJAY
HOSP27P185236,27185236,Hospital,P,The R Jhunjhunwala Sankara Eye Hospital,"Plot No. 13, Sector 5A, New Panvel East, Navi Mumbai,",9819915070,27,491,100013,2026-05-29 13:00:55,19.006856,73.117661,PMJAY
HOSP23P09685,2309685,Hospital,P,Rohit Eye Hospital And Child Care Centre,"E-1 Higmain Road Near Lig Square , Indore (Mp),Higmain Road Near Lig Square",9425060583,23,410,100013,2026-07-27 10:58:02,22.679522,75.879857,PMJAY
HOSP27P142929,27142929,Hospital,P,synergy multispeciality hospital Private Limited,"CTS No.10247, A/5, Sangli - Miraj Rd, near S. T Workshop, Chandan Wadi, Miraj, Maharashtra 416410,",9923387111,27,493,,2022-04-15 11:27:08,16.837362,74.637799,PMJAY
HOSP27P79017,2779017,Hospital,P,MAHATME EYE BANK AND EYE HOSPITAL,"2163C Chintaman Nagar, Near Rajiv Nagar, Somalwada,",8527786575,27,484,100013,2026-06-11 11:16:22,21.101801,79.065143,PMJAY
HOSP10P14477,1014477,Hospital,P,JEEVAK HEART HOSPITAL AND RES.INST.PVT.LTD.,"6, doctors colony,kankarbagh",9334763500,10,212,"100002,100003,100005",2026-04-30 09:28:30,25.601369,85.158669,PMJAY
HOSP7P26123930,123930,,P,Maheshwari Hospital,"Plot no-68 Pocket-4 and 5 Sector-23 Rohini Delhi-110085,",9311748110,7,82,"100005,100006,100012,100015,100016,100017,100019,100023",2026-05-18 14:03:22,28.596634,77.171917,PMJAY
HOSP23P01576,2301576,Hospital,P,Infinity Heart Institute A Unit Of IHRC Jabalpur,"2Nd,3Rd Floor Dixit Pride, Near Taiyabali Petrolpum, ,Napier Town",9575333311,23,411,"100002,100003",2026-05-30 19:00:03,23.166046,79.938776,PMJAY
HOSP9P00844,900844,Hospital,P,ROHILKHAND MEDICAL COLLEGE AND HOSPITAL,"OPP SURESH SHARMA NAGAR,",8171790347,9,130,"100001,100002,100004,100005,100006,100007,100008,100010,100011,100012,100013,100014,100015,100016,100017,100018,100019,100020,100021,100022,100023,100026",2026-06-18 14:19:39,28.380279,79.462157,PMJAY
HOSP5P25279912,279912,Hospital,P,Chandan Hospital Unit of Chandan Super Specialty Hospital Limited ,"Plot No-503, Khasra No-247, Bhotia Parav, Haldwani ,",9919933333,5,51,"100001,100002,100003,100004,100005,100006,100010,100011,100012,100015,100017,100019,100020,100022,100023",2026-08-16 19:41:30,29.216514,79.526331,PMJAY
HOSP27P26293222,293222,,P,ABO EYE INSTITUTE,"Plot no 31,Baidyanath Square, Nagpur ,",9890374024,27,484,100013,2026-05-27 16:24:00,21.132764,79.096642,PMJAY
HOSP7P193849,7193849,Hospital,P,DHARAMSHILA NARAYANA SUPERSPECIALITY HOSPITAL ,"Dharamshila Narayana Superspeciality Hospital,Dharamshila Marg, Vasundhara Enclave",7290074728,7,78,"100002,100003,100008,100021,100023",2026-05-18 13:31:06,28.602653,77.313873,PMJAY
HOSP7P25223481,223481,Hospital,P,AS Kidney Hospital and Stone Centre Pvt. Ltd.,"RZ 70A, Main, Dabri - Palam Rd, adjoining Jindal Public School, Dashrath Puri,",9871775909,7,84,"100005,100006,100015,100023",2026-04-11 11:45:14,28.607198,77.081300,PMJAY
HOSP37P72508,3772508,Hospital,P,KUKREJA HOSPITAL & HEART CENTER PVT LTD,"c1, c3, c4, c14 Vishal enclave Rajouri garden,",9810095287,7,85,"100002,100005,100006,100011,100012,100015,100020",2026-04-24 15:13:27,28.646912,77.117113,PMJAY
HOSP33P26146944,146944,,P,TAJ HOSPITAL,"482, KK Nagar, West 1st street, Opp. District Court, Madurai,",9944118385,33,578,100015,2026-06-24 16:09:00,9.934985644073294,78.14253165639138,PMJAY
HOSP9P01085,901085,Hospital,P,Fortune Hospital,"117/Q/40-A , FORTUNE HOSPITAL , SHARDA NAHAR,",9889422111,9,157,"100002,100003,100005,100006,100008,100009,100010,100011,100012,100013,100014,100015,100016,100017,100018,100019,100020,100021,100022,100023,100027",2026-06-15 21:29:23,26.488014,80.289147,PMJAY
HOSP27P78959,2778959,Hospital,P,united ciigma hopsital,"plot no 6,7 survery no 10 dargah road aurangabad,plot no 6,7 survey no 10 dargah road aurnagabad",9820565427,27,469,"100002,100003,100005,100006,100007,100008,100011,100022,100023,100028",2026-06-01 16:17:50,19.859435,75.336302,PMJAY
HOSP27G26170083,170083,,G,Phc Umbarda Bazar ,"Phc Umbarda Bazar TQ Karanja lad,",9923764001,27,499,"100004,100005,100006,100009,100010,100011,100012,100013,100015,100017,100026,10083",2026-06-04 10:34:19,20.469753,77.598963,PMJAY
HOSP33P26206688,206688,,P,ROTARY DIALYSIS CENTRE,"OLG GH CHENGAM ROAD, TIRUVANNAMALAI,",9443437617,33,593,100005,2026-06-17 11:49:47,12.224723029779327,79.0631279961051,PMJAY
HOSP33P26115299,115299,,P,SARAVANA HOSPITAL,"1 134 Muthaliyar Street Dhalavaipuram,",9442144364,33,597,100006,2026-06-05 13:41:56,9.39306600000003,77.4985950000001,PMJAY
HOSP23P26138677,138677,,P,JEEVAN SHRI HOSPITAL,"Plot No.1 Mehlua Chouraha, Kurwai raod, Vidisha, Kurwai (Nagar Panchayat), Vidisha,",9644598693,23,437,"100005,100006",2026-06-16 15:02:07,24.101507,77.970057,PMJAY
HOSP9P02463,902463,Hospital,P,CL Gupta Eye Institute ,"Ram Ganga Vihar, Phase-2, Moradabad,",8937834443,9,171,100013,2026-06-05 18:23:59,28.878919,78.749362,PMJAY
HOSP33P26214200,214200,,P,GENEZEN INDUS HOSPITAL,"NO.33, P&T NAGAR MAIN ROAD, VALLUVAR COLONY, MADURAI,",9952399828,33,578,100006,2026-06-24 16:02:39,9.955322,78.130266,PMJAY
HOSP7P26164211,164211,Hospital,P,Mansaram Hospital Private Limited,"B-5, Aman Puri Extension, Main Najafgarh Road, Nangloi, New Delhi,",9811761676,7,85,"100005,100006,100012,100015,100016,100017,100023",2026-05-27 13:05:13,28.672245,77.058945,PMJAY
HOSP7P162515,7162515,Hospital,P,Sri Balaji Action Medical Institute,"FC-34, A-4,Paschim Vihar, New Delhi",8447714478,7,796,"100002,100003,100004,100005,100006,100007,100010,100011,100012,100013,100014,100015,100016,100017,100019,100020,100023,100026,100028",2026-05-28 17:01:46,28.673282,77.110411,PMJAY
HOSP7P116294,7116294,Hospital,P,KHANDELWAL HOSPITAL & UROLOGY CENTRE PVT. LTD.,"B-15, 16, MAIN ROAD EAST KRISHNA NAGAR DELHI-110051,",9540938211,7,671,"100005,100006,100012,100015,100023",2026-04-15 19:35:13,28.660107,77.287998,PMJAY
HOSP33P26120156,120156,,P,SAYEE HOSPITAL,"234,walajabath main road,",9629258338,33,574,100015,2026-06-25 13:18:43,12.891814,80.019559,PMJAY
HOSP33P26105104,105104,,P,BGR HOSPITAL,"2-B,RAMALINGAM CHETTY STREET,NEAR LIC,DHARMAPURI-636701,",9943347453,33,571,"100001,100004,100006,100011,100012,100015,100017,100018,100019,100020,100022,100023,100026",2026-06-24 11:42:37,12.133563,78.160859,PMJAY
HOSP7P25265365,265365,Hospital,P,AALOK HOSPITAL,"PLOT NO-136, KH. NO-103/14,MAIN KANJHAWALA ROAD, RAJEEV NAGAR, SEC-38, ROHINI DELHI-110086",9310204289,7,82,"100005,100006,100012,100015,100017,100020,100023",2026-06-11 16:26:03,28.725684,77.056347,PMJAY
HOSP33P26228742,228742,,P,JOSEPH SAHAYAM HOSPITAL,"Ganesapuram Road,Nagercoil,",9443357604,33,575,100005,2026-06-24 15:59:29,8.179288,77.433194,PMJAY
HOSP33P19168,3319168,Hospital,P,SHANMUGA HOSPITAL LIMITED,"24, SARADHA COLLEGE ROAD,",8754004099,33,584,"100002,100003,100005,100006,100008,100011,100012,100015,100017,100018,100019,100021,100022",2026-06-24 17:24:06,11.676526,78.152726,PMJAY
HOSP33P26143634,143634,,P,DNV POLYCLINIC ,"7, rajagopal gounder street,,7, rajagopal gounder street,",9976658541,33,571,100018,2026-06-23 10:48:26,12.135195,78.162034,PMJAY
HOSP6P163193,6163193,Hospital,P,Arunodaya Deseret Eye Hospital,"Plot No. NH-4, sECTOR-55,Golf Course Road, Gurgaon",9810061178,6,62,100013,2026-05-09 19:41:53,28.427302,77.108821,PMJAY
HOSP6P111232,6111232,Hospital,P,VIAAN EYE RETINA CENTRE,"Gurgaon,",9871289001,6,62,100013,2026-05-01 12:58:57,28.460000,77.030000,PMJAY
HOSP3P26207488,207488,,P,Sant Clinic and Maternity Home,"200APunjabi Bagh Patiala,",9501149511,3,41,"100010,100012,100017",2026-03-30 19:44:12,30.341235,76.400983,PMJAY
HOSP9P04525,904525,Hospital,P,NAVIN HOSPITAL,"RAILWAY ROAD NEAR SINGHAL SWEETS,",9810029751,9,144,"100002,100005,100006,100015,100023",2026-08-11 09:31:47,28.549568,77.549812,PMJAY
HOSP33G26166217,166217,,G,GOVERNMENT HEAD QUARTERS HOSPITAL CHEYYAR,"ARCOT ROAD NEAR SBI,",9842779575,33,593,"100001,100002,100004,100005,100012,100013,100015,100016,100020,100022",2026-06-02 19:05:02,12.667295,79.542291,PMJAY
HOSP33G26260208,260208,,G,GOVT DISTRICT HEADQUARTERS HOSPITAL KANCHIPURAM,"gOVT. DISTRICT HEADQUARTERS HOSPITAL,RAILWAY ROAD, KANCHIPURAM",9486369129,33,574,"100001,100002,100004,100005,100006,100009,100012,100013,100015,100020,100026",2026-06-02 19:02:20,12.832957,79.710338,PMJAY
HOSP27P26126448,126448,Hospital,P,Kulkarni Uro Surgery Institute Pvt Ltd,"Urokul, Plot no 61/2/1/11/1 near Bitwise Terra Tower Baner,Mumbai Pune bypass road , Baner Pune",9423582417,27,490,"100005,100023,100028",2026-05-30 12:53:08,18.556305,73.769441,PMJAY
HOSP7P25104397,104397,Hospital,P,BHATIA GLOBAL HOSPITAL AND ENDOSURGERY INSTITUTE,"307-308, AMBICA VIHAR, PASCHIM VIHAR,",9810418320,7,85,"100006,100015",2026-05-13 13:06:50,28.665602,77.082383,PMJAY
HOSP3P71432,371432,Hospital,P,PUNJAB CANCER CARE AND MULTISPECIALITY HOSPITAL,"PUNJAB CANCER CARE,GONIANA ROAD, NEAR TINKONI",8728840999,3,28,"100005,100006,100008,100015,100021,100022,100027",2026-07-16 10:26:38,30.220992,74.938320,PMJAY
HOSP9P189925,9189925,Hospital,P,Aadvika Multispecialty Hospital,"Tila more Near Bal Bharti public School Afzalpur Road Opp. shiv Mandir Nistoli Loni Ghaziabad,",8512078222,9,145,,2026-07-07 17:01:44,28.743718,77.339047,PMJAY
HOSP6P01928,601928,Hospital,P,Rotary Ambala Cancer And General Hospital,"Ram Bagh Road Ambala Cantt,",9896369274,6,58,"100001,100002,100005,100006,100007,100008,100010,100011,100015,100016,100017,100018,100019,100020,100022,100027",2026-05-11 10:32:11,30.368487,76.767364,PMJAY
HOSP6P157942,6157942,Hospital,P,COMPLETE EYE CARE,"138, Eros City Square, Sec - 49, Gurgaon,Near Rosewood City",9818196263,6,62,100013,2026-04-06 15:20:36,28.41,77.06,PMJAY
HOSP9P146458,9146458,Hospital,P,SHARP SIGHT EYE HOSPITALS,"SS TOWER, AUTO SALES CHOWRAHA Prayagraj Uttar Pradesh 211001,",9582211733,9,120,100013,2026-05-30 17:29:59,25.455520,81.830297,PMJAY
HOSP9P183614,9183614,Hospital,P,Madhuraj Hospital Pvt Ltd,"113/121 a swaroop Nagar Kanpur,113/121 A Swaroop Nagar Kanpur",9839035388,9,157,"100002,100006,100015,100023",2026-04-30 12:31:06,26.479516,80.317626,PMJAY
HOSP7P201126,7201126,Hospital,P,MAPLE CARE HOSPITAL,"PLOT NO 10 SECTOR 23 MBR ENCLAVE OPP RANJIT VIHAR PHASE 2,DWARKA",9891682297,7,84,"100002,100004,100005,100006,100010,100011,100012,100013,100014,100015,100016,100017,100018,100019,100020,100022,100023,100026,10083",2026-05-13 15:34:01,28.560740,77.051232,PMJAY
HOSP9P08472,908472,Hospital,P,JAWAHAR EYE HOSPITAL PVT LTD,"194/15, DELHI ROAD, ,OPP. ROADWAYS BUS STAND, mEERUT CANTT. ",9837020234,9,169,100013,2026-06-02 12:30:50,28.989180,77.700286,PMJAY
HOSP32P122166,32122166,Hospital,P,Chaithanya Eye Institute,"NH Bypass, Near Palarivattom Flyover  , Palarivattom Cochin ,NH Bypass Near palarivattom Flyover ",8606336912,32,555,100013,2026-05-27 21:58:40,10.008523,76.312224,PMJAY
HOSP27G26225224,225224,,G,PMC Chri Rock Edward Pol Disp,"Indrayani Nagar,509 Chowk, Lohegaon, Pune",8668822086,27,490,"100005,100006,100012",2026-03-16 10:22:58,18.577909,73.898983,PMJAY
HOSP27G26204013,204013,,G,PMC Late Arvind Ganpat Bartakke Disp,"atulnagar warje,",7507363675,27,490,"100005,100006,100012",2026-03-16 10:37:25,18.489986,73.802636,PMJAY
HOSP27G26107941,107941,,G,PMC Late Kalvatibai Mavale Disp,"PMC Late Kalvatibai Mavale Disp,Near Modi Ganpati",8983715157,27,490,"100005,100006,100012",2026-04-01 10:24:16,18.515145,73.846464,PMJAY
HOSP27G26118417,118417,,G,PMC Kondhwa Budruk,"savitribaiful dispensary kondhwa bk,",9028706889,27,490,"100005,100006,100012",2026-03-16 10:27:32,18.459202,73.896773,PMJAY
HOSP27G26141760,141760,,G,PMC Late Mukundrao Lele Disp,"Mukundrao lele,bajirao Road near Shaniwar wada",9860877815,27,490,"100004,100005,100006,100012,10083",2026-05-27 10:06:33,18.511830,73.873816,PMJAY
HOSP9P133686,9133686,Hospital,P,SAI RAM CHARITABLE HOSPITAL,"J110 world bank barra kanpur,",6000907974,9,157,,2026-06-11 21:10:47,26.421268,80.301204,PMJAY
HOSP18P67481,1867481,Hospital,P,Dispur Hospitals Private Limited,"Dispur Hospitals Private Limited,Amritpur Path , Ganeshguri",9085836610,18,618,"100002,100005,100006,100011,100012,100015,100023",2026-07-03 15:22:06,26.149657,91.786614,PMJAY
HOSP7P25164807,164807,Hospital,P,NULIFE MULTI SPECIALITY HOSPITAL,"1616, OUTRAM LANE, GTB NAGAR, DELHI-09,",8587883216,7,80,"100002,100004,100005,100006,100010,100011,100012,100015,100016,100017,100020,100023",2026-08-21 16:46:19,28.701241,77.205889,PMJAY
HOSP33P26214446,214446,,P,SATHYAM KIDNEY CARE CENTRE ,"5-621 A KNG PUDUR PIRIVU COIMBATORE,",9442234646,33,569,"100023,100028",2026-06-27 14:48:58,11.053407,76.917021,PMJAY
HOSP9P51007,951007,Hospital,P,ORIANA HOSPIYTAL PVT LTD,"B27/35-9-A RAVINDRAPURI VARANASI,",9415698135,9,187,"100005,100006,100011,100013,100015,100023,100028",2026-06-01 11:57:01,25.276105,82.988393,PMJAY
HOSP22P00545,2200545,Hospital,P,RAMKRISHNA CARE MEDICAL SCIENCES PVT LTD,"AUROBINDO ENCLAVE PACHPEDI NAKA DHAMTARI ROAD,",9825247482,22,387,,2026-06-15 17:27:27,21.212992,81.653644,PMJAY
HOSP20P18707,2018707,Hospital,P,RAJ HOSPITALS,"MAIN ROAD, OPPOSITE ROSHPA TOWER,",9204055666,20,339,"100002,100006,100008,100012,100015,100022,100023",2026-04-28 15:45:38,23.356544,85.322632,PMJAY
HOSP7P25284472,284472,Hospital,P,SSB Multispeciality Hospital,"A-19/A, Kailash Colony, New Delhi-110048,",9911982426,7,83,,2026-04-17 10:58:40,28.555687,77.241246,PMJAY
HOSP7P25101314,101314,Hospital,P,AADHYA9 MULTISPECIALITY HOSPITAL,"W-4, WEST PATEL NAGAR, DELHI-110008.,",9310109749,7,85,"100001,100002,100005,100006,100010,100011,100012,100015,100016,100017,100019,100022,100023",2026-05-14 12:07:27,28.651640,77.158641,PMJAY
HOSP7P25214617,214617,Hospital,P,MOHAN EYE INSTITUTE,"11-B, ,GANGA RAM HOSPITAL MARG, NEW DELHI",9266625173,7,77,100013,2026-04-29 20:57:29,28.643125,77.190675,PMJAY
HOSP6P02475,602475,Hospital,P,DAYANAND HOSPITAL AND CRITICAL CARE CENTRE,"DAYANAND HOSPITAL AND CRITICAL CARE CENTRE,KAKROI ROAD NEAR RAVI DHARAM KANTA SONIPAT",9027200005,6,75,"100005,100006,100008,100013,100015,100022,100023",2026-06-04 20:43:31,28.987431,77.006230,PMJAY
HOSP9P25184680,184680,Hospital,P,ANAND SPECTRUM HOSPITAL,"PLOT NO NH 11, POCKET D, SECTOR GAMMA-1, GREATER NOIDA,SECTOR GAMMA -1, GREATER NOIDA",9891642653,9,144,,2026-05-19 16:44:00,28.478419,77.536102,PMJAY
HOSP3P108630,3108630,Hospital,P,BANSAL HOSPITAL AND CANCER CENTRE,"BANSAL HOSPITAL AND CANCER CENTRE,100 FEET ROAD ,NEAR POWER HOUSE ROAD TRAFFIC LIGHTS",9878697416,3,28,"100005,100006,100008,100012,100015,100022",2026-06-04 15:30:24,30.209197,74.953647,PMJAY
HOSP27G26239051,239051,,G,PMC Jayabai Sutar Hospital,"Late jayabai sutar hospital near vegetable market gujrat colony kothrud,",9689931315,27,490,"100005,100006,100012",2026-04-01 09:53:13,18.503562,73.807707,PMJAY
HOSP9P02523,902523,Hospital,P,Purvanchal Netralaya and Retina Care Centre ,"S-5/A 10-1 , Khajuri Police Line Varanasi,Khajuri Police Line Varanasi",9935780022,9,187,100013,2026-06-15 17:27:07,25.341991,82.991543,PMJAY
HOSP20P113938,20113938,Hospital,P,PARAS HEC HSOPITAL,"Sector - 3, Dhurwa, Near JSCA Stadium, Ranchi,",7545011000,20,339,,2026-05-27 19:11:39,23.312551,85.277245,PMJAY
HOSP20P11827,2011827,Hospital,P,Rani Hospital,"In front of Governor House, Behind Machli Ghar, Booty Road, Ranchi,Ranchi",9263186349,20,339,"100010,100017",2026-06-25 18:42:45,23.362359,85.367257,PMJAY
HS24007156,24007156,Medical College Hospital,P,GCS MEDICAL COLLEGE HOSPITAL AND RESEARCH CENTRE,"OPP. DRM OFFICE, NR. CHAMUNDA BRIDGE, NARODA ROAD,AHMEDABAD-380025,",9825386037,24,438,,2026-06-29 13:16:49,23.039304,72.610518,PMJAY
HOSP4P04814,404814,Hospital,P,Santokh hospital ,"santokh hospital 846 sector 38a Chandigarh ,",9316059846,4,44,"100005,100006,100012,100015,100023",2026-04-30 14:17:00,30.747815,76.748882,PMJAY
HOSP32P92851,3292851,Daycare Centre,P,EYE MICROSURGERY AND LASER CENTRE,"VASM Charitable Trust, YMCA Building, Thiruvalla, VASM Charitable Trust, YMCA building, Thiruvalla",9847055719,32,564,100013,2026-04-29 11:29:57,9.384489801283266,76.57708932547484,PMJAY
HOSP9P152432,9152432,Hospital,P,Regency Hospital Limited,"A-2, Sarvodaya Nagar Kanpur,",9839027500,9,157,"100006,100008,100021,100027",2026-05-29 21:13:45,26.479765,80.3009860000001,PMJAY
HOSP32P92952,3292952,Hospital,P,Divya Prabha Eye Hospital,"Kumarapuram, Medical College P O, Trivandrum 695011,Kumarapuram Kannmoola Road",9746545544,32,565,100013,2026-04-29 17:43:25,8.510493,76.928056,PMJAY
HOSP23P26262288,262288,,P,SHREE OM HOSPITAL,"Randhir Colony, Gayatri Nagar, Gwalior, Madhya Pradesh 474004,",9754514724,23,407,"100006,100011,100015,100017,100020,100023",2026-06-24 23:49:02,26.245835,78.210551,PMJAY
HOSP27P121655,27121655,Hospital,P,Aundh Institute of Medical Sciences(AiMS Hospital and Research Centre) in association with Olive Healthcare Services Pvt. Ltd.,"Sr No 154, Near kumar classic, Aundh, Pune,",8888871695,27,490,,2026-05-21 13:44:14,18.562547,73.810711,PMJAY
HOSP8P26130484,130484,,P,BALVIR SINGH TOMAR INSTITUTE OF MEDICAL SCIENCES RESEARCH AND HOSPITAL,"Science Tech City, Jaipur Delhi National Highway, NH 11C, Jaipur,",9829164678,8,102,,2026-06-18 17:10:26,27.141428,75.954674,PMJAY
HOSP24P61192,2461192,Hospital,P,NARAYANA HRUDALAYA LTD,"Ex Monogram mill compound ,Opposite rakhiyal Police station -Rakhiyal ",9328224154,24,438,,2026-06-04 15:22:09,23.022709,72.623551,PMJAY
HOSP9P25130664,130664,Hospital,P,Sangam Hospital,"Y1A1.2Trivani Puram Jhunsi Prayagraj,",9452603825,9,120,"100005,100006,100010,100012,100017",2026-07-10 14:28:24,25.424584,81.926307,PMJAY
HOSP9P112715,9112715,Hospital,P,NAZARETH HOSPITAL,"13-A KAMLA NEHRU ROAD, CIVIL LINES,",8765008950,9,120,"100013,100016",2026-07-22 15:53:11,25.456422,81.846556,PMJAY
HOSP5P25205927,205927,Hospital,P,jaya siddharth hospital,"dobachi road near It park shahstradhara road dehradun,",9897536677,5,49,"100002,100004,100005,100006,100011,100012,100014,100015,100016,100017,100019,100020,100023,100026",2026-06-06 09:57:28,30.362797,78.086996,PMJAY
HOSP24P88904,2488904,Hospital,P,NMV WOCKHARDT HOSPITAL,"NEAR KKV CIRCAL,KALAVAD ROAD",9879515667,24,457,"100002,100003,100008,100021,100022,100023",2026-07-08 10:39:00,22.288167,70.774253,PMJAY
HOSP7P25264336,264336,Hospital,P,Radious hospital,"Kh- 110/41 Auchandi ,  NEAR UNION BANK DELHI - 110039,",9873354405,7,80,"100005,100006,100012,100015,100023",2026-07-04 12:46:24,28.806349,76.962202,PMJAY
HOSP3P89898,389898,Hospital,P,Edison Hospital,"D-226, Sector 90, (Ind. Area Phase-8B) Mohali,mohali",9815690003,3,608,,2026-07-31 15:44:24,30.727892,76.722542,PMJAY
HOSP14P198389,14198389,Hospital,P,INSTITUTE OF LIVER AND DIGESTIVE SCIENCES,"ILDS BUILDING,",9862284898,14,256,,2026-08-11 12:15:20,24.785526,93.921639,PMJAY
HOSP32P92804,3292804,Daycare Centre,P,Puthalath Eye Hospital,"Puthiyara,Kozhikode,",9447077496,32,561,100013,2026-05-14 11:26:17,11.250000,75.800000,PMJAY
HOSP27P26190760,190760,,P,NEWERA HOSPITAL VASHI,"PLOT NO 48 49, SECTOR 7 SION PANVEL HIGHWAY VASHI ,",9833462580,27,497,"100002,100003,100004,100005,100006,100008,100011,100014,100015,100017,100019,100020,100022,100023,100026,100028",2026-07-20 16:23:48,19.069874,72.987357,PMJAY
HOSP27G26151095,151095,,G,PMC Late Pruthak Barate Disp Warje Malwadi,"Ramnagar Ganpati Matha Warje ,",8379016024,27,490,100005,2026-04-06 15:00:11,18.481071,73.807664,PMJAY
HOSP8P26100898,100898,,P,SRG HOSPITAL,"178 Jagdamba nagar A heerapura ajmer road ,",9928184145,8,102,"100005,100006,100010,100011,100012,100013,100015,100016,100017,100020,100023,100026,10083",2026-08-06 13:19:37,26.911704,75.740044,PMJAY
HOSP23P26280804,280804,,P,GOVIND  HOSPITAL ,"NEAR KHATUSYAM MANDIR PACHORE BYPASS  ROAD KHUJNER,",9993373837,23,422,"100006,100015",2026-06-24 22:24:49,23.780291,76.618321,PMJAY
HOSP6P03271,603271,Hospital,P,HARYANA MULTISPECIALITY HOSPITAL,"VIVEKANAND CHOWK,",7988100969,6,75,"100005,100006,100012,100015,100023",2026-05-09 20:36:38,28.996012,77.023049,PMJAY
HOSP23P26179165,179165,,P,SAHYOG HOSPITAL AHMADPUR,"near h.p petrol tank ahmadpur,bankheda road ahmadpur",8435593955,23,427,"100006,100015,100023",2026-06-24 21:53:20,23.510831,77.215019,PMJAY
HOSP9P147077,9147077,Hospital,P,SWARNJYOTI EYE HOSPITAL,"A1/22 SECTOR B ALIGANJ ,",9307577778,9,162,100013,2026-05-29 16:10:56,26.893496,80.931822,PMJAY
HOSP6P143073,6143073,Hospital,P,SANJOG HOSPITAL PRIVATE LIMITED,"301 ELDECO COUNTY SECTOR 19 SONIPAT,",8000020068,6,75,"100001,100002,100005,100006,100011,100012,100015,100019,100023",2026-07-22 15:42:49,29.004267,77.074980,PMJAY
HOSP33P26142222,142222,,P,VICTORY HOSPITAL,"arapalyaam,",9659664844,33,578,100006,2026-06-24 16:05:38,9.92931900000002,78.098685,PMJAY
HS17006034,17006034,Hospital,P,Nazareth Hospital,"Nazareth Hospital, Laitumkhrah,Shillong",8794052620,17,274,"100001,100002,100004,100005,100006,100008,100009,100010,100011,100012,100013,100014,100015,100016,100017,100018,100019,100020,100022,100023,100026,100027",2026-04-30 14:08:03,25.567668,91.900165,PMJAY
HOSP10P175312,10175312,Hospital,P,ASHISH JOINT REPLACEMENT CARE PRIVATE LIMITED,"5TH FLOOR SAVERA HOSPITAL CAMPUS G-C5, G-C6 LOHIYA NAGAR PATNA,",9241879240,10,212,100015,2026-05-18 09:29:35,25.587996,85.155015,PMJAY
HOSP10P12145,1012145,Hospital,P,Oxygen Trauma Multispeciality Hospital,"Biscoman Golamber, Near-Kumhrar, Po-Gulzarbagh, Patna-800007,SANJEEVNI PATH,MAURYA COLONY",9006989338,10,212,"100005,100006,100012,100015,100020",2026-05-30 16:00:03,25.602740,85.192130,PMJAY
HOSP10P112654,10112654,Hospital,P,ASIAN CITY HOSPITAL ,"ASIAN CITY HOSPITAL,PATLIPUTRA INDUSTRIAL AREA ",8882119009,10,212,"100002,100003,100005,100006,100010,100012,100015,100017,100023",2026-05-15 15:03:23,25.635802,85.103911,PMJAY
HOSP27G26234405,234405,,G,Malshiras,"A/P MALSHIRAS TAL PURANDAR DIST PUNE,",9518592320,27,490,100005,2026-04-09 17:19:54,18.406963889763233,74.23259844242583,PMJAY
HOSP24P26165913,165913,,P,SHANKUS HOSPITALS PRIVATE LIMITED HADIYOL HIMMATNAGAR,"y No. 464,465,466 Medical College,,B.H.New  Civil Hospital,Hadiyol Road,Himmatnagar, Sabarkantha,",9099049876,24,458,"100005,100006,100008,100015,100021,100022,100023",2026-07-02 15:02:22,23.575236,72.967260,PMJAY
HOSP5P144872,5144872,Medical College Hospital,P,Graphic Era Institute of Medical Sciences ,"Dhoolkot, Chakrata Road, Dehradun,",9412058387,5,49,"100001,100002,100003,100005,100006,100007,100008,100009,100010,100011,100012,100013,100014,100015,100016,100017,100018,100019,100020,100022,100023",2026-06-03 16:20:43,30.327420,78.032633,PMJAY
HOSP5P00827,500827,Hospital,P,Premsukh Hospital and Dialysis Centre,"23/18 Tondon Marg, Laxman Chowk, Dehradun,",9412998075,5,49,"100002,100003,100004,100005,100006,100007,100008,100011,100012,100015,100016,100017,100018,100019,100020,100021,100022,100023",2026-06-04 15:12:30,30.317715,78.025638,PMJAY
HOSP5P02124,502124,Medical College Hospital,P,Dr KKBM Subharti Hospital,"Dr.KKBM Subharti Hospital, Subharti Puram, Jhajra, MH-72, Chakrata Road, Dehradun (UK),",9910855611,5,49,"100001,100002,100005,100006,100007,100008,100010,100011,100012,100013,100015,100016,100017,100019,100023,100027",2026-06-04 15:48:12,30.343482,77.966148,PMJAY
HOSP5P02636,502636,Medical College Hospital,P,HIMALAYAN HOSPITAL JOLLY GRANT,"Swami Rama Nagar, Jolly Grant, Dehradun,",9412009592,5,49,"100002,100003,100005,100006,100007,100008,100010,100011,100012,100013,100014,100015,100016,100017,100018,100019,100020,100021,100022,100023,100027",2026-06-13 11:42:03,30.192671,78.164571,PMJAY
HOSP5P02130,502130,Daycare Centre,P,DRISHTI EYE INSTITUTE,"16 Subhash Road, astley Hall, Opp. Hotel Pacific, Dehradun,16 Subhash Road, Astley Hall, Opp. Hotel Pacific, Dehradun",9412059188,5,49,100013,2026-06-04 15:05:09,30.327507,78.047849,PMJAY
HOSP5P194738,5194738,Hospital,P,ASG HOSPITAL PRIVATE LIMITED,"22/5 NEW MUNICIPAL NO 58/43 ,HARIDWAR ROAD OPPOSITE ROADWAY WORKSHOP DEHRADUN UTTRAKHAND 248001",8875020446,5,49,100013,2026-05-19 13:18:27,30.3137330000001,78.044274,PMJAY
HOSP27G26149832,149832,,G,PANGAON,"AP Pangaon Tal Barshi Dis Solapur ,",9769325319,27,496,,2026-04-06 16:00:50,18.139935,75.735254,PMJAY
HOSP23P26219777,219777,,P,KLM HOSPITAL,"12, SARASWATI NAGAR UNIVERSITY ROAD THATIPUR, GWALIOR,",9617394501,23,407,"100006,100011,100015,100023",2026-06-24 23:14:55,26.205226,78.1961420000001,PMJAY
HOSP27G26251210,251210,,G,Pimpalgaon Hareshwar,"At.Post.Pimpalgaon H, Taluka - Pachora, Dist- Jalgaon,Pimpalgaon ",8007291869,27,478,"100005,100012",2026-04-06 15:54:52,20.564312,75.228304,PMJAY
HOSP7P131128,7131128,Hospital,P,NATIONAL HEART INSTITUTE,"49-50 Community Centre, East of Kailash ,",9810084205,7,670,"100001,100002,100003,100006,100008,100015,100016,100019,100022",2026-04-28 22:43:33,28.557339,77.245631,PMJAY
HOSP33P26139997,139997,,P,NALAM HEALTHCARE HOSPITAL THENI TN,"63/2,Lake Road,Sri Ram Nagar,Theni,Unjampatti, Tamilnadu,",9994475500,33,588,100005,2026-06-23 16:32:52,10.010624,77.483213,PMJAY
HOSP9P26251389,251389,Hospital,P,HARSH HOSPITAL,"76-A, LOWTHER ROAD, NEAR MEDICAL CROSSING, PRAYAGRAJ (UTTAR PRADESH),",9415215550,9,120,"100004,100005,100006,100007,100010,100011,100012,100014,100015,100016,100017,100019,100020,100023,100026",2026-05-27 14:20:02,25.446277,81.851250,PMJAY
HOSP9P00399,900399,Hospital,P,MAXWELL SUPER MULTI SPECIALITY HOSPITAL PVT LTD,"DAFI BYPASS NEAR TOLL PLAZA,N H 2 VARANASI",7897991777,9,187,"100001,100002,100005,100006,100008,100011,100012,100013,100014,100015,100016,100017,100018,100019,100023",2026-05-30 15:29:18,25.247563030032637,82.9934496295341,PMJAY
HOSP9P04307,904307,Hospital,P,SUDHA SURGICAL HOSPITAL PVT LTD,"S-2/1-9T S-2/1-17K,TAGORE TOWN COLONY ",9415221741,9,187,"100002,100003,100005,100006,100011,100015,100023",2026-06-04 17:24:01,25.3517810000001,82.9777010000001,PMJAY
HOSP9P74543,974543,Hospital,P,Upkar Hospital,"N8/c191, Nevada, Sundarpur, vns,",9554944039,9,187,"100001,100002,100004,100005,100006,100008,100012,100015,100016,100019,100022,100023",2026-06-03 16:58:22,25.283513,82.979471,PMJAY
HOSP4P120743,4120743,Daycare Centre,P,Bansal Eye and Retina Centre,"SCO 270 GROUND FLOOR, SCO 269 FIRST FLOOR SECTOR 32 D, CHANDIGARH ,",9952926463,4,44,100013,2026-06-12 12:20:48,30.708239,76.774195,PMJAY
HOSP27P79040,2779040,Hospital,P,Dr Hedgewar Hospital ,"153091/1, gut no. 4 near gajanan maharaj mandir, ,Garkheda Parisar Aurangabad",8790904955,27,469,"100002,100003,100004,100005,100006,100007,100008,100009,100010,100011,100012,100013,100014,100015,100016,100017,100018,100022,100023,100026,100028",2026-06-25 17:19:09,19.867977,75.349502,PMJAY
HOSP3P26240335,240335,,P,REHBAR HOSPITAL,"NEAR DERA SACCHA SAUDA,",9814178630,3,43,"100004,100005,100006,100009,100010,100015,100017,100023",2026-08-18 17:23:33,30.255465,76.016099,PMJAY
HOSP3P57777,357777,Hospital,P,MOKHA HOSPITAL AND KIDNEY CARE CENTRE,"mokha hospital,905/13 batala road near dental college",7626050000,3,27,"100005,100006,100023",2026-05-11 10:53:27,31.638912938198104,74.88459282664849,PMJAY
HOSP33P26128960,128960,,P,MALAR HOSPITAL ,"182/2C2 DENKANIKOTTAI ROAD OLD MATHAGIRI HOSUR 635110,",8925875547,33,577,100023,2026-06-24 16:06:24,12.685193,77.7971850000001,PMJAY
HOSP3P59683,359683,Hospital,P,MADAAN HOSPITAL,"1 PINK AVENUE MAJITHA ROAD AMRITSAR,",9815553331,3,27,"100005,100015,100020",2026-05-27 12:11:41,31.642241,74.883682,PMJAY
HOSP10P22169,1022169,Hospital,P,RUBAN MEMORIAL HOSPITAL,"17,19, PATLIPUTRA COLONEY ,NEAR PATLIPUTRA GOLAMBER ",9835023983,10,212,"100002,100003,100006,100023",2026-04-21 16:27:12,25.63,85.11,PMJAY
HOSP9P111492,9111492,Hospital,P,METRO HOSPITALS AND HEART INSTITUTE,"L-94 SECTOR-11 AND X-1/SECTOR-12 NOIDA ,",8527222111,9,144,100002,2026-06-01 20:47:38,28.597424,77.337928,PMJAY
HOSP9P124510,9124510,Hospital,P,PRAKASH HOSPITAL GREATER NOIDA,"PLOT NO 9 A POCKET P2 SECTOR OMEGA 1 BUILDERS AREA,POCKET P 2 SECTOR OMEGA 1 greater NOIDA",9899852001,9,144,"100002,100005,100006,100008,100011,100012,100013,100015,100016,100017,100023",2026-06-15 14:57:09,28.474509,77.509450,PMJAY
HOSP99P101168,99101168,Hospital,P,RLKC HOSPITAL METRO HEART INSTITUTE,"Pandav Nagar, Naraina Road, Near Shadipur Metro Station, New Delhi, Delhi 110008,",9319411660,7,85,,2026-06-01 20:56:37,28.650966,77.154254,PMJAY
HOSP9P90273,990273,Hospital,P,SJM Super Speciality Hospital,"SJM Super Speciality Hospital,SJM Chowk, Near NH-9, Hindon Bridge",9818860889,9,144,,2026-06-17 13:32:27,28.634029,77.391028,PMJAY
HOSP9P123402,9123402,Hospital,P,SR HOSPITAL AND MATERNITY CENTER ( A UNIT OF SR MULTISPECIALITY FOUNDATION),"PREM VIHAR, NPPK MAKANPUR, GHAZIABAD,PREM VIHAR , KHORA MAKANPUR ",8588859243,9,145,"100006,100012,100015,100016,100023",2026-05-31 13:02:18,28.7510310000001,77.4096740000001,PMJAY
HOSP27P142929,27142929,Hospital,P,synergy multispeciality hospital Private Limited,"CTS No.10247, A/5, Sangli - Miraj Rd, near S. T Workshop, Chandan Wadi, Miraj, Maharashtra 416410,",9923387111,27,493,,2022-04-15 11:27:08,16.837362,74.637799,PMJAY
HOSP7P143861,7143861,Hospital,P,GANDHI HOSPITAL,"c-50,51 Gandhi Hospital,Om vihar, uttam Nagar, West ",9312222922,7,84,,2026-05-16 20:51:27,28.6199280000001,77.053527,PMJAY
HOSP6P121285,6121285,Hospital,P,AASTHA EYE CENTRE,"5-R/5,NIT,",9811605066,6,60,100013,2026-04-24 15:15:11,28.391732,77.3024600000001,PMJAY
HOSP7P120631,7120631,Hospital,P,EYE MANTRA HOSPITAL,"A1, 10 Paschim Vihar Delhi-110063",8882907911,7,85,100013,2026-05-25 10:26:36,28.67891,77.09835,PMJAY
HOSP7P116406,7116406,Hospital,P,UNIVERSALCENTREOFHEALTHSCIENCES,"MOLARBAND EXTENSION,BY PASS ROAD BADARPUR",8800800500,7,670,"100002,100003,100005,100006,100008,100011,100012,100015,100019,100023",2026-06-01 21:00:50,28.487804,77.308528,PMJAY
HOSP23P26232715,232715,,P,Vaishnavi Multispeciality Hospital,"C-16, Soubhagya Nagar Industrial Area Govindpura Bhopal 462023,",9827641202,23,396,"100006,100012,100015,100023",2026-06-16 16:36:08,23.247007,77.445406,PMJAY
HOSP23P171912,23171912,Hospital,P,ASG HOSPITAL PVT LTD,"124, Near Shastri Bridge ,Napier Town ,JABALPUR MADHYA PRADESH ,Madhya pradesh",8875020446,23,411,100013,2026-05-30 14:11:15,23.160465,79.9300620000001,PMJAY
HOSP23P01311,2301311,Hospital,P,NARMADA TRAUMA CENTRE PRIVATE LIMITED,"E-3/23,ARERA COLONY, BHOPAL MADHYA PRADESH",9329143102,23,396,"100002,100005,100006,100011,100015,100019,100020",2026-05-18 14:54:04,23.217658,77.439294,PMJAY
HOSP23P122607,23122607,Hospital,P,MEDANTA HOSPITAL INDORE,"PLOT NO 8 PU4 SCH NO 54 VIJAY NAGAR,",7771000368,23,410,,2026-06-03 15:47:48,22.749045,75.895834,PMJAY
HOSP23P23159,2323159,Hospital,P,Eye Site Eye Hospital And Retina Centre ,"ED 87 ,Scheme no 94 , Service Line between Robot Square and Khajrana Square, Ring Road ",7999234171,23,410,100013,2026-05-21 11:58:35,22.739905,75.902717,PMJAY
HOSP27G26120699,120699,,G,PHC TADWALE ,"PHC TADWALE,Taluka Barshi ,Tadwale",9405829471,27,496,100005,2026-04-09 17:35:47,18.060401,75.800073,PMJAY
HOSP9P25247046,247046,Hospital,P,NIVOK SUPERSPECIALITY HOSPITAL,"KHASRA NO 223, SADABAD JAKHAIVA, OPP RELIANCE PETROL PUMP, MODINAGAR,",7760488222,9,145,,2026-06-01 21:21:32,28.797170,77.534312,PMJAY
HOSP9P123770,9123770,Hospital,P,RR HEALTHCARE SUPER SPECIALITY HOSPITAL,"rR HEALTHCARE,OPP. MANJHOLA THANA DELHI ROAD",9837057570,9,171,"100005,100006,100011,100012,100015",2026-06-09 14:37:29,28.8252000000001,78.7145550000001,PMJAY
HOSP9P15363,915363,Hospital,P,C B MEMORIAL NURSING HOME,"K 67 PALHERA CHOPLA PALLAVPURAM PHASE 2 ,PALLAVPURAM PHASE 2",8979186366,9,169,"100002,100004,100005,100006,100007,100010,100011,100012,100013,100014,100015,100016,100017,100018,100019,100020,100023",2026-06-02 12:33:01,29.059563143336945,77.70915779501456,PMJAY
HOSP9P174140,9174140,Hospital,P,MUNSHILAL MULTISPECIALITY HOSPITAL,"DELHI ROAD,NEAR ICICI BANK ",8923953770,9,124,"100005,100006,100012,100015,100023",2026-06-02 13:16:00,28.942207,77.221626,PMJAY
HOSP27G26156386,156386,,G,Gaudgaon,"Roadga road,near Ganesh Temple,Infront of Vishweshwar Bank,",9096333358,27,496,100005,2026-04-09 17:22:44,18.246145,75.704621,PMJAY
HOSP9P194884,9194884,Hospital,P,CHANDAN HOSPITAL,"chandan hospital, vijyant khand, gomti nagar, faizabad road,",9919933333,9,162,"100002,100003,100007,100008,100013,100018,100021,100022,100023,100027",2026-04-29 16:46:09,26.873847,81.022855,PMJAY
HOSP9P99609,999609,Hospital,P,DEVALK NETRALAYA,"DOHRA ROAD OPPOSITE RUDRAKSH APARTMENT BAREILLY,NEAR LAVANYA LAWN",9675097170,9,130,100013,2026-05-29 14:07:53,28.375998,79.460935,PMJAY
HOSP9P127580,9127580,Hospital,P,DP BORA SUPERSPECIALITY HOSPITAL,"khasra no 182,sitapur road",7388080000,9,162,"100001,100005,100006,100008,100011,100012,100013,100015,100016,100019,100020,100022,100023",2026-05-06 14:38:16,26.953265,80.929675,PMJAY
HOSP9P12462,912462,Hospital,P,Prakash Netra Kendr Private Limited ,"Nh-2, Vipul Khand-4, Gomti Nagar, Lucknow,",9935856643,9,162,100013,2026-04-27 11:39:08,26.845922,80.987117,PMJAY
HOSP9P122159,9122159,Hospital,P,RAJENDRA HOSPITAL,DEORIA ROAD NEAR MMM ENGINEERING COLLEGE GORAKHPUR,9454510932,9,148,"100003,100005,100006,100011,100012,100013,100015,100023",2026-06-15 13:05:45,26.7314295,83.4331276,PMJAY
HOSP9P02192,902192,Hospital,P,EYENOVA HOSPITAL,"5-a ekta nagar ,stadium road",9837065222,9,130,100013,2026-06-15 17:10:05,28.382925,79.433122,PMJAY
HOSP9P01758,901758,Hospital,P,SARASWATI HOSPITAL AND RESEARCH CENTRE,"233 TIWARI GANJ, CHINHAT,",9889003206,9,162,"100004,100005,100006,100011,100012,100013,100014,100015,100016,100019,100022,100023,100026",2026-07-03 11:30:03,26.8897400000001,81.0439860000001,PMJAY
HOSP9P140397,9140397,Hospital,P,UJALA CYGNUS RAINBOW HOSPITAL,"A/3, Suraj Vihar Colony, Near Gurudwara Guru Ka Taal Gurudwara, NH-19, Sikandra, Agra-282007,",7618434300,9,118,,2026-06-16 13:43:29,27.2044770000001,77.957861,PMJAY
HOSP20P06355,2006355,Hospital,P,KASHYAP MEMORIAL EYE HOSPITAL PVT LTD,"PURULIA ROAD, NEAR DANGRATOLI CHOWK,",9431174937,20,339,100013,2026-04-30 18:03:04,23.367728,85.337535,PMJAY
HOSP9P120513,9120513,Hospital,P,UJALA CYGNUS BRIGHT STAR HOSPITAL,"Sector16A, New Moradabad,",9410699133,9,171,,2026-06-13 14:17:26,28.834436,78.696504,PMJAY
HOSP27G26142625,142625,,G,PHC CHIKURDE,"CHIKURDE MALWADI,",7756090266,27,493,"100004,100005,100006,100017,100026",2026-04-15 15:09:24,16.914542,74.199343,PMJAY
HOSP9P01130,901130,Hospital,P,RAHI MEDICAL CENTER PVT LTD,"79 New Mig Barra 2 Kanpur,BARRA 2",9935575000,9,157,,2026-06-08 16:40:37,26.432742000777466,80.30449899997393,PMJAY
HOSP27P162754,27162754,Hospital,P,SOHAM HOSPITAL,"ARCHIT SAI AVENUE,BEHIND CHHAN HOTEL,SHREE VALLABH NAGAR,MUMBAI NAKA,NASHIK,",9422770544,27,487,"100002,100003,100005,100006,100007,100011,100015,100023,100028",2026-06-26 11:21:08,19.997867,73.7848090000001,PMJAY
HOSP27P210457,27210457,Hospital,P,criticare lifeline hospital,"opp parvati angan society sector 19 kamothe,",9326566979,27,491,"100001,100002,100004,100005,100006,100007,100008,100009,100010,100011,100012,100013,100015,100016,100017,100018,100019,100020,100022,100023,100026",2026-08-14 12:49:38,19.010834,73.096577,PMJAY
HOSP22P26131145,131145,,P,APOLLO HOSPITALS ENTERPRISE LIMITED,"Seepat Road , Near Vasant Vihar,",9752591817,22,375,"100005,100008,100021,100022",2026-04-29 16:56:51,22.0778767029458,82.17654885180684,PMJAY
HOSP23P54873,2354873,Hospital,P,RATAN JYOTI NETRALAYA,"18, Vikas Nagar Near Sai Baba Mandir Gwalior,",9111004035,23,407,100013,2026-05-27 17:36:54,26.210028,78.171794,PMJAY
HOSP23P03705,2303705,Hospital,P,CANCER HOSPITAL AND RESEARCH INSTITUTE JAN VIKAS NYAS TRUST,"Cancer Hospital And Research Institute Mandre Ki Mata Road Lashkar Gwalior Mp, 474009, ",9425109174,23,407,"100005,100006,100008,100021,100022",2026-04-24 17:02:19,26.18530180840193,78.14937744233191,PMJAY
HOSP8P26156599,156599,,P,MANGAL MULTISPECIALITY HOSPITAL AND RESEARCH INSTITUTE,"OPPOSITE.BOHRA MOTORS,UDAIPUR ROAD , FATEHNAGAR,",7014707272,8,117,"100005,100006,100015,100020",2026-08-03 12:25:53,24.811539,74.087339,PMJAY
HOSP3P13791,313791,Hospital,P,NOVA MEDICITY HOSPITAL,"PRITAM ENCLAVE , GT ROAD , BYE PASS,",9876158806,3,27,"100002,100005,100006,100011,100012,100015,100020",2026-05-29 10:19:57,31.669612,74.904119,PMJAY
HOSP3P25184803,184803,Hospital,P,DR OM PARKASH EYE INSTITUTE PVT LTD,"117-A THE MALL AMRITSAR,NEAR NOVELTY CHOWNK",9855599959,3,27,100013,2026-04-30 14:58:53,31.641628,74.874298,PMJAY
HOSP18P122959,18122959,Hospital,P,Guwahati metro hospital,"2no,khanapara,NH-37,Opposite Bodoland guest House,",9435133668,18,618,"100002,100006,100007,100008,100011,100012,100014,100015,100016,100019,100022,100023",2026-06-03 12:33:37,26.112660,91.822091,PMJAY
HOSP18P66453,1866453,Hospital,P,KGMT MULTISPECIALITY HOSPITAL,"Gitanagar, opp gitanagar police station,ZOO NARENGI ROAD , OPP GITANAGAR POLICE STATION",9864068761,18,618,"100001,100005,100006,100010,100012,100013,100014,100015,100016,100017,100018,100019,100023",2026-06-10 16:28:59,26.171969000000004,91.781342,PMJAY
HOSP23P142388,23142388,Hospital,P,MIRACLES HOSPITAL,"86-87, JYOTI NAGAR, 200 FEET CPA ROAD, NEAR AASHIMA MALL ,HOSHANGABAD ROAD, BHOPAL",7566663401,23,396,"100002,100005,100010,100011,100012,100015,100016,100017",2026-06-15 16:02:55,23.184378227597747,77.46383019107213,PMJAY
HOSP27P79052,2779052,Hospital,P,AURANGABAD INSTITUTE OF MEDICAL SCIENCES PVT LTD.,"PLOT NO 20 SECTOR A JALGAON ROAD CHHATRAPATI SAMBHAJINAGAR,PLOT NO 20 JALGAON ROAD CIDCO AURANGABAD",9370590973,27,469,"100001,100002,100003,100004,100005,100006,100007,100008,100011,100012,100014,100015,100016,100017,100018,100019,100020,100022,100023,100026",2026-06-30 18:34:56,19.904757053470178,75.35652729256091,PMJAY
HOSP3P14357,314357,Hospital,P,ALTIS MULTISPECIALITY HOSPITAL ,"332 A -B LAJPAT NAGAR,",9814018185,3,34,"100005,100006,100013,100023",2026-05-14 09:31:59,31.315618,75.576669,PMJAY
HOSP7P26100555,100555,,P,WEST DELHI CHILD HOSPITAL,"133-134,Pocket-2, Paschim Puri, opp. Dargah, Punjabi Bagh Club Road, New Delhi-63,",8585971617,7,85,100010,2026-06-29 14:42:37,28.670388,77.106126,PMJAY
HOSP19P26269845,269845,,P,ROYAL CARE HOSPITAL,"95, n.s.b. rOAD, sEARSOLE RAJ BARI,",9641375169,19,704,,2026-06-05 18:49:51,23.636347,87.115921,PMJAY
HOSP9P70143,970143,Hospital,P,BANARAS MEDICITY HEART AND MULTI SUPERSPECIALITY HOSPITAL,"D59/32A-1sigra mahmoorganj varanasi,",8874306000,9,187,"100002,100005,100006,100012,100023",2026-05-18 13:50:41,25.3077930000001,82.9937340000001,PMJAY
HOSP9P04357,904357,Daycare Centre,P,UMAPREM NETRALAY EYE HOSPITAL,"N 6-13-E-1-2, INDIRA NAGAR EXT.2, CHITAIPUR,CHITAIPUR",9454717085,9,187,100013,2026-07-03 11:27:12,25.271989541259927,82.96788251028079,PMJAY
HOSP9P43373,943373,Hospital,P,PARVATI HOSPITAL PVT. LTD.,"126/50, A, JLN ROAD TAGORE TOWN,",7355996697,9,120,,2026-05-29 09:18:40,25.461321,81.857766,PMJAY
HOSP9P26199862,199862,,P,ROYAL HOSPITAL,"ARZI 1268,kandawa , dharamveer nagar ",9415352515,9,187,"100004,100005,100006,100012,100013,100015,100016,100020,100023",2026-06-12 17:48:02,25.264800,82.958383,PMJAY
HOSP27P176328,27176328,Hospital,P,Orange city hospital research institute,"Sawarkar chowk,19, pande Layout, Veer Sawarkar Square, Nagpur- 440015",9823012280,27,484,"100002,100005,100006,100015,100020,100022",2026-05-21 16:58:57,21.110000,79.070000,PMJAY
HOSP22P25182990,182990,Hospital,P,SHREE RETINA CARE EYE HOSPITAL,"TV TOWER ROAD, TURNING POINT CHOWK,  MAIN ROAD, SHANKAR NAGAR,",7898103842,22,387,100013,2026-06-15 10:17:07,21.250668,81.662824,PMJAY
HOSP22P202823,22202823,Daycare Centre,P,OM NETRA KENDRA AND LASER VISION,"C- 108 TAGORE NAGAR NEAR BANK OF BARODA RAIPUR ,",9827682391,22,387,100013,2026-06-12 13:18:41,21.226119,81.650155,PMJAY
HOSP27P79106,2779106,Hospital,P,National Cancer Institute,"survey No 25, outer Hingna Rind road, jamtha, nagpur,",9763726950,27,484,"100008,100021,100022,100027",2026-06-15 20:21:00,21.027516338200797,79.03288244775536,PMJAY
HOSP27P26108116,108116,Hospital,P,Shree Sai Eye Hospital,"Anand Palace 3, 7-8, Umred Rd, Bhande Plot Square, Ayurvedic Layout, Raghuji Nagar, Nagpur,",9673344488,27,484,100013,2026-05-20 16:45:04,21.124994,79.116817,PMJAY
HOSP10P135829,10135829,Hospital,P,pancardia heart and multi super speciality hospital pvt ltd,"G/124 p.c colony main road kanakarbagh patna,kankarbag",9163680789,10,212,,2026-05-30 16:39:34,25.6002970000001,85.1561360000001,PMJAY
HOSP10P08405,1008405,Hospital,P,R N Superspeciality Hospital and Research Centre Pvt Ltd,"Khajpura, Near Shiv Mandir, In front of Pillar No- 24, Bailey Road,",9835491081,10,212,"100005,100006,100011,100012,100015,100020,100023",2026-05-20 16:01:35,25.605061,85.079204,PMJAY
HOSP10P140655,10140655,Hospital,P,STAR HOSPITAL A UNIT OF MAGADH NURSING HOME,"BETWEEN EAST OF ALOK PETROL PUMP  AND WEST MAHINDRA SHOW ROOM,BYPASS FOUR LANE , FATUHA ROAD , BARI PAHARI, PATNA ",9431046838,10,212,"100005,100006,100010,100012,100015,100017,100026",2026-05-28 11:04:08,25.580000,85.200000,PMJAY
HOSP24P01699,2401699,Hospital,P,Shalby Hospital Naroda,"679, Nr. haridarshan Cross Road.,Naroda, Ahmedabad",9512001911,24,438,"100002,100003,100008,100015,100020,100021,100022,100023",2026-05-11 16:24:39,23.069344,72.673509,PMJAY
HOSP19P124345,19124345,Hospital,P,DESUN HOSPITAL HEART INSTITUTE,"720, Anandapur, Desun More, EM By Pass, Kasba, Golpark, Kolkata - 700 107 ,",9475038457,19,315,"100002,100003,100004,100006,100008,100011,100012,100014,100015,100016,100019,100020,100021,100022,100023",2026-05-29 14:37:24,22.514602,88.403330,PMJAY
HOSP9P177439,9177439,Hospital,P,KANPUR MEDICAL CENTRE PVT LTD,"120/500(23-24),LAJPAT NAGAR",9839039798,9,157,,2026-04-30 16:26:31,26.471687,80.30361,PMJAY
HOSP9P177439,9177439,Hospital,P,KANPUR MEDICAL CENTRE PVT LTD,"120/500(23-24),LAJPAT NAGAR",9839039798,9,157,,2026-04-30 16:26:31,26.471687,80.30361,PMJAY
HOSP3P12536,312536,Hospital,P,NEELAM HEALTHCARE PRIVATE LIMITED,"NH-7, OPP CHITKARA UNIVERSITY",7527023303,3,41,"100001,100002,100003,100004,100005,100006,100007,100008,100010,100011,100012,100014,100015,100016,100017,100018,100019,100020,100022,100023,100026,100028",2026-05-18 09:50:38,30.518672,76.658409,PMJAY
HOSP24G26144876,144876,,G,CHC Simaliya,"Simaliya,",7567893674,24,454,"100005,100012",2026-04-23 17:10:32,22.684601,73.710297,PMJAY
HOSP9P57115,957115,Hospital,P,NARAINA HOSPITAL AND RESEARCH CENTRe,1170 Ganga Ganj Panki Kanpur,8009622644,9,157,"100004,100005,100006,100010,100011,100012,100013,100015,100016,100017,100023,100026",2026-06-24 14:11:24,26.463299,80.220739,PMJAY
HOSP9P26167024,167024,,P,SHRI JI HOSPITAL AND ULTRASOUND CENTER,"NEW YAMUNA BRIDGE KRISHNAPURI CHAURAHA RAYA ROAD, MATHURA ,",9999361139,9,167,"100006,100015",2026-06-03 14:56:41,27.476132,77.697011,PMJAY
HOSP33P26145258,145258,,P,ANP NURSING HOME,"8/1, JAYA NAGAR, POOCHIYUR, THONDAMUTHUR ROAD, ,",9865852912,33,569,100023,2026-06-26 15:29:11,11.007047817807035,76.86547057773072,PMJAY
HOSP1P91992,191992,Daycare Centre,P,SHARP SIGHT EYE HOSPITALS,"Baghat Chowk near Traffic Signal,Barzulla",9582211755,1,13,100013,2026-07-08 09:52:54,34.044674,74.802468,PMJAY
HOSP6P107930,6107930,Hospital,P,PUSHPANJALI HOSPITAL,"CIVIL LINES GURGAON,",9811192907,6,62,"100005,100023",2026-06-15 18:24:10,28.457010,77.031334,PMJAY
HOSP23P102338,23102338,Hospital,P,BHANDARI HOSPITAL AND RESERACH CENTER ,"21-23 SCH NO 54 VIJAY NAGAR INDORE,",9644094448,23,410,"100006,100023",2026-06-12 12:16:23,22.754459,75.893054,PMJAY
HOSP23P102254,23102254,Hospital,P,SALUJA EYE CARE CENTER,"04, BABJI NAGAR, NEAR MAHINDRA SHOWROOM, ,SCH NO. 78, A.B. ROAD, NIRANJANPUR , INDORE ",9993502020,23,410,100013,2026-06-05 14:02:15,22.766128,75.900416,PMJAY
HOSP9P151020,9151020,Hospital,P,New life Hospital,"01 Gati Chauraha T p nagar allahabad,",9792200551,9,120,"100004,100005,100006,100012,100015,100020",2026-06-12 09:08:12,25.453899,81.765924,PMJAY
HOSP24P26248144,248144,Hospital,P,Krishna Shalby Hospital ,"Green City, 319, Ghuma Rd, Bopal, Ahmedabad, Gujarat 380058,",7046333367,24,438,"100002,100003,100008,100021,100022",2026-08-07 12:03:39,23.024290,72.441965,PMJAY
HOSP32P92946,3292946,Daycare Centre,P,DR RANI MENON MAXIVISION EYE HOSPITALS,"KANJANI ROAD,",9447284008,32,566,100013,2026-07-01 17:34:02,10.520748,76.195175,PMJAY
HOSP24P149901,24149901,Hospital,P,SMS hospital,"2nd floor ,ganesh plaza, above ganesh hyundai showroom, nr maneja crossing, ,Makarpura Main Road,Makarpura Vadodara ",9998183495,24,461,,2026-06-16 13:52:23,22.244511,73.1932100000001,PMJAY
HOSP6P02104,602104,Hospital,P,MMIMSR,"MMIMSR HOSPITAL,NEAR SBI BANK",8059931477,6,58,,2026-05-30 11:39:56,30.248251,77.050833,PMJAY
HOSP27P26214062,214062,,P,SHRI SIDDHIVINAYAK SURGICAL TRAUMA AND CRITICAL CARE,"Behind Bus Stand, Jambharun Road, Buldana ,",9860373829,27,472,"100004,100005,100006,100010,100015,100017,100020,100026",2026-08-13 17:48:32,20.535846,76.184409,PMJAY
HOSP3P26111402,111402,Hospital,P,MAKKAR HOSPITAL,"379 ,ADARSH NAGAR",9357201790,3,34,"100005,100006,100012",2026-05-27 12:03:26,31.332551,75.561266,PMJAY
HOSP27G26296242,296242,,G,Mukti,"Mukti,",8329421977,27,474,"100004,100005,100006,100012,100015",2026-05-05 13:15:25,20.871760,74.945079,PMJAY
HOSP10P122698,10122698,Daycare Centre,P,CENTRE FOR SIGHT ,"A-31 PC Colony Road Kankarbagh Patna ,",9650044492,10,212,100013,2026-06-10 14:07:51,25.602357,85.153809,PMJAY
HOSP9P02338,902338,Hospital,P,DRS HOSPITAL,"H1 DRS HOSPITAL ,TRANSPORT NAGAR PRAYAGRAJ",7769092762,9,120,"100005,100006,100011,100012,100023",2026-06-13 09:27:08,25.450404,81.766779,PMJAY
HOSP21P110124,785129940,Hospital,P,HCG PANDA CANCER HOSPITAL,"NH-16 TELENGAPENTH CUTTACK,",8249377153,21,350,"100005,100006,100008,100016,100021,100022",2026-06-25 16:25:22,20.366973,85.891479,PMJAY
HOSP9P01038,901038,Hospital,P,SHAKUNTALA HOSPITAL,"3B, TASHKAND MARG, CIVILLINE, PRAYAGRAJ,",9839970922,9,120,"100002,100005,100006,100012,100015",2026-05-22 14:45:42,25.4538680000001,81.8430890000001,PMJAY
HOSP9P122781,9122781,Hospital,P,MANI SUPERSPECIALITY HOSPITAL,KAKRMATTA,9999668278,9,187,"100001,100004,100005,100006,100010,100011,100015,100017,100019,100020,100022,100023",2026-06-22 17:24:08,25.273350,82.949821,PMJAY
HOSP9P99380,999380,Medical College Hospital,P,United Institute of Medical Sciences,"United Institute of Medical Sciences,Rawatpur",9305100015,9,120,"100001,100002,100003,100004,100005,100006,100007,100008,100009,100010,100011,100012,100013,100014,100015,100016,100017,100018,100019,100020,100021,100022,100023,100026,100027",2026-06-09 16:53:22,25.390013,81.764726,PMJAY
HOSP24G26289015,289015,,G,PHC Ranverikalla,"At-Post- Ranverikalla Ta.Chikhli , Dist. Navsari,At-Poat- Ranverikalla",9727704044,24,453,"100004,100005,100026",2026-05-07 16:49:54,20.839902,73.158397,PMJAY
HOSP19P26158579,158579,,P,NORTH BENGAL NEURO CENTRE PVT LTD,"Meghnad Saha Sarani,Pradhan Nagar, Siliguri",9232346035,19,309,"100002,100003,100006,100011,100015",2026-06-25 14:11:40,26.730701,88.415077,PMJAY
HOSP7P26278038,278038,,P,BENSUPS HOSPITAL A UNIT OF B R DHAWAN MEMORIAL CHARITABLE TRUST,"BENSUPS HOSPITAL, DWARKA SUB CITY, SECTROR -12, DWARKA NEW DELHI-110078,",9560900182,7,84,"100005,100006,100012,100014,100015",2026-06-29 15:27:50,28.592872,77.044268,PMJAY
HOSP9P25429,925429,Hospital,P,Pareek Hospital And Research Centre,"4/10 BAGH FARZANA,CIVIL LINE AGRA",7247869379,9,118,"100005,100006,100012,100015,100023",2026-06-29 17:08:19,27.200138,78.001422,PMJAY
HOSP33P26286725,286725,,P,CHENNAI HEALTH FOUNDATION,"NO.2B 2 AISHWARYA NAGAR, MTH ROAD,",9841439096,33,589,"100001,100002,100003,100005,100006,100007,100008,100012,100013,100014,100015,100017,100019,100022,100023",2026-06-23 10:34:46,13.128146,80.140054,PMJAY
HOSP33G26108724,108724,,G,GOVERNMENT HOSPITAL PERAIYUR,"MELAPATTI ROAD,",9443956602,33,578,100005,2026-06-19 17:39:18,9.734843,77.787145,PMJAY
HOSP19P26257293,257293,,P,TAPOBAN HEALTHCARE HOSPITAL (LIFE CARE HOSPITAL),"N-34,ABANINDRANATH BITHI,CITY CENTRE ,DURGAPUR,",8240312997,19,704,"100001,100002,100004,100005,100006,100008,100010,100011,100012,100014,100015,100016,100017,100018,100019,100020,100022,100023,100026,100027,10083",2026-05-15 11:46:54,23.536594,87.298736,PMJAY
HOSP7P26163704,163704,,P,ANSARI HOSPITAL,"RZ 20F/B,Street No. 6, Kailashpuri Road, Main Sagarpur",9999738047,7,84,"100004,100005,100006,100012,100013,100014,100015,100016,100017,100023",2026-08-25 12:43:21,28.602774914851366,77.1046206692838,PMJAY
HOSP33P26185218,185218,,P,ANAIKAR RAFEEQ AHMED HOSPITAL,"No. 89, Omer Road, Flower Bazaar, Ambur,",9944185859,33,732,"100005,100006,100012",2026-06-29 10:48:41,12.789743,78.715768,PMJAY
HOSP5G26265564,265564,,G,CHC Salt," Devayal Almora,",9012640062,5,45,100005,2026-05-14 12:55:15,29.611698,79.105457,PMJAY
HOSP9P183148,9183148,Hospital,P,SUN EYE HOSPITAL,"Side Lane , NH -2/2 Vishesh khand Gomti Nagar Lucknow UP-226010,",9415027888,9,162,100013,2026-06-10 12:15:21,26.866871,81.013585,PMJAY
HOSP5G26138729,138729,,G,CHC Uprari Shilangi,"TARIKHET,ranikhet Haldwani Road Uprari ",8126400865,5,45,100005,2026-05-14 12:57:59,29.617424,79.407748,PMJAY
HOSP9P04112,904112,Hospital,P,HARI BANDHU HOSPITAL PVT LTD,"Ashok vihar, Panchkroshi chauraha, Paigamberpur, Varansi, Uttar Pradesh 221007,panchkroshi chauraha",9415085373,9,187,,2026-07-20 11:20:24,25.350081,83.022662,PMJAY
HOSP3P133032,3133032,Hospital,P,Mahajan Eye Hospital,"14, Link Road, Lajpat Nagar,opp. State Bank of India",9988593317,3,34,100013,2026-06-01 09:39:30,31.320000,75.570000,PMJAY
HOSP21G26245039,245039,,G, JEYPORE,"DHH Koraput at Jeypore, At-Phulabada,  Umuri, Jeypore,",9090737488,21,363,"100001,100005,100006,100010,100012,100013,100014,100016,100017,100026",2026-05-25 13:40:20,18.910128,82.573425,PMJAY
HOSP16P57274,1657274,Hospital,P,ILS Hospitals Agartala,"ILS Agarlata,",8974050312,16,272,"100002,100003,100005,100006,100011,100012,100013,100014,100015,100016,100020,100022,100023",2026-06-22 13:33:01,23.773427,91.308301,PMJAY
HOSP5G26280292,280292,,G,CHC Syaldey Deghat,"CHC DEGHAT,DEGHAT",9258902135,5,45,100005,2026-05-17 12:33:39,29.904097,79.219322,PMJAY
HOSP19P26298422,298422,,P,ALL ASIA MEDICAL INSTITUTE,"8b Garcha 1st Lane,Gariahat Pantaloons",9836947722,19,315,"100001,100003,100004,100005,100006,100007,100008,100009,100011,100012,100014,100015,100016,100017,100018,100019,100020,100022,100023,100026,100027,100028,10083",2026-08-21 19:49:04,22.524204000000125,88.36180000000013,PMJAY
HOSP19P26135426,135426,,P,NIBEDITA HEALTH CARE A UNIT OF GANGAPADA SUPER SPECIALITY HOSPITAL PVT LTD,"44/1, K.N ROAD,K.N Road",9732549736,19,319,"100001,100005,100006,100012,100015,100017,100018,100023,10083",2026-06-24 18:18:45,24.098392,88.258031,PMJAY
HOSP19P26117614,117614,,P,NARAYAN MEMORIAL HOSPITAL,"601, Diamond harbour Road , Behala , Kolkata,",9836578363,19,315,"100002,100003,100004,100005,100006,100007,100008,100010,100011,100012,100014,100015,100017,100019,100020,100022,100023",2026-06-24 19:16:03,22.499970,88.317802,PMJAY
HOSP19P26212860,212860,,P,ASHA NURSING HOME,"New Hospital Road,rampurhat",9051900046,19,307,"100004,100005,100006,100008,100010,100012,100014,100015,100017,100019,100021,100022",2026-06-24 16:06:29,24.187183,87.793321,PMJAY
HOSP23P26226033,226033,,P,SUYASH HOSPITAL PVT LTD,"5 RESIDENCY AREA OPP MGM MEDICAL COLLAGE AB ROAD INDORE,",9827023163,23,410,"100002,100015",2026-07-24 13:38:11,22.713948,75.883959,PMJAY
HOSP28P95676,2895676,Hospital,P,CARE Hospital Quality Care India Limited,"10-50-11/5, Waltair Main Road Ramnagar Visakhapatnam,CARE Hospitals",7416358833,28,520,"100002,100003,100005,100006,100007,100011,100012,100015,100018,100020,100023,100028",2026-07-06 23:44:41,17.720342,83.312789,PMJAY
HOSP9P26119364,119364,,P,RAM RATI RAM SARAN MEMORIAL RR HOSPITAL,"INAYATPUR BARRA AURAS UNNAO,",9936433622,9,186,100006,2026-05-21 15:58:16,26.900007,80.499271,PMJAY
HOSP5G26266259,266259,,G,CHC Jainti,"Jainti Lamgara Almora,",7536016786,5,45,100005,2026-05-19 10:51:13,29.482660,79.825732,PMJAY
HOSP9P26228069,228069,,P,HEALTH CITY VISTAAR SUPERSPECIALITY HOSPITAL AND TRAUMA CENTER,"DISPENSARY HEALTH SERVICES YOJANA, SECTOR 4, GOMTI NAGAR LUCKNOW ,",9839076579,9,162,"100002,100005,100006,100008,100021,100022",2026-06-30 15:28:39,26.828126,81.010835,PMJAY
HOSP19P26165689,165689,,P,PARAMOUNT HOSPITAL PVT LTD,"MANGAL PANDEY ROAD, KHALPARA, SILIGURI,",9800896544,19,309,"100002,100003,100004,100005,100006,100011,100012,100015,100017,100019,100020,100023,100026",2026-06-25 17:03:05,26.732575,88.410278,PMJAY
HOSP19P26163936,163936,,P,BASUMATI HEALTH CARE PRIVATE LIMITED,"TALAI JARUR RAGHUNATHGANJ,",7001049848,19,319,"100001,100004,100005,100006,100011,100012,100013,100014,100015,100016,100019,100020,100023",2026-07-02 14:21:53,24.422967,88.035129,PMJAY
HOSP19P26297177,297177,,P,hillview hospital,"sb gorai road asansol,",9434358536,19,704,"100002,100003,100004,100005,100012,100014,100015,100017,100018,100020,100021,100023",2026-06-23 21:29:32,23.667267,86.938091,PMJAY
HOSP1P186520,1186520,Clinic,P,SHRI MATA VAISHNO DEVI NARAYANA MULTISPECIALITY CLINIC,"4 C/C, Gandhi Nagar, Jammu,",9796681002,1,5,"100005,100008",2026-08-04 16:31:30,32.707466,74.863244,PMJAY
HOSP19P26104464,104464,,P,MANIPAL HOSPITAL SILIGURI,"Meghnathsaha Sarani, Pradhan Nagar,",9477934242,19,309,"100004,100006,100011,100015,100023",2026-06-29 16:02:02,26.729650276609718,88.41632038424353,PMJAY
HOSP19P26153727,153727,,P,VIVEKANANDA MISSION ASRAM NETRA NIRAMAY NIKETAN ( A UNIT OF VIVEKANANDA MISSION ASRAM),"VIVEKNAGAR, P.O.- CHAITANYAPUR ( HALDIA), P.S.- SUTAHATA, DIST.- PURBA MEDINIPUR, PIN.- 721645, W.B,",9733891217,19,317,100013,2026-07-04 11:51:02,22.135408,88.089002,PMJAY
HOSP9P03537,903537,Medical College Hospital,P,Heritage Institute of Medical Sciences,"NH-2 GT ROAD BYPASS BHADWAR VARANASI,",9919190000,9,187,"100001,100002,100003,100005,100006,100007,100010,100011,100012,100013,100014,100015,100016,100017,100019,100020,100022,100023",2026-07-23 16:40:26,25.255472,82.912120,PMJAY
HOSP19P26252257,252257,,P,HEALTHWORLD HOSPITALS (A UNIT OF PARASHMANI MEDICAL CENTRE PVT LTD),"C-49, COMMERCIAL AREA, OPP. ESIC SUB-REGIONAL OFFICE, CITY CENTRE, DURGAPUR,",8170052900,19,704,"100002,100003,100004,100005,100006,100010,100011,100012,100013,100014,100015,100017,100018,100019,100020,100023,100026",2026-06-24 05:33:20,23.539849,87.289286,PMJAY
HOSP19P26288897,288897,,P,DM HOSPITALS,"113 JAMES LONG SARANI,",9831226669,19,315,"100004,100005,100006,100008,100012,100013,100015,100023,10083",2026-06-24 16:39:01,22.466091,88.310532,PMJAY
HOSP19P26277499,277499,,P,Heritage Hospital,"446/N Burdwan Road,siliguri",9091972345,19,309,"100002,100005,100006,100011,100012,100015,100016,100017,100019",2026-06-26 17:18:41,26.7074020000001,88.4167660000001,PMJAY
HOSP24P191284,24191284,Hospital,P,HOPE HOSPITAL UNIT OF AL HOPE HOSPITAL PVT LTD,"near railway over bridge, motipura ,",9924990171,24,458,"100002,100015,100020,100023",2026-08-25 11:58:25,23.676343,73.138638,PMJAY
HOSP19P26125662,125662,,P,MANIPAL HOSPITAL RANGAPANI,"Vill PO Rangapani,",9477934242,19,309,"100008,100021,100022",2026-06-27 14:28:43,26.66312291035419,88.36700088556506,PMJAY
HOSP19P26193556,193556,,P,CHARAK SQUARE HOSPITECH,"79, PANCHANANTALA, PO-CHALTIA, PS- BERHAMPORE,",9800868414,19,319,"100001,100002,100003,100004,100005,100006,100010,100011,100012,100014,100015,100016,100017,100018,100019,100020,100022,100023,100026",2026-06-23 23:48:18,24.095724,88.270394,PMJAY
HOSP19P26242920,242920,,P,SHATWIK HOSPITAL PRIVATE LIMITED,"treet 27, UCP 33/34, Bengal Ambuja, City Centre, Durgapur, West Bengal,",9775771100,19,704,"100004,100005,100006,100012,100015,100016,100017,100026",2026-07-03 16:03:01,23.539706,87.3052290000001,PMJAY
HOSP19P26115467,115467,,P,Gouri Devi Hospital and Research Institute,"RAJBANDH, DURGAPUR -12,DIST- PASCHIM BURDWAN ,",9475745312,19,704,"100001,100004,100005,100006,100008,100011,100014,100015,100016,100019,100020,100022,100023,100026",2026-06-25 15:38:13,23.476955,87.401578,PMJAY
HOSP19P26289110,289110,,P,STERLING HOSPITAL A UNIT OF SANJEEBANI CLINIC PVT LTD,"20, B.T. Road, P.O-  Sukchar, p.S - Khardah, Kolkata,",9230502351,19,303,"100005,100006,100008,100012,100014,100015,100017,100019,100023",2026-06-27 10:12:41,22.703413,88.374379,PMJAY
HOSP19P26221479,221479,,P,REPOSE CLINIC AND RESEARCH CENTRE PVT LTD,"20C USTAD BADE GOLAM ALI KHAN SARANI,",9830204559,19,315,"100005,100006,100017",2026-07-02 12:41:25,22.5217940000001,88.3705,PMJAY
HOSP19P26102624,102624,,P,BMRI HOSPITAL PRIVATE LIMITED,"8A, DH ROAD, THAKURPUKUR,",9330286550,19,315,"100005,100006,100012,100015,100020,100023",2026-07-08 15:41:59,22.45737941709517,88.30461776927291,PMJAY
HOSP19P26286294,286294,,P,MIDWEST HOSPITAL AND MEDICAL INSTITUTE PVT. LTD,"213(110), APCARGARDEN, G.T.ROAD, BHAGAT SINGH MORE, ASANSOL, PIN-713304,",7003517530,19,704,"100001,100002,100004,100005,100006,100008,100010,100012,100015,100016,100017,100021,100023,100026",2026-08-24 12:31:24,23.694056,86.9519230000001,PMJAY
HOSP19P26178663,178663,,P,BINAYAK MULTISPECIALITY HOSPITAL (A UNIT OF BINAYAK IMAGING AND DIAGNOSTIC PVT. LTD.),"59 - Kalicharan Ghosh Road, P.O- Sinthi, P.S - Baranagar, Kolkata,",9830811174,19,303,"100005,100006,100008,100012,100014,100015,100016,100017,100018,100019,100022,100023",2026-06-27 10:20:55,22.62654,88.3876910000001,PMJAY
HOSP19P26168895,168895,,P,DR.A.P.J ABDUL KALAM MEMORIAL HOSPITAL,"DAKSHINCHARA SHANKARARA,TAMLUK ,PURBA MEDINIPUR,,",7797400615,19,317,"100002,100003,100004,100005,100006,100010,100011,100012,100014,100015,100016,100017,100018,100019,100020,100023",2026-07-04 11:56:07,22.273925964765127,87.92757340263057,PMJAY
HOSP19P26123361,123361,,P,PASHUPATINATH HOSPITAL PVT.LTD.,"A-03/19(S), SHILPANCHAL ROAD, KALYANI,NADIA, WEST BENGAL-741235,",9831470645,19,320,"100001,100002,100003,100004,100005,100006,100008,100009,100011,100012,100014,100015,100016,100017,100019,100020,100022,100023,100026,10083",2026-06-25 10:56:15,22.976899,88.454590,PMJAY
HOSP19P26197105,197105,,P,Life Line Diagnostic Centre cum Nursing home(a unit of Navjeevan Nursing Homes pvt. ltd.),"4A,Wood Street, Kolkata ,",9831187903,19,315,"100005,100006,100008,100011,100012,100015,100022,100023",2026-07-01 11:57:20,22.551419,88.360751,PMJAY
HOSP19P26168399,168399,,P,BAINE HOSPITAL,"123/1 GOPAL LAL THAKUR ROAD KOLKATA,",9830014389,19,303,"100001,100002,100003,100004,100005,100006,100007,100008,100011,100012,100013,100014,100015,100016,100017,100018,100019,100020,100023,100026,10083",2026-06-30 11:32:51,22.646695,88.3685620000001,PMJAY
HOSP19P26282757,282757,,P,GREENLAND NURSING HOME,"862, KULPI ROAD, BIJOYGANJ BAZAR, LAKSHMIKANTAPUR, MANDIRBAZAR, SOUTH 24 PARGANAS, WB-743345,",9875364460,19,304,,2026-06-24 03:02:22,22.1129250000001,88.3223360000001,PMJAY
HOSP19P26194429,194429,,P,NIDAN NURSHING HOME,"TALBAGANPARA,",9733219292,19,319,"100001,100004,100005,100006,100011,100012,100015,100017,100018,100019,100021,100022,100023,100026",2026-06-24 19:36:49,24.079039,88.264959,PMJAY
HOSP19P26147467,147467,,P,ASHSHEEFA HOSPITAL,"ASHSHEEFA HOSPITAL,sahararhat",6295122937,19,304,"100002,100003,100004,100005,100006,100009,100011,100012,100013,100014,100015,100016,100017,100023",2026-06-27 10:49:29,22.302200,88.139700,PMJAY
HOSP19P26160284,160284,,P,NIRAMAYA JHAS SUPERSPECIALITY CENTRE FOR ORTHOPAEDICS,"5/4 F, DUMDUM ROAD, KOLKATA 30                                   ,",7003678160,19,315,"100001,100002,100004,100005,100006,100008,100011,100012,100014,100015,100016,100019,100020",2026-06-30 13:50:48,22.619240,88.388567,PMJAY
HOSP19P26197966,197966,,P,VIVEKANANDA EYE CARE CENTRE,"51C/2G, Chaulpatty Road, Near Joramondir, Beleghata, Kolkata-700010,",9143006453,19,315,100013,2026-06-24 19:00:30,22.559340,88.403961,PMJAY
HOSP19P26150127,150127,,P,TRINAYANI EYE CARE LLP,"4/A/1, Jessore Road, opposite Rabindra Bhaban, Shibananda Pally, Barasat, Kolkata, West Bengal 70012,",9674302278,19,303,100013,2026-06-24 16:43:14,22.715111,88.482663,PMJAY
HOSP19P26258238,258238,,P,SUNDARBAN COMMUNITY HEALTH CENTRE EYE UNIT UNDER SUNDARBAN SOCIAL DEVELOPMENT CENTRE,"EYE HOSPITAL,PO- KRISHNANAGAR, PS- MANDIR BAZAR",9433280774,19,304,100013,2026-07-02 16:02:35,22.099240094650398,88.31160662078673,PMJAY
HOSP19P26157128,157128,,P,NIRNOY HOSPITAL PVT. LTD.,"RABINDRANAGAR, STADIUM ROAD, PO- MIDNAPORE, PS- KOTWALI, PS- PASCHIM MEDINIPUR,",6294106641,19,318,"100004,100005,100006,100009,100012,100014,100015,100017,100023,100026,10083",2026-06-24 20:03:05,22.421108,87.319932,PMJAY
HOSP19P26128577,128577,,P,SRI SRI THAKUR SITARAMDAS OMKARNATH CHARITABLE TRUST,"S.M.PALLY,N.H.-34,MALDA(WEST BENGAL)732101,",9434054029,19,316,100013,2026-07-02 13:01:00,25.00737,88.13786,PMJAY
HOSP19P26182629,182629,,P,MAA PARUL NURSING HOME,"kashinagar,",8918168098,19,304,"100005,100006,100012,100015,100023",2026-06-24 08:57:01,22.028910,88.489595,PMJAY
HOSP19P26143301,143301,,P,SANKARA NETHRALAYA (KOLKATA),"147/1 MUKUNDAPUR  E M BYPASS KOLKATA,",9147423032,19,315,100013,2026-06-24 19:03:50,22.491719,88.4008700000001,PMJAY
HOSP19P26183852,183852,,P,CALCUTTA HEART CLINIC AND HOSPITAL,"HC-4,  SECTOR-III, BIDHANNAGAR,,KOLKATA",9433016590,19,303,"100002,100003,100005,100006,100008,100011,100014,100015,100016,100022,100023",2026-06-30 17:05:11,22.575138,88.418346,PMJAY
HOSP19P26269084,269084,,P,BERHAMPORE CITY HOSPITAL PVT. LTD.,"Chaltia Road,Near Srigurupathsala,Berhampore,Murshidabad,",9433392810,19,319,,2026-06-24 19:46:29,24.079645,88.255336,PMJAY
HOSP19P26168679,168679,,P,SANKARA NETHRALAYA (NEWTOWN),"PLOT NO DJ/16,PREMISES NO 25-3333,",9147423032,19,303,100013,2026-07-08 15:00:33,22.57377462736737,88.47960855771976,PMJAY
HOSP19P26239213,239213,,P,SHUVAM NETRALAYA,"SHUVAM NETRALAYA,SHUVAM NETRALAYA, BASHIRHAT ROAD",9836188241,19,303,100013,2026-06-28 20:51:40,22.851120736778796,88.74338433998264,PMJAY
HOSP19P26210624,210624,,P,BELIEVE HOSPITAL,"BHARSALA MORE , RAMPURHAT,",9153112712,19,307,"100001,100005,100006,100010,100011,100012,100014,100015,100017,100019,100020,100023",2026-06-24 18:22:04,24.176283,87.784436,PMJAY
HOSP19P26264587,264587,,P,NIRMALA DEVI NURSING PRIVATE LIMITED,"DANGAL PARA, SURI,",9434001950,19,307,"100005,100006,100011,100012,100015,100023",2026-06-24 19:17:22,23.904766,87.524619,PMJAY
HOSP19P26266053,266053,,P,DRISHTIDEEP EYE INSTITUTE LLP,"UNIVERSAL ENCLAVE,SUBHAS PALLY NORTH,DURGAPUR EXPRESS WAY SERVICE ROAD,DANKUNI ,HOOGHLY-712311,",8017309058,19,312,100013,2026-06-24 16:23:20,22.682675,88.295630,PMJAY
HOSP19P26188509,188509,,P,SHESHRAJ MEDICARE,"SHESHRAJ MEDICARE,NH-34",7001104102,19,316,,2026-06-24 01:09:55,24.980495,88.133450,PMJAY
HOSP19P26134648,134648,,P,ASTHA MATERNITY AND NURSING HOME,"Kapathat Diamond Harbour,",9434504488,19,304,"100001,100004,100005,100006,100008,100009,100010,100012,100014,100015,100017,100018,100019,100020,100022,100026,10083",2026-06-24 19:34:59,22.206356,88.184099,PMJAY
HOSP19P26255104,255104,,P,MOHAN CLINIC AND RESEARCH CENTRE PVT. LTD.,"46, LAKE TEMPLE ROAD, KOLKATA-700029,",9831275297,19,315,"100001,100004,100005,100006,100008,100012,100015,100016,100019,100023,100026,10083",2026-06-29 16:12:52,22.510497,88.3484050000001,PMJAY
HOSP19P26152681,152681,,P,STERLING HOSPITAL A UNIT OF SANJEEBANI CLINIC PVT LTD,"641/382,R.N ROAD(BURNPUR),RABINDRA SARANI,COURT MORE,DIST- PASCHIM BARDHAMAN,ASANSOL,",9830707516,19,704,"100004,100005,100006,100008,100012,100015,100016,100017",2026-06-24 09:32:06,23.688913,86.945374,PMJAY
HOSP19P26244603,244603,,P,NEW APANJAN NURSING HOME,"205/G PART BHARSALA MORE, NEW HOSPITAL ROAD, RAMPURHAT,NEW HOSPITAL ROAD, RAMPURHAT, BIRBHUM,PIN-731224",9734067125,19,307,"100004,100005,100006,100011,100012,100013,100014,100015,100019,100023,100026",2026-06-24 16:46:07,24.181524,87.792228,PMJAY
HOSP19P26294943,294943,,P,Sriguru Janakalyan Maternity And Nursing Home,"Sriguru Janakalyan Maternity And Nursing Home,",9732885020,19,304,"100006,100012,100015",2026-06-27 13:16:30,21.9572449322222,88.3679223343736,PMJAY
HOSP19P26134339,134339,,P,SAMARITAN CLINIC PVT. LTD.,"10/4D, ELGIN ROAD, KOLKATA - 700020,",9831167933,19,315,"100005,100006,100007,100008,100011,100012,100013,100014,100015,100016,100019,100020,100022,100023,100026,10083",2026-06-29 15:56:01,22.5380940000001,88.3504390000001,PMJAY
HOSP6P101267,6101267,Hospital,P,SMT JAI DEVI MEMORIAL NURSING HOME,"35-P PART IV SEC 15 ,",9254004000,6,75,"100005,100006,100012,100015,100019,100023",2026-08-13 14:15:09,29.005704,77.035396,PMJAY
HOSP19P26288790,288790,,P,ZIYAD NURSING HOME AND DIAGNOSTIC CENTRE,"Ziyad Nursing Home And Diagnostic Centre,Ushapara",9883026007,19,304,"100006,100012,100015",2026-08-21 20:00:07,22.513737,88.609432,PMJAY
HOSP19P26164390,164390,,P,SEVA HOSPITAL,"T.C ROAD, J.K BAZAR, VIVEKANANDAPALLY, TARAKESWAR,HOOGHLY, WEST BENGAL",9434000812,19,312,"100002,100004,100005,100006,100012,100015,100023",2026-06-29 15:39:36,22.879755,88.012285,PMJAY
HOSP19P26289746,289746,,P,RAMKRISHNA MEDICAL CENTRE (A UNIT OF BOLPUR SANTINIKETAN HEALTH CARE PVT. LTD.),"Sian, Nanoor Chandidas Road, Near SD Hospital, Bolpur, Birbhum-731204,",9434010530,19,307,"100001,100002,100004,100005,100006,100008,100010,100011,100012,100013,100014,100015,100016,100019,100020,100023,100026",2026-06-24 19:40:51,23.676098,87.722729,PMJAY
HOSP19P26152239,152239,,P,MIR CLINIC AND NURSING HOME,"mir clinic and Nursing Home,JALGHATA (JHOROR MORE BAZAR),PO-J.S.BAD,P.S-JIBANTALA,DIST- South 24 parganas",9732774920,19,304,"100001,100002,100003,100004,100005,100006,100007,100008,100009,100010,100011,100012,100014,100015,100016,100017,100018,100019,100020,100022,100023,100026,100027,100028,10083",2026-07-02 14:06:59,22.387680,88.638937,PMJAY
HOSP19P26269629,269629,,P,MANIMAHESH HOSPITAL PVT. LTD,"00, RANIGANJ ROAD, DUBRAJPUR,",7797711629,19,307,"100001,100002,100004,100005,100006,100007,100008,100010,100011,100012,100013,100014,100015,100016,100017,100019,100020,100021,100022,100023,100026",2026-06-24 07:32:37,23.794366,87.374573,PMJAY
HOSP19P26276577,276577,,P,Santiniketan Medical College and Hospital,"Vill- Gobindapur, P.O- Muluk, P.S- Bolpur, Pin- 731204, West Bengal,",8926125001,19,307,"100001,100004,100005,100006,100008,100009,100010,100012,100013,100014,100015,100016,100017,100019,100020,100023,100026,10083",2026-06-24 04:18:13,23.661949,87.697380,PMJAY
HOSP19P26226064,226064,,P,RAHMANI NURSING HOME,"APSARA ROAD,ISLAMPUR,",9434186622,19,311,100005,2026-06-24 01:52:17,26.263718,88.190945,PMJAY
HOSP19P26149487,149487,,P,MAA MAHAMAYA HOSPITAL,"T G Samanta Road, Kenduadihi, ,T G Samanta Road, Kenduadihi, Bankura",7001899354,19,305,"100005,100006,100008,100012,100015,100016,100023",2026-07-02 16:14:48,23.24264854744999,87.05532966534201,PMJAY
HOSP19P26203022,203022,,P,Sundarban Maternity Nursing Home,"20 Madhabnagar,20 madhabnagar",9732160280,19,304,"100004,100005,100006,100012,100015",2026-06-27 14:59:19,21.794607,88.351273,PMJAY
HOSP19P26242558,242558,,P,EYE MICROSURGERY AND LASER CENTER (A UNIT OF BOSE E M L C PVT. LTD.),"BARABAZAR, CHINSURAH, HOOGHLY,",9874879507,19,312,100013,2026-06-25 17:19:59,22.891168,88.404189,PMJAY
HOSP19P26178542,178542,,P,WELLCARE NURSING HOME,"34 NO NATIONAL HIGHWAY, ,",9800084526,19,303,"100004,100005,100006,100020",2026-07-09 11:33:02,22.8558400000001,88.5287670000001,PMJAY
HOSP19P26144704,144704,,P,Swasthya Niketan,"1993 G.T ROAD,KESHABGANJ CHATI,BASUDEV PALLY,PURBA BARDHAMAN,713104,",9735801148,19,306,"100004,100005,100006,100010,100011,100012,100014,100015,100016,100017,100018,100019,100020,100022,100023,10083",2026-06-25 15:26:06,23.2612800000001,87.842342,PMJAY
HOSP19P26182462,182462,,P,Chittaranjan Advanced Medical Referral Institute (A unit of B D R C Pvt Ltd),"Bamchandaipur, Joteram,",9233361670,19,306,,2026-06-24 20:05:53,23.220299,87.910136,PMJAY
HOSP19P26240395,240395,,P,MANIPAL HOSPITALS EM BYPASS ( A UNIT OF MANIPAL HOSPITALS EASTERN INDIA PRIVATE LIMITED),"127 Mukundapur EM Bypass Kolkata - 700099,",9831256896,19,315,"100003,100021",2026-08-15 18:32:28,22.494245,88.400983,PMJAY
HOSP24P10298,2410298,Hospital,P,Tricolour Hospitals,"Dr Vikaram Sarabhai Road Genda Circle Vadi Wadi Vadodara,Dr Vikaram Sarabhai road Genda Circle Vadi Wadi Vadodara",9081028286,24,461,"100002,100003,100005,100006,100011,100015,100020,100023",2026-06-13 16:10:08,22.317348,73.166708,PMJAY
HOSP19P26140984,140984,,P,MIDLAND NURSING HOME PVT LTD,"19/1, B. T. ROAD, KOLKATA-700056,",8584883201,19,303,"100001,100002,100003,100004,100005,100006,100008,100011,100012,100015,100019,100020,100022,100023,10083",2026-06-27 10:19:48,22.660360,88.384024,PMJAY
HOSP19P26163568,163568,,P,SNR CARNIVAL HOSPITAL A UNIT OF JOY FOUNDATION,"M and I2, IGC, Ph-III, 12No. Pally Bhabanipur, ,Kalyani Expressway",8444923040,19,320,"100001,100004,100005,100006,100008,100010,100012,100015,100016,100017,100020,100022,100023,100026,10083",2026-07-09 12:57:16,22.955887362475877,88.45444527114864,PMJAY
HOSP19P26182980,182980,,P,GD HOSPITAL AND DIABETES INSTITUTE,"139A LENIN SARANI,",9836464643,19,315,"100002,100004,100005,100006,100008,100010,100011,100012,100013,100014,100015,100016,100017,100018,100019,100022,100023,100026",2026-06-30 11:34:55,22.562153,88.3622,PMJAY
HOSP19P26161667,161667,,P,VARSHA FALAKATA HEALTH CARE PVT LTD,"WARD NO-11,GOPE NAGAR,",9830482875,19,664,,2026-06-25 14:13:27,26.517566,89.210857,PMJAY
HOSP19P26140896,140896,,P,SUSAMA TRIPATHY MEMORIAL NURSING HOME AND ALFA DIAGNOSTIC AND SCAN CENTRE.,"JHALJHALIA, P.O- JHALJHALIA , P.S-ENGLISH BAZAR, MALDA, PIN NO-732102,",7358236800,19,316,"100005,100006,100012,100015,100016,100017,100023",2026-06-28 21:17:51,25.012520,88.133247,PMJAY
HOSP19P26285378,285378,,P,PARK CLINIC,"4, Gorky Terrace Kolkata 700017,",9775996951,19,315,"100004,100005,100006,100010,100011,100012,100014,100015,100016,100017,100018,100019,100020,100023",2026-07-03 14:15:09,22.54186987931587,88.3527801810647,PMJAY
HOSP19P26100515,100515,,P,SECOND SIGHT SOUTHEND EYE CENTRE PVT. LTD.,"Baruipur Amtala Road, Dhopagachi, P.O. Kundarali,",9830163183,19,304,100013,2026-07-02 17:10:22,22.370653,88.407805,PMJAY
HOSP19G26149443,149443,,G,BHUTNI PHC,"CHABI MAJHITOLA, DAKSHIN CHANDIPUR, MANIKCHAK, MALDA,",7001385159,19,316,100012,2026-06-24 15:39:22,25.113179,87.835715,PMJAY
HOSP19P26204340,204340,,P,MEDITECH HOSPITAL,"534,SURI ROAD",7001865400,19,306,"100001,100005,100006,100008,100010,100011,100012,100014,100015,100016,100017,100018,100019,100020,100022,100023,10083",2026-06-24 20:04:10,23.247739336769342,87.84092005101104,PMJAY
HOSP19P26242942,242942,,P,SHARANYA HOSPITAL,"NH 19 (old NH 2), Opposite St. Pauls Academy, Gopalnagar, Bamchandaipur, Purba Bardhaman,West Bengal,",9434002169,19,306,"100001,100002,100003,100004,100005,100006,100008,100009,100010,100011,100012,100013,100014,100015,100016,100017,100018,100019,100020,100022,100023,100026",2026-06-25 11:03:41,23.220474861052807,87.90699088279837,PMJAY
HOSP19P26215565,215565,,P,SHUVADARSINI HOSPITAL DIABETIC CARE (A UNIT OF SATYABRATA IDEALISTIC PVT.LTD),"RANIGANJ SQUARE BUILDING,BANSARA MORE,  PO SEARSOLE RAJBARI, PS RANIGANJ, PIN 713358,",9987037354,19,704,"100002,100004,100005,100006,100010,100012,100014,100015,100016,100017,100019,100020,100023,100026",2026-06-30 14:12:11,23.626575,87.133489,PMJAY
HOSP19P26198118,198118,,P,JIBANDEEP NURSING HOME,"Ramganga,",9732658147,19,304,"100012,100014,100015,100023",2026-06-28 12:47:24,21.794696,88.360008,PMJAY
HOSP19P26182031,182031,,P,Khusbu Nursing Home,"Kanthalberia,Kalipada Mor,",9732606947,19,304,"100005,100012",2026-07-03 16:54:08,22.312149,88.667947,PMJAY
HOSP19P26118678,118678,,P,SUSHRUT HOSPITAL,"A-9X/4(CA),KALYANI STATION ROAD",9830052328,19,320,"100003,100005,100006,100012,100015",2026-07-02 16:38:10,22.967913405462966,88.46551970302335,PMJAY
HOSP19P26113911,113911,,P,NETAJI EYE HOSPITAL,"Netaji Eye Hospital,Ramchandrapur",7797776655,19,321,100013,2026-06-25 17:00:13,23.582298,86.807195,PMJAY
HOSP19P26163834,163834,,P,Vivekananda Mission Asram Netra Niramay Niketan (Extd),"Vill and P.O- Chandi, Amtala, South 24 Pgs,",9733891217,19,304,100013,2026-07-03 15:59:12,22.354256,88.270575,PMJAY
HOSP19P26179847,179847,,P,MALDA MEDICAL CENTRE PRIVATE LIMITED,"2/3/150, ,K J SANYAL ROAD, MOKDUMPUR, MALDA",9434057569,19,316,"100005,100006,100008,100011,100012,100013,100014,100015,100016,100017,100023",2026-07-02 19:13:57,24.994899506006462,88.13337944536795,PMJAY
HOSP19P26143679,143679,,P,RAMAKRISHNA MISSION SEVA PRATISHTHAN,"99, SARAT BOSE ROAD, KOLKATA 700026,",9410566717,19,315,"100002,100003,100004,100005,100006,100007,100008,100010,100011,100012,100013,100014,100015,100016,100017,100018,100019,100022,100023,100026",2026-07-10 17:24:31,22.5231370000001,88.3517380000001,PMJAY
HOSP33P26178259,178259,,P,Kauvery Hospital Tennur,"No.1, K.C Road, Tennur, Trichy,",9442631034,33,591,"100006,100011,100022,100023",2026-06-17 15:37:31,10.816838,78.680943,PMJAY
HOSP19P26149933,149933,,P,PROCHESTA MEDICARE,"22/30, UMA ROY SARANI, MOKDUMPUR, ENGLISH BAZAR , MALDA,",9434422710,19,316,"100005,100006,100012,100015,100023",2026-06-25 17:32:24,24.960085,88.123581,PMJAY
HOSP19P26212858,212858,,P,CITIZENS EYE AND HEALTH CARE,"153/1,N S AVENUE SERAMPORE",9830011217,19,312,100013,2026-06-29 15:15:02,22.766140,88.333638,PMJAY
HOSP19P26211680,211680,,P,RECOVERY NURSING HOME PVT LTD,"15/1,Jatindra Mohan Avenue Beadon Street Kolkata 700006,",9836525726,19,315,"100002,100004,100005,100006,100011,100012,100014,100015,100019,100020,100022,100023,100026,10083",2026-08-15 18:36:26,22.5855050000001,88.3678160000001,PMJAY
HOSP19P26144757,144757,,P,NEW UNITED NURSING HOME,"NARKELTALA, CHANDANNGAR, HOOGHLY-712136,",7980234781,19,312,"100002,100003,100004,100005,100006,100011,100012,100014,100015,100017,100020,100023,100026",2026-06-29 15:07:30,22.857912,88.365831,PMJAY
HOSP19P26204865,204865,,P,MARINA MEDICAL CENTRE PVT LTD,"BABU PARA,WARD NO 8,KOTWALI,JALPAIGURI,",7001411583,19,314,"100004,100005,100006,100012,100015,100026",2026-06-24 19:33:49,26.523764,88.727460,PMJAY
HOSP27P26117028,117028,,P,DESHPANDE EYE HOSPITAL AND LASER CENTER LLP,"RAJAS NIKETAN, LEFT BHUSARI COLONY , KOTHRUD PUNE,",7066432345,27,490,100013,2026-07-04 13:34:04,18.509828,73.797362,PMJAY
HOSP19P26214405,214405,,P,sanjeevani nursing home,"NAYANAGAR,KANKI,CHAKULIA,",7001889210,19,311,100012,2026-06-24 03:37:52,26.006869,87.860814,PMJAY
HOSP19P26253977,253977,,P,DISHARI HEALTH POINT PVT.LTD.,"19, B.G ROAD ,",9831093284,19,316,"100002,100003,100005,100006,100008,100010,100011,100012,100015,100017,100018,100019,100020,100022,100023",2026-07-02 16:21:55,24.960085,88.1235810000001,PMJAY
HOSP19P26280402,280402,,P,DR.S.S.CHATTERJEE HEART CENTRE(HEALTH UPDATION MEDICAL CARE AND RESEARCH CENTRE),"11/5, dr., Biresh Guha Street ,",9830266075,19,315,"100002,100003",2026-07-14 10:51:47,22.5383220000001,88.372215,PMJAY
HOSP19P26134047,134047,,P,SWASTHYA NIVAS NURSING HOME,"KISMAT APURBAPUR, SINGUR, HOOGHLY, PIN 712409, WEST BENGAL,",9830309752,19,312,"100006,100015,100023",2026-08-05 15:15:26,22.8144310000001,88.2245710000001,PMJAY
HOSP19P26116251,116251,,P,NEHRU MEMORIAL TECHNO GLOBAL HOSPITAL,"6 , Barasat Road, Lal Kuthi More, Barrackpore,",8336085734,19,303,"100003,100005,100006,100012,100015,100017,100023",2026-06-28 12:34:44,22.7684360000001,88.342537,PMJAY
HOSP19P26207772,207772,,P,SRI AUROBINDO SEVA KENDRA,"1H GARIAHAT ROAD KOLKATA -700068,",8100650613,19,315,"100005,100006,100012,100013,100014,100015,100016,100017,100018,100023",2026-06-30 11:41:34,22.5065520000001,88.366898,PMJAY
HOSP19P26209598,209598,,P,THALAMUS INSTITUTE OF MEDICAL SCIENCES PVT LTD,"WEST DHANTALA , NEAR BATTALION MORE FULBARI ,",9523056581,19,314,"100002,100004,100005,100006,100007,100011,100015,100016,100020,100023,100026",2026-06-24 19:10:52,26.652286,88.417524,PMJAY
HOSP19G26156702,156702,,G,KUSHMANDI RURAL HOSPITAL,"KUSHMANDI,",9830350069,19,310,100005,2026-06-10 15:41:22,25.531700,88.362484,PMJAY
HOSP19P26139996,139996,,P,DREAM LIFE HOSPITAL,"G.T. ROAD RAJ COLLAGE MORE,",9732124545,19,306,"100005,100006,100012",2026-07-21 11:10:38,23.2411910000001,87.8676600000001,PMJAY
HOSP19P26153508,153508,,P,APOLLO NURSING HOMEPOLYCLINIC,"TAMLUK,SALGECHIA,PURBA MEDINIPUR,",9932656625,19,317,"100001,100002,100004,100005,100006,100010,100012,100015,100016,100017,100020,100023,100026",2026-07-08 15:47:17,22.2747630000001,87.9216210000001,PMJAY
HOSP19P26233594,233594,,P,MAA DURGA HOSPITAL (A UNIT OF MAA DURGA NURSING HOME),"Rajband Bus Stant,",9475018253,19,704,"100001,100004,100005,100006,100012,100014,100015,100017,100018,100020,100022,100026,10083",2026-06-25 16:15:35,23.480179,87.397281,PMJAY
HOSP19P26203491,203491,,P,SATTYA SAI SEBA SADAN,"MANOHARCHAK, DARUA ROAD, CONTAI,",7586981834,19,317,"100001,100004,100005,100006,100010,100012,100015,100017,100023,100026",2026-07-02 19:38:10,21.778708,87.756746,PMJAY
HOSP19P26100920,100920,,P,FIVE POINT HOSPITAL(UNIT OF RAMKAMAL UDYOG),"227,A.P.C ROAD KOLKATA-700004,",9830257220,19,315,"100001,100002,100005,100006,100008,100011,100012,100014,100015,100017,100018,100019,100020,100022,100023,100026",2026-08-15 18:50:18,22.5976220000001,88.3721780000001,PMJAY
HOSP19P26261785,261785,,P,Hiramani Memorial Hospital,"40, Ananta Hari Mitra Road, Krishnanagar,",7872957300,19,320,"100002,100004,100005,100006,100008,100010,100012,100014,100015,100016,100017,100018,100019,100023",2026-06-25 16:16:53,23.404961,88.493119,PMJAY
HOSP19P26172373,172373,,P,RNR SUPER SPECIALITY HOSPITAL(A UNIT OF RNR INSTITUTE OF MEDICAL SCIENCES PVT. LTD.),"Birpur More, Suri Road, Purba Bardhaman PIN Code- 713141,",7679077765,19,306,,2026-06-29 16:42:05,23.3222040000001,87.769371,PMJAY
HOSP27G26105892,105892,,G,R H Motala,"AT POST MOTALA DIST BULDANA,",7276895792,27,472,"100005,100010,100012,100017",2026-06-04 11:04:18,20.678277,76.214147,PMJAY
HOSP19P26182547,182547,,P,KEERTHI MEDI POINT PRIVATE LIMITED,"AT- KATJURIDANGA, P.O- KENDUADIHI, P.S.- BANKURA, DIST.- BANKURA, PIN- 722102,",9434440638,19,305,"100004,100005,100006,100008,100012,100015,100016,100019,100022,100023",2026-06-24 04:56:13,23.247416,87.038283,PMJAY
HOSP19P26159247,159247,,P,BENGAL FAITH HOSPITAL A UNIT OF BENGALFAITH HEALTHCARE PVT LTD,"Health City, Goda, Bardhaman,",9830245204,19,306,,2026-06-27 13:43:15,23.24111,87.8697300000001,PMJAY
HOSP19P26203432,203432,,P,MEDICARE GENERAL HOSPITAL,"MEDICARE GENERAL HOSPITAL,",9434216662,19,305,"100002,100005,100006,100007,100008,100010,100011,100012,100014,100015,100016,100017,100018,100019,100023",2026-06-30 13:20:52,23.002393,87.612239,PMJAY
HOSP7P26283166,283166,,P,KMC HEALTHCARE LLP MULTISPECIALITY HOSPITAL,"Opposite - Palam Metro Station Gate No. 3 - New Delhi,",9968706747,7,84,"100006,100010,100012,100015,100017",2026-08-25 12:24:52,28.587870,77.083186,PMJAY
HOSP19P26125805,125805,,P,JEEBAN SURKSHA HOSPITAL PRIVATE LIMITED,"KATJURIDANGA,CHHATNA ROAD,BANKURA,",9800699999,19,305,"100001,100002,100003,100004,100005,100006,100008,100009,100010,100011,100012,100014,100015,100016,100017,100018,100019,100020,100022,100023,100026,10083",2026-06-24 04:45:57,23.2565300000001,87.0239130000001,PMJAY
HOSP19P26221785,221785,,P,LIFE CARE NURSING HOME,"72 , SURI ROAD, NAWABHAT , FAGUPUR, PURBA BURDWAN , PIN NO -713101,",8597798474,19,306,"100005,100006,100008,100010,100011,100012,100014,100015,100016,100017,100018,100019,100023",2026-06-24 16:38:05,23.236951185932156,87.86255941955233,PMJAY
HOSP19P26229761,229761,,P,NOOR EYE CARE,"21, 22/2, EAST GHOSH PARA ROAD, KANKINARA, JAGATDAL,",9830175785,19,303,100013,2026-08-14 19:51:20,22.838825,88.419296,PMJAY
HOSP19P26180570,180570,,P,ADARSHA NURSING HOME,"Rishi Road Kalimpong,",9434889048,19,702,100005,2026-07-23 19:18:32,27.066425,88.4703890000001,PMJAY
HOSP19P26221909,221909,,P,GITARAM HOSPITAL PVT.LTD.,"National Highway 34, Radharghat GitaRam More Berhampore, Murshidabad, West Bengal 742187,",9002809672,19,319,"100001,100002,100003,100005,100006,100008,100010,100011,100012,100014,100015,100016,100019,100020,100023,100026",2026-06-25 17:35:56,24.104206,88.241457,PMJAY
HOSP19P26244689,244689,,P,KANAK NURSING HOME,"1 NO NETAJI PARK, LICHU BAGAN MORE, G.T ROAD,BANDEL,HOOGHLY-712123,",7687032667,19,312,"100001,100002,100003,100004,100005,100006,100008,100012,100014,100015,100017,100018,100019,100020,100022,100023,100026,10083",2026-06-25 14:54:27,22.924485,88.386196,PMJAY
HOSP19G26161871,161871,,G,COMMUNITY HEALTH CENTRE GORUBATHAN BLOCK PRIMARY HEALTH,"Rishi Road,Sombaray Bazar, PO Fagu, PS Gorubathan, Dist Kalimpong, Pin 735231,",8961313034,19,702,100005,2026-06-23 17:57:09,26.995598654323757,88.74489420141657,PMJAY
HOSP19G26124395,124395,,G,MURSHIDABAD MEDICAL COLLEGE,"73, Station Road, Raninagar, Gorabazar,",9433135378,19,319,"100005,100006,100008,100010,100012,100013,100015,100016,100017",2026-06-24 15:40:25,24.0893070000001,88.2619560000001,PMJAY
HOSP19G26167238,167238,,G,Rashidpur Rural Hospital,"RASHIDPUR, P.O.- BUNIADPUR, P.S.- BANSHIHARI, DIST.- DAKSHIN DINAJPUR, WB, 733121,",7278640428,19,310,100005,2026-06-13 15:31:24,25.393656,88.401208,PMJAY
HOSP19P26173371,173371,,P,PARIJAT SEVALAY PVT LTD,"parijat sevalay, powerhouse para, shyam sayar north,parijat sevalay, powerhouse para, shyam sayar north, parijat sevalay",9593995555,19,306,,2026-07-08 16:05:31,23.245853634522987,87.8584968028922,PMJAY
HOSP19P26278192,278192,,P,MITRAS CLINIC AND NURSING HOME,"Tilak Road,Hakim Para",8158831544,19,309,"100002,100005,100006,100011,100012,100015,100016,100017,100023",2026-06-27 14:42:29,26.723278,88.425848,PMJAY
HOSP19P26291338,291338,,P,SNR CARNIVAL HOSPITAL,"A-9/16 (S),",9163226155,19,320,"100005,100008,100012,100023,100026",2026-06-29 16:42:42,22.9690200000001,88.4652600000001,PMJAY
HOSP19G26287418,287418,,G,FALTA BPHC,"FALTA BPHC,FALTA",9831434785,19,304,"100005,100012",2026-06-27 21:08:02,22.29238931474778,88.10591820447178,PMJAY
HOSP19P26136511,136511,,P,HARDIK MEDICAL DIAGNOSTIC CENTRE PVT.LTD (DR.R.B.SARKAR MEMORIAL NURSING HOME),"442/3, Rabindra Sarani ,",9434744690,19,305,"100001,100004,100005,100006,100012,100015,100017,100023",2026-07-03 14:17:00,23.22831972014157,87.06424060862065,PMJAY
HOSP19P26140181,140181,,P,MEDICARE CLINIC PVT LTD.,"138 G T ROAD , SOUTH , HOWRAH - 711102,",9830009417,19,313,"100005,100006,100015,100017",2026-06-25 15:04:25,22.573846,88.328334,PMJAY
HOSP19G26101728,101728,,G,Community Health Centre Haripal RH,"VILL-KHAMARCHANDI P.O-KHAMARCHANDI DIST-HOOGHLY,",7602926168,19,312,"100005,100012",2026-06-23 18:00:37,22.829294,88.115159,PMJAY
HOSP19P26137381,137381,,P,GOODACE HOSPITAL PRIVATE LIMITED,"AC-94, PRAFULLA KANAN EAST, KESTOPUR, KOLKATA - 700101,",9830899577,19,303,"100001,100002,100004,100005,100006,100011,100012,100014,100015,100017,100019,100023,100026,10083",2026-07-10 17:46:00,22.6023450000001,88.4230370000001,PMJAY
HOSP19G26189760,189760,,G,KALNA SD AND SS HOSPITAL,"S.T.K.K.Road, Kalna SD and SS Hospital,STKK ROAD",9830838879,19,306,"100005,100006,100012,100013,100015,100016,100017",2026-06-23 20:54:30,23.223445,88.346084,PMJAY
HOSP19P26204679,204679,,P,UMA MEDICAL RELATED INSTITUTE PVT.LTD,"VIP ROAD,TEGHORIA,",9874621740,19,303,"100004,100005,100006,100010,100011,100012,100014,100015,100016,100017,100018,100019,100020,100023",2026-07-08 15:14:15,22.61897614681756,88.44677791015545,PMJAY
HOSP33G26139360,139360,,G,Government Villupuram Medical College and Hospital,"Government Villupuram Medical College and Hospital,",9443292922,33,596,100021,2026-06-05 12:10:54,11.997961,79.514389,PMJAY
HOSP19P26257004,257004,,P,KRISHNAYA INSTITUTE OF CARDIAC AND FETAL SCIENCES,"164/A SECTOR B,CANAL SOUTH ROAD, METROPOLITAN COOPERATIVE SOCITY NEAR BYPASS DHABA.",9831522415,19,315,100012,2026-07-11 10:47:42,22.552725,88.404508,PMJAY
HOSP1P206404,1206404,Hospital,P,PLUS MEDICARE HOSPITALS PRIVATE LIMITED,"Durganag Dalgate,",9871157589,1,13,,2026-06-14 10:12:27,34.075139,74.832079,PMJAY
HOSP19P26218065,218065,,P,ECO HOSPITAL AND DIAGNOSTICS,"111/1 Jessore Road,Barasat",9051560190,19,303,"100005,100006,100012,100015",2026-07-10 17:54:03,22.723878710533256,88.4924634991155,PMJAY
HOSP19P26160068,160068,,P,CARE AND CURE HOSPITAL UNIT II A UNIT OF VIVOCARE PVT LTD,"S.N. Rd, Nabapally Barasat,",9051626304,19,303,"100002,100003,100005,100006,100007,100010,100011,100012,100015,100017,100018,100023,100026",2026-06-27 10:26:31,22.727300,88.466534,PMJAY
HOSP19P26298128,298128,,P,NARAYANA MULTISPECIALITY HOSPITAL,"78 Jessore Road (South) 24 parganas North Kolkata 700127,",9694096016,19,303,"100002,100003,100004,100005,100006,100008,100011,100012,100014,100015,100016,100019,100020,100022,100023",2026-07-08 15:03:05,22.70523740379447,88.47228985439057,PMJAY
HOSP19P26126961,126961,,P,B K SASMAL NURSING HOME,"KUSHPATA,WARD-17,KUSHPATA WARD-17",9733368080,19,318,"100005,100006,100012,100015",2026-06-25 14:43:21,22.648238213794,87.7615788225318,PMJAY
HOSP19P26254844,254844,,P,DREAMLAND NURSING HOME,"INDRAPROSTHO, BABURBAG,",9775155111,19,306,"100001,100002,100003,100004,100005,100006,100008,100010,100011,100012,100013,100015,100016,100017,100018,100019,100020,100022,100023,100026,10083",2026-06-29 16:17:26,23.24945821261906,87.85709265050195,PMJAY
HOSP19P26166954,166954,,P,SUN SHINE MULTISPECIALITY HOSPITAL,"natun rastar more, duttapukur,north 24 parganas,",7890700088,19,303,100015,2026-07-02 15:50:19,22.765603200086417,88.55548990102557,PMJAY
HOSP19P26162125,162125,,P,ASIAN INSTITUTE OF NEPHROLOGY AND UROLOGY SILIGURI PVT LTD,"PLOT NO (RS) 418(LR) 707, KHATIAN NO-(RS)17/44,SHIVMANDIR MORE, PO- KADAMTALA ",9007770950,19,309,100023,2026-06-27 13:29:34,26.7053770000001,88.3664410000001,PMJAY
HOSP19P26173784,173784,,P,SHREE MAA NURSING HOME,"98, DEBRA,Debra Bazar, Debra",9733536645,19,318,"100006,100012,100013,100015,100023",2026-06-30 16:46:52,22.398457511014968,87.56205413238843,PMJAY
HOSP9P26102399,102399,,P,HAPPY FAMILY HOSPITAL,"BAJORIYA RAOD NEAR BSP OFFICE,",9520286786,9,177,100006,2026-07-21 13:58:04,29.952898,77.560115,PMJAY
HOSP19P26226367,226367,,P,BANKURA NURSING HOME A UNIT OF RITAWARI HEALTHCARE SERVICES PVT LTD,"209/3, Patpur,",9434003087,19,305,"100005,100006,100012,100013,100015,100016,100018,100023",2026-06-29 10:51:03,23.2306600000001,87.060589,PMJAY
HOSP19P26152631,152631,,P,MILI NURSING HOME,"MILI NURSING HOME,Hospital Road",9474017773,19,308,100004,2026-06-27 13:01:22,26.340886,89.206505,PMJAY
HOSP19P26159282,159282,,P,Poddar Seva Sadan Pvt Ltd,"sunity road,",9434028924,19,308,100012,2026-08-14 19:08:57,26.322856,89.441908,PMJAY
HOSP19P26252882,252882,,P,ILS HOSPITALS DUMDUM,"1 KHUDIRAM BOSE SARANI,",8335037300,19,303,"100002,100003,100004,100005,100006,100007,100010,100011,100012,100014,100015,100017,100018,100019,100020,100023,100026,100028",2026-07-01 13:29:32,22.703858,88.5457910000001,PMJAY
HOSP19G26228280,228280,,G,BANDA RURAL HOSPITAL,"Vill- Chelyama,",8617516172,19,321,100005,2026-06-23 21:09:09,23.607672777801085,86.55265925919042,PMJAY
HOSP19P26215541,215541,,P,SUBHAM HOSPITAL AND DIAGNOSTIC CENTRE PVT LTD,"Nara Narayan Road, Near circuit House,",9832022288,19,308,"100001,100002,100005,100006,100011,100015,100019,100020,100026",2026-06-27 13:18:00,26.318304,89.453578,PMJAY
HOSP19P26271980,271980,,P,MUKHERJEE HOSPITAL,"hill cart road siliguri,",9593833031,19,309,"100004,100005,100006,100011,100012,100014,100015,100016,100017,100020,100023,10083",2026-06-27 14:45:48,26.712996,88.424988,PMJAY
HOSP19P26190915,190915,,P,ROYD NURSING HOME AND HEALTH CARE LTD,"5B, ROYD STREET, KOLKATA,",9831077240,19,315,"100004,100005,100006,100008,100011,100012,100014,100015,100019,100022,100023",2026-07-17 11:13:53,22.553352,88.354065,PMJAY
HOSP19P26180045,180045,,P,NIMS HOSPITAL,"969/N PADUMBASAN,",9433519868,19,317,"100002,100004,100005,100006,100007,100008,100010,100011,100012,100013,100014,100015,100016,100017,100018,100019,100020,100023,10083",2026-07-02 19:12:33,22.29314612968092,87.91435113541417,PMJAY
HOSP19P26104858,104858,,P,NAYONIKA EYE CARE,"J. N ROY (MAHAJANTULI) ROAD, SHYEMSAYER EAST, PURBA BARDHAMAN,",9800163696,19,306,100013,2026-07-02 17:02:03,23.245418,87.8592160000001,PMJAY
HOSP19G26185954,185954,,G,PRIMARY HEALTH CENTRE RAMPARACHENCHRA,"RAMPARACHENCHRA TAPAN DAKSHIN DINAJPUR,",8368723895,19,310,100005,2026-07-02 10:42:22,25.337563,88.4451060000001,PMJAY
HOSP19P26247379,247379,,P,Raniganj Netralaya,"109 NSB Road, Raniganj,",9836362190,19,704,100013,2026-06-30 16:40:49,23.620064,87.113504,PMJAY
HOSP21G26264935,264935,,G,SAHEED LAXMAN NAYAK MEDICAL COLLEGE AND HOSPITAL KORAPUT,"At- Jani Guda, Near Kendriya Vidyala Koraput, Po/Ps-koraput,",9040317489,21,363,"100001,100004,100005,100006,100009,100010,100012,100013,100015,100016,100017,100026",2026-06-30 13:38:44,18.807757,82.702977,PMJAY
HOSP33G26206102,206102,,G,GOVERNMENT HOSPITAL CHENGAM,"Thiruvannamalai to Bangalore highway road, Thukkapettai, Chengam,",9841922695,33,593,"100005,100006",2026-06-12 12:20:35,12.305457,78.796435,PMJAY
HOSP19G26123077,123077,,G,Mal Sub Divisional Hospital,"PO PS- Mal, District, Jalpaiguri,",8584970422,19,314,"100001,100004,100005,100006,100012,100013,100015,100016,100017,100026",2026-06-23 20:31:20,26.869109,88.740841,PMJAY
HOSP19P26145732,145732,,P,MIDNAPORE ROTARY EYE HOSPITAL,"B-3 Burdge Town Midnapore Paschim Midnapore ,",9735773510,19,318,100013,2026-06-25 15:08:39,22.4259000000001,87.3168880000001,PMJAY
HOSP6P162069,6162069,Medical College Hospital,P,MMCMSR SADOPUR,"Ambala Chandigarh Highway,",8059931500,6,58,"100001,100002,100003,100005,100006,100008,100009,100011,100012,100013,100015,100016,100017,100018,100019,100023",2026-06-24 10:00:11,30.415113814073308,76.77973241260219,PMJAY
HOSP19G26210619,210619,,G,Pedong Rural Hospital,"Pedong Bazar,",9903705246,19,702,100005,2026-06-23 17:55:13,27.139714,88.623512,PMJAY
HOSP19P26119534,119534,,P,Jeeban Deep Nursing Home And Diagnostic Centre,"Vill- Doulatabad, P.o- Doulatabad,,P.s-Bishnupur,Dist-24 Pgs (S),,",8777377976,19,304,100006,2026-07-09 17:40:40,22.3816790000001,88.2725840000001,PMJAY
HOSP33P26247400,247400,,P,GJS Multispeciality hospital ,"No. 25/2 Kamarajar nagar main road, avadi, Thiruvallur - 600054,",9962524655,33,589,100005,2026-06-16 19:54:04,13.126919,80.103691,PMJAY
HOSP19P26114677,114677,,P,NAYAN EYE HOSPITAL,"City Tower, G.T.Road, Kumarpur, Asansol,",7797686866,19,704,100013,2026-07-02 16:46:55,23.697252,86.942288,PMJAY
HOSP19G26133228,133228,,G,PRIMARY HEALTH CENTRE MEJHIA BPHC,"MEJHIA BPHC MEJHIA BANKURA,",9474724441,19,305,"100005,100012",2026-06-23 20:40:45,23.564085,87.104746,PMJAY
HOSP19P26190577,190577,,P,BELLE VUE CLINIC,"9-10 U N Brahmachari Street ,",9831172202,19,315,"100002,100003,100015",2026-06-27 12:06:56,22.5425760000001,88.3548520000001,PMJAY
HOSP19G26298436,298436,,G,RAMPURHAT GOVERNMENT MEDICAL COLLEGE AND HOSPITAL,"Rampurhat Govt. Medical College and Hospital, Rampurhat, Birbhum ,NH-60, Hospital Para",9883125404,19,307,"100005,100006,100012,100013,100015,100016,100017,100026",2026-07-01 10:37:53,24.1889810000001,87.7931140000001,PMJAY
HOSP9P26157775,157775,,P,BITANA AND CHANDRAWATI HOSPITAL LLP,"naruli post katra bahadurganj,",9670812908,9,125,"100002,100005,100006",2026-07-29 12:33:21,27.6310100000001,81.6756020000001,PMJAY
HOSP33P26277821,277821,,P,KARAIKUDI KIDNEY AND SPECIALITY HOSPITAL,"S. No-286/41 Avudaipoigai, Trichy - Rameswaram Bypass Road T. Soorakudi, Karaikudi - 630208,",9711797689,33,585,"100004,100005,100006,100015,100023",2026-07-07 13:29:12,10.112242,78.7315,PMJAY
HOSP27P26117028,117028,,P,DESHPANDE EYE HOSPITAL AND LASER CENTER LLP,"RAJAS NIKETAN, LEFT BHUSARI COLONY , KOTHRUD PUNE,",7066432345,27,490,100013,2026-07-04 13:34:04,18.509828,73.797362,PMJAY
HOSP19P26237748,237748,,P,SANJIBAN HOSPITAL,"Sijberia,Uluberia",9831823642,19,313,"100002,100005,100006,100010,100011,100014,100015",2026-07-02 19:24:27,22.480686175311547,88.11473007879204,PMJAY
HOSP9P26207175,207175,,P,DR DEVENDRA TRAUMA AND GENERAL HOSPITAL,"CP-1/106, RADHIKA VIHAR PHASE 2,Behind highway plaza,",9837079747,9,167,"100005,100006,100012,100015",2026-06-23 15:24:16,27.493669,77.655864,PMJAY
HOSP19P26219225,219225,,P,MINIMAL ACCESS SURGERY CLINIC PVT LTD,"PADUMBASAN, WARD NO 11,",9632387387,19,317,"100001,100002,100003,100004,100005,100006,100008,100010,100012,100014,100015,100016,100017,100018,100019,100020,100022,100023,100027,10083",2026-07-14 17:11:07,22.291979750000003,87.9152805,PMJAY
HOSP19G26187289,187289,,G,NABADWIP STATE GENERAL HOSPITAL,"HIRALAL PAL ROAD,PRATAPNAGAR,NABADWIP,NADIA,",7478093483,19,320,100005,2026-06-27 21:00:20,23.4049380000001,88.3631070000001,PMJAY
HOSP7P26182832,182832,,P,NAMOKAR EYE AND OCULOPLASTY CENTRE (A UNIT OF KALOS HEALTH CARE PVT. LTD),"13A, Pocket-A Phase-3,Ashok Vihar, Delhi 110052,",9810412004,7,796,100013,2026-08-25 12:26:35,28.69506525497104,77.17940946325714,PMJAY
HOSP19P26123444,123444,,P,KINS HOSPITAL (A UNIT OF CARE and CURE),"Kins Hospital,B.M. Sarani, Sevoke More, Hill cart Raod, Siliguri,",7797647196,19,309,"100005,100015,100023",2026-06-29 18:21:22,26.715144777937468,88.42246502212896,PMJAY
HOSP19P26210432,210432,,P,RABINDRANATH TAGORE INTERNATIONAL INSTITUTE OF CARDIAC SCIENCES UNIT OF NARAYANA HRUDAYALAYA LTD,"Premises No. 1489, 124 Mukundapur, Kolkata- 700099,124 MUKUNDAPUR",9831607217,19,315,"100002,100003,100008,100015,100021,100022,100023",2026-08-15 18:30:22,22.4914450000001,88.402314,PMJAY
HOSP19P26187085,187085,,P,REVIVAL NURSING HOME,"183,3,B. B. Chatterjee Road",9830057020,19,315,"100001,100004,100005,100006,100015,100020,100026",2026-07-03 14:13:06,22.515545,88.379202,PMJAY
HOSP33P26245228,245228,,P,KC HOSPITAL,"33 RAILWAY FEEDER ROAD,,",9150699976,33,634,100015,2026-06-26 15:18:20,11.108969168586356,77.3441198054893,PMJAY
HOSP19P26197096,197096,,P,BLUE PRINT NURSING HOME DIAGNOSTIC AND POLYCLINIC,"313/1 ASHOKENAGAR, ,",9735787504,19,303,"100005,100006,100012,100015,100023",2026-06-28 20:55:45,22.8420350000001,88.6212960000001,PMJAY
HOSP19P26257788,257788,,P,LIFE LINE NURSING HOME,"ERASHAL, MATH CHANDIPUR, CHANDIPUR, ,ERASHAL, MATH CHANDIPUR, CHANDIPUR",9732601807,19,317,"100001,100004,100005,100006,100008,100012,100014,100015,100017,100018,100019,100023",2026-07-02 13:12:41,22.089842297587595,87.856870965393,PMJAY
HOSP19P26199848,199848,,P,EVES CLINIC,"14F/1A,DUM DUM ROAD",9433015009,19,315,,2026-07-02 12:43:17,22.618655,88.3921220000001,PMJAY
HOSP19G26170686,170686,,G,MONGOLKOTE RH,"mongolkote nutan hat purba bardhaman,",9002401385,19,306,100005,2026-07-03 14:18:19,23.5295180000001,87.9064490000001,PMJAY
HOSP20P153845,20153845,Hospital,P,ASG Hospital Pvt Ltd,"REGENT TOWER,OPP. AADIWASHI HOSTEL  KARAM TOLI CHOWK RANCHI  JHARKHAND ",9007210356,20,339,100013,2026-08-13 18:09:46,23.380696,85.328871,PMJAY
HOSP19P26233377,233377,,P,HEALTH OK NURSING HOME,"SELIMABAD, P.O.- BUNIADPUR, P.S.- BANSHIHARI, DIST.- DAKSHIN DINAJPUR, WB, PIN-733121,",9775925446,19,310,"100004,100005,100006,100010,100011,100012,100013,100014,100015,100016,100017,100018,100019,100023,100026",2026-06-29 17:19:47,25.403147,88.3973570000001,PMJAY
HOSP19P26104501,104501,,P,MADHAB RUMA BANKURA NURSING HOME,"157 kargahil road, kenduadihi, bankura722102,Kargahir Road",7872517906,19,305,"100005,100006,100012,100015,100016",2026-07-03 14:14:04,23.229880527356215,87.02981769051291,PMJAY
HOSP5G26234756,234756,,G,PHC TYPE A MASI," Masi  Almora,",9149120599,5,45,100005,2026-06-18 15:26:48,29.815630,79.280281,PMJAY
HOSP19P26128351,128351,,P,GREEN VIEW CLINIC AND NURSING HOME,"231/1,R.B.C. ROAD,NAIHATI,",9830512654,19,303,"100005,100006,100015,100023",2026-06-28 20:56:48,22.88593,88.4328980000001,PMJAY
HOSP19P26163928,163928,,P,SPECTRA EYE FOUNDATION,"108 Jossre Rd, Basundhara Apartment, Chowmatha,",7980304624,19,303,100013,2026-07-08 15:05:19,22.692484036103064,88.45674934953257,PMJAY
HOSP19G26119556,119556,,G,SANDELERBILL BPHC,"9 NO SANDELERBILL, KANCHANPUR,,",9123620313,19,303,100005,2026-06-27 15:16:47,22.4475,88.9695,PMJAY
HOSP19P26127538,127538,,P,RSV HOSPITAL PRIVATE LIMITED,"40 DESHPRAN SASMAL ROAD,",9830770755,19,315,"100002,100005,100006,100008,100010,100012,100014,100015,100016,100019,100022,100023,10083",2026-07-02 12:44:21,22.50305591834308,88.34478099319227,PMJAY
HOSP19P26123881,123881,,P,LIONS CLUB OF JAMALPUR WELFARE TRUST,"JAMALPUR,",9433112386,19,306,100013,2026-07-02 17:04:20,23.0666308,87.9892783,PMJAY
HOSP19G26111653,111653,,G,BARUIPUR SUB DIVISION HOSPITAL,"KULPI ROAD,",8902648533,19,304,"100001,100004,100005,100006,100010,100012,100013,100014,100015,100016,100017,100026,10083",2026-06-27 21:23:19,22.361363,88.431987,PMJAY
HOSP19P26221401,221401,,P,BENGAL NEURO AND TRAUMA CENTRE HOSPITAL,"NOAPARA , MOYNA BUS STAND , NEAR S.P OFFICE , BARASAT , KRISHNANAGAR ROAD , WB-700125,",9126041723,19,303,,2026-07-10 17:56:14,22.7377700000001,88.4824400000001,PMJAY
HOSP19P26156210,156210,,P,JOINT AND BRAIN CARE HOSPITAL,"187F/1 B.T Road, Godrej Prakriti, Sodepur,",9830171471,19,303,"100005,100006,100012,100015",2026-07-02 15:43:23,22.709187,88.369197,PMJAY
HOSP19P26110473,110473,,P,SPECTRAA EYE HOSPITAL PRIVATE LIMITED," 1st Floor, Neerala Apartment, T-186, Rajarhat Main Rd, Tegharia, Baguiati, Kolkata, West Bengal ,",8981967264,19,315,100013,2026-07-02 12:47:36,22.62159,88.4390770000001,PMJAY
HOSP36P26242959,242959,,P,SANROHI HOSPITAL,"2-1-58/3, SUBHASH GUNJ, OPP NATIONAL MART, MOHAN THEATER STREET, ZAHIRABAD,",9502855444,36,691,"100002,100003,100005,100006,100011,100012,100015,100016,100020,100023",2026-07-03 13:59:02,17.680125,77.6150430000001,PMJAY
HOSP19P26288368,288368,,P,EKBALPUR NURSING HOME PVT LTD,"9 IBRAHIM ROAD EKBALPUR,",9830051705,19,315,"100005,100006",2026-07-03 14:03:45,22.5343080000001,88.3247870000001,PMJAY
HOSP33P26187940,187940,,P,B.M HOSPITAL,"NO 2/2/65 AATHUPPATTI , MANAPPARAI ROAD , THUVARANKURICHI ,",9629112306,33,591,"100005,100006,100012,100015,100022,100023",2026-07-01 13:15:36,10.384783131665998,78.38046102634758,PMJAY
HOSP33P26100523,100523,,P,SRI BAAMA HOSPITAL,"1/2,1/3,ANNA NAGAR USILAMPATTY MAIN ROAD BATLAGUNDU,",9626242669,33,572,"100005,100006",2026-06-24 17:44:17,10.162124579376837,77.76546900000164,PMJAY
HOSP9P26214294,214294,,P,KALP HOSPITAL,"Kalu Khera,",9451707009,9,186,"100006,100015",2026-08-25 18:17:02,26.383882,80.9931780000001,PMJAY
HOSP19G26194263,194263,,G,IPGMER AND SSKM HOSPITAL,"244 AJC Bose Road ,",8910775240,19,315,"100002,100003,100005,100006,100010,100011,100012,100013,100015,100016,100017,100018,100019,100020,100021,100022,100023,100026,100028",2026-07-02 14:03:20,22.5377710000001,88.3487390000001,PMJAY
HOSP19P26100881,100881,,P,KURALI NURSHING HOME AND MATERNITY,"kurali,chhayani,baruipur,743376,",7872517077,19,304,100006,2026-07-14 17:08:53,22.342269,88.6084680000001,PMJAY
HOSP19G26165867,165867,,G,SANDESHKHALI RH,"Sandeshkhali RH,Near Khulna bazar",8967090060,19,303,100005,2026-06-27 21:02:24,22.350019,88.9068290000001,PMJAY
HOSP19P26221717,221717,,P,NAIHATI HEALTH CARE INSTITUTE,"252,R.B.C, Naihati,Po-Garifa,Ps-Naihati,",9433047848,19,303,"100002,100005,100006,100012,100013,100015",2026-07-08 15:24:37,22.8977820000001,88.4190310000001,PMJAY
HOSP19G26215325,215325,,G,RANAGHAT SUB DIVISIONAL HOSPITAL,"Jagpur Road,RANAGHAT, NADIA",8250543454,19,320,"100005,100006,100012,100013,100015,100016,100017",2026-07-01 13:30:37,23.1670796,88.5532709,PMJAY
HOSP19G26287652,287652,,G,DARJEELING DISTRICT HOSPITAL,"Darjeeling Compound , 20 Bazar Cart Road. Darjeeling,",9064350847,19,309,"100005,100006,100008,100009,100010,100012,100013,100015",2026-06-25 16:41:25,27.039966240293367,88.2651703177911,PMJAY
HOSP24P72841,2472841,Hospital,P,STERLING CANCER HOSPITAL,"OPP WAVES CLUB , NEAR BRIGHT SCHOOL , BHAYLI ,",9712977611,24,461,"100008,100021,100022",2026-08-20 12:16:18,22.284994,73.129917,PMJAY
HOSP19P26188134,188134,,P,APEX INSTITUTE OF MEDICAL SCIENCES,"1219, Survey Park, Santoshpur, Kolkata - 700075,",7044080816,19,315,"100005,100006,100008,100012,100014,100015,100018,100019,100023,10083",2026-08-15 18:25:08,22.487600322946008,88.39387383517283,PMJAY
HOSP33P26236169,236169,,P,SURIYAN HOSPITAL TIRUVANNAMALAI TN,"NO.9B, Gandhi Nagar, 5th Street,Tiruvannamalai TK , DT 606601,",7708311567,33,593,100005,2026-06-27 14:39:42,12.232291,79.0709150000001,PMJAY
HOSP19G26201120,201120,,G,GHOSHPUR RH,"ghoshpur RH,KALINAGAR",9564310240,19,303,10083,2026-06-27 15:23:50,22.449153,88.8696650000001,PMJAY
HOSP19G26174647,174647,,G,NIL RATAN SIRCAR MEDICAL COLLEGE,"138 A. J. C. BOSE ROAD, KOLKATA,",9830621012,19,315,"100002,100003,100005,100006,100011,100012,100013,100015,100017,100018,100019,100021,100023,100028",2026-07-15 14:05:13,22.564479000000105,88.36867300000017,PMJAY
HOSP33P26131995,131995,,P,DR SATHIANESANS HOSPITAL THENI,"Bus Stand opp,main road,theni,",9994562307,33,588,"100005,100006,100015",2026-06-27 14:26:38,9.84229700000003,77.380095,PMJAY
HOSP33P26245498,245498,,P,AMUDHAM HOSPITAL,"NO 1/1A, THANDARAMPET MAIN ROAD, TIRUVANNAMALAI,",9087999111,33,593,"100005,100015",2026-07-01 13:19:12,12.2171,79.0597,PMJAY
HOSP19P26279523,279523,,P,KISHOLOY CHILDRENS HOSPITAL,"69, G.T ROAD,KANAINATSHAL,SRIPALLY,",9830016818,19,306,"100010,100012,100017",2026-07-08 16:06:40,23.2239070000001,87.8809630000001,PMJAY
HOSP19P26176638,176638,,P,KOLKATA HEART LUNG CENTER AND RESEARCH INSTITUTE PVT. LTD.,"1400, SURVEY PARK, KOLKATA - 700075,",9903203724,19,315,"100002,100003,100004,100005,100006,100015,100026,10083",2026-08-15 18:47:10,22.495615658332838,88.39587572038852,PMJAY
HOSP19G26289332,289332,,G,PRIMARY HEALTH CENTRE DAKSHIN DAMODARPUR,"DK. DAMODARPUR, NANDAKUMAR, PURBA MEDINIPUR,",9635133218,19,317,"100004,100005,100010,100012",2026-06-29 15:03:25,22.212458,87.8757150000001,PMJAY
HOSP19G26220966,220966,,G,MINAKHAN RH,"Minakhan Rural Hospital,Minakhan",8637377033,19,303,100017,2026-06-27 10:35:26,22.4972338193775,88.72941860455467,PMJAY
HOSP19G26152393,152393,,G,KULPI BPHC,"Kulpi rural hospital,",7980519110,19,304,"100005,100010,100012",2026-06-27 15:11:57,22.081506667120742,88.24790227369142,PMJAY
HOSP19P26275922,275922,,P,SUNAYAN ADVANCED EYE INSTITUTE,"Station Road, Vill-Salgechia,PS-Tamluk,Dist-Purba Medinipur,WB,721636,",9433149680,19,317,100013,2026-08-05 15:35:04,22.27823575070809,87.92339300000077,PMJAY
HOSP33P26117799,117799,,P,SSS HEALTHCARE INDIA PRIVATE LIMITED ERODE TN,"167/2c1,perundurai road, erode,",9942588288,33,573,"100002,100004,100005,100006,100015,100020,100023",2026-07-01 11:25:17,11.325321027350569,77.68948020673167,PMJAY
HOSP19G26232907,232907,,G,COMMUNITY HEALTH CENTRE HARIHARPUR BPHC,"Hariharpur Baruipur,",8013030949,19,304,100005,2026-07-06 20:35:21,22.39199469726796,88.4312222520183,PMJAY
HOSP19G26147279,147279,,G,M R BANGUR HOSPITAL,"249 D P S Road,D. P. S. ROAD, TOLLYGUNGE",8240832513,19,304,"100001,100004,100005,100006,100008,100009,100010,100012,100013,100014,100015,100016,100017,100019,10083",2026-07-04 11:58:53,22.499459879269637,88.34611318383884,PMJAY
HOSP19P26104148,104148,,P,BERHAMPORE HEALTH CARE,"NH-12, CHUANPUR, CHALTIA,",9933164704,19,319,"100005,100006,100012,100014,100015",2026-07-03 14:08:33,24.0627430000001,88.300391,PMJAY
HOSP19P26179988,179988,,P,MANIPAL HOSPITAL BROADWAY UNIT OF MANIPAL HOSPITALS EAST INDIA PVT. LTD,"JC 16-17 , SALTLAKE , KOL , PO- BIDHANNAGAR IB MKT, PS - BIDHANNAGAR (S) DIST- 24 PGS(N) 700106,",7076766957,19,303,"100002,100003,100008,100022",2026-08-19 18:41:31,22.568321,88.4117170000001,PMJAY
HOSP19G26171983,171983,,G,SALT LAKE SD HOSPITAL,"DD-36, Bidhan Nagar, Salt Lake, Sec- I, Pin 700064,",9038174243,19,303,100005,2026-07-03 14:21:20,22.5893380000001,88.4090110000001,PMJAY
HOSP19P26182075,182075,,P,TERESA INSTITUTE OF MEDICAL SCIENCE HOSPITAL PVT.LTD,"26NO ROAD,CHAMPADANGA,KALITALA,",9734591656,19,312,"100001,100004,100005,100006,100008,100012,100015,100017,100023,10083",2026-07-02 12:17:03,22.832907662177362,87.98235197906769,PMJAY
HOSP33P26127663,127663,,P,RITHEESH HOSPITAL SATHYAMANGALAM ERODE TN," 113/28,SRN LANE,VIP NAGAR,RANGASAMUTHIRAM,SATHYAMANGALAM , SATHYAMANGALAM , Erode ,,",9842575821,33,573,100005,2026-07-02 14:48:13,11.500164865555135,77.24807573206209,PMJAY
HOSP33P26242258,242258,,P,KAVIN DIALYSIS CENTER,"181 KAMBAR STREET VANIYAMBADI ,",9943261590,33,732,100005,2026-07-08 16:31:21,12.6525280000001,78.6928720000001,PMJAY
HOSP19P26181685,181685,,P,OSG LAPAROSCOPY HOSPITAL AND DIAGNOSTIC CENTRE PVT LTD,"WARD 2, DALALUYA, EGRA, CONTAI ROAD 721429,",8895222263,19,317,"100004,100005,100006,100008,100012,100014,100015,100016,100018,100019,100023",2026-07-24 15:58:52,21.888583,87.5464700000001,PMJAY
HOSP8P26105759,105759,,P,UM CANCER CARE AND RESEARCH CENTER PVT LTD,"A1 TO A4 KHASARA NO 52,53 GRAM MAHAPURA URF KUKAR KHERA SIKAR ROAD JAIPUR,",9784522618,8,102,100008,2026-08-05 15:33:32,26.9756820000001,75.7719450000001,PMJAY
HOSP33P26149563,149563,,P,ABIRAMI HOSPITAL,"27/33,NARASIMMAPURAM",9894995997,33,576,100012,2026-07-02 14:51:27,10.953204549349735,78.07421826312907,PMJAY
HOSP19P26235187,235187,,P,SUSRUT EYE FOUNDATION AND RESEARCH CENTRE,"25/1 KALIKAPUR ROAD, BERHAMPORE, MURSHIDABAD, PIN-742101,25/1 KALIKAPUR ROAD",9830333451,19,319,100013,2026-08-05 15:31:10,24.091144,88.245616,PMJAY
HOSP19P26119457,119457,,P,MAHARAJA AGRASEN HEALTH CARE CENTER,"FULBARI TRUCK TERMINUS, WEST DHANTALA,",7365065260,19,314,"100002,100005,100006,100011,100012,100015,100023",2026-07-14 10:45:02,26.6522860000001,88.4175240000001,PMJAY
HOSP19G26119223,119223,,G,CHANDI DOULATABAD BPHC,"Dakshin Gouripur,",8981517278,19,304,100005,2026-07-09 16:17:05,22.3816790000001,88.2725840000001,PMJAY
HOSP33P26202843,202843,,P,HINDU MISSION HEALTH SERVICES,"100 fEET rOAD ,100 Feet Road",9444089284,33,568,100005,2026-07-04 12:45:10,12.978865045185628,80.18469878271111,PMJAY
HOSP9P83958,983958,Hospital,P,APOLLO SPECTRA HOSPITALS,"14/138 near BNSD college chunniganj kanpur nagar,CHUNNIGANJ",9935039304,9,157,"100006,100015,100020",2026-07-20 15:02:22,26.477834,80.337359,PMJAY
HOSP33P26296120,296120,,P,NANDHA MEDICAL COLLEGE AND HOSPITAL ERODE TN,"ERODE PERUNDURAI MAIN ROAD,PITCHANDAMPALAYAM POST,ERODE,",9443545711,33,573,"100002,100005,100006,100012",2026-07-04 16:21:58,11.29344,77.6267700000001,PMJAY
HOSP19G26251089,251089,,G,GARDENREACH STATE GENERAL HOSPITAL,"Z/3, DR.A.K ROAD ,",7044323240,19,304,"100004,100005,100006,100012,100013,100015,100017",2026-07-08 14:51:19,22.4361480000001,88.2918980000001,PMJAY
HOSP19P26125877,125877,,P,LORDS HEALTH CARE (NURSING HOME) A UNIT OF MJJ ENTERPRISES PVT LTD,"13/3,CIRCULAR 2ND BYE LANE,SHIBPUR,Kona express way shibpur",9830057449,19,313,"100005,100006,100017",2026-07-30 11:49:06,22.567339,88.309521,PMJAY
HOSP33P26259551,259551,,P,DR KUMARS HEALTHCARE PVT,"35/18, 1st MAIN ROAD, NEW COLONY, CHROMPET, CHENNAI,",9444046115,33,730,100015,2026-07-20 13:23:50,12.951630699999995,80.13377539999999,PMJAY
HOSP19G26137442,137442,,G,OODLABARI RH,"Oodlabari Hospital Campus,Post Manabari, Mal Block, Jalpaiguri",9674585111,19,314,100005,2026-07-06 20:36:19,26.864369433,88.6260572024,PMJAY
HOSP19P26210318,210318,,P,RAMKRISHNA IVF CENTRE,"Ramkrishna IVF centre,Ashram Para",9748782474,19,309,100012,2026-07-28 12:26:39,26.7183410000001,88.42958,PMJAY
HOSP19G26158678,158678,,G,COLLEGE OF MEDICINE SAGORE DUTTA HOSPITAL,"578 B T Road, Kamarhati, Kolkata,",9674915344,19,303,"100004,100005,100006,100009,100010,100012,100013,100015,100016,100017,100021",2026-07-08 14:58:00,22.6754836,88.3741285,PMJAY
HOSP19G26121974,121974,,G,GITDUBLING PHC,"Lower Pochok,Gitdabling, Gitdabling,,Gitdubling DIF ",9903705246,19,702,100005,2026-07-14 16:43:35,27.04963796789147,88.57162407910869,PMJAY
HOSP33P26198839,198839,,P,MK MULTISPECIALITY HOSPITAL MEDICAL ,"No.1/391, Santhur main road, Thiruvayalur, Puliyampatti, Pochampalli, Krishnagiri ,",9894133183,33,577,"100001,100004,100005,100006,100015,100020",2026-08-18 14:06:00,12.337291,78.3639022,PMJAY
HOSP19P26295615,295615,,P,MA SARADA HOSPITAL PVT. LTD.,"160 , G.T. ROAD, KONNAGAR, HOOGHLY,",9830784211,19,312,"100004,100005,100012,100015,100026",2026-07-14 17:41:59,22.6943680000001,88.3578210000001,PMJAY
HOSP19P26257209,257209,,P,MATRI SEVA NURSING HOME,"KALIKATALA,JIBANTALA,743329,",9735688583,19,304,"100006,100015",2026-07-23 11:09:26,22.312149,88.6679470000001,PMJAY
HOSP19G26100499,100499,,G,GOKARNA PRIMARY HEALTH CENTRE,"GOKARNA, HARIRAMPUR,",9735092772,19,310,100005,2026-07-08 16:57:55,25.387324621375356,88.21861643921295,PMJAY
HOSP19G26133183,133183,,G,PRIMARY HEALTH CENTRE INDRAPALA,"Indrapala, Sikharbali-2 GP, Baruipur, South 24 Parganas, PIN-743610,",9748059206,19,304,100005,2026-07-09 16:15:32,22.327443242303843,88.41667481273424,PMJAY
HOSP33P26199734,199734,,P,SRI KAUVERY MEDICAL CARE (INDIA) LIMITED,"NO 7C, ALEXANDRIA ROAD, CANTONMENT,",9994394704,33,591,100021,2026-08-13 11:27:13,10.8023710000001,78.682105,PMJAY
HOSP19G26203398,203398,,G,PANCHAL PHC,"Aralkola, Panchal, Sonamukhi Bankura,",9749808492,19,305,100005,2026-07-10 12:18:53,23.2351330000001,87.2909250000001,PMJAY
HOSP19G26243419,243419,,G,PRIMARY HEALTH CENTRE PANCHGACHIA,"Panchgachia, PO-Gocharan, Nabagram GP, Baruipur, South 24 Parganas,",9748059206,19,304,100005,2026-07-09 16:20:22,22.28334868392676,88.4551982247466,PMJAY
HOSP9P26159830,159830,,P,SHYAM EYE CARE CENTRE,"NEAR ABHA ULTRASOUND PATEL NAGAR KALPI ROAD,",9721158158,9,151,100013,2026-07-22 18:28:44,26.005260400332602,79.47005293613239,PMJAY
HOSP19P26286294,286294,,P,MIDWEST HOSPITAL AND MEDICAL INSTITUTE PVT. LTD,"213(110), APCARGARDEN, G.T.ROAD, BHAGAT SINGH MORE, ASANSOL, PIN-713304,",7003517530,19,704,"100001,100002,100004,100005,100006,100008,100010,100012,100015,100016,100017,100021,100023,100026",2026-08-24 12:31:24,23.694056,86.9519230000001,PMJAY
HOSP33P26166950,166950,,P,VASAN EYE CARE HOSPITAL,"80 Feet Road, Bangalore Bye Pass Road, Vaishnavi Nagar, Hosur - 635109 State Code  Tamilnadu,,",9623362940,33,577,100013,2026-07-21 16:15:47,12.741436,77.8188160000001,PMJAY
HOSP33P26208065,208065,,P,KEWALCHAND MOHANABAI DAGA DIALYSIS CENTRE,"No 3 Taylors Estate 2nd street Kodambakkam chennai 24,",9884240001,33,568,100005,2026-08-13 11:29:32,13.053707161308381,80.22559646557477,PMJAY
HOSP33P26139720,139720,,P,ANCHI BAI HEMARAJ KATARIYA DIALYSIS CENTRE,"NO 41/33 WALTKINS STREET, PERAMBUR CHENNAI,",6374814779,33,568,100005,2026-08-13 13:19:34,13.112228556986139,80.24270322236708,PMJAY
HOSP19G26183735,183735,,G,Chittaranjan Seva Sadan College of Obstetrics Gyanecology and Child Health,"37 Shyama Prasad Mukherjee Road,Kolkata- 700026",9163203263,19,315,"100012,100017",2026-07-20 09:46:02,22.526263202478077,88.34643750014334,PMJAY
HOSP33P26178240,178240,,P,BHARATHI INFINITY HOSPITAL,"19/28, Ilandaikulam, Madurai to Trichy Highways,",8056771454,33,578,"100002,100006,100022",2026-08-18 14:14:41,9.95328400000005,78.186337,PMJAY
HOSP24G26158562,158562,,G,PHC VIRPUR,"At-Virpur,Ta-Idar,Dist-Sabarkantha 383230,",9978492230,24,458,100005,2026-08-10 16:33:09,23.781916,72.9438610000001,PMJAY
HOSP19G26283453,283453,,G,CALCUTTA NATIONAL MEDICAL COLLEGE HOSPITAL,"24 Gora Chand Road,",9830093637,19,315,"100001,100002,100004,100005,100006,100009,100010,100011,100012,100013,100015,100016,100017,100018,100019,100023",2026-07-23 12:58:01,22.5468520000001,88.3701570000001,PMJAY
HOSP33P26140413,140413,,P,VASAN EYE CARE HOSPITAL,"No.3, Commercial Building, 80 Ft Road, Vaigai Colony, Anna Nagar, Madurai, Tamilnadu - 625020,",9884122262,33,578,100013,2026-08-18 14:16:16,9.91843900000003,78.14892,PMJAY
HOSP33P26145720,145720,,P,SANKARA EYE HOSPITAL KRISHNANKOIL,"S.No 1348 Eye Hospital, Rural Medical Trust, Krishnankovil, Kunnur 626190,",9443899176,33,597,100013,2026-08-13 11:34:10,9.56206300000002,77.6836660000001,PMJAY
HOSP24G26261035,261035,,G,PRIMARY HEALTH CENTRE ARODA,"NEAR SCHOOL AT PO ARODA ,",8128143486,24,458,100005,2026-08-10 12:20:19,23.750999603725745,72.89801911130641,PMJAY
HOSP19P26201949,201949,,P,LIONS CLUB OF ASANSOL EAST EYE HOSPITAL AND RESEARCH TRUST,"Senraleigh Road , Kanyapur 713304,",6294136269,19,704,100013,2026-08-09 13:43:39,23.716715290447638,86.95270013724041,PMJAY
HOSP19P126103,19126103,Hospital,P,BMRC HOSPITALS LTD,"6/6 B.T. ROAD, TALPUKUR,",8017527600,19,315,"100002,100003,100004,100005,100006,100007,100011,100012,100014,100015,100019,100020,100023",2026-08-21 13:45:10,22.749185,88.372544,PMJAY
HOSP19P126362,19126362,Hospital,P,KASTURI MEDICAL CENTRE PVT LTD,"5 DIAMOND HARBOUR ROAD 3A BUS STAND JOKA ,",9831067641,19,315,"100002,100003,100004,100005,100006,100008,100010,100011,100012,100013,100014,100015,100016,100017,100019,100020,100022,100023,100026,10083",2026-08-15 18:31:31,22.455678,88.3045050000001,PMJAY
HOSP27G26264561,264561,,G,PRIMARY HEALTH CENTRE LAMJANA,"LAMJANA,",8830858563,27,481,"100004,100005,100006,100012,100020,100026,10083",2026-08-11 13:06:58,18.2466820000001,76.497056,PMJAY
HOSP19P144335,19144335,Hospital,P,PRIYAMVADA BIRLA ARAVIND EYE HOSPITAL,"10, U.N. BRAHAMACHARI STREET,",9831667733,19,315,"100013,100028",2026-08-15 18:29:06,22.542457,88.355381,PMJAY
HOSP19P26134386,134386,,P,HOPE NURSING HOME,"A/88 NSB ROAD (EAST),",9836469324,19,704,"100005,100006,100012,100016",2026-08-21 20:35:34,23.6307,87.1154960000001,PMJAY
HOSP19P128051,19128051,Hospital,P,Charnock Hospitals Private Limited,"BMC-195, Teghoria, Biswa Bangla Sarani,",9831535223,19,303,"100002,100003,100006,100011,100012,100015,100023",2026-08-19 18:39:08,22.625795,88.435131,PMJAY
HOSP19P201404,19201404,Hospital,P,The Calcutta Medical Research Institute,"7/2 D H Road, Alipore, Kolkata-700027,",9836437666,19,315,"100002,100004,100005,100006,100007,100008,100010,100011,100012,100013,100014,100015,100016,100017,100018,100019,100022,100023,100026,100028",2026-08-11 18:28:14,22.532274,88.327643,PMJAY
HOSP19P143917,19143917,Hospital,P,HCG EKO CANCER CENTRE,"ACTION AREA 1D PLOT NO DG 4 NEWTOWN,",7042828200,19,303,"100005,100006,100008,100014,100019,100021,100022,100028,10083",2026-08-19 18:40:44,22.579615,88.477729,PMJAY
HOSP19P26298422,298422,,P,ALL ASIA MEDICAL INSTITUTE,"8b Garcha 1st Lane,Gariahat Pantaloons",9836947722,19,315,"100001,100003,100004,100005,100006,100007,100008,100009,100011,100012,100014,100015,100016,100017,100018,100019,100020,100022,100023,100026,100027,100028,10083",2026-08-21 19:49:04,22.524204000000125,88.36180000000013,PMJAY
HOSP19P200552,19200552,Hospital,P,GALAXY MULTISPECIALITY HOSPITAL,"EAST RABINDRAPALLY, NEAR WIRELESS MORE, KALYANI EXPRESS WAY,BARRACKPORE",7595032210,19,303,"100001,100002,100004,100005,100006,100007,100010,100011,100012,100014,100015,100016,100017,100018,100019,100020,100023,100026",2026-08-19 18:51:19,22.762004,88.430396,PMJAY
HOSP19P26241774,241774,,P,WOODLANDS MULTISPECIALITY HOSPITAL LTD,"8/5 ALIPORE ROAD,",9831079388,19,315,,2026-08-20 21:39:50,22.532316,88.328921,PMJAY
HOSP19P211584,19211584,Hospital,P,GALAXY SUPERSPECIALITY HOSPITAL,"ROYAL PARK, WIRELESS MORE, BARRACKPORE,",9836737231,19,303,"100001,100002,100003,100004,100005,100006,100007,100008,100010,100011,100012,100014,100015,100016,100017,100019,100020,100023,100026",2026-08-19 18:53:19,22.761275,88.390570,PMJAY
HOSP19P26195383,195383,,P,APOLLO MULTISPECIALITY HOSPITAL KOLKATA ONCOLOGY UNIT,"58, Canal Circular Road, ,",9804000219,19,315,"100008,100021",2026-08-15 18:46:17,22.57480516012414,88.40141320151821,PMJAY
HOSP19P146225,19146225,Hospital,P,Fortis Hospitals Limited,"Fortis Hospital,730 Anandapur EM Bypass Road",8585030300,19,315,"100002,100003",2026-08-21 19:51:34,22.520374,88.401013,PMJAY
HOSP19P26117637,117637,,P,MANIPALHOSPITAL MUKUNDAPUR,"223 Barakhola Lane ,",9831567739,19,315,100003,2026-08-21 19:50:38,22.49379293575491,88.40209664530437,PMJAY
