Facility_ID,Hospital_ID,Hospital_Type,Hospital_Type_Code,Hospital_Name,Address,Hospital_Contact,State_Code,District_Code,Speciality_Code,Emplaned_Date,Hospital_Latitude,Hospital_Longitude,SchemeCode
HOSP27P26102035,102035,Hospital,P,SONUNE HEART AND CHILD CARE HOSPITAL,"63A, Wankhede Lay out,Nr. Laddad Hospital",9599702039,27,472,"100002,100006,100017",2026-01-14 11:41:27,20.535713128753628,76.17345863797175,PMJAY
HOSP27P26102404,102404,Hospital,P,JAGDALE MAMA HOSPITAL BARSHI,"SHIVAJI NAGAR, BARSHI,",7588507423,27,496,"100002,100003,100005,100006,100010,100011,100015,100016,100017,100020,100023",2026-01-23 16:26:55,18.228984,75.684178,PMJAY
HOSP27P26103365,103365,Hospital,P,SHINGOTE MULTISPECILITY HOSPITAL PRASUTIGRUHA,"BODAKE NAGAR,",8208216068,27,490,"100002,100004,100005,100006,100008,100010,100011,100012,100015,100017,100018,100020,100022,100023,100026",2026-01-20 10:47:33,19.204837581750823,73.86944374550905,PMJAY
HOSP27G25104172,104172,Hospital,G,"RURAL HOSPITAL CHANDOLI, ","RURAL HOSPITAL CHANDOLI, NEAR GOVT ITI COLLEGE, CHANDOLI, TAL KHED, DIST PUNE PIN 410505,",9967410010,27,490,"100005,100006,100012,100013,100015,100020,100026",2025-12-30 10:40:12,18.845738,73.8783480000001,PMJAY
HOSP27P26104354,104354,Daycare Centre,P,ISHA EYE CARE PRIVATE LIMITED,"B Wing, First Floor, Dev Corpora, 112-114, near Cadboury Junction, Thane West, Thane, Maharashtra 40,",8657925028,27,497,100013,2026-01-08 10:25:10,19.2032170000001,72.9688990000001,PMJAY
HOSP27P26104633,104633,Hospital,P,PARAS HOSPITAL ORTHOPEDIC TRAUMA AND JOINT REPLACEMENT CENTER SANGLI,"Plot no 7, Garpir Chowk,Near Tekke Eye Hospital sangli,",9579137779,27,493,100020,2026-01-27 18:57:06,16.8608560000001,74.5665030000001,PMJAY
HOSP27P26104695,104695,Hospital,P,DR.RIZWANS APEX SUPERSPECIALITY HOSPITAL  RESEARCH CENTER,"Plot No. 01 and 06 opp Galaxy Panache, Yamini Nagar ,Vijapur Road Solapur,",9916930999,27,496,"100002,100003,100004,100005,100006,100012,100015,100019,100020,100023,100026",2026-01-20 17:01:16,20.0174510000001,73.8267930000001,PMJAY
HOSP27G25105347,105347,Hospital,G,PCMC NEW BHOSARI HOSPITAL UCHC,"New Bhosari Hospital Gulve Vasti Bhosari, ",8888844246,27,490,"100005,100012,100013,100017",2025-12-30 11:12:02,18.620439032234387,73.84749138223589,PMJAY
HOSP27P26105854,105854,Hospital,P,PIONEER HOSPITAL,"SR.NO 349,350,351, DIAMOND COMMERCIAL COMPLEX, SOMATANE PHATA MAWAL,",9850718963,27,490,"100001,100002,100003,100004,100005,100006,100007,100010,100011,100012,100013,100014,100015,100017,100018,100019,100020,100023,100026",2026-01-17 13:55:25,18.72121,73.6874930000001,PMJAY
HOSP27P26106498,106498,Standalone Dialysis Centre,P,Devdikar Medical Centre,"sahakar nagar akluj,",9168492229,27,496,100005,2026-01-20 16:25:06,17.885475,75.017706,PMJAY
HOSP10P25107436,107436,Hospital,P,PANCHSHILA HOSPITAL,"E-98, P C COLONY KANKARBAGH,",8789591387,10,212,"100005,100006,100015,100020",2025-12-08 12:11:23,25.591822471479517,85.15396325183326,PMJAY
HOSP27G26108325,108325,Hospital,G,RURAL HOSPITAL LANJA,"AT POST LANJA ,NEAR PANCHAYAT SAMITI LANJA",8484891581,27,492,100005,2026-03-25 10:30:21,16.857494,73.537244,PMJAY
HOSP27P26109485,109485,Hospital,P,KHAVTE ACCIDENT AND ORTHOPEDIC HOSPITAL DAUND,"LINGALI ROAD NEAR NEW COURT DAUND,",9730504453,27,490,"100004,100005,100006,100014,100015,100019,100020",2026-01-19 17:50:58,18.4574860000001,74.586887,PMJAY
HOSP27P26109655,109655,Hospital,P,CHINTAMANI HOSPITAL,"1st floor kohinoor complex, bazarperth, above HDFC bank,",7276551313,27,497,"100001,100002,100003,100004,100005,100006,100008,100011,100012,100014,100015,100017,100018,100019,100020,100022,100023,100026",2026-01-17 10:53:54,19.364759129187547,73.17128018686668,PMJAY
HOSP27P26111622,111622,Hospital,P,ALDAR HOSPITAL,"YERANDE COMPLEX INFRONT OF RAILWAY STATION SANGOLA,Stn.. road sangola",9029044009,27,496,"100017,100018",2026-01-09 10:51:02,17.546276,75.1409320000001,PMJAY
HOSP27P26111797,111797,Hospital,P,AJANTA SUPERSPECIALITY HOSPITAL,"PLOT NO 15, C SECTOR, CIDCO, NEAR HUDCO CORNER, AJANTA ROAD, AURANGABAD,",9960336003,27,469,"100002,100004,100005,100006,100014,100015,100020,100026",2026-01-08 17:43:20,19.890907,75.36114,PMJAY
HOSP27P26113167,113167,Hospital,P,siddhikrupa hospital chikhali ,"near gopal tokij  khandala road chikhali ,",9689121234,27,472,100017,2026-01-22 10:52:05,20.34394289611025,76.25635095776386,PMJAY
HOSP27P26114812,114812,Hospital,P,MAGDUM MULTISPECIALTY HOSPITAL SANGLI,"Sawant plot, Garpir chouk, Near Civil hospital, Sangli,",9422515090,27,493,"100005,100006,100011,100012,100015,100018,100020,100023,100027",2026-01-19 16:42:16,16.8496930000001,74.5768400000001,PMJAY
HOSP27G25115583,115583,Hospital,G,RURAL HOSPITAL PALUS,"MIDC road A/P Palus,",8668273846,27,493,100012,2025-12-30 10:13:16,17.0907330000001,74.4573580000001,PMJAY
HOSP27P26115753,115753,Hospital,P,DR.B.D.AHIRRAO MEMORIAL HOSPITAL ,"Dhule Road,Sakri ,Tal Sakri Dist Dhule ,",9423494647,27,474,"100005,100006,100010,100012,100015,100017,100020,100023,100026",2026-01-17 18:16:59,20.99385118726478,74.31964821332951,PMJAY
HOSP1G16195,116195,Hospital,G,block Manjakote,phc manjakote ,6006011422,1,12,,,33.313741,74.856559,PMJAY
HOSP27P26116748,116748,Hospital,P,WALVEKAR HOSPITAL SANGLI,"walvekar hopital, 6th lane behind garpir darga, near civil hospital sangli,",9822538610,27,493,"100005,100006,100014,100015,100020,100022,100023",2026-01-20 11:57:54,16.8500030000001,74.5735440000001,PMJAY
HOSP27P26118155,118155,Hospital,P,YASHSHREE HOSPITAL,"1096 MARKET YARD,nh65",9421062973,27,496,"100001,100004,100005,100008,100010,100014,100015,100017,100018,100020,100023,100026",2026-01-20 17:09:11,18.024911,75.201509,PMJAY
HOSP27P26124797,124797,Hospital,P,Mehta Hospital,"Bhigwan Road Baramati,",9404699999,27,490,"100002,100004,100005,100012,100019,100020,100023,100026",2026-01-19 12:48:09,18.163215,74.5876420000001,PMJAY
HOSP27P26124852,124852,Hospital,P,Unity Super Multispeciality Hospital,"near bus stand ,Pune Pandharpur Road Natepute",8378992406,27,496,"100004,100005,100006,100011,100012,100014,100015,100020,100026",2026-01-20 16:33:22,17.959342,74.6949010000001,PMJAY
HOSP27P26125046,125046,Hospital,P,AKLUJ MULTISPECIALITY HOSPITAL,"NEAR BY MARKET YARD,",8805975345,27,496,"100001,100002,100004,100005,100006,100012,100014,100015,100016,100017,100023,100026",2026-01-09 11:18:36,17.8885240000001,75.018874,PMJAY
HOSP1G27501,127501,Hospital,G,CHC Thanamandi,chc thanamandi,9622325186,1,12,,,33.539321,74.369191,PMJAY
HOSP27P26128157,128157,Hospital,P,Criticare Centre And Multispeciality Hospital,"Jalamb Naka,Khamgaon",9422363362,27,472,"100002,100005",2026-01-13 18:47:12,20.8158520000001,76.5886140000001,PMJAY
HOSP27P26128808,128808,Hospital,P,Anil Eye Hospital,"the Signature ganesh mandir road, Opp Dedhia Bhavan Dombivli East,ganesh mandir road",9821887716,27,497,100013,2026-02-05 17:58:13,19.201676586876303,73.10771771276313,PMJAY
HOSP27G25129224,129224,Hospital,G,RH NESARI,"NESARI,",9822855168,27,480,"100006,100012",2025-12-29 16:27:00,16.056092,74.3277150000001,PMJAY
HOSP27P26129345,129345,Hospital,P,SAI HOSPITAL KHAMGAON,"JALAMB RD ,CHANDE COLONY ,NR NANA NANI PARK, KHAMGAON,",9970104122,27,472,"100002,100005,100006,100010,100012,100015,100017",2026-01-14 12:47:31,20.719660412259827,76.5651460641979,PMJAY
HOSP27P26130294,130294,Hospital,P,PRAKRUTI BALRUGNALAYA,"SHIVAJI NAGAR (MAHENDRA NAGAR), KARMALA,TAL-KARMALA, DIST-SOLAPUR",9423067175,27,496,100017,2026-01-17 17:40:36,18.4029618493082,75.19279001248083,PMJAY
HOSP27G25130309,130309,Hospital,G,ULHASNAGAR MUNICIPAL CORPORATION SUPER SPECIALTY HOSPITAL,"Regency Antilia, Road, Shahad, Murbad, Ulhasnagar, Maharashtra 421103,",9325959115,27,497,"100001,100002,100003,100004,100005,100006,100007,100008,100009,100010,100011,100012,100013,100014,100015,100016,100017,100018,100019,100020,100021,100022,100023,100026,100027,100028",2025-12-30 10:29:09,19.246704078193304,73.17214304270595,PMJAY
HOSP27G25131337,131337,Hospital,G,KAMLA NEHRU HOSPITAL,"MANGALWAR PETH PUNE,",9960013908,27,490,"100002,100005,100006,100010,100012,100013,100015,100016,100017,100018,100019,100020,100023,100026",2025-12-30 10:42:00,18.5229400000001,73.8619880000001,PMJAY
HOSP27P26131745,131745,Hospital,P,DHANWE HOSPITAL CHIKHALI,"Chikhali Jalna Road,Behind Bus stand",9822690425,27,472,"100004,100006,100010,100011,100015,100017,100018,100019,100020,100023,100026",2026-01-14 12:14:47,20.344720728959672,76.26340326903323,PMJAY
HOSP9P26132044,132044,Hospital,P,AHUJA HOSPITAL,"J/COM 12 KESHAVPURAM KALYANPUR KANPUR,",7985280741,9,157,"100005,100006,100011,100012,100015,100016,100017,100023",2026-01-22 16:28:00,26.496701,80.268586,PMJAY
HOSP9P26132274,132274,Hospital,P,SANFORD HOSPITAL,"1096 SECTOR 2 SHASTRI NAGAR MEERUT, ",7906883293,9,169,"100005,100006,100012,100015",2026-01-16 18:26:28,28.959005,77.728098,PMJAY
HOSP27P26133103,133103,Hospital,P,Hardev Hospital ,"Baliram Plaza Near Mayur Hotel Agasan Road Diva East,",9820647666,27,497,"100005,100006,100008",2026-01-29 10:30:17,19.18434679352478,73.02240064131959,PMJAY
HOSP27P26133178,133178,Hospital,P,SWARAASHI NETRALAYA THANE,"Priyadarshini Apt,Mahatma phule road",9892657656,27,497,100013,2026-02-03 18:33:53,19.188033,72.971200,PMJAY
HOSP27G25134341,134341,Hospital,G,RH GOVELI,"RURAL HOSPITAL GOVELI AT POST RAYTE TALUKA KALYAN DIST. THANE ,",7738064282,27,497,"100005,100012,100013,100017",2025-12-30 12:00:02,19.26588498609442,73.23885413736554,PMJAY
HOSP27P26138570,138570,Hospital,P,SAMARTH HOSPITAL PANDHARPUR,"Opp. Vitthal Rukmini Bhakti Niwas Pandharpur,",9820904252,27,496,"100015,100020",2026-01-20 12:17:31,17.8056580000001,75.2494760000001,PMJAY
HOSP27P26149555,149555,Hospital,P,MAULI HOSPITAL,"TRIMBAKDAS NAGAR PAITHAN,",9890553951,27,469,"100002,100005,100006,100008,100011,100012,100013,100014,100015,100017,100020,100023,100026",2026-01-09 13:03:28,19.4675760000001,75.3942020000001,PMJAY
HOSP27P26149781,149781,Hospital,P,ASHWIN MEDICAL FOUNDATIONS MORAYA MULTISPECIALTY HOSPITAL,"Opp.Pcmc Bus Stop.Chinchwadgaon,Pune 33,",9822046072,27,490,"100002,100004,100005,100006,100008,100011,100012,100013,100015,100016,100017,100019,100020,100022,100023,100026",2026-02-04 11:19:15,18.627603858277336,73.78218280574221,PMJAY
HOSP27P26152404,152404,Hospital,P,MAHUD MULTISPECIALTY HOSPITAL AND ICU,"SANGOLA ROAD MAHUD BK ,SANGOLA,",9923958661,27,496,"100004,100005,100026",2026-01-19 12:35:53,17.6090750000001,75.1001230000001,PMJAY
HOSP27G25153315,153315,Hospital,G,RJH NMMC GENRAL HOSPITAL AIROLI,"Sector 3 Near Bus Depo Airoli,",9967796585,27,497,"100010,100012,100017",2025-12-30 10:18:58,19.1575,72.9969,PMJAY
HOSP1P54363,154363,Hospital,P,Khyber Medical Institute ,Khayam Chowk Nowpora Srinagar Kashmir ,9906427003,1,13,,,34.08428,74.82192,PMJAY
HOSP27P26155663,155663,Hospital,P,Baramati Hospital Pvt ltd,"behind kavivarya moropant natyamandir, rinroad,baramati,",9960104939,27,490,"100001,100002,100003,100004,100005,100006,100007,100008,100010,100011,100012,100014,100015,100016,100017,100018,100019,100020,100022,100023,100026,100027",2026-01-19 13:34:17,18.140675,74.57935,PMJAY
HOSP27G25157180,157180,Hospital,G,sub district hospital pandharpur,"ram bag road pandharpur,",7745040777,27,496,"100005,100006,100010,100012,100013,100014,100015,100017,100018,100020,100023,100026",2025-12-30 10:23:53,17.8040960000001,75.3342170000001,PMJAY
HOSP27G25157531,157531,Medical College Hospital,G,SASSOON HOSPITAL,"JAI PRAKASH NARAYAN ROAD RAILWAY STATION ROAD PUNE,",8551996777,27,490,"100001,100002,100003,100005,100006,100007,100008,100009,100010,100011,100012,100013,100014,100015,100016,100017,100018,100019,100020,100022,100023,100026,100028",2025-12-30 10:17:57,18.5259510000001,73.871423,PMJAY
HOSP27P26157588,157588,Hospital,P,PRIME HOSPITAL,"1330/28/1/A, plot number 18 and 19, Shastri chouk, Shastrinagar,Kolhapur,shastri chouk, shastrinagar",9822060662,27,480,"100006,100008,100022,100023",2026-01-07 17:57:56,16.688145758707947,74.2396090050425,PMJAY
HOSP27G25158953,158953,Hospital,G,SHRI PANCHGANGA HOSPITAL,"d WARD shukrawar peth kolhapur,",9766532014,27,480,100012,2025-12-29 16:20:23,16.700718000000123,74.21842800000013,PMJAY
HOSP27G26160883,160883,Hospital,G,RH SHEVGAON,"RH Shevgaon,gevrai Road shevgaon tal.shevgaon Dist.Ahmednagar",9421339535,27,466,100012,2026-01-08 15:48:47,19.35558,75.21973,PMJAY
HOSP27P26166726,166726,Hospital,P,Gunjkar Multispecialty Hospital ,"Plot No 315, Sec 18, Shivtej Nagar Chikhali,",8180023202,27,490,"100001,100002,100003,100004,100005,100006,100007,100008,100011,100012,100014,100015,100016,100017,100018,100019,100020,100021,100022,100023,100026",2026-01-19 18:07:54,18.664915,73.804940,PMJAY
HOSP27P26166796,166796,Hospital,P,ONCO LIFE CANCER CENTER,"Talegaon Dabhade (r), ",9167523533,27,490,"100008,100021,100022",2026-01-16 18:14:23,18.733551,73.6754930000001,PMJAY
HOSP27P26171085,171085,Hospital,P,Lawate Orthopedic Hospital and trauma care unit,"PANDHARPUR ROAD,Pandharpur Road,sangola, Solapur, ",9404711047,27,496,"100015,100020",2026-01-20 16:17:50,17.341978,75.0592770000001,PMJAY
HOSP27G26172177,172177,Hospital,G,RURAL HOSPITAL BRAMHAPURI,"Gandhi Nagar Rural Hospital Bramhapuri,Gandhi Nagar Rural Hospital Bramhapuri",9588640568,27,473,100006,2026-01-26 14:11:08,20.6173000000001,79.850986,PMJAY
HOSP27P26173107,173107,Hospital,P,ANURAG MULTISPECIALTY HOSPITAL KHARDI,"gurukrupa complex Vaitarna road Khardi Tal district Shahapur Maharashtra 421301,",8888019896,27,497,"100001,100004,100005,100006,100009,100010,100011,100012,100014,100015,100016,100017,100018,100019,100020,100022,100023,100026",2026-02-05 11:18:20,19.671106,73.505519,PMJAY
HOSP27G25173680,173680,Medical College Hospital,G,GOVERNMENT MEDICAL COLLEGE AND HOSPITAL BARAMATI ,"Plot no P-107,Opposite Woman Hospital MIDC Baramati District Pune ",9823788057,27,490,"100001,100002,100004,100005,100006,100009,100010,100012,100013,100014,100015,100016,100017,100018,100019,100020,100022,100023,100026",2025-12-30 10:28:02,18.178445174532342,74.59876630255405,PMJAY
HOSP27P26174279,174279,Hospital,P,JANKALYAN HOSPITAL,"JANKALYANHOSPITAL BHAKTI MARG PANDHARPUR,",9922614724,27,496,"100002,100005,100006,100012,100014,100015,100017,100018,100020,100022,100023",2026-01-20 15:50:52,17.6709490000001,75.3277110000001,PMJAY
HOSP27P26175960,175960,Hospital,P,VARAD MULTISPECIALITY HOSPITAL AND TRAUMA CENTER ATPADI,"Aba Nagar Chowk Nimbvade road Atpadi,",9404711311,27,493,"100001,100005,100012,100015",2026-01-27 18:54:06,17.422129,74.938744,PMJAY
HOSP27P26178301,178301,Hospital,P,SADGURU HOSPITAL ICU AND TRAUMA CARE CENTER,"near st stand sangola,",9767170404,27,496,"100004,100005,100006,100011,100014,100015,100020,100026",2026-01-19 12:59:53,17.43351640776912,75.19241085493894,PMJAY
HOSP27G25179211,179211,Hospital,G,Sub District Hospital Islampur,"Islampur,",7875642045,27,493,"100005,100006,100017",2025-12-29 17:02:31,17.057754,74.2630370000001,PMJAY
HOSP27G26182493,182493,Hospital,G,SDH 100 BED CHOPDA,"NEARGOVT REAST HOUSE DHARNGAON ROAD CHOPDA, ",9890773220,27,478,"100005,100010,100012,100017",2026-02-09 18:59:03,21.0010112,75.5564544,PMJAY
HOSP27P26184628,184628,Hospital,P,ACCIDENT FRACTURE ORTHOPEDIC AND REPLACEMENT HOSPITAL,"20/564,BEHIND HOTEL UPAVAN",9922556655,27,480,100015,2026-01-28 11:53:04,16.6820010000001,74.471569,PMJAY
HOSP27P26184878,184878,Hospital,P,RADDIANT PLUS HOSPITAL,"5th Floor Roongta Bellavista Near Bhujbal farm Mumbai-Agra Highway Service Road Nashik,",8888318850,27,487,"100001,100002,100005,100006,100010,100013,100015,100017,100018,100019,100020,100023,100026",2026-01-10 12:53:55,19.978302751898454,73.77813146538335,PMJAY
HOSP27P26185678,185678,Hospital,P,PLATINUM HOSPITAL,"Golani Naka, Vasai East,",9325959115,27,665,"100002,100003,100004,100005,100006,100011,100015,100020,100023,100026",2026-01-01 11:48:52,19.404158,72.850978,PMJAY
HOSP27P26186306,186306,Hospital,P,Synergy Multispeciality Hospital,"Ap Rahu Subhash anna Kul Vyapari Sankul,",9767977393,27,490,"100004,100005,100006,100008,100012,100015,100020,100023,100026",2026-01-19 18:28:38,18.57297006101588,74.26826251888764,PMJAY
HOSP27P26187701,187701,Hospital,P,YASHSHREE MULTISPECIALITY HOSPITAL KANDAR,"MATOSHREE RESIDENCY KARMALA ROAD,",9421062973,27,496,"100001,100004,100005,100006,100008,100010,100011,100012,100013,100014,100015,100016,100017,100018,100019,100020,100022,100023,100026,100027",2026-01-20 17:05:21,18.117571210085217,75.1954689817168,PMJAY
HOSP27P26187730,187730,Hospital,P,"shri siddhivinayak hospital,bhivghat","atpost karanje tal khanapur dist sangli,",9892069583,27,493,"100005,100006,100015,100023",2026-01-20 13:13:56,17.262139,74.713986,PMJAY
HOSP27G26189393,189393,Hospital,G,RH JALGAON JAMOD4,"RH JALGAON JAMOD,",9637587901,27,472,100004,2026-01-26 15:07:20,21.1080470000001,76.606275,PMJAY
HOSP27P26190087,190087,Hospital,P,Rangnath Hospital,"204 kh, 17 b, Behind Pearl Hotel Tarabai Park Kolhapur ,",9422047238,27,480,"100006,100012,100023",2026-01-18 12:08:14,16.70860013729647,74.2455484477806,PMJAY
HOSP27P26190301,190301,Hospital,P,Wadekar Hospital,"Railway Station Road,",9422189090,27,485,"100006,100023",2026-01-16 17:54:40,19.154650431623395,77.30985931619574,PMJAY
HOSP1P91001,191001,Hospital,P,Shifa Medical Centre,"MAGARMAL BAGH OPP B.C.C,MAGARMAL BAGH OPP B.C.C",7006174748,1,13,"100002,100003,100004,100005,100006,100008,100010,100011,100013,100015,100016,100023,100026",2021-07-16 21:54:38,34.0699450000001,74.800961,PMJAY
HOSP27P26191740,191740,Hospital,P,Deoyani Multispeciality Hospital,"Plot No 121 Lane No 4 Dahanukar Colony Kothrud Pune,",9850811722,27,490,"100001,100002,100003,100004,100005,100006,100007,100008,100009,100010,100011,100012,100013,100014,100015,100016,100017,100018,100019,100020,100021,100022,100023,100026,100027,100028",2026-01-20 10:39:26,18.495839,73.8124460000001,PMJAY
HOSP27P26192620,192620,Hospital,P,LONDHE HOSPITAL,"BY PASS ROAD KURDU,",9604831870,27,496,"100006,100011,100012,100015,100019,100020,100023,100026",2026-01-09 11:06:27,18.085090423103452,75.42381156238295,PMJAY
HOSP27G25194739,194739,Hospital,G,SUPA,"supa baramati,Jalgaon Supe",8411855868,27,490,"100005,100012,100015,100020",2025-12-30 11:27:14,18.3356440000001,74.3796160000001,PMJAY
HOSP24G25195568,195568,Hospital,G,Community health centre anklav ,"Chc anklav,near vegetable market ,Anklav ",8980399569,24,440,"100005,100020",2025-05-19 11:45:42,22.379938,73.0008750000001,PMJAY
HOSP27P26195626,195626,Hospital,P,Asha Hospital,"Parimal Nagar, Kabra Nagar Road, Nanded,",9272504540,27,485,"100001,100002,100004,100005,100006,100007,100008,100011,100012,100014,100015,100016,100019,100020,100022,100023,100026",2026-01-16 17:16:00,19.176053,77.2920970000001,PMJAY
HOSP27P26195752,195752,Hospital,P,SARVHIT MEDISERVE PRIVATE LIMITED,"532 A1 SOUTH SHIVAJI NAGAR NEAR TRIKONI BAG BESIDE PUDHARI BHAWAN SANGLI,south Shivaji Nagar,Near Trikoni Baug,",9822056440,27,493,"100002,100005,100006,100007,100008,100011,100015,100019,100020,100022,100023",2026-01-20 12:09:39,16.8503210000001,74.580948,PMJAY
HOSP27P26195809,195809,Hospital,P,CARE MULTISPECIALITY HOSPITAL,"GAT NO.231,RUPEENAGAR,RUPEENAGAR POLICE CHWOKI,TALAWADE ,PUNE,",9011861905,27,490,"100001,100005,100006",2026-01-27 18:23:47,18.6718631,73.7867515,PMJAY
HOSP27P26195810,195810,Hospital,P,MAHALAXMI MULTISPECIALITY HOSPITAL ,"mahalaxmi multispeciality hospital, near idbi bank, saraswati nagar, gopalwadi road, daund,",9921829010,27,490,"100002,100005,100023",2026-01-19 18:17:57,18.4553310000001,74.5730300000001,PMJAY
HOSP27P26195977,195977,Hospital,P,NEW VITTHAL MULTISPECILITY HOSPITAL AKOLA,"NEW VITTHAL MULTISPECILITY HOSPITAL AKOLA,KEDIA PLOT JATHARPETH AKOLA",9552819032,27,467,"100004,100005,100006,100010,100011,100014,100015,100017,100018,100020,100023,100026",2026-01-28 16:28:45,20.71841137267468,77.01894362206019,PMJAY
HOSP27P26196831,196831,Hospital,P,Matruseva Superspeciality center,"Bhokare colony, Opposite Jio petrol Pump, Sangli Miraj Raod, Miraj,",9632523434,27,493,"100017,100023",2026-01-20 11:22:47,16.834800650781105,74.6345856491186,PMJAY
HOSP27P26197334,197334,Hospital,P,SHRIRATNA MULTISPECIALITY HOSPITAL MIRAJ ,"171 Pratap colony,station road.Miraj, Sangli ,",9850657455,27,493,"100015,100023",2026-01-20 12:30:35,16.8211180000001,74.6408280000001,PMJAY
HOSP27P26197745,197745,Hospital,P,Deshmukh Satre Charitable Ayurvedic Hospital Islampur,"peth sangli road Islampur,",9822295261,27,493,"100005,100006,100012,100015,100016,100020,100023",2026-01-20 13:19:59,17.0471180000001,74.257033,PMJAY
HOSP27G25201785,201785,Hospital,G,Rh Bhivghat Karanje Khanapur Sangli Govt,"KHANDOBA MAAL,",9420452158,27,493,100006,2025-12-30 10:53:14,17.21689,74.76677,PMJAY
HOSP2G02232,202232,Hospital,P,city hospital,"Matour Palampur Road,OPP.Sant Hyundai Showroom (H.P)",9418846465,2,18,,,32.126078,76.295748,PMJAY
HOSP27P26202416,202416,Hospital,P,Shreya Hospital,"Ambajogai road,",9763099000,27,470,"100005,100006,100012,100015,100020,100022,100023,100026",2026-03-25 12:19:23,18.712813,76.069971,PMJAY
HOSP27P26203968,203968,Hospital,P,SOHAM HOSPITAL,"ARCHIT SAI AVENUE,BEHIND CHHAN HOTEL,SHREE VALLABH NAGAR,MUMBAI NAKA,NASHIK,",9422770544,27,487,"100002,100003,100008,100023,100028",2026-01-21 17:07:13,19.997867,73.784809,PMJAY
HOSP2P04618,204618,Hospital,P,SR Hospital,"SR Hospital Kalheli,",7832088966,2,20,"100005,100006,100023,100026",2024-02-14 16:14:44,31.854362,77.1572140000001,PMJAY
HOSP27P26206642,206642,Hospital,P,"Shri Siddhivinayak Ganapati Cancer Hospital, Miraj","Miraj-Sangli Road, Miraj,",9373893801,27,493,"100008,100021,100022",2026-01-20 12:16:08,16.846907,74.737828,PMJAY
HOSP27G25206647,206647,Hospital,G,"WOMEN HOSPITAL,BARAMATI","KALYANI CORNER MIDC,BARAMATI,DISTRICT-PUNE,",9860461807,27,490,100012,2025-12-29 16:58:46,18.1792150000001,74.5967790000001,PMJAY
HOSP27P26207313,207313,Hospital,P,SHREE MATERNITY AND MULTISPECIALITY HOSPITAL,"AMBEDKAR ROAD SANGLI,",9860549080,27,493,"100001,100004,100005,100006,100008,100011,100012,100014,100015,100016,100018,100019,100020,100022,100023,100026,100027",2026-01-28 11:36:36,16.8506022,74.5602308,PMJAY
HOSP27P26208995,208995,Hospital,P,SHRIRAM HEART AND EYE CARE,"6B, RAILWAY LINES, RAMLAL CHOWK,",9822001124,27,496,100002,2026-01-09 11:13:32,17.665916,75.8941790000001,PMJAY
HOSP2G09567,209567,Hospital,P,THAKUR NURSING HOME BHAKRERI,THAKUR NURSING HOME BHAKRERI V.P.O. BHAKRERI TEHSIL BARSAR DISTT HAMIRPUR HP 174305,9418353295,2,17,,,31.5229971,76.4590099,PMJAY
HOSP27P26209952,209952,Hospital,P,GAJANAN LOKSEVA HOSPITAL ,"Chokhamela Chowk Near Post office,",9552792495,27,496,"100001,100005,100006,100011,100014,100015,100019,100020,100026",2026-01-20 18:24:34,17.510103284252764,75.44639726034131,PMJAY
HOSP27G26213460,213460,Hospital,G,RURAL HOSPITAL DATTAWA ,"TAKALI ROAD , DATTAWAD,takali road dattawad ",9511276549,27,480,"100005,100006,100012",2026-02-02 16:30:24,16.590142,74.579873,PMJAY
HOSP27P26213790,213790,Hospital,P,LIFEPOINT MULTISPECIALITY HOSPITAL,"No. 145, Sr, Multispecialist hospital in, PCMC, 1, Mumbai Pune Bypass Rd Flyover, near Sayaji Hotel,,",9881143140,27,490,"100002,100005,100006,100007,100008,100022,100023",2026-01-17 17:36:44,18.597638741535306,73.75567482156384,PMJAY
HOSP27G26214325,214325,Hospital,G,Sawali,"saoli,rh saoli",9421817309,27,473,"100005,100006,100012",2026-01-02 12:36:33,20.064830,79.801660,PMJAY
HOSP27P26216185,216185,Hospital,P,KABADE SURGICAL HOSPITAL ,"Kabade Surgical Hospital, Kolhapur road, Sangli -416416,",9822052682,27,493,"100001,100006,100011,100014,100015,100019,100020,100022,100023",2026-01-08 16:30:32,16.850452,74.562104,PMJAY
HOSP27P26216212,216212,Medical College Hospital,P,BHARATI HOSPITAL AND RESEARCH CENTER,"Pune Satara road Dhankwadi,",9822051716,27,490,"100002,100003,100004,100005,100006,100007,100008,100009,100011,100012,100013,100014,100015,100016,100017,100018,100019,100020,100021,100022,100023,100026,100027,100028",2026-01-19 12:54:44,18.456558,73.855570,PMJAY
HOSP27P26216368,216368,Hospital,P,ASHOKA MULTISPECILITY HOSPITAL,"Rankala stand kolhapur,",8007542971,27,480,"100006,100015,100020,100022,100023",2026-01-23 14:32:41,16.691498,74.218711,PMJAY
HOSP27G25216850,216850,Hospital,G,SAVITRIBAI PHULE HOSPITAL,"852 B SUBHASH ROAD,RAVIWAR PETH",9420008399,27,480,"100004,100005,100006,100015,100017",2025-12-30 11:57:32,16.693527362227144,74.23318582365255,PMJAY
HOSP27P26219542,219542,Hospital,P,Late Kedari Redekar Charitable Hospital and Research Centre,"P-2 M.I.D.C. , Shendri mal , gadhinglaj,",9923234555,27,480,"100005,100006,100010,100012,100015,100017,100020,100022,100023",2026-01-07 18:01:29,16.25633775154583,74.35574250182165,PMJAY
HOSP27P26219750,219750,Hospital,P,VARADVINAYK HOSPITAL,"juna karad naka karad road pandharpur,",8087612041,27,496,"100002,100005,100006,100008,100010,100012,100013,100015,100016,100017,100018,100019,100020,100021,100022,100023,100026,100027",2026-01-20 16:06:16,17.6711535000001,75.3193685000001,PMJAY
HOSP27P26220017,220017,Hospital,P,HRUDAYAM SUPER SPECIALITY HOSPITAL AND RESEARCH CENTER,"8372/ G OPP VIJAY CLINIC 146/2 RAILWAY LINE SOLAPUR,",9021301012,27,496,"100002,100017",2026-01-09 11:29:06,17.66488628923811,75.90015904483226,PMJAY
HOSP27P26221951,221951,Hospital,P,kadam multispecality hospital,"near old bus stand akluj,",9422463109,27,496,"100001,100004,100005,100006,100009,100010,100011,100012,100014,100015,100017,100018,100019,100020,100023,100026",2026-01-20 15:56:28,17.889648,75.02117,PMJAY
HOSP27P26222999,222999,Hospital,P,YOGESHWARI HOSPITAL AND ICU,"SHALIMAR CHOWK DAUND,",9226837010,27,490,"100002,100004,100005,100006,100008,100022,100023",2026-01-19 12:25:42,18.460513,74.582256,PMJAY
HOSP27G25223463,223463,Hospital,G,RCSM GMC AND CPR GOVERNMENT HOSPITAL,"DASARA CHOWK, OPPOSITE HIGH COURT BENCH KOLHAUR, ",9890265890,27,480,"100001,100002,100003,100005,100006,100008,100009,100010,100011,100012,100013,100014,100015,100016,100017,100018,100019,100020,100022",2025-12-29 16:52:20,16.704457692592285,74.2301276191555,PMJAY
HOSP27P26225777,225777,Hospital,P,SWAYAMBHU HOSPITAL,"NEAR BANK OF MAHARSHTRA MIDC BARAMATI 413133,",9763122695,27,490,"100002,100005,100006,100015,100020,100023",2026-01-30 12:01:29,18.178928,74.6065520000001,PMJAY
HOSP27P26226392,226392,Hospital,P,KOLHAPUR ORTHOPEDIC CENTER AND NURSING HOME,"Rankala stand kolhapur,",9822212070,27,480,100015,2026-01-15 18:39:50,16.691498,74.218711,PMJAY
HOSP27P26227676,227676,Hospital,P,Krishnamai Multispeciality Hospital,"Dudhgaon Road Ashta,ASHTA",9890772001,27,493,"100006,100011,100015,100020,100022,100023",2026-01-20 11:04:28,16.938259180860868,74.41115514463937,PMJAY
HOSP27P26228379,228379,Hospital,P,SAI SEVA MULTISPECIALITY HOSPITALAND ICU ,"NEAR M.S.KAKADE COLLAGE NIRA BARAMATI ROAD  TAL BARAMATI DIST PUNE ,",9975335089,27,490,"100001,100002,100004,100005,100006,100008,100011,100012,100015,100019,100020,100022,100023,100026",2026-01-19 17:58:25,18.1049600000001,74.284948,PMJAY
HOSP27G25229619,229619,Hospital,G,SARDAR VALLABHBHAI PATEL CANTONMENT GENERAL HOSPITAL,"OPPOSITE GOLIBAR MAIDAN, SHANKAR SHETH ROAD,PUNE,",9028782148,27,490,"100002,100004,100005,100006,100010,100011,100012,100015,100016,100017,100018,100019,100020,100022,100023,100026",2025-12-29 17:00:34,18.5218333,73.8940831,PMJAY
HOSP2P30832,230832,Hospital,P,SRI HARI HAR HOSPITAL ,VPO HATHITHAN MANIKARAN ROAD BHUNTAR DISTT KULLU,9459636391,2,20,,,31.9579,77.1095,PMJAY
HOSP27P26231900,231900,Hospital,P,AGRAWAL HOSPITAL,"NEAR WATER TANK,DR. HEDGEWAR MARG",9970807472,27,472,"100002,100004,100005,100006,100009,100010,100011,100014,100015,100017,100020,100023,100026",2026-01-14 12:03:08,20.835718,76.3959780000001,PMJAY
HOSP27P26236784,236784,Hospital,P,MASKE HOSPITAL PVT LTD MADHA,"SHIVAJI NAGAR MADHA,",7702035511,27,496,"100001,100002,100004,100005,100006,100010,100012,100015,100017,100018,100020,100023,100026",2026-01-27 15:34:02,18.028061217962247,75.52062755401471,PMJAY
HOSP27G25238742,238742,Hospital,G,SHIRPUR WARWADE NAGR PARISHAD SANCHLITH INDIRA GANDHI MEMORIAL HOSITAL,"main road shirpur,",9822406528,27,474,"100005,100006,100010,100012,100015,100017,100018,100020,100022,100023",2025-12-30 12:09:05,21.346021081219135,74.87655950554392,PMJAY
HOSP27G25239097,239097,Hospital,G,Rural Hospital Somardi,"At-Post - Rural Hospital somardi. Tal-Jawali. Dist - Satara ,Somardi",9011082282,27,494,"100005,100012",2025-12-30 12:05:24,17.8523525544,73.8863504369,PMJAY
HOSP27G26240044,240044,Hospital,G,RH DHAD,"AT POST DHAD ,RH DHAD,BULDHANA,",8329436470,27,472,"100012,100017",2026-01-23 10:08:59,20.399758356317236,75.99989213970963,PMJAY
HOSP27P26241034,241034,Hospital,P,Jayashree Multispecialty hospita,"Bemble Rod , Near Shivtej Kirana store,",8830170570,27,496,"100002,100005,100006,100015,100020,100023",2026-01-20 17:12:26,18.022512570288185,75.19533783828464,PMJAY
HOSP27G25241564,241564,Hospital,G,District Hospital Aurangabad,"Chikalthan Near Airport Jalna Road.,",9860241524,27,469,"100005,100006,100008,100010,100013,100015,100017,100020",2025-12-30 12:04:04,19.8673240000001,75.406661,PMJAY
HOSP27P26242371,242371,Hospital,P,Sai Hospital,"Near ST Bus Stand ,",9153377711,27,493,100020,2026-01-20 12:44:50,16.9860810000001,74.1247250000001,PMJAY
HOSP27G25243485,243485,Hospital,G,SDH 100 BARAMATI,"SDH Baramati Patas Road Baramati Dist Pune ,",9923396628,27,490,"100004,100005,100006,100012,100026",2025-12-30 10:25:52,18.152157,74.575292,PMJAY
HOSP27P26243685,243685,Medical College Hospital,P,Dr. Bhausaheb Sardesai Talegaon Rural Hospital,"Near Talegaon Railway Station, Talegaon Dabhade, Maval Pune,",9850958382,27,490,"100002,100003,100004,100005,100006,100008,100009,100010,100011,100012,100013,100014,100015,100016,100017,100018,100019,100020,100022,100023,100026",2026-01-19 15:26:17,18.73535825225393,73.67422678700578,PMJAY
HOSP27P26244109,244109,Hospital,P,SPARSH SURGICAL MATERNITY LAPAROSCOPY CENTRE AND CANCER HOSPITAL BRAMHAPURI ,"MSEB Colony, Near Gajanan Mandir, Christanand Chauk Bramhapuri ,",9673400393,27,473,,2026-01-17 15:29:36,20.424860,79.913709,PMJAY
HOSP27P26244797,244797,Hospital,P,SAISNEH HOSPITAL AND DIAGNOSTIC CENTRE,"PUNE SATARA HIGHWAY,NEAR PMT BUS STAND,KATRAJ PUNE 411046,PUNE SATARA HIGHWAY,NEAR PMT BUS STAND,KATRAJ PUNE 411046",9822801100,27,490,"100005,100006,100008,100011,100012,100013,100015,100020,100022,100023",2026-01-20 16:41:13,18.438355885891582,73.86181008212145,PMJAY
HOSP27P26245355,245355,Hospital,P,HARSH MULTI SPECIALITY HOSPITAL,"Chaufula,",9975198515,27,490,"100002,100005,100011,100012,100015,100020,100023",2026-01-27 16:55:53,18.453939,74.3829150000001,PMJAY
HOSP27P26249439,249439,Hospital,P,Horizon Hospital,"Near Greenacares, Dhamani Road, Sangli,",9371621038,27,493,"100006,100008,100012,100021,100022",2026-01-29 15:58:32,16.830925511132193,74.5863407477124,PMJAY
HOSP27P26250426,250426,Hospital,P,GURAV HOSPITAL JAT,"VIJAYPUR ROAD BEHIND GANESH TEMP,",9765932890,27,493,"100001,100005,100006,100014,100015,100020,100023",2026-01-20 11:27:01,17.04634923282096,75.22491318995341,PMJAY
HOSP27P26252643,252643,Hospital,P,KESHRANAND MULTISPECIALITY HOSPITAL,"keshranand housing plot no6 railway station road dhule,",9552235905,27,474,"100005,100006,100010,100011,100012,100014,100015,100017,100020,100026",2026-01-23 16:08:10,28.6472799,76.8130644,PMJAY
HOSP27P26256567,256567,Hospital,P,KHAMBALKAR SUPERSPECIALITY HOSPITAL,"kirloskarwadi, sawantpur vasahat,",9967867601,27,493,"100002,100005,100006,100012,100015,100017,100018,100019,100020,100023",2026-01-28 16:07:54,17.08429020814019,74.42452315504639,PMJAY
HOSP27G25256682,256682,Hospital,G,CHANDGAD,"NEAR POLICE STATION ROAD CHANDGAD, ",7588467786,27,480,"100001,100005,100006,100012,100015,100017,100020",2025-12-30 10:55:12,15.94729,74.18858,PMJAY
HOSP27P26256963,256963,Hospital,P,LAXMINARAYAN SUPERSPEACILITY HOSPITAL AND CRITICAL CARE CENTER ,"peth-Sangli Road, Islampur,peth-Sangli Road, Islampur",8080309050,27,493,"100005,100015,100023",2026-01-28 16:11:03,17.0590208,74.252288,PMJAY
HOSP27P26259341,259341,Hospital,P,Shantipad hospital,"murarka college road,",8793894943,27,472,100017,2026-01-19 11:15:27,20.790097019223182,76.69376930310676,PMJAY
HOSP27P26259976,259976,Hospital,P,BOBADE ACCIDENT HOSPITAL,"OPP MARKET YARD HARIKRUPANAGAR BARAMATI ,",9422028331,27,490,"100006,100011,100015,100019,100020",2026-01-16 17:35:48,18.145386,74.582186,PMJAY
HOSP27P26262053,262053,Hospital,P,KAMATE MULTISPECIALITY HOSPITAL AND RESEARCH CENTER,"JATH,JATH",8180025339,27,480,"100005,100006,100012,100015,100020,100022,100023",2026-01-17 18:28:49,16.22204942741716,74.34611512468439,PMJAY
HOSP27P26263237,263237,Hospital,P,Varadvinayak Multispeciality Hospital,"991/1, Shirur Tandali Road, 412211 991/1, Shirur Tandali Road, 412211,MANDAVGAN PHARATA",9226361672,27,490,"100001,100002,100004,100005,100006,100011,100012,100015,100020,100023,100026",2026-01-20 15:19:07,18.54454348674102,74.4917885016506,PMJAY
HOSP27G25265401,265401,Hospital,G,SUBDISTRICT HOSPITAL SHIRALA,"shirala,",9049003555,27,493,100012,2025-12-29 16:29:39,16.985837482814773,74.12385732892528,PMJAY
HOSP27P26266227,266227,Hospital,P,JYOTIRLING CHARITABLE HOSPITAL AND REASERCH CENTRE,"At Post Nesari (Ajara Poshratwadi Road), Tal- Gadhinglaj, Dist - Kolhapur,",9767745842,27,480,"100005,100006,100012,100015,100020,100023,100026",2026-02-04 12:12:48,16.070424,74.319088,PMJAY
HOSP27P26267472,267472,Hospital,P,BHANDARE HOSPITAL,"No 5,  Ring Road, behind ST Stand, Samarth Nagar, Baramati, Maharashtra 413102,",9860406608,27,490,"100011,100012,100015,100020",2026-01-09 18:22:15,18.14628,74.5748500000001,PMJAY
HOSP10P25267587,267587,Hospital,P,JAGDISH MEMORIAL HOSPITAL PRIVATE LIMITED,"DS-2, BEHIND GEOLOGICAL SURVEY OF INDIA, KANKARBAGH, PATNA,",9334111852,10,212,"100005,100006,100011,100015,100020,100023",2025-05-09 17:10:33,25.5989890000001,85.157204,PMJAY
HOSP27P26268126,268126,Hospital,P,SAIPUSHPA ACCIDENT HOSPITAL,"YAWAL ROAD BHUSAWAL,",8767128326,27,478,"100011,100014,100015,100020",2026-01-16 18:42:07,21.04743572832784,75.78304696313356,PMJAY
HOSP27P26268295,268295,Hospital,P,SUNSHINE MULTISPECIALTY CENTER,"Plot No. 86 A ward , Near Rankala Bus Stand,",8623883675,27,480,"100005,100006,100013,100015,100023",2026-01-07 17:59:32,16.695104571896294,74.21634505627887,PMJAY
HOSP9P25268841,268841,Hospital,P,STAR HOSPITAL AND TRAUMA CENTRE,"AVADHESHPURAM SADAR BAZAR ROAD,",7985133724,9,174,"100006,100015,100023",2025-12-15 19:48:32,25.858547,81.7362860000001,PMJAY
HOSP27P26270658,270658,Hospital,P,Dhakne Hospital,"SHOP NO 6,7 SHANTAI CITY CENTER NEAR NAGARPALIKA TALEGAON DABHADE,",9822373869,27,490,"100004,100005,100006,100010,100013,100015,100017,100019,100020,100022,100023,100026",2026-01-19 18:16:33,18.733551,73.675493,PMJAY
HOSP2P74035,274035,Hospital,P,SAI HOSPITAL,SAI HOSPITAL,8988092094,2,23,,2024-07-12 17:52:13,31.1038184,77.1960247,PMJAY
HOSP27P26274335,274335,Hospital,P,SOLAPUR CANCER CENTER,"TP-4 RAMWADI ROAD MODI KHANA SOALPUR,",7276278751,27,496,"100008,100021,100022",2026-01-19 12:09:28,17.65645247184554,75.89682022633107,PMJAY
HOSP27G25276237,276237,Hospital,G,rh pargaon,"vathar warana main road pargaon,",9405778246,27,480,"100005,100006,100018",2025-12-29 16:21:36,16.86285,74.2326530000001,PMJAY
HOSP27G25278912,278912,Hospital,G,RH Kokrud Shirala Sangli Govt,"Rural Hospital Kokarud Ap Kokrud Tal Shirala,",8668240006,27,493,"100005,100013",2025-12-30 10:54:16,17.00098,73.98125,PMJAY
HOSP27P26278998,278998,Hospital,P,LIONS NAB EYE HOSPITAL,"P 31 MIDC ,",8007845454,27,493,100013,2026-01-20 12:21:36,16.85312,74.636533,PMJAY
HOSP27P26281035,281035,Hospital,P,ALPESH BABY CARE AND CHILDREN HOSPITAL,"TEMBHURNI ROAD,",9834766188,27,496,"100010,100017",2026-01-19 16:49:58,18.027809,75.191831,PMJAY
HOSP27G25282353,282353,Hospital,G,WH BASAMT,"WOMENS HOSPITAL,GANESHPUR RD,JAI NAGAR BASMAT,",8408840893,27,477,"100005,100006,100010,100012,100017",2025-12-30 12:02:50,19.321656,77.139299,PMJAY
HOSP27P26282747,282747,Hospital,P,PBMAS H.V.DESAI EYE HOSPITAL ,"93 Tarawade Vasti Mohammadwadi Hadapsar PunE,",9545830707,27,490,100013,2026-01-16 17:49:58,18.472396,73.923754,PMJAY
HOSP27P26283870,283870,Hospital,P,AADHAR SUPER SPECIALITY PRIVATE LIMITED,"c.s.no.140/1P, OLD RTO, RAILWAY LINES, SOLAPUR,RAILWAY LINES",9987505035,27,496,"100001,100002,100003,100004,100005,100006,100007,100008,100010,100011,100012,100013,100014,100015,100017,100018,100019,100020,100022,100023,100026,100027,100028",2026-01-20 16:00:29,17.66267,75.9055300000001,PMJAY
HOSP27P26284586,284586,Hospital,P,LATE ANNASAHEB SONAWANE HOSPITAL,"BHOSALE CHOWK,NAVI PETH",9890598953,27,496,100015,2026-01-20 16:14:01,17.6809720000001,75.3294500000001,PMJAY
HOSP9P25285922,285922,Hospital,P,H S HOSPITAL ,"GAGAN TIRAHA MORADABAD ,",9756763680,9,171,,2025-12-08 19:29:55,28.791115,78.7628900000001,PMJAY
HOSP27P26286675,286675,Hospital,P,INDRESHWAR SUPERSPECIALITY HOSPITAL PRIVATE  LTD.,"DHANVANTRI PLAZA VIGHNAHARTA NAGAR OLD NATIONAL HIGHWAY INDAPUR DIST PUNE 413106 ,",8668983800,27,490,"100001,100002,100004,100005,100006,100008,100010,100011,100012,100013,100014,100015,100016,100017,100018,100019,100020,100022,100023,100026,100027",2026-01-28 12:21:07,18.1118280000001,75.0253740000001,PMJAY
HOSP27G26286926,286926,Hospital,G,RH Shikrapur,"RURAL HOSPITAL SHIKRAPUR,",9923772762,27,490,100017,2026-01-23 17:08:21,18.6901,74.1398,PMJAY
HOSP27P26287709,287709,Hospital,P,KOHAKADE HOSPITAL,"8D/1838/31/32, KAREGAON,PUNE NAGAR ROAD, TAL- SHIRUR, DIST- PUNE",7385406224,27,490,"100005,100012,100017",2026-01-19 13:06:31,18.78441,74.2976840000001,PMJAY
HOSP9P25288149,288149,Hospital,P,saanvi hospital a unit of eye care and eye surgery,"sikandarpur,",8707014054,9,126,100013,2025-12-23 19:49:12,26.042197,84.0530560000001,PMJAY
HOSP2P89570,289570,Hospital,P,SHRI BANKEY BIHARI HEALTHCARE,"NEAR RAILWAY OVER BRIDGE, NANGAL ROAD",9418470319,2,26,,,31.478800,76.275000,PMJAY
HOSP27P26290377,290377,Hospital,P,ANANDI HOSPITAL,"Lawthaleshwar, Jejuri, Maharashtra ,",9657727777,27,490,"100002,100004,100005,100006,100007,100008,100011,100014,100015,100016,100019,100020,100022,100023,100026",2026-01-19 18:30:13,18.28070680248304,74.15567252162631,PMJAY
HOSP27P26290441,290441,Daycare Centre,P,ARIHANT DIALYSIS CENTRE BULDHANA,"AASHIRWAD MULTISPECIALITY HOSPITAL CAMPUS,NR GARDE HALL,BULDHANA,",9881059327,27,472,"100004,100005,100013",2026-01-14 13:01:10,20.536623266026467,76.18403840450134,PMJAY
HOSP27G25293331,293331,Hospital,G,MJPJAY SEVA RUGNALAYA KOLHAPUR,"KASBA BAWADA KOLHAPUR,",7745862727,27,480,"100005,100006,100010,100012,100015,100017,100018,100026",2025-12-30 13:24:23,16.737285,74.241565,PMJAY
HOSP27G25293613,293613,Hospital,G,Shirol,"wadi miraj road, kendra shala,",7741919977,27,480,100006,2025-12-29 16:28:01,16.73,74.6,PMJAY
HOSP27P26295470,295470,Hospital,P,Siddhivinayak Multispeciality Hospital,"Anuje estate, opposite Raghvendra theatre, Bypass road, kurundwad,",9850320550,27,480,"100005,100006,100010,100011,100013,100014,100015,100016,100017,100019,100020,100022,100023,100026",2026-01-15 17:38:45,16.6849944,74.59056093,PMJAY
HOSP27G25297293,297293,Hospital,G, Hatkanangle,"ap hatkanangle,tal hatkanangle dist kolhapur,",9763226982,27,480,100006,2025-12-30 11:13:17,16.751737639624523,74.43632330774892,PMJAY
HOSP27P26297656,297656,Hospital,P,swastik multispeciality hospital shirala,"aapla bazar chya mage kokarud naka shirala,",8600502233,27,493,"100005,100006,100015,100020,100023,100026",2026-01-20 13:27:22,16.9983990000001,73.981612,PMJAY
HOSP27G26298648,298648,Hospital,G,M T AGARWAL MUN GEN HOSPITAL MULUND WEST,"Pacch rasta behind T ward office Mulund west,",9619332448,27,482,100015,2026-01-28 16:46:13,19.175449,72.950777,PMJAY
HOSP2P98951,298951,Hospital,P,Rainbow Hospital,"Rainbow Hospital, Near Shiv Mandir",9915001116,2,15,,,31.435841,76.711868,PMJAY
HOSP27P26299333,299333,Hospital,P,GANPATI HOSPITAL AND ICU ,"8,  CITY S. NO. 3497/8, MAHESH NAGAR, NEAR BUS STAND ,Shirpur,Tal - Shirpur, Dist - Dhule, maharashtra",8605770595,27,474,"100004,100005,100006,100011,100012,100015,100020,100023,100026",2026-02-07 14:38:24,21.34261079700636,74.88336224306852,PMJAY
HOSP27P26299930,299930,Hospital,P,MAULI HOSPITAL,"Shikrapur Pune,",7741889633,27,490,"100001,100004,100005,100006,100008,100010,100011,100012,100013,100014,100015,100017,100018,100019,100020,100022,100023,100026",2026-01-27 11:11:03,18.6712883,74.1014825,PMJAY
HOSP3P12041,312041,Hospital,P,GLOBAL HEALTH CARE,MALL ROAD,8725094708,3,28,,,30.21267,74.94361,PMJAY
HOSP3P19707,319707,Hospital,P,NEW LIFE HOSPITAL,"OPP GURU NANAK AVENUE, MAJITHA ROAD",7009924417,3,27,,,31.6600729,74.8898512,PMJAY
HOSP3P21135,321135,Hospital,P,CHAUHAN MULTISPECIALITY & TRAUMA CENTRE,"PATHANKOT-AMRTISAR HIGHWAY, VILLAGE KOTLI MUGHLAN, PO JHAKOLARI",9815189894,3,662,,,32.041942,75.405337,PMJAY
HOSP3P21150,321150,Hospital,P,KALYAN HOSPITAL,"B-6/1153, Taj Ganj, Div. NO-3 chowk, Samrala Road",8054885311,3,36,,2024-07-12 18:52:28,30.9131835,75.8710687,PMJAY
HOSP3P22347,322347,Hospital,P,PHULL NEURO AND MULTISPECIALITY HOSPITAL,"ADJOINING MAHARAJA YADWINDRA ENCLAVE NEAR PRTC WORKSHOP NABHA ROAD PATIALA PUNJAB ,",9356930460,3,41,"100001,100002,100005,100006,100007,100014,100015,100016,100017,100019,100020,100023",2019-07-03 15:08:18,30.348756858442783,76.35634576677569,PMJAY
HOSP3P22961,322961,Hospital,P,OXFORD HOSPITAL PVT LTD,"305 lajpat nagar jalandhar,near nakodar chowk ",9530741000,3,34,"100001,100003,100007,100017,100019",2026-06-17 10:47:56,31.3179050000001,75.5733930000001,PMJAY
HOSP3P23004,323004,Hospital,P,Thind Eye Hospital,"Thind Eye Hospital,584-Model Town",8872070044,3,33,,2023-11-21 18:22:13,31.3108,75.57626,PMJAY
HOSP3P23149,323149,Hospital,P,Satsar Hospital,"Mann Nagar Dera Baba Nanak Road Batala,",9216180002,3,32,"100005,100006,100012",2019-06-24 16:24:00,31.832640934620144,75.19662462103042,PMJAY
HOSP3P23321,323321,Hospital,P,ABROL MEDICAL CENTRE  ,KAILASH ENCLAVE BATALA ROAD ,9876911300,3,32,,,32.0412882,75.4124569,PMJAY
HOSP3P25184,325184,Hospital,P,Sukh Sadan Hospital & Trauma Centre Pvt. Ltd.,Dalhousie Raod Pathankot,9463518755,3,662,,,32.27315,75.67211,PMJAY
HOSP3P25404,325404,Hospital,P,Raj Hospital,"Simbal Chowk, Pathankot",6284453714,3,662,,,32.367926,75.660428,PMJAY
HOSP3P26340,326340,Hospital,P,Guru Nanak Dev Super Specialty Hospital,Goindwal Saheb Road,8872089100,3,609,,,CWWP+MV Tarn,CWWP+MV Tarn,PMJAY
HOSP3P27055,327055,Hospital,P,JANTA HOSPITAL & MATERNITY HOME,"TANDA ROAD, NEAR SHAHEED BANTA SINGH SAVGHWAL, JALANDHAR",9530741000,3,34,,,31.35333,75.58965,PMJAY
HOSP3P28713,328713,Hospital,P,AMAN HOSPITAL,DC ROAD,9465386320,3,33,,,31.51469,75.92003,PMJAY
HOSP3P32843,332843,Hospital,P,JYOTI PARKASH EYE CARE CENTRE,"KAHNUWAN ROAD, NEAR SD COLLEGE",8437359555,3,32,,,31.816737,75.207364,PMJAY
HOSP3P34318,334318,Hospital,P,Dr Shamsher Singh Eye Hospital,GT ROAD KHANNA,7087801999,3,36,,2024-07-12 17:52:13,30.700518,76.228455,PMJAY
HOSP3P50173,350173,Hospital,P,SARVODYA  HOSPITAL,MAIN G.T. ROAD OPP. KHALSA COLLEGE,7986427878,3,34,,2023-11-17 15:36:43,31.1117,75.60165,PMJAY
HOSP3P50316,350316,Hospital,P,Preet Hospital,PREET HOSPITAL BADALI ALA SINGH,9915233393,3,30,,,30.6439548,76.5173936,PMJAY
HOSP3P50665,350665,Hospital,P,Prabh Simran Hospital,"UJJAGAR NAGAR, QADIAN ROAD, BATALA",9815367222,3,32,,,31.811886,75.221054,PMJAY
HOSP3P57139,357139,Hospital,P,MUJRAL NURSING HOME,"MUJRAL NURSING HOME,",9815044188,3,651,,,30.4045800000001,74.0230000000001,PMJAY
HOSP3P57234,357234,Hospital,P,AASTHA HOSPITAL ,AASTHA HOSPITAL,9814725866,3,31,,,30.651718,74.3822058,PMJAY
HOSP3P57602,357602,Hospital,P,Jyoti Hospital ,"JYOTI HOSPITAL,ST. 11, SUNDER NAGRI,HANUMANGARH ROAD, ABOHAR",9815650235,3,651,,,30.1486771,74.2081842,PMJAY
HOSP3P57856,357856,Hospital,P,Mahajan Children Hospital ,"Mahajan Children Hospital, Library Road,Gurdaspur- 143521",9988999428,3,32,,,32.0392831,75.4037049,PMJAY
HOSP3P58199,358199,Hospital,P,chandigarh heart centre,"haripura road, near nexa showroom",9417053657,3,43,,,30.25719,75.83813,PMJAY
HOSP3P59251,359251,Hospital,P,MAHAJAN EYE HOSPITAL,"R-1, Garden Colony, Mission Road",9915158543,3,662,,,32.265942,75.646873,PMJAY
HOSP3P60222,360222,Hospital,P,VIRK HOSPITAL AND SUPERSPECIALITY DENTAL CARE,"Near Bus Stand, Sardulgarh",7027760000,3,37,,,29.6891121,75.2388357999999,PMJAY
HOSP3P60903,360903,Hospital,P,DEWAN HOSPITAL,H. NO.-452/2 SANGAT ROAD CIVIL LINES,7009396595,3,36,,,30.9125625999999,75.8310714,PMJAY
HOSP3P61881,361881,Hospital,P,khahra hospital,"bahadur nagar road valtoha,valtoha",9815116515,3,609,,2019-08-17 17:43:20,31.201869,74.642715,PMJAY
HOSP3P65474,365474,Hospital,P,Mittal Hospital,"Gurunanak Pura Mohalla, Mehs Gate",9815556759,3,41,,,30.372736,76.150847,PMJAY
HOSP3P70449,370449,Hospital,P,S.G.L. Super Speciality Charitable Hospital,"2 Roop Nagar, Garha Road, jalandhar",8427177616,3,34,,,31.3014 DD N,75.5968 DD E,PMJAY
HOSP3P71363,371363,Hospital,P,CHANDRAWATI HOSPITAL,ARYA SAMAJ ROAD ,9855362722,3,651,,,30.407310,74.022431,PMJAY
HOSP3P72345,372345,Hospital,P,IVY HOSPITAL,"Ivy Hospital, Mansa Road, Bathinda",9115403529,3,28,,,30.110641,75.068619,PMJAY
HOSP3P73009,373009,Hospital,P,arora hospital,"Near Petrol Pump, G.T. Road Chheharta, Amritsar",9814523958,3,27,,,31.6482° N,74.8250° E,PMJAY
HOSP3P74532,374532,Hospital,P,LIFELINE SUPERFICIALITY HOSPITAL ,plot no 234 NATIONAL hIGHWAY 22,9814104203,3,608,,,30.642803,76.816902,PMJAY
HOSP3P85453,385453,Hospital,P,MITTAL HEALTH CARE,"Haripura Road,  Near sh. Vijay Inder single residence (MLA) ",8591902222,3,43,,,31.622620,74.852158,PMJAY
HOSP3P89941,389941,Hospital,P,GURU NANAK MISSION HOSPITAL,VPo Dhahan tehsil Banga Distt SBS Nagar,8699737373,3,40,"100006,100007,100013,100014,100016",,31.19129,75.99079,PMJAY
HOSP3P90355,390355,Hospital,P,DHAWAN HOSPITAL,"GALI NO. 6, GURU ANGAD NAGAR, OPP. ITI GROUND CHANDIGARH ROAD, NAWANSHAHR",9914587715,3,40,,,31.1343621,‎76.1191477	,PMJAY
HOSP3P91248,391248,Hospital,P,AASHIRWAD HOSPITAL,"ALIWAL ROAD, BATALA",9814015148,3,32,,,31.823462,75.205063,PMJAY
HOSP3P91583,391583,Hospital,P,CH. DURGA DASS JINDAL MEMORIAL HOSPITAL,"Behind Ch. Devi lal park,badal colony",9872662225,3,39,,,29.973797,74.7023994,PMJAY
HOSP3P91588,391588,Hospital,P,AMANDEEP HOSPITAL,"DALHOUSIE ROAD MAMOON, PATHANKOT",9915492612,3,662,,,32.2853732,75.7005344,PMJAY
HOSP3P91884,391884,Hospital,P,Bagai  Nursing Home Moga,"Roop Vihar, Aara Road, Moga",9779280662,3,38,,,30.81275,75.17022,PMJAY
HOSP3P93724,393724,Hospital,P,AVASTHI BONE AND JOINT CLINIC AND HOSPITAL,"135,GREEN PARK, opposite prince hostel ,civil lines",9872593734,3,36,,,30.9117045,75.8333392,PMJAY
HOSP3P95463,395463,Hospital,P,BALVIR HOSPITAL,"CHANDIGARH ROAD, NAWANSHAHR NEAR FAUJJIAN DI CANTEEN",9855253541,3,40,,,31.125200,76.118896,PMJAY
HOSP3P98739,398739,Hospital,P,JANAK NURSING HOME,CHAKERIAN ROAD MANSA,9815184982,3,37,,,29.987831,75.452954,PMJAY
HOSP3P98839,398839,Hospital,P,ASTHA HOSPITAL,WARD NO 7 MAUR MANDI,9417288705,3,28,,,30.03166,	75.24011,PMJAY
HOSP5P00666,500666,Hospital,P,MAXWELL JANJEEVAN HOSPITAL,opp.sati kund laksar road kankhal ,9897536677,5,50,,,29.9217292,78.1362948,PMJAY
HOSP5P00681,500681,Hospital,P,Kalindi Hospital,"Jiwangarh Line, Chakrata Road, Dehra Dun",8006864108,5,49,,,30.4836318,77.7978812,PMJAY
HOSP5P00834,500834,Hospital,P,Nav Jeevan Hospital,Nav Jeevan Hospital Dhanpura laksar Road Haridwar,8979720757,5,50,,,29.8439084,78.1119192,PMJAY
HOSP5G01831,501831,Hospital,G,District Women Hospital Pauri,"Hospital Campus Pauri,",9412365949,5,52,"100004,100005,100012,100026",,30.150881,78.7736980000001,PMJAY
HOSP5P01965,501965,Hospital,P,Agarwal ortho care and trauma centre,"Moradabad road,near Dr Ila Mehrotra nursing home,kashipur",7302014444,5,56,100026,,29.2457206,78.9900105,PMJAY
HOSP5P02019,502019,Hospital,P,Sarthak Nursing Home,33 civil lines,9837515342,5,50,,,29.8670125,77.8870441,PMJAY
HOSP5P02040,502040,Hospital,P,AMRITSAR EYE CLINIC,"122/1, E.C. Road",9897962433,5,49,,,30.320364,78.050716,PMJAY
HOSP5P03517,503517,Hospital,P,MAHALUXMI EYE HOSPITAL,Divya complex station road kashipur,9410733975,5,56,,,29.2067877,78.9605805,PMJAY
HOSP5P05714,505714,Hospital,P,Yog Mata Pilot Baba Multi speciality Hospital,"Desh Rakshak More, Laksar road, Kankhal. Haridwar",7455820007,5,50,,,29.9244535,78.1368973,PMJAY
HOSP5P07858,507858,Hospital,P,Jagdamba Trauma Centre,197 Near Rispana Pull Haridwar Bypass road,8077498346,5,49,,,30.296575,78.0554416,PMJAY
HOSP5P12007,512007,Hospital,P,NEELKANTH MULTISPECIALTY HOSPITAL HALDWANI,"NEW ITI ROAD, NEAR DR SUSHEELA TIWARI GOVT HOSPITAL, HALDWANI DIST - NAINITAL",7534818002,5,51,,,29.2061056,79.5162127,PMJAY
HOSP5G13599,513599,Hospital,G,"SUB DISTRICT HOSPITAL, MUSSORIE","Civil Hospital, Mussorie,",9412997225,5,49,"100004,100005,100006,100012,100014,100017,100026",,30.456534545292413,78.08710721426746,PMJAY
HOSP5P23113,523113,Hospital,P,THE MEDICITY RUDRAPUR,"TEEN PANI, KICHHA ROAD",7900999401,5,56,,,28.960434,79.4172096,PMJAY
HOSP5P27666,527666,Hospital,P,SANJEEVAN HOSPITAL,"SANJEEVAN HOSPITAL, PURVAWALI, GANESHPUR, STATION ROAD",9411100060,5,50,,,29.86313,77.89126,PMJAY
HOSP5P98547,598547,Hospital,P,Prakash Hospital & Research Foundation,MORADABAD ROAD,9837009444,5,56,100026,,29.20397897,78.946888514561,PMJAY
HOSP6P00840,600840,Hospital,P,MEDICARE SUPERSPECIALITY HOSPITAL AND TRAUMA CENTER,"OPPOSITE PWD REST HOUSE JHAJJAR,",9811783188,6,64,"100005,100006,100012,100015,100020",2026-06-15 16:02:25,28.611753,76.643295,PMJAY
HOSP6P01428,601428,Hospital,P,Ojas Super Speciality Hospital,"H-1, SECTOR 26, PANCHKULA",9780880441,6,70,"100002,100003,100005,100006,100007,100011,100014,100015,100016,100017,100020,100022,100023,100026",2024-02-06 14:32:41,30.66117,76.88239,PMJAY
HOSP6P02017,602017,Hospital,P,Capital superspeciality hospital ,Ambala road jagadhri,9855500630,6,76,"100008,100023,100026",,30.16809,77.29692,PMJAY
HOSP6P02036,602036,Hospital,P,ganpati surgical and trauma hospital,"MITC COLONY ,Karnal Road Kaithal",9910188750,6,66,100026,,29.80104,76.41464,PMJAY
HOSP6P02117,602117,Hospital,P,ADVANTA SUPER SPECIALITY HOSPITAL,"NEAR POWER HOUSE, DEV COLONY, DELHI ROAD",8199988931,6,73,,,28.60791,76.65718,PMJAY
HOSP6P02122,602122,Hospital,P,Cygnus Superspeciality hospital kaithal,"BY PASS ROAD,HUDA SECT-20,KAITHAL,huda sec 20 amabla road by pass kaithal",9779595403,6,66,"100002,100005,100006,100007,100011,100012,100015,100026",2024-09-26 14:32:23,29.8118200000001,76.414831,PMJAY
HOSP6P02375,602375,Hospital,P,R P WELLTAR HOSPITAL,"NEAR TOLL PLAZA, BASTARA,G.T. ROAD",7418000000,6,67,,,29.57214,76.97907,PMJAY
HOSP6P02487,602487,Hospital,P,Batra Hospital ,"Batra Hospital, GT Road, Near Bighar Chowk",9416793588,6,61,,,29.53716,75.71073,PMJAY
HOSP6P03057,603057,Hospital,P,Sunrise Hospital,KHANDSA ROAD NEAR SECTOR 10A,9821316793,6,62,,,28.44278,77.01062,PMJAY
HOSP6P03138,603138,Hospital,P,Mann Multispeciality hospital,"Subhash Road, Opp. All India Radio Station,Near  Police Line",9053025371,6,73,"100003,100005,100006,100010,100012,100015,100016,100017,100018,100020,100023",2019-01-25 11:55:41,28.8982980000001,76.589705,PMJAY
HOSP6G03291,603291,Hospital,G,District Civil Hospital Gurugram,Near Bus Stand Gurugram,9868003478,6,62,"100004,100005,100006,100009,100010,100012,100013,100014,100015,100016,100017,100026",,28.4612906,77.0333014,PMJAY
HOSP6P03460,603460,Hospital,P,C K MEMORIAL KAPOOR HOSPITAL ,3B/ 8/BP  NIT FARIDABAD,9818656965,6,60,,,28.398036,77.295584,PMJAY
HOSP6P03841,603841,Hospital,P,RAWAL MULTISPECIALITY HOSPITAL,"O-2, Industrial area, Opp. Maco Factory, Rohtak Road",9812040182,6,75,100026,,28.97595,77.00695,PMJAY
HOSP6P03891,603891,Hospital,P,METRO HOSPITAL AND HEART INSTITUTE ,"H-Block, Palam Vihar, Gurgaon ",9654010870,6,62,"100003,100007,100010,100016,100017,100023,100026",,28.51824,77.03878,PMJAY
HOSP6P03926,603926,Hospital,P,SINGLA HOSPITAL,"Opp. Sandpiper Tourist Complex, Circular Road",9812136906,6,72,,,28.19736,76.60891,PMJAY
HOSP6P04003,604003,Hospital,P,kalawati anand hospital,"Kalawati Anand hospital , inside Bharat hospital complex, NEAR VIVEKANAND CHOWK ,SEC-14, ",9996180255,6,75,,,28.99315,77.03226,PMJAY
HOSP6P04377,604377,Hospital,P,SANJIVNI HEALTH CARE,SANJIVNI HEALTH CARE,8059541999,6,58,100026,,30.473719538461687 ,77.1217455153415,PMJAY
HOSP6P04707,604707,Hospital,P,LALITA MEMORIAL HOSPITAL PVT LTD,"lalita memorial hospital ,opp hanuman mandir",9416064985,6,72,,,28.1963372,76.6133306,PMJAY
HOSP6P06103,606103,Hospital,P,SETHI NURSING HOME,"1741/5,jyoti nagar,sethi nursing home , red road , kurukshetra haryana",9416087003,6,68,,,29.9717591,76.8412977999999,PMJAY
HOSP6P06234,606234,Hospital,P,DHIR HOSPITAL HISAR,PLOT NO 37 INDERPRASTHA COLONY ,9306152254,6,63,,,28.79921,76.14421,PMJAY
HOSP6P07219,607219,Hospital,P,ARVIND HOSPITAL,1 DUGGAL COLONY,9254266607,6,67,,,29.6946933999999,76.9916336,PMJAY
HOSP6P07437,607437,Hospital,P,bhanot hospital,"BHANOT HOSPITAL / BHANOT HOSPITAL,jharsa road",7011266826,6,62,"100001,100005,100006,100015,100019,100022,100026",2018-09-17 17:16:44,28.4561870000001,77.0371710000001,PMJAY
HOSP6P11425,611425,Hospital,P,Kare Partners Heart Centre,C/0 Capital Super Speciality Hospital Ambala-Jagadhri Road Village Teli Majra Near Bombay Furniture Jagadhri Yamunanagar,9875940173,6,76,,,30.1423586453545,77.3018235160151,PMJAY
HOSP6P16768,616768,Hospital,P,YADAV HOSPITAL,"Rohtak Road Near Phatak,",9812345888,6,701,"100005,100006,100013,100015",2019-07-19 15:19:31,28.603409014242956,76.27778912978249,PMJAY
HOSP6P22389,622389,Hospital,P,mittal chest and allergy center,396 huda colony sector 11 Panipat,9896136372,6,71,,,29.38101,76.97822,PMJAY
HOSP6P28309,628309,Hospital,P,JEEVAN NURSING HOME BHIWANI,"ROHTAK GATE CHOWK , DADRI ROAD",9992298115,6,59,"100016,100026",,28.89552,76.60661,PMJAY
HOSP6P43012,643012,Hospital,P,SPES HOSPITAL,"NEAR CRPWN PLAZA,OLD BUS STAND, BHIWANI",8950000168,6,59,"100007,100026",,28.80024,76.141286,PMJAY
HOSP6P66487,666487,Hospital,P,AHUJA HOSPITAL PVT LTD,"SANOLI ROAD, NEAR NEW SABZI MANDI PANIPAT",9315492480,6,71,,,29.387536,76.9800431,PMJAY
HOSP6P73199,673199,Hospital,P,IBM HOSPITAL & TRAUMA CENTRE,"NEAR KIRPAL ASHRAM,BARSAT ROAD,PANIPAT,HARYANA",9896342124,6,71,,,29.40066,76.98372,PMJAY
HOSP6G74440,674440,Hospital,G,CHC KHARAKRAMJI,KHARAK RAMJI,8791147689,6,65,"100004,100005,100012,100026",,29.304821,76.432824,PMJAY
HOSP6P81528,681528,Hospital,P,SWASTIK HOSPITAL AND POISON CARE,"GHIKARA ROAD, CHARKHI DADRI",8930565073,6,701,100005,2019-04-25 11:07:26,28.59914,76.27338,PMJAY
HOSP6P84376,684376,Hospital,P,Maan Multispeciality Hospital,"ROHTAK GATE, BHIWANI",9215504631,6,59,,,28.7964268,76.1464158,PMJAY
HOSP6P90109,690109,Hospital,P,7 Med India Private Limited,"Aryan Hospital, Old Railway Road, shivpuri",9569800008,6,62,,,28.4140924915175,77.0419853778978,PMJAY
HOSP6P90637,690637,Hospital,P,KBM Hospital,"Circular Road, Miri Piri Chownk, Ambala city",8053442444,6,58,,,29.95934,76.89572,PMJAY
HOSP6P99716,699716,Hospital,P,ARSH HOSPITAL,"17, ASHOKA COLONY, NEAR KALPANA CHAWLA MEDICAL COLLEGE AND HOSPITAL ,KARNAL",9053015101,6,67,"100005,100006,100015,100023",2023-09-27 15:56:56,29.695295357366035,76.9901639062241,PMJAY
HOSP9P00396,900396,Hospital,P,L R HOSPITAL ,"L.R. Hospital, Opposite B.S.A. Degree College,Bhuteshwar Road, Mathura.",9058870690,9,167,"100004,100005,100006,100012,100014,100015,100016,100020,100023,100026,100028",2018-10-29 18:09:16,27.5218432,77.6536064,PMJAY
HOSP9P00418,900418,Hospital,P,care hospital and trauma center,"537 B/167,FAIJULLAGANJ",9935253585,9,162,,,26.8975969,80.9341154,PMJAY
HOSP9P00620,900620,Hospital,P,Ghspl Amro Super Speciality healthcare Llp,"VILLAGE GULADIA, NEAR ELECTRIC SUB STATION, AMROHA,",8017514115,9,154,"100004,100005,100006,100010,100012,100015,100017,100018,100020,100023,100026,100028",2018-09-21 14:12:14,28.8939883,78.4478882,PMJAY
HOSP9P00658,900658,Hospital,P,LEELAWATI GENERAL HOSPITAL NAYA PULL BY PASS ROAD NAWABGANJ BAREILLY,NAYA PULL BY PASS ROAD NAWABGANJ BAREILLY UP,9639173730,9,130,,,28.539609,79.635676,PMJAY
HOSP9P00737,900737,Hospital,P,Girija Ashirwad Health Care,"915, Paltan bazar,paltan bazar",9795097266,9,185,"100004,100005,100006,100012,100017,100026,100028",2018-11-18 16:25:53,26.259354203197915,82.07615021398112,PMJAY
HOSP9P00809,900809,Hospital,P,NARAYANI HOSPITAL ,"Ramghat Road,",9837002457,9,119,,2018-09-21 16:40:12,27.8915690000001,78.0832280000001,PMJAY
HOSP9P00838,900838,Hospital,P,MAATRITVA HOSPITAL,"sec j ,jankipuram",9415136759,9,162,"100005,100006,100012",2018-09-06 17:14:58,26.9245760000001,80.9675760000001,PMJAY
HOSP9P00856,900856,Hospital,P,Tilak Hospital and Maternity home,P 70 Alopibagh  ,9415340337,9,120,,,25.444471,81.873316,PMJAY
HOSP9P00996,900996,Hospital,P,Sunil Shivdarshan Manoj care hospital pvt ltd,KAVSHAMBI ROAD JHALWA ALLAHABAD,8840794202,9,120,,,25.4356547,81.7603079,PMJAY
HOSP9P01002,901002,Hospital,P,B L MEMORIAL HOSPITAL,WARD NO 4 SICHAYI COLONY TOWN AREA HANDIA ,9935119600,9,120,,,25.35255,82.16126,PMJAY
HOSP9P01044,901044,Hospital,P,MIMHANS ,"281,283 Sector-1 Mangal Pandey Nagar Meerut (U.P)",9927018025,9,169,,,28.9674431,77.7366463,PMJAY
HOSP9P01065,901065,Hospital,P,RAM RAGHU HOSPITAL UNIT II,"M,G, ROAD , OPP SANJAY PLACE",9389806560,9,118,,,27.2011551,78.0035214,PMJAY
HOSP9P01087,901087,Hospital,P,SPM HOSPITAL RESEARCH AND TRAUMA CENTRE,"C-46-50, KALYANPUR,KANPUR",9839009262,9,157,,,26.5010904,80.2577864,PMJAY
HOSP9P01213,901213,Hospital,P,MM HOSPITAL,Piprababu Rampura ,9415282045,9,164,,,27.1364204,83.5949262,PMJAY
HOSP9P01214,901214,Hospital,P,Maya hospital,"1/53,avas vikas tiraha",9935062250,9,141,,,27.3795,79.5987,PMJAY
HOSP9P01226,901226,Hospital,P,sethi hospial ,"station road, near regency school, sitapur",9415062121,9,183,,,27.56138,80.6924517,PMJAY
HOSP9P01268,901268,Hospital,P,MATRA CHHAYA MEDICAL AND TRAUMA CENTRE,"621/34 W-2,JUHI KALA BARRA",8840162539,9,157,,2018-10-07 01:02:58,26.432074,80.308495,PMJAY
HOSP9P01283,901283,Hospital,P,GALAXY SURGICAL AND MATERNITY CENTER,"B1/8 Ram Ganga Vihar,",8057031184,9,171,,2018-08-23 20:05:05,28.8759122,78.7488077,PMJAY
HOSP9P01288,901288,Hospital,P,ASHUTOSH HOSPITAL,PASICHAMI BYPASS,9451413027,9,137,,,26.489101,83.6135572,PMJAY
HOSP9P01291,901291,Hospital,P,sanjeevni hospital,765-766 lakhanpur awadhpuri road ,8318897837,9,157,,,26.4946923,80.2782677,PMJAY
HOSP9P01305,901305,Hospital,P,SilverLine Multi Speciality Hospital,"63, KRISHNA NAGAR, KANPUR ROAD, LUCKNOW",9140163531,9,162,,,26.7978346,80.8867919,PMJAY
HOSP9P01315,901315,Hospital,P,Dhanvantri Superspeciality Hospital A unit of Kabir Hospital Pvt Ltd,"394 , W 2 , Juhi Kalan , Naubasta",6394929812,9,157,,,26.4371676,80.320443,PMJAY
HOSP9P01321,901321,Hospital,P,SHREE RAM NURSING HOME PVT LTD,127/a817 k block KIDWAI NAGAR KANPUR,9839085447,9,157,,,26.4201778,80.3290352,PMJAY
HOSP9P01383,901383,Hospital,P,SHARMA NURSING HOME,113/340 SWAROOP NAGAR,8574553751,9,157,,,26.4824502,80.314551,PMJAY
HOSP9P01423,901423,Hospital,P,KRISHNA MEDICAL CENTRE,"PHAPHUND ROAD OPP. NTPC GATE NO.1, DIBIYAPUR, AURAIYA",9359943400,9,122,,,26.6289711,79.5494412,PMJAY
HOSP9P01439,901439,Hospital,P,TAURUSAAFCT2534A868,208 safipur 1st ramadevi,9415439670,9,157,,,26.4155715,80.3907425,PMJAY
HOSP9P01475,901475,Hospital,P,tarun children nursing home,"TARUN CHILDREN NURSING HOME, TANAKPUR BYPASS ROAD, ASHOK COLONY",9897138333,9,173,,,28.6233296,79.8149657,PMJAY
HOSP9P01537,901537,Hospital,P,SADBHAWNA MEDICAL CENTER ,Pathan Tola Amaniganj,9415048296,9,140,,,26.782135,82.1586116,PMJAY
HOSP9P01578,901578,Hospital,P,Khandelwal Nursing Home,3/27 Pratap Pura,9027146616,9,118,,,27.1660068,78.0087085,PMJAY
HOSP9P01590,901590,Hospital,P,sirohi hospital and maternity home,"multan nagar baghpat road , meerut",9897767664,9,169,,,28.9711175,77.6634106,PMJAY
HOSP9P01624,901624,Hospital,P,Svasti medical home,Near petrol pump subhash nagar badaun road bareilly,7703056729,9,130,"100001,100004,100005,100006,100010,100012,100015,100017,100018,100019,100020,100026,100028",2023-11-21 18:22:13,28.3370271,79.4070856,PMJAY
HOSP9P01627,901627,Hospital,P,Waris Hospital,"TC-1139,",9956775000,9,162,"100006,100012,100016,100026,100028",2018-09-18 11:36:03,26.985776,80.9216410000001,PMJAY
HOSP9P01629,901629,Hospital,P,SHYAM CHARITABLE HOSPITAL,koraon allahabad,9415982578,9,120,,,25.99799,82.07063,PMJAY
HOSP9P01677,901677,Hospital,P,Yashoda Hospital and Research Centre Ltd,Nehru Nagar ,9717491011,9,145,,,28.6599743,77.4386762,PMJAY
HOSP9P01685,901685,Hospital,P,CHANDRAKANTA JAWAHARLAL PUBLIC CHARITABLE TRUST HOSPITAL,16/72 CIVIL LINES KANPUR ,9839039009,9,157,,,26.47416,80.35611,PMJAY
HOSP9P01719,901719,Hospital,P,Amar Jyoti nursing home,"Pachdevra, karchhana, Allahabad",7054201034,9,120,,,25.2859,81.9594,PMJAY
HOSP9P01734,901734,Hospital,P,PT MAIKOO LAL VIRENDRA NATH HOSPITAL,sugar factory road ,8273746952,9,173,,,28.6129028,79.7848422,PMJAY
HOSP9P01761,901761,Hospital,P,LIFE LINE HOSPITAL SULTANPUR,"141/1 life line hospital,allahabad road,laxhmanpur",9415136661,9,185,,,26.256788,82.0685872,PMJAY
HOSP9P01782,901782,Hospital,P,AGRA MEDICAL AND CARDIAC RESEARCH CENTRE  PVT LTD,"3/2/1, AJMER ROAD, PRATAP PURA, BEHIND DEVIRAM SWEETS",8923335331,9,118,,,27.1707329,77.9946329,PMJAY
HOSP9P01783,901783,Hospital,P,Janta Childrens Hospital,"Near SBI Main Branch Azadpura Station Road Lalitpur,",8115336262,9,161,"100005,100010,100017,100026,100028",2018-12-31 13:25:09,24.689665,78.410636,PMJAY
HOSP9P01793,901793,Hospital,P,BALLIA TRAUMA CENTRE DR MANOJ,MAIN GATE KACHAHARI CIVIL LINE BALLIA,9454363195,9,126,,,25.762495,84.1458575,PMJAY
HOSP9P01890,901890,Daycare Centre,P,EYE Q VISION PVT LTD,"113/16 A SWAROOP NAGAR KANPUR NAGAR,113/57 OPPOSITE MOTIJHEEL KANPUR",9717292625,9,157,,2018-09-25 13:40:30,26.4800900000001,80.312283,PMJAY
HOSP9P01895,901895,Hospital,P,Eye Q Vision Pvt Ltd,"Suraj Square, First Floor, 3/299, Vishal Khand-3, Gomtinagar, Lucknow, Uttar Pradesh",9717292625,9,162,,,26.8464852,80.988282,PMJAY
HOSP9P01906,901906,Hospital,P,NIRMALA HOSPITAL AND MATERNITY CENTRE ,"Super HIG 11 Saketpuri Colony Near Devkali By Pass,Super HIG 11 Saketpuri Colony Near Devkali By Pass",9455547512,9,140,"100004,100005,100012,100026,100028",2018-09-30 21:00:27,26.773583,82.1761490000001,PMJAY
HOSP9P01910,901910,Hospital,P,Shiwansh Hospital ,KAMALPUR,9415867658,9,135,,,25.3825714,83.4089327,PMJAY
HOSP9P01960,901960,Hospital,P,Aryan Surgical Centre,117/239 PLOT NO 93 OBLOCK Geeta Nagar Sharda Nagar,9451165688,9,157,,,26.484469,80.289546,PMJAY
HOSP9P01988,901988,Hospital,P,GOODWILL NURSING HOME PRIVATE LIMITED,9 AAMGHAT COLONY GHAZIPUR,8960040444,9,146,,,25.5835546,83.5796181,PMJAY
HOSP9P02097,902097,Hospital,P,Dr DD Tripathi Memorial Hospital,"Raja Vijaypur Kothi, Civil Lines",9415231873,9,170,,,25.1558384,82.5829387,PMJAY
HOSP9P02101,902101,Hospital,P,KARMA HEALTH CENTTRE,"22, SARANGAPUR, REWA ROAD, DANDUPUR",8081292310,9,120,,,25.3519573,81.8321063,PMJAY
HOSP9P02174,902174,Hospital,P,Vijay Hospital and Trauma Centre,Bhandahakala,7522803047,9,187,,,25.497384,83.1461994,PMJAY
HOSP9P02197,902197,Hospital,P,Jeevan Jyoti Hospital,"Jeevan Jyoti Hospital,Dehradun road",8860673377,9,177,"100004,100006,100008,100012,100015,100021,100022,100023,100026,100028",2018-12-21 20:38:47,30.03546973485865,77.75155424622903,PMJAY
HOSP9P02213,902213,Hospital,P,K k jain hospital,Kk jain hospital civil line,9415508247,9,161,,,24.695569,78.4091955,PMJAY
HOSP9P02259,902259,Hospital,P,SURYA SUPER SPECIALITY HOSPITAL,"D 63/6 K, TULSIPUR ( NEAR AKASHWANI)",7985089517,9,187,,,25.305217,82.9805222,PMJAY
HOSP9P02261,902261,Hospital,P,ADYA HOSPITAL,"KATKA, ANDAWA BYPASS, JHUNSI",7376054305,9,120,,,25.0957684,82.2447483,PMJAY
HOSP9P02282,902282,Hospital,P,Faran Hospital,AN-236 MOHALLA NABIGANJ NEAR PALHARI CHAURAHA,9450302822,9,129,,,26.9301823,81.2104825,PMJAY
HOSP9P02309,902309,Hospital,P,ANAND HOSPITAL,KASTURBA GANDHI MARG,9335070616,9,120,,,25.43583,81.84634,PMJAY
HOSP9P02320,902320,Hospital,P,LIFE LINE HOSPITAL,"LIFE LINE HOSPITAL DISTT. JAIL CHAURAHA GRANGANJ FATEHGARH,LIFE LINE HOSPITAL DISTT. JAIL CHAURAHA GRANGANJ FATEHGARH",8423715254,9,141,"100004,100005,100006,100015,100026,100028",2018-12-21 19:53:34,27.353622,79.6254960000001,PMJAY
HOSP9P02379,902379,Hospital,P,DRAVILOK HOSPITAL PVT LTD,Dravilok Hospital Pvt Ltd  Dr.V.P.Singh Gali ,9794661111,9,135,,,25.0484701,83.2229215,PMJAY
HOSP9P02411,902411,Hospital,P,R K Hospital,barai ward near semrauna chauraha rudrapur deoria,9651761763,9,137,,,26.4406963,83.6075927,PMJAY
HOSP9P02476,902476,Hospital,P,IIMT LIFE LINE HOSPITAL,O POCKET GANGA NAGAR MAWANA ROAD MEERUT,9927038215,9,169,,,28.9993578,77.7623694,PMJAY
HOSP9P02479,902479,Hospital,P,SHREE BALDEO HOSPITAL,VILL AND POST BARAGAON ,9415810294,9,187,,,25.4291628,82.8226528,PMJAY
HOSP9P02515,902515,Hospital,P,Breatheeasy Hospital,"B1/128-32A-1, ASSI, ASSI-LANKA ROAD, INFRONT OF MUMUKSHU BHAVAN, VARANASI",7570000243,9,187,,,25.286585,83.003609,PMJAY
HOSP9P02558,902558,Hospital,P,Lucknow Hospital and Maternity centre,"sILWAR PLAZA, DALIGANJ,",9838767758,9,162,"100005,100006,100012,100015",2019-06-03 15:51:36,26.870194,80.9263450000001,PMJAY
HOSP9P02559,902559,Hospital,P,SAPNA HOSPITAL,46-B PUNJABI COLONY NAINI,9415218130,9,120,,,25.3994529,81.871268,PMJAY
HOSP9P02653,902653,Hospital,P,TANDON MULITISPECIALITY HOSPITEL ISHITA EYE CARE CENTRE,CK 64/106 P-1,9415203046,9,187,,,25.3191745,83.0066701,PMJAY
HOSP9P02656,902656,Hospital,P,Shanti Surgical clinic and nursing home,"13 Hemant ViharSector 3 ,Barra-2",9415483036,9,157,,,26.4289928,80.3064959,PMJAY
HOSP9P02662,902662,Hospital,P,Shri Ram Kishore Memorial Hospital ,c6/1stadium road bareilly,7060070522,9,130,,,28.3717564,79.4320633,PMJAY
HOSP9P02669,902669,Hospital,P,LAXMI MEDICAL SURGICAL CARE CENTER PVT LTD,"S.17/329. MALDAHIYA VARANASI,",7081022111,9,187,"100004,100005,100006,100007,100012,100015,100017,100026,100028",2019-08-16 18:31:08,25.327963416319918,82.99027917364481,PMJAY
HOSP9P02721,902721,Hospital,P,ANAND HOSPITAL MEERUT,A-1 DAMODAR COLONY GARH ROAD MEERUT,9368185001,9,169,,,28.9616085,77.7459573,PMJAY
HOSP9P02761,902761,Hospital,P,jyoti dental hospital,"jagdishpuram colony,near belwa chungi,padrauna ",9452218992,9,160,,,26.8996574,83.9850122,PMJAY
HOSP9P02814,902814,Hospital,P,ashutosh hospital and trauma center pvt ltd,15/20 HASHIMPUR ROAD ALLAHABAD,9415236888,9,120,,,25.458042,81.8616009,PMJAY
HOSP9G02848,902848,Hospital,G,Ram Manohar Lohia Combined Hospital,VIBHUTI KHAND GOMTI NAGAR,6388165727,9,162,"100001,100002,100003,100004,100005,100006,100007,100008,100009,100010,100011,100012,100013,100014,100015,100016,100017,100018,100019,100020,100021,100022,100023,100026,100028,10083",2018-08-24 11:52:53,26.868966,81.001572,PMJAY
HOSP9P02850,902850,Hospital,P,SM HOSPITAL,"GRANGANJ KANPUR ROAD FATEHGARH,GRANGANJ FATEHGARH",9336183604,9,141,"100004,100005,100006,100015,100026,100028",2024-07-25 11:03:34,27.35392155736456,79.62530368265094,PMJAY
HOSP9P02857,902857,Hospital,P,Medlife Research and Trauma Center,"439/22 K/6 Near, Theseenganj Crossing, Hardoi Road Chowk ,",9807423873,9,162,,,26.8707408,80.9005932,PMJAY
HOSP9P02965,902965,Hospital,P,ASTHA HOSPITAL,FAIZABAD ROAD PANCOPEERAN ,9415046034,9,185,,,26.274146,82.0773527,PMJAY
HOSP9P02992,902992,Hospital,P,NEW SEWADHAM HOSPITAL,87/36 acharya nagar,9335482626,9,157,,,26.4626317,80.3286855,PMJAY
HOSP9P02998,902998,Hospital,P,Nayati Multi Super Specialty Hospital,"Nayati Multi Super specialty Hospital, Behind Sawariya Gas Station  CNG Pump",9899212580,9,167,,,27.53457,77.658778,PMJAY
HOSP9P03105,903105,Hospital,P,FAZAL AND ANAND HOSPITAL,"Chaman Sarai,Arya Samaj Road, Tehsil Sambhal,",9897071855,9,659,,,28.5861722,78.5697965,PMJAY
HOSP9P03151,903151,Hospital,P,City Super Speciality Hospital,"Govardhan chauraha,NEAR GOVERDHAN CHAURAH MATHURA",9410093700,9,167,"100002,100004,100005,100006,100007,100012,100014,100015,100016,100017,100020,100023,100026,100028",2018-09-25 13:26:19,27.500571,77.6533210000001,PMJAY
HOSP9P03168,903168,Hospital,P,Jeevan Rekha Medicare,govind nagar koraon allahabad,9935112077,9,120,,,25.0022662,82.0689094,PMJAY
HOSP9P03177,903177,Hospital,P,life line medical and surgical health care centre,"15, new colony aamghat ghaziput up",9452709838,9,146,,,25.5807797,83.5800901,PMJAY
HOSP9P03188,903188,Hospital,P,Seema hospital,Bhorajpur khurd Atraulia ,9839865367,9,123,,,26.326071,82.9507849,PMJAY
HOSP9P03241,903241,Hospital,P,kunti nursing home,KUNTI NURSING HOME CANAL ROAD HARDOI,9415175753,9,150,,,27.4026659,80.1345847,PMJAY
HOSP9P03316,903316,Hospital,P,SHAH MEMORIAL CHARITABLE HOSPITAL,G T ROAD SAIDABAD ,9935286490,9,120,,,25.374435,82.1188918,PMJAY
HOSP9P03342,903342,Hospital,P,J B MEMORIAL HOSPITAL AGRA ROAD MAINPURI UP,Agra Road Mainpuri. ,9927006251,9,166,,,27.2284985,79.0249516,PMJAY
HOSP9P03355,903355,Hospital,P,EMERGENCY HOSPITAL,"EMERGENCY HOSPITAL, JAWAHAR NAGAR,MOOSANAGAR ROAD,KANPUR NAGAR",9794323855,9,157,,,26.469543,80.3179014,PMJAY
HOSP9P03398,903398,Hospital,P,KHAIR MEMORIAL HOSPITAL BASTI,NEAR HEAD POST OFFICE GANDHINAGAR,8853777101,9,131,"100006,100013,100026,100028",2024-07-25 11:05:51,26.7930126,82.7299861,PMJAY
HOSP9P03415,903415,Hospital,P,Usha maternity and surgical centre kunda pratapgarh,Maa vaishno colony bihar road kunda,9415253769,9,174,,,25.717531,81.521241,PMJAY
HOSP9P03450,903450,Hospital,P,DEEP HOSPITAL MAINPURI,RADH RAMAN ROAD MAINPURI,7037109000,9,166,,,27.230752,79.0462761,PMJAY
HOSP9P03495,903495,Hospital,P,MAA HOSPITAL AND TRAUMA CENTER,"8/75, JANKIPURAM EXTENSION, SITAPUR ROAD",9919803858,9,162,,,26.9365619,80.9368476,PMJAY
HOSP9P03528,903528,Hospital,P,KEERTI KRISHNA CHILDREN HOSPITAL,"NAGHETA ROAD HARDOI,",9415175718,9,150,"100005,100017,100026,100028",2024-07-25 11:04:59,27.389871,80.1398370000001,PMJAY
HOSP9P03566,903566,Hospital,P,NIRMALA NURSING HOME,"NIRMALA NURSING HOME, NAGHETA road",9451917154,9,150,,,27.3945911,80.1404973,PMJAY
HOSP9P03632,903632,Hospital,P,Ansari nursing home,Ansari nursing home  katra road civil line,9839250544,9,174,,,25.9163227,81.9889665,PMJAY
HOSP9P03651,903651,Hospital,P,CONTACARE EYE HOSPITAL,"123, SOM BUSINESS SQUARE , CANAL EXPRESS ROAD, NAURANA CHOURAHA,MALL ROAD, KANPUR",7879780011,9,157,,,26.463448,80.3598136,PMJAY
HOSP9P03658,903658,Hospital,P,Vaidik Hospital,A 38 Rajendra Nagar,9808800803,9,130,,,28.38533,79.4262,PMJAY
HOSP9P03659,903659,Hospital,P,Gayatri Hospital ,3/1A TULARAMBAGH,9415217665,9,120,,,25.4450149,81.865557,PMJAY
HOSP9P03709,903709,Hospital,P,JAI HOSPITAL AND RESEARCH CENTRE,"396,NEAR SHAREE TALKIES BYE PASS ROAD AGRA",9897048048,9,118,"100004,100005,100006,100007,100014,100015,100016,100017,100020,100026,100028",2018-10-06 21:49:12,27.209327,78.008024,PMJAY
HOSP9P03711,903711,Hospital,P,AKASH HOSPITAL,REWA ROAD DANDI NAINI ALLAHABAD,9452240004,9,120,,,26.39508,80.31298,PMJAY
HOSP9P03751,903751,Hospital,P,saroj nursing home,"68/a /190 tagore town ,prayagraj",9415236224,9,120,,2023-11-21 18:22:13,25.449964181158848,81.8652474110446,PMJAY
HOSP9P03861,903861,Hospital,P,Anurag Matri Sadan,"C4/340 Saray Gobardhan Chetganj Varanasi 221001,sARAI gOVARDHAN CHETGANJ",9935277593,9,187,,2018-10-29 18:56:04,25.3173120000001,83.002464,PMJAY
HOSP9P03915,903915,Hospital,P,Muskan Hospital Unnao ,"1071, B- Awas Vikas Colony ",9415747029,9,186,,,26.5529041,80.5019608,PMJAY
HOSP9P03962,903962,Hospital,P,Dwarka Hospital,5/4 K.P.Kakkar Road Near Chandralok Cinema ,9026491087,9,120,,,25.4375049,81.845146,PMJAY
HOSP9P03969,903969,Hospital,P,CFS Netralya P Ltd,Opp. NAS College E. K. Road,9650044492,9,169,,,28.98409,77.7108532,PMJAY
HOSP9P03982,903982,Hospital,P,Abhisri Hospital,"Quarsi, Ramghat Road,",9358085866,9,119,"100004,100005,100006,100007,100010,100012,100015,100017,100026,100028",2019-02-18 16:57:39,27.9142379,78.1100823,PMJAY
HOSP9P04013,904013,Hospital,P,Jeevan Jyoti Hospital,K-4 RAMPUR GARDEN,8077123602,9,130,,,28.3509354,79.4250641,PMJAY
HOSP9P04031,904031,Hospital,P,Megacity hospital saharanpur,"Near Paramount Tulip Township, Delhi Road, Saharanpur",9897970001,9,177,,,29.8858077,77.5323127,PMJAY
HOSP9P04068,904068,Hospital,P,RKMS CHARITABLE HOSPITAL,PISAWA ROAD,9690811469,9,119,,,28.08406,77.8334993,PMJAY
HOSP9P04082,904082,Hospital,P,Vardhman Hospital and Research Centre,"694/2, r .T.O road, shastri nagar meerut,near PNB bank",9259042808,9,169,"100004,100005,100006,100010,100011,100015,100016,100017,100019,100020,100023",2018-12-28 15:45:44,28.958736,77.7299410000001,PMJAY
HOSP9P04107,904107,Hospital,P,Dr Hans Raj Memorial Clinic,"Near Balaji Mandir, Court Road",7302183274,9,171,,,28.8431206,78.772623,PMJAY
HOSP9P04173,904173,Hospital,P,SATYA MEDICAL CENTRE UNIT OF INDU HOSPITAL AND RESEARCH CENTRE PRIVATE LIMITED,A98A SECTOR - 34 NOIDA,9810081600,9,144,,,28.5867006,77.3585029,PMJAY
HOSP9P04228,904228,Hospital,P,SWASTIK HOSPITAL AND TRAUMA CENTER,G T ROAD BICHHIYA CHANDAULI,9415872684,9,135,,,25.2598908,83.246651,PMJAY
HOSP9P04233,904233,Hospital,P,G.C.R.G. MEMORIAL HOSPITAL,"Chandrika Devi Road, Parvatpur",9450020898,9,162,,,26.9999105,80.8841841,PMJAY
HOSP9P04239,904239,Hospital,P,DIVINE HOSPITAL,Hata Bazar ,9451413027,9,148,,,26.3702783,83.4703566,PMJAY
HOSP9P04327,904327,Hospital,P,sapphire hospital,"ajmer road, pratap pura",7259643756,9,118,,,27.166618,78.0105881,PMJAY
HOSP9P04353,904353,Hospital,P,MEDIMAX HEALTHCARE AND RESEARCH CENTER,"18-b nayaya marg ,hasting road ,ashok nagar crossing ",9453404782,9,120,,,25.4676611,81.8244901,PMJAY
HOSP9P04380,904380,Hospital,P,Nishtha hospital,881 civil lines,9415594965,9,186,,,26.5547149,80.4798772,PMJAY
HOSP9P04384,904384,Hospital,P,Sharma hospital ,Ram JanKI marg,9452147682,9,131,"100004,100005,100012,100026,100028",2024-09-18 13:37:33,26.7739115,82.3803377,PMJAY
HOSP9P04392,904392,Hospital,P,Jain Nursing Home,"Barabnki near Mahila Hospital,FAIZABAD ROAD",9415048611,9,129,"100004,100005,100006,100026,100028",2018-09-07 15:43:49,26.92,81.17,PMJAY
HOSP9P04430,904430,Hospital,P,Rathi Hospital,"Rathi Hospital HIG-6,Vikas Nagar Agra Road, Aligarh",9643588583,9,119,"100012,100026,100028",2018-09-21 16:53:02,27.8613804,78.0750214,PMJAY
HOSP9P04551,904551,Hospital,P,Raj nursing hom,MOHALLA NO-06 BILSI,9412602207,9,133,,,28.1320523,78.912273,PMJAY
HOSP9G04572,904572,Hospital,G,dwh,District Women Hospital pratapgarh,7398100527,9,174,,,25.9219162,81.9975717,PMJAY
HOSP9G04610,904610,Hospital,G,District Male Hospital ,KUCHERY ROAD PRATAPGARH,9454455134,9,174,,,25.9217307,81.9985665,PMJAY
HOSP9P04620,904620,Hospital,P,ONGC Community Hospital A Unit of Chandan Healthcare Ltd,sisya kalan Dhaurara,9919933333,9,159,,,27.9731018,81.1471836,PMJAY
HOSP9P04625,904625,Hospital,P,GEO HOSPITAL,GEO HOSPITAL PLOT NO-3 KHORA COLONY MAYUR VIHAR PH-3,9873509374,9,145,,,28.615792,77.3418718,PMJAY
HOSP9P04674,904674,Hospital,P,Krishna maiternity center and hospital ,"Shri Ram Colony, Haidargh Road",9451818989,9,129,,,26.9177004,81.197899,PMJAY
HOSP9G04768,904768,Hospital,G,District  Women Hospital Deoria ,"Office in District Woman Hospital Deoria, Deoria",9454455388,9,137,"100001,100002,100003,100004,100005,100006,100007,100008,100009,100010,100011,100012,100013,100014,100015,100016,100017,100018,100019,100020,100021,100022,100023,100026,100028,10083",2018-08-24 13:57:35,26.4954172,83.7819227,PMJAY
HOSP9P04829,904829,Hospital,P,KAILASH HOSPITAL AND HEART INSTITUTE,H 33 SECTOR 27,9711918455,9,144,,,28.577472,77.331603,PMJAY
HOSP9P04888,904888,Hospital,P,k pmemorial hospital new ashok vihar colony shivpur,new ashok vihar colony ,9919024554,9,187,,,25.3622015,82.9539992,PMJAY
HOSP9P04971,904971,Hospital,P,Maxwell Multispeciality Hospital ,"B1 ,Hapur Road",9773553005,9,145,,,28.6805068,77.4923856,PMJAY
HOSP9P04983,904983,Hospital,P,DR M C AGARWAL HOSPITAL AND RESEARCH CENTRE PVT LTD,KOTLA CHUNGI BYE PASS ROAD,9837886870,9,143,,,27.1595262,78.4034488,PMJAY
HOSP9P04990,904990,Hospital,P,MANSAROVER HOSPITAL,"ALINAGAR, PT. DINDYAL UPADHYAY NAGAR",8756995804,9,135,,,25.2784675,83.1199884,PMJAY
HOSP9P05000,905000,Hospital,P,Adarsh hospital and trauma centre ,In front of kotwali gate Bangarmau unnao ,9935363534,9,186,,,26.8859,80.2136,PMJAY
HOSP9P05023,905023,Hospital,P,Ajay Hospital ,AJAY HOSPITAL,7351011055,9,169,,,25.34256,82.97766,PMJAY
HOSP9P05026,905026,Hospital,P,SHIVAM HOSPITAL AND HEART CENTRE ,"R-3/4,,RAJNAGAR",8700226727,9,145,"100004,100005,100006,100012,100015,100017,100026,100028",2024-03-19 17:11:38,28.6784288,77.4357627,PMJAY
HOSP9P05027,905027,Hospital,P,KRISHNA HOSPITAL AND TRAUMA CENTRE,"j85 patel nagar ,ghaziabad",9899555649,9,145,,2018-10-29 18:26:04,28.670329,77.4289810000001,PMJAY
HOSP9G05036,905036,Hospital,G,District Women Hospital Lalitpur,"Lalitpur,Lalitpur",8005192773,9,161,"100005,100010,100012,100026,100028,10083",2018-09-11 19:26:25,24.6972,78.4115,PMJAY
HOSP9P05099,905099,Hospital,P,S. S. Hospital,"Hardoi,",9415175980,9,150,"100015,100026,100028",2018-10-02 08:58:27,27.392821,80.1324,PMJAY
HOSP9P05150,905150,Hospital,P,SARKAR NURSING HOME,1-BM Sarkar Road Delhi Gate,9837053213,9,118,,,27.1995052,77.9991089,PMJAY
HOSP9P05218,905218,Hospital,P,APEX MULTISPECIALITY HOSPITAL,"Block SM-72-73, Shastri Nagar, Near Raj Gas Agency, Opp-Raghav Dairy, Ghaziabad, Uttar Pradesh ,sm, 73, sHASTRI nAGAR, NEAR RAJ GAS AGAENCY, OPP-RAGHAV dAIRY, GHAZIABAD , UTTAR PARDESH ",9057969311,9,145,,2018-08-21 14:30:41,28.66781,77.463893,PMJAY
HOSP9P05221,905221,Hospital,P,gayatri mission hospital,133/82 BLOCK O KIDWAI NAGAR,9336666505,9,157,,,26.438356,80.333467,PMJAY
HOSP9P05234,905234,Hospital,P,Sushrut Hospital Maternity Trauma Centre,"1/123 ,Sect-D ,Priyadarshini Yojna, Sitapur Road,",9415018365,9,162,,2024-08-22 15:36:31,26.9189707,80.9315416,PMJAY
HOSP9P05260,905260,Hospital,P,SHRI NARAYAN NETRALAYA,"BY PASS ROAD (BEHIND THAKKAR BAPA COLLEGE),KALPI",9415726054,9,151,,,26.1209624,79.7483995,PMJAY
HOSP9P05266,905266,Hospital,P,Aala Hospital,"Machhlishahar Ka Padao, Jaunpur,",9415891235,9,152,"100006,100028",2021-01-22 23:17:30,25.74480034669361,82.68108237501019,PMJAY
HOSP9P05293,905293,Hospital,P,RAHMAN HOSPITAL,"HARRA KI CHUNGI, AZAMGARH",9415370429,9,123,,,26.0810009,83.1910113,PMJAY
HOSP9P05321,905321,Hospital,P,new rachit nursing home,medical college road   muglaha,9839709888,9,148,,,26.8083512,83.3941567,PMJAY
HOSP9P05322,905322,Hospital,P,Aaliya Nursing Home,Near Allahabad Bank Kaiserganj,9628030157,9,125,,,27.2522782,81.5470401,PMJAY
HOSP9P05358,905358,Hospital,P,New ojas hospital ,New ojas hospital naini Allahabad,9415621062,9,120,,,25.3466266,81.8945545,PMJAY
HOSP9P05380,905380,Hospital,P,Raghav Hospital and Maternity Centre,Near-Jharkhandi relway Station Tulsipark,6392010833,9,127,,,27.4330989,82.1809356,PMJAY
HOSP9P05382,905382,Hospital,P,PPM Medical Research And Trauma Centre Private Limited ,127 194 W 1 SAKET NAGAR ,8795393949,9,157,,,26.435514,80.308675,PMJAY
HOSP9P05430,905430,Hospital,P,HAJI ISMAIL HOSPITAL DR MOHD UMAR MEMORIAL HOSPITAL ,sadullah nagar,9450523581,9,127,,,27.1033045,82.3844616,PMJAY
HOSP9P05433,905433,Hospital,P,Chandan Hospital Limited,Faizabad Road Near Chinhat flyover Vijayant Khand Gomti Nagar,9839901152,9,162,,,26.8739587,81.0231108,PMJAY
HOSP9G05458,905458,Hospital,P,Maharshi vishwamitra ,"Maharshi vishwamitra Autonomous State Medical college Gorabazar Ghazipur,Near PG College Gorabazar Ghazipur",9682034622,9,146,"100001,100002,100003,100004,100005,100006,100007,100008,100009,100010,100011,100012,100013,100014,100015,100016,100017,100018,100019,100020,100021,100022,100023,100026,100028,10083",2018-09-11 19:06:20,25.576360170302763,83.57292006034413,PMJAY
HOSP9P05462,905462,Hospital,P,VIJAYA HOSPITAL AND TRAUMA CENTRE,"7/1/A STRECHY ROAD, CIVIL LINES, ALLAHABAD",7860786789,9,120,,,25.4482089,81.832307,PMJAY
HOSP9P05466,905466,Hospital,P,LIFE LINE HOSPITAL KURAWALI MAINPURI,G T ROAD KURAWALI,9897411156,9,166,,,27.2452611,79.2090377,PMJAY
HOSP9P05486,905486,Hospital,P,SANTOSH SUDARSHAN HOSPITAL,"626-A, G.T. ROAD NEAR BHATIA MOD GHAZIABAD",8383948322,9,145,"100004,100005,100006,100012,100015,100016,100017,100026,100028",2019-01-30 18:37:42,28.6489584,77.4437307,PMJAY
HOSP9P05553,905553,Hospital,P,brij health care and research centre,Brij Health Care and Research Centre Near Atalla Chungi ,8630919869,9,167,,,27.5665769,77.6866757,PMJAY
HOSP9P05557,905557,Hospital,P,AN CARE AND CURE MULTISPECIALITY HOSPITAL AND TRAUMA CENTRE,AN care and cure multispeciality hospital and trauma centre kalagarh road dhampur,7055754433,9,132,,,29.3100377,78.5175523,PMJAY
HOSP9P05579,905579,Hospital,P,astha hospital,deep nagar by pass road robertsganj sonebhadra,9415876062,9,184,,,24.6886172,83.0621965,PMJAY
HOSP9P05594,905594,Hospital,P,v.t.m.hospital,Chota dhusah balrampur,9919879799,9,127,,,27.4411194,82.1679902,PMJAY
HOSP9P05624,905624,Hospital,P,VIVEKA NAND HOSPITAL AND RESEARCH CENTER,"452, AWAS VIKAS COLONY ",9415675209,9,170,,,25.1380504,82.5761276,PMJAY
HOSP9P05671,905671,Hospital,P,ANAND HOSPITAL AND DIAGNOSTIC CENTRE,chinni mill modh gt road,9410284729,9,179,,,25.2654,82.5538,PMJAY
HOSP9P05673,905673,Hospital,P,VARDHMAN TRUMA AND LAPAROSCOPY CENTRE PVT. LTD.,"A-36, South Civil Lines",7060302437,9,172,,,29.4667469,77.703915,PMJAY
HOSP9P05711,905711,Hospital,P,U.P.HOSPITAL,"SARFARAZ GANJ , HARDOI ROAD , LUCKNOW",7800620371,9,162,,,26.8726874,80.8733403,PMJAY
HOSP9P05812,905812,Hospital,P,MUSTAFA HOSPITAL,"RAVIDAS NAGAR MAIL BADGAWAN RISIA BAZAR,",9838776786,9,125,"100005,100006,100012,100026,100028",2020-01-10 13:11:48,27.683776085645,81.6317729130239,PMJAY
HOSP9G05813,905813,Hospital,P,Surabhi hospital and trauma centre,464 Sekhpur Unnao,7052520218,9,186,,,26.5347668,80.469758,PMJAY
HOSP9P05815,905815,Hospital,P,Navnishtha Hospital,adarsh nagar unnao,6394482374,9,186,,,26.5367029,80.4776936,PMJAY
HOSP9P05869,905869,Hospital,P,Govind hospital and research centre,2/519 ruchi khand2  sharada nagar,9415062811,9,162,,,26.7860131,80.9301893,PMJAY
HOSP9P05897,905897,Hospital,P,Heera prem haddi avam jod paramarsh kendra,"10,preeti vihar,chandrapuri, dhauli pyau",7976490469,9,167,"100005,100016,100026,100028",2024-02-06 15:39:55,27.4699887,77.6755784,PMJAY
HOSP9P05904,905904,Hospital,P,LUTHRA EYE CENTRE,"luthra eye centre bhopa road, muzaffar nagar,",7599151515,9,172,"100013,100026,100028",2018-09-06 12:06:34,29.4691700000001,77.7901620000001,PMJAY
HOSP9P05909,905909,Hospital,P,Varun Hospital,"Vishnupuri, Aligarh",9837020233,9,119,,,27.8860125,78.0815953,PMJAY
HOSP9P05934,905934,Hospital,P,INDRAPRASTHA HOSPITAL,"Rajdhani Marg,",8433763386,9,186,,,26.4763494,80.3831407,PMJAY
HOSP9P05964,905964,Hospital,P,USHA NETRALAYA,752 -A UTTAM VIHAR BAIRY BITHOOR ROAD KALYANPUR,9450328721,9,157,,,26.511921,80.2543193,PMJAY
HOSP9P05969,905969,Hospital,P,VIKAS HOSPITAL,OPPOSITE RAMLILA GROUND,9897299270,9,132,,,29.432055,78.44146,PMJAY
HOSP9P06011,906011,Hospital,P,CANOSSA HOSPITAL,CANOSSA  HOSPITAL CIVIL LINES PRATAPGARH,9450303836,9,174,,,25.8951111,81.9490738,PMJAY
HOSP9P06038,906038,Hospital,P,mohan swarup hospital,"NH-91 G T ROAD Near Bada Peer Dadri,NH-91 G T ROAD Near Bada Peer Dadri",9312378772,9,144,"100004,100005,100006,100010,100012,100014,100015,100016,100017,100020,100023,100026,100028",2018-09-15 11:53:44,28.620124,77.5159520000001,PMJAY
HOSP9P06043,906043,Hospital,P,GEETA HOSPITAL&RESEARCH CENTRE,NEHRU NAGAR DARIYAPUR ALLAHABAD ROAD OPP HYDLE GATE ,9415183965,9,185,,,26.2513525,82.0689024,PMJAY
HOSP9P06050,906050,Hospital,P,SHUSHILA HOSPITAL & RESEARCH CENTER,184 DREAM LAND COLONY,9412878578,9,139,,,26.7854466,79.0207013,PMJAY
HOSP9P06084,906084,Hospital,P,SARVODAYA NURSINGHOME ,8-New Arya Nagar Meerut ,9412632206,9,169,,,28.980788,77.735624,PMJAY
HOSP9P06130,906130,Hospital,P,D. S. HOSPITAL ,"SITE-A B1/1 INDUSTRIAL AREA MAHOLI ROAD ,",9259456002,9,167,"100005,100006,100012,100014,100015,100017,100023",2019-01-27 22:16:39,27.4824625,77.66331,PMJAY
HOSP9P06143,906143,Hospital,P,Ayushman Hospital,IIM ROAD near maharishi university,9450932847,9,162,,,26.930152,80.9269,PMJAY
HOSP9P06145,906145,Hospital,P,Shivay multi speciality hospital,TARAMANDAL ROAD DEORIA BYPASS,8115558887,9,148,,,26.7041516,83.4355478,PMJAY
HOSP9G06160,906160,Hospital,G,DISTRICT WOMEN HOSPITAL,"AZIZGANJ, SHAHJAHANPUR",8188913596,9,180,"100001,100002,100003,100004,100005,100006,100007,100008,100009,100010,100011,100012,100013,100014,100015,100016,100017,100018,100019,100020,100021,100022,100023,100026,100028,10083",2018-08-24 18:38:41,27.8569195,79.8949913,PMJAY
HOSP9G06162,906162,Hospital,G,DISTRICT HOSPITAL DEORIA,District Hospital deoria,8787202073,9,137,"100001,100002,100003,100004,100005,100006,100007,100008,100009,100010,100011,100012,100013,100014,100015,100016,100017,100018,100019,100020,100021,100022,100023,100026,100028,10083",2018-09-02 14:12:08,26.4954172,83.7819227,PMJAY
HOSP9P06242,906242,Hospital,P,Aashirwad hospital & jacha baccha kendra,Railway station road ghatampur kanpur nagar U.P.,7355737020,9,157,,,26.457669,80.3311944,PMJAY
HOSP9P06273,906273,Hospital,P,Sumitra Nursing Home & Dr.Niraj Kumar Gupta Orthopaedic centre,"Civil Lines,",9837032020,9,132,"100004,100005,100006,100012,100014,100015,100020,100026,100028",2018-10-14 22:59:19,29.37714958688096,78.13783813749205,PMJAY
HOSP9P06346,906346,Hospital,P,Sukriti Eye Clinic,"Sukriti Eye Clinic, B-3 Kapoorathala Bagh, Kursi Road , Lucknow,",9839870332,9,162,"100013,100026,100028",2018-11-06 14:19:59,26.8824788,80.9484699,PMJAY
HOSP9P06454,906454,Hospital,P,RAGHU SHANTI HOSPITAL,center chauraha jalesar road fi,9837054659,9,143,,,27.1524689,78.3947534,PMJAY
HOSP9P06457,906457,Hospital,P,Shyama Hospital,"8/226 Awas Vikas,sector-3 Jhunsi Allahabad",9005041962,9,120,,,25.4303404,81.9082046,PMJAY
HOSP9P06461,906461,Hospital,P,dr saurabh clinic,"3/8 rakshapuram meerut,Meerut",9411956122,9,169,"100004,100005,100026,100028",2018-10-09 19:16:29,29.0155299,77.7450456,PMJAY
HOSP9P06478,906478,Hospital,P,RAJ NURSINGH HOME ,"23-A, PARK ROAD ALLAHABAD",7007112739,9,120,,,25.45611,81.8526758,PMJAY
HOSP9G06520,906520,Hospital,G,Community health center atrauli,community health center,8859454430,9,119,,,28.028,78.2697,PMJAY
HOSP9P06545,906545,Hospital,P,Jain Hospital,61lowther road,9415214710,9,120,,,25.448579,81.8539869,PMJAY
HOSP9P06675,906675,Hospital,P,ANUJ NURSING HOME,OPP SITAPUR EYE HOSPITAL STATION ROAD PILIBHIT,9410466866,9,173,,,28.6178575,79.8140209,PMJAY
HOSP9P06754,906754,Hospital,P,SHIVAM NURSING HOME,"SHIVAM NURSING HOME, GT ROAD, DEOBAND DISTT- SAHARANPUR",7520111007,9,177,,,29.6910213,77.6822442,PMJAY
HOSP9P06808,906808,Hospital,P,MATRUCHHAYA HOSPITAL,MASIRPUR LALGANJ AZAMGARH,9415457874,9,123,,,25.8175506,83.0005493,PMJAY
HOSP9P06841,906841,Hospital,P,Arihant Clinic & Eye Hospital,"A- 12, Kamla Nagar",7599163505,9,118,,,27.2105962,78.0170642,PMJAY
HOSP9P06856,906856,Hospital,P,Rama Hospital,"131-A, Malviya Road, George Town, Allahabad",9415284935,9,120,,,25.452345,81.860694,PMJAY
HOSP9P06912,906912,Hospital,P,PHULESHWAR MEMORIAL CLINIC PVT LTD,"BAIRIHAWA, MALVIYA ROAD",9415037909,9,131,"100015,100026,100028",2018-09-06 16:38:40,26.7957741,82.7290933,PMJAY
HOSP9P06920,906920,Hospital,P,LOKPRIYA HOSPITAL,"muir road rajapur prayagraj,",9935500478,9,120,,2023-12-14 12:38:21,25.46646577301962,81.83267568429847,PMJAY
HOSP9P06973,906973,Hospital,P,sham e husaini hospital,rauza near veer abdul hamid bridge,7007816221,9,146,,,25.586173,83.6059702,PMJAY
HOSP9P07088,907088,Hospital,P,SAMPA HOSPITAL,Sampa Hospital Sahson Bypass Allahabad,9565052888,9,120,,,25.4848216,81.9804815,PMJAY
HOSP9P07154,907154,Hospital,P,BANGARMAU MEDICAL CENTER,BANGARMAU MEDICAL CENTER,9794950813,9,186,,,26.8955508,80.2134313,PMJAY
HOSP9P07216,907216,Hospital,P,Life Line Nursing Home,Life Line Nursing Home Beside V Mart,7985893360,9,151,,,25.9931878,79.455375,PMJAY
HOSP9P07248,907248,Hospital,P,CHANDRA EYE CARE ,"A1,S.K.Gupta Colony,Lanka,Varanasi",7052785454,9,187,,,25.2801909,83.0021221,PMJAY
HOSP9P07298,907298,Hospital,P,SHIKHA HOSPITAL ,8 AMBEDKAR NAGAR NAINI ALLAHABAD,7376054305,9,120,,,25.4073276,81.8670413,PMJAY
HOSP9P07302,907302,Hospital,P,Jai Shree Merry Gold Hospital Budaun,Sheikhupur Road,9759578692,9,133,,,28.0076081,79.1057185,PMJAY
HOSP9P07318,907318,Hospital,P,Shri guru Prasad memorial hospital,behind district hospital,9415034385,9,175,,,26.2211139,81.2362648,PMJAY
HOSP9P07411,907411,Hospital,P,PUSHPANJALI HOSPITAL & RESEARCH CENTRE PVT. LTD,Delhi Gate,8954893910,9,118,,,27.1969081,77.9971173,PMJAY
HOSP9P07412,907412,Hospital,P,AHUJA HOSPITAL ,"4/488, vivek khand gomti nagar lucknow",9415782462,9,162,,,26.854011,81.00026,PMJAY
HOSP9P07444,907444,Hospital,P,DWIVEDI MEDICAL & RESEARCH CENTRE P. LTD.,39/17(9-A) MUIR ROAD ALLAHABAD,7571887005,9,120,,,25.4661815,81.8443381,PMJAY
HOSP9P07469,907469,Hospital,P,vinod pakash life care multispeaslist hospital and trauma center,uska road belahia chauraha thrauli siddharth nagar,9838368749,9,182,,,27.1199098,82.9572085,PMJAY
HOSP9P07696,907696,Hospital,P,SANGAM HOSPITAL,8C/2 AWAS VIKAS COLONY YOJANA-3 JHUNSI,9452603825,9,120,,,25.429302,81.912075,PMJAY
HOSP9P07707,907707,Hospital,P,devrajhospital singh,DEVRAJ HOSPITAL G T ROAD HANDIA ALLAHABAD 221503 ,9415214282,9,120,,,25.3628149,82.1904024,PMJAY
HOSP9P07747,907747,Hospital,P,ADITI MATERINITI NURSING HOME,"1243/A,DARIYAPUR,ALLAHABAD ROAD,SULTANPUR",9453023650,9,185,,,26.0950139,82.036328,PMJAY
HOSP9P07778,907778,Hospital,P,CITY HOSPITAL BUDAUN,ALAPUR ROAD,9410428787,9,133,,,28.022706,79.138992,PMJAY
HOSP9P07882,907882,Hospital,P,VARDAN HOSPITAL,Sector A 314 Shantipuram Colony Phaphamau Allahabad,9919240569,9,120,,,25.5274382,81.8535822,PMJAY
HOSP9P07897,907897,Hospital,P,Priya Hospital And Truma Center Pvt.Ltd.,Rajapur Makshudan Soroan Near Highway Allahabad,9452494122,9,120,,,25.4721188,81.8292673,PMJAY
HOSP9P07899,907899,Hospital,P,Agarwal Eye Care Hospital,"72 A , Professors Colony Hari Parwat",8081046318,9,118,,,27.1982456,78.0003058,PMJAY
HOSP9P07964,907964,Hospital,P,J.P.PATEL MEMORIAL MEDICARE CENTER ,THANAPUR SEMRI GATE HIGHYWAY SAHSON ALLAHABAD,9161713112,9,120,,,25.4911691,82.0148276,PMJAY
HOSP9P07967,907967,Hospital,P,Life Care Hospital Barhpur Nandganj,"Barahapur Nandganj Ghazipur,",9415268100,9,146,"100006,100012,100015,100026,100028",2018-12-31 13:09:39,25.5323396,83.3980938,PMJAY
HOSP9P08162,908162,Hospital,P,krishnalok hospital,c159 avas vikas unnao,9670327646,9,186,,,26.553317,80.5038885,PMJAY
HOSP9P08404,908404,Hospital,P,Amar Memorial Hospital,Sahson,8423304098,9,120,,,25.4836509,81.979484,PMJAY
HOSP9P08619,908619,Hospital,P,Pratap diagnostic ,"civil line Azamgarh ,Azamgarh",7705855299,9,123,"100005,100011",2023-12-14 12:40:05,26.0539698,83.1820805,PMJAY
HOSP9P08708,908708,Hospital,P,Baba Raghav Das Hospita,"Raghav Nagar NEAR DURGA MANDIR,NEAR DURGA MANDIR",8081481122,9,137,"100004,100005,100006,100012,100015,100026,100028",2018-09-30 21:15:00,26.5003189,83.7756534,PMJAY
HOSP9P08796,908796,Hospital,P,jeevan deep hospital,Kukudhai Manda Allahabad,9793318181,9,120,,,25.0981638,82.2624037,PMJAY
HOSP9P09239,909239,Hospital,P,Arvind Surgical And Research Centre P Ltd,"3/8 Circular Road, Rajapur Allahabad",9415215958,9,120,,,25.4678651,81.8289007,PMJAY
HOSP9P09372,909372,Hospital,P,ESHAHOSPITAL1.,Near Patel chowk,9752466488,9,156,,,26.8618322,80.9043901,PMJAY
HOSP9P09393,909393,Hospital,P,PRASAD KUWAR HOSPITAL AND RESEARCH CENTRE ,Duddhi sonebhadra ,9621333205,9,184,,,24.2194997,83.2274373,PMJAY
HOSP9P09595,909595,Hospital,P,NAWABGANJ SEWA HOSPITAL,BAY PASS ROAD TOWN AND POST NAWABGANJ DIST UNNAO,9336018467,9,186,,,26.6196,80.67,PMJAY
HOSP9P09730,909730,Hospital,P,ABHA HOSPITAL,1142 sirwara road sultanpur,7007713213,9,185,,,26.2588717,82.0787089,PMJAY
HOSP9P09884,909884,Hospital,P,ANUPAM HOSPITAL PVT.LT&DENTAL CLINIC,130 MISSION ROAD (NEAR C.M.O OFFICE CROSSING) ALLAHABAD,9415636773,9,120,,,25.4693272,81.8457017,PMJAY
HOSP9P10060,910060,Hospital,P,SEWASHRAM NURSING HOME,LALA TOLI WARD NEAR TAHSIL RUDRAPUR DEORIA,9565588182,9,137,,,26.7572486,83.3431075,PMJAY
HOSP9P10221,910221,Hospital,P,Dr.Jain Eye Hospital,"Dr.Jain Eye Hospital , Arya Nagar , Kosi Kalan",8449052829,9,167,,,27.7881547,77.4410194,PMJAY
HOSP9P10735,910735,Hospital,P,DAYAL NURSING HOME,NEEMSARAI MUNDERA ALLAHABAD UP,9415253814,9,120,,,25.4494867,81.7620704,PMJAY
HOSP9P10857,910857,Hospital,P,JEEVANDEEP CHIKITSALAY,Bibi Bari shaidabad handiya allahabad,9415523023,9,120,,,25.4586737,82.1063437,PMJAY
HOSP9P10868,910868,Hospital,P,JYOTI NURSING HOME ,"16 PREETI VIHAR, CHANDRAPURI",8938020552,9,167,,,28.6498959,77.3056744,PMJAY
HOSP9P11401,911401,Hospital,P,Shreshtha netra chikitsalaya,Officer Colony Delhi Road,8860147622,9,177,,,23.3500463,85.3078706,PMJAY
HOSP9P11513,911513,Hospital,P,NM Hospital,NM HOSPITAL,7007032890,9,186,,,26.5374474,80.4791816,PMJAY
HOSP9P12067,912067,Hospital,P,RAM KALYAN PATHAK HOSPITAL,"TAJ NAGRI PHASE-2, 100 FEET ROAD, AGRA",9761500932,9,118,,,27.1559948,78.0540509,PMJAY
HOSP9P12695,912695,Hospital,P,TULSI HOSPITAL & TRAMA CENTRE,"HARDOI ROAD DUBAGGA, POST KAKORI, DISTRICT LUCKNOW",9450545208,9,162,,,26.87736,80.8512962,PMJAY
HOSP9P13080,913080,Hospital,P,City Hospital and Trauma Center ,shankri devi Mandir ke samne Safipur Unnao ,7706983621,9,186,,,26.7350049,80.3463754,PMJAY
HOSP9P13328,913328,Hospital,P,JYOTI NETRA CHIKITSALYA CHAHANIYA CHANDAULI UP,SONHULA ROAD CHAHNIYA CHANDAULI,9415617007,9,135,,,25.4226758,83.2100026,PMJAY
HOSP9P13380,913380,Hospital,P,general surgery gyne orthopedics,"near salestax office,PRABHAV HOSPITAL ",7007054374,9,184,"100005,100006,100012,100015,100026,100028",2018-10-16 18:29:57,24.668221666954437,83.06195484517798,PMJAY
HOSP9P13822,913822,Hospital,P,Sarojini Medical Centre,"49 A  , W 2 DAMODER NAGAR",9839507072,9,157,,,26.4243016,80.311164,PMJAY
HOSP9P13831,913831,Hospital,P,SWETA NURSING HOME,"NIBI WARI HANDIA PRAYAGRAJ,",9919655069,9,120,,2022-01-07 12:17:18,25.488841,82.253903,PMJAY
HOSP9P13948,913948,Hospital,P,MAA GAYATRI MEDICAL CENTRE,kavshambi road jhalwa allahabad,9335124941,9,120,,,25.435183,81.771958,PMJAY
HOSP9P14153,914153,Hospital,P,Maulana Mohammad Ali Jauhar Hospital & Blood Bank,Nainital road rampur,8077076796,9,176,,,28.8793375,79.0178867,PMJAY
HOSP9P14443,914443,Hospital,P,Yatharth wellness hospital and trauma center ,"Plot No -32 , Sector omega- 1 Greater Noida ",8800797915,9,144,,,28.5319159,77.3845246,PMJAY
HOSP9P14476,914476,Hospital,P,GANDHI SHATABDI MAHAVIR PRASAD NETRA CHIKITSALAYA,"LOHANDI MAHABIR MARG, LOHANDI KALAN, MIRZAPUR",9415263079,9,170,,,25.1269689,82.5555054,PMJAY
HOSP9P14601,914601,Hospital,P,ALSIFA LIFE CARE HOSPITAL,7 Janki Nagar Kasya ,9450689926,9,160,,,26.7406859,83.9129405,PMJAY
HOSP9P14981,914981,Hospital,P,KANHA MEDICAL CENTRE,717K/1 CHAKRAGHUNATH MEVALAL KI BAGIYA,9336475535,9,120,,,25.393309,81.8619405,PMJAY
HOSP9P14982,914982,Hospital,P,khalilullah hospital sad ullah nagar,Sadullah Nagar,9839187304,9,127,,,27.3453238,82.6517201,PMJAY
HOSP9P15146,915146,Hospital,P,Singh Fracture Hospital ,Hasangnaj Unnao ,9721211414,9,186,,,26.7736135,80.6407881,PMJAY
HOSP9P15716,915716,Hospital,P,sanjeevni poly clinic,"Pilibhit Bye Pass Road vaibhav nagar suncity vistar bareilly,",9837824655,9,130,"100004,100005,100006,100012,100015,100017,100026,100028",2024-08-07 13:37:48,28.40455,79.459593,PMJAY
HOSP9P15824,915824,Hospital,P,Azad Nagar Rajpoot Hospital,"551 Ka / 345 Kha / 1 Azad Nagar , Alambagh , Lucknow,",9415048891,9,162,"100002,100004,100005,100006,100007,100012,100015,100017,100026,100028",2019-02-08 19:12:00,26.8032521,80.9127557,PMJAY
HOSP9P16441,916441,Hospital,P,Sewa Hospital And Research Centre,"SEWA NAGAR, KAMLABAD, BADHAULI, NH24, SITAPUR ROAD, LUCKNOW",9415089800,9,162,,,26.9433935,80.9311492,PMJAY
HOSP9P16457,916457,Hospital,P,PRATIBHA MEDICARE,109/A JAWAHAR J.L.N ROAD,9415238304,9,120,,,25.451988,81.8618839,PMJAY
HOSP9P18848,918848,Hospital,P,Manjula Hospital and Trauma Centre,1 MARUTI PURAM FAIZABAD ROAD,9792977770,9,162,,,26.8714098,80.9758794,PMJAY
HOSP9P19674,919674,Hospital,P,satyam hospital karchhana allahabad,hindupur karchhana allahabad,8565909191,9,120,,,25.2757799,81.94939,PMJAY
HOSP9P19899,919899,Hospital,P,aarambh hospital,"D-61/36-A, Sidhgiri Bagh, Sigra",9198555476,9,187,,,25.3129565,82.9970889,PMJAY
HOSP9P20782,920782,Hospital,P,Ahuja Nursing Home,Ahuja Nursing Home160 Abhay Nagar Civil Lines Dewa Road ,9305573661,9,129,,,26.9364728,81.1874715,PMJAY
HOSP9P21000,921000,Hospital,P,Aditya matternity & nursing home,G.T. ROAD CHANDAULI,7800558557,9,135,,,25.2599084,83.2611698,PMJAY
HOSP9P21106,921106,Hospital,P,Pooja Hospital & Multispeciality centre,"Jankipuram, Kursi road",9670588871,9,162,,,26.914792,80.9606083,PMJAY
HOSP9P21109,921109,Hospital,P,JEEVAN REKHA NURSING HOME,ward no. 6 moti nager (leydiari road koraon) allahabad,9935959190,9,120,,,26.8385,80.912047,PMJAY
HOSP9P22149,922149,Hospital,P,Chandra Hosiptal ,Prajapati Bhawan 2 Pariyar Gaow 09 Unnao ,9453577539,9,186,,,26.6366133,80.3157397,PMJAY
HOSP9P22261,922261,Hospital,P,Saral Hospital Dhampur,Saral HospitalDhampur,9412116267,9,132,,,29.3155622,78.5031224,PMJAY
HOSP9P22341,922341,Hospital,P,NEW LIFE LINE ,238 A/2B PHAPHAMAU ROAD BAZAR NEAR BASNA NALA ,7905884411,9,120,,,25.5247406,81.9306751,PMJAY
HOSP9P22496,922496,Hospital,P,MAA SEVA HOSPITAL ,VILL BABHNAULI KOTHI POST DHURIYA IMILIYA DISTT KUSHINAGAR ,9984275110,9,160,,,26.7316303,84.1834474,PMJAY
HOSP9P22503,922503,Hospital,P,ISHA HOSPITAL,Lane No 2 Vishanapuri Colony  Poghahatpul Allahabad,9838357733,9,120,,,25.4492518,81.7503014,PMJAY
HOSP9P22613,922613,Hospital,P,RAJANI EYE CENTRE,Parkar college road moradabad,9412234612,9,171,,,28.836549,78.7675785,PMJAY
HOSP9P23291,923291,Hospital,P,Bhagya Shree Hospital,Bhagya Shree Hospital,7534010203,9,169,,,28.9659963,77.7358417,PMJAY
HOSP9P23329,923329,Hospital,P,KAS MEDICARE HOSPITAL,D 94 SHANTIPURAM PHAPHAMAU ALLAHABAD,9695081575,9,120,,,25.5294816,81.8563219,PMJAY
HOSP9P23466,923466,Hospital,P,AMAR DEEP NURSING HOME,17A/22 K. P KAKKAR ROAD ,8005320002,9,120,,,25.437638,81.843238,PMJAY
HOSP9P23517,923517,Hospital,P,SNEH DENTAL HOSPITAL,"I T I ROAD,NEAR BANK OF BARODA ,PATEL NAGAR BRANCH,BEHIND ALKA NURSHING HOME",9450259660,9,142,,,28.676916,77.426907,PMJAY
HOSP9P23902,923902,Hospital,P,Mrityunjay Hospital,"143, College Road Near Loyal Book Depot Meerut",9897053786,9,169,,,28.9875645,77.706678,PMJAY
HOSP9P24444,924444,Hospital,P,PRAYAG MEDICARE HOSPITAL & LAPAROSCOPIC CENTRE ,152/116 JAMUNA BANK KYDGANJ ALLAHABAD,9026092211,9,120,,,25.4197522,81.8518168,PMJAY
HOSP9P24579,924579,Hospital,P,AROGYAM HOSPITAL,MAHUVARI MIRJA PUR ROAD ,9984444715,9,120,,,25.4718,81.8246,PMJAY
HOSP9P25378,925378,Hospital,P,HEART CLINIC & EMERGENCY CARE CENTRE,246/03 arya puri ,9897069133,9,172,,,29.4723673,77.7006976,PMJAY
HOSP9P25563,925563,Hospital,P,Jeevan Jyoti Hospital,"Gt Road Makarand Nagar,",9838391661,9,155,"100013,100026,100028",2018-10-02 09:13:29,27.0412194,79.9073839,PMJAY
HOSP9P25583,925583,Hospital,P,SIDDHARTH SURGICAL CENTER TIRWA ROAD GURSAHAIGANJ KANNAUJ,TIRWA ROAD GURSAHAIGANJ KANNAUJ,9838655044,9,155,,,27.0307177,79.9195298,PMJAY
HOSP9P25706,925706,Hospital,P,Ratan Singh Surgical and Maternity Home,"203/60 Civil Lines North, Sadar Bazar",9997026878,9,172,,,29.4717372,77.7014082,PMJAY
HOSP9P25745,925745,Hospital,P,DEEN DAYAL HOSPITAL,"NH 28-KASIA,KUSHINAGAR",9794308618,9,160,,,26.7450583,83.9176119,PMJAY
HOSP9P26022,926022,Hospital,P,Jeevan Raksha Hospital ,Meza Road Allahabad,9935611900,9,120,,,25.2025637,82.0881102,PMJAY
HOSP9P27296,927296,Hospital,P,POOJA CLINIC  HOSPITAL,36/1 J.L.N. ROAD ALLAHABAD,9919255031,9,120,,,25.452972,81.861964,PMJAY
HOSP9P27646,927646,Hospital,P,Adarsh Hospital,37 D LOWTHER ROAD ALLAHABAD,9415613141,9,120,,,25.4472829,81.852779,PMJAY
HOSP9P27809,927809,Hospital,P,PRASHANT NURSING HOME,108/89 Durga Devi Road P Road Kanpur,7007570197,9,157,,,26.4674744,80.3257183,PMJAY
HOSP9P29805,929805,Hospital,P,MATRADRISHTI MEDICARE,c-8/265 sector 8 JANAKIPURAM EXTENSION,9415012563,9,162,,,26.936639,80.936875,PMJAY
HOSP9P30116,930116,Hospital,P,Moolchand medcity,"Artauni, Delhi Agra National Highway, Agra",9917122244,9,118,,,27.2225186,77.9100984,PMJAY
HOSP9P30117,930117,Hospital,P,Savitri Hospital and trauma centre,Shivrajpur road shankargargh prayagraj,9452787501,9,120,,,25.1885947,81.6141664,PMJAY
HOSP9P30233,930233,Hospital,P,Patel Hospital ,Chhatauna saraimamraj handia Allahabd,9919303355,9,120,,,25.5053972,82.1789736,PMJAY
HOSP9P30397,930397,Hospital,P,Surya Hospital,236A Chak Daud Nagar Naini Allahabad,9335158288,9,120,,,25.3962267,81.870187,PMJAY
HOSP9P30625,930625,Hospital,P,DRUTI HOSPITAL,Sarai Gopal Pratpgarh Road Allahabad,8736820967,9,120,,,25.91173,82.00509,PMJAY
HOSP9P31363,931363,Hospital,P,premium dentistry,"A35, lajpat nagar, near telephone exchange",9045001001,9,171,,,28.5649034,77.2403317,PMJAY
HOSP9P31438,931438,Hospital,P,SRI VINAYAK HOSPITAL,GANGA JAWAHAR COLONY RAMGHAT ROAD ,9412654179,9,119,,,27.8986399,78.0952489,PMJAY
HOSP9P32811,932811,Hospital,P,AZRA POLY CLINIC,NATI IMLI SADAR BAZAR MAUAIMA ALLAHABAD,9125721690,9,120,,,25.4784702,81.6749667,PMJAY
HOSP9P32861,932861,Hospital,P,SATYAM HOSPITAL,NH 28 BADI OVER BRIDZE KE UTTAR SIDE FAZILNAGAR POST FAZILNAGAR ,9889270244,9,160,,,26.6836452,84.047918,PMJAY
HOSP9P32878,932878,Hospital,P,SANGAM HOSPITAL AND SURGICAL CENTER,305 Madhwapur Bairahana,9140941177,9,120,,,25.4411184,81.8629198,PMJAY
HOSP9P33399,933399,Hospital,P,SEWA HOSPITAL AND MATERNITY CENTER,"BY PASS, RAMGANJ ,GURSAHAIGANJ, KANNAUJ",9559848646,9,155,,,27.1224294,79.722612,PMJAY
HOSP9P34735,934735,Hospital,P,ARK NO. 4 HOSPITAL,CITY MAL GODAM ROAD,8307607366,9,130,,,28.3579745,79.4023152,PMJAY
HOSP9P34811,934811,Hospital,P,ALIGANJ ORTHOPAEDIC & ARTHROSCOPY CENTRE,A1 oblique 17 Sector H Aliganj Lucknow,9839174747,9,162,,,26.8943784,80.9423139,PMJAY
HOSP9P34834,934834,Hospital,P,MEDINOVA MULTISPECIALITY HOSPITAL AND TRAUMA CENTRE,"pilibhit bypass road bareilly,",9837074757,9,130,"100004,100005,100006,100010,100012,100015,100017,100026,100028",2018-10-06 23:23:35,28.358278877804068,79.45271232351138,PMJAY
HOSP9P35185,935185,Hospital,P,aarab nursing home,deogao azamgarh,9918617919,9,123,,,26.0532404,83.1812711,PMJAY
HOSP9P35443,935443,Hospital,P,STAR LIKE HOSPITAL & DIAGNOSTIC CENTER,KASERA TOLI ROAD,9473722171,9,160,,,26.9735099,83.9532571,PMJAY
HOSP9P36429,936429,Hospital,P,mehta millenium hospital,mehta millenium hospital meerpur aira road ramapur bypass lakhimpur kheri262701,9415148021,9,159,,,27.9278952,80.8138908,PMJAY
HOSP9P37896,937896,Hospital,P,Dayanand Nursing Home,47/L-4 Jawahar Quarters,7037777380,9,169,,,28.9950993,77.7080841,PMJAY
HOSP9P38944,938944,Hospital,P,KHETAN HOSPITAL,MUKERIGANJ AZAMGARH,9415207984,9,123,,,26.0780329,83.1858208,PMJAY
HOSP9P39066,939066,Hospital,P,Haridham Hospital,Sahson Road Andawa Allahabad,9455425161,9,120,,,25.4348002,81.9420648,PMJAY
HOSP9P39170,939170,Hospital,P,GAUTAM BUDDHA HOSPITAL KANPATIYAPUR MAKARANDNAGAR KANNAUJ,KANPATIYAPUR MAKARANDNAGAR KANNAUJ ,9839460668,9,155,,,27.0482559,79.911144,PMJAY
HOSP9P41146,941146,Hospital,P,VASTSALYA HOSPITAL ,"Belhiya, uska, rode siddharthnagar ",9935129491,9,182,,,26.9076637,82.6010642,PMJAY
HOSP9P41530,941530,Hospital,P,DEEPMALA HOSPITAL,NEAR TELE- PHONE EXCHANGE CHAOPLA BAREILLY,9837000048,9,130,"100003,100004,100005,100006,100007,100011,100012,100015,100020,100023,100026,100028",2018-12-03 16:58:57,28.354027,79.4108349,PMJAY
HOSP9P43588,943588,Hospital,P,ROBIL CHARITABLE MANAV SEWA SANSTHAN,DONAIYA CHAURAHA BAHRIA,9956288343,9,120,,,25.6204487,81.986206,PMJAY
HOSP9P44948,944948,Hospital,P,Sharda Hospital & Neuro Center,"Mahesh Nagar, Samaneghat Lanka",9889042093,9,187,,,25.376165,83.022713,PMJAY
HOSP9P46629,946629,Hospital,P,SAI HOSPITAL AND HEART CARE CENTRE,"Near PNB, Labela Chowk",9811514664,9,133,,,28.0312113,79.1270119,PMJAY
HOSP9P47310,947310,Hospital,P,Jagreeti hospital,"tamkuhi block-tamkuhi ,dis-Kushinagar",9415979298,9,160,,,26.6853899,84.181262,PMJAY
HOSP9P47845,947845,Hospital,P,SUPREET GASTRO AND MATERNITY HOSPITAL KANNAUJ,TIRWA ROAD NEAR SARIFAPUR KANNAUJ,7355727191,9,155,,,27.0307694,79.9194981,PMJAY
HOSP9P48805,948805,Hospital,P,WEE CARE KIRANDEEP MEDICAL CENTRE,14/116 D3 CIVIL LINES KANPUR,9125878787,9,157,,,26.4791899,80.3439248,PMJAY
HOSP9P49776,949776,Hospital,P,CHAUHAN CHIKITSHALAY,HATA ROAD GAURI BAZAR,9839314054,9,137,,,26.5992455,83.6721999,PMJAY
HOSP9P50545,950545,Hospital,P,A G HASHMI HOSPITAL,HASHMI CHUK SADULLAH NAGAR ,9415794015,9,127,,,27.1011505,82.3809201,PMJAY
HOSP9P51338,951338,Hospital,P,rajawat hospital,sanjay nagar mati road akbarpur ,8808880888,9,156,,,26.3732109,79.9529781,PMJAY
HOSP9P51771,951771,Hospital,P,MEENAKSHI HOSPITAL,B 12 13 Kaushambi,9891438883,9,145,"100004,100005,100006,100012,100015,100016,100017,100026,100028",2019-01-08 19:13:42,28.6421574,77.3257249,PMJAY
HOSP9P53300,953300,Hospital,P,VASHDEI MEMORIAL HOSPITAL,CIVIL LINE AZAMGARH,9415001093,9,123,,,26.0534988,83.1820241,PMJAY
HOSP9P53523,953523,Hospital,P,CONTACARE EYE HOSPITAL,"146, 1ST FLOOR, NEAR SPENCER MARKET , INDIRA NAGAR,",6387379702,9,162,,,26.46345,80.35981,PMJAY
HOSP9P54924,954924,Hospital,P,ATMARAM CHILD CARE,53/128 block-y kidwai nagar kanpur,8795133424,9,157,,,26.4203109,80.3196917,PMJAY
HOSP9P55097,955097,Hospital,P,GARIMA HOSPITAL,RAMLAXAN DEORIA,9696616225,9,137,,,26.5065928,83.6343993,PMJAY
HOSP9P55849,955849,Hospital,P,PRAKASH HOSPITAL PVT.LTD.,"D-12, 12-A, 12-B, Sector - 33, Noida",9971500077,9,144,,,28.5855917,77.3494388,PMJAY
HOSP9P56061,956061,Hospital,P,JANTA HOSPITAL,"2/14 SECTOR-J, JANKIPURAM",9452880011,9,162,,,26.9234953,80.9680078,PMJAY
HOSP9P58243,958243,Hospital,P,Sanjeevani Medical Center,"10, ADIL NAGAR, KURSI ROAD, NEAR GAYATRI MANDIR, LUCKNOW",8840466030,9,162,,,26.9122018,80.9625958,PMJAY
HOSP9P58397,958397,Hospital,P,Om Sai Hospital,"Near District Hospital,Badgo ",7390957895,9,178,"100004,100005,100006,100010,100013,100014,100015,100016,100017,100026,100028",2018-12-28 16:21:47,26.8885930000001,83.1315420000001,PMJAY
HOSP9P59611,959611,Hospital,P,TIWARI MULTISPECIALITY HOSPITAL,LOHIYA PURAM AVAS VIKAS FARRUKHABAD,9455722333,9,141,,,27.3798932,79.59923,PMJAY
HOSP9P60017,960017,Hospital,P,ss hospital,ss hospital lakhimpur,9919886655,9,159,,,27.9460589,80.7833035,PMJAY
HOSP9P60621,960621,Hospital,P,Bhola Hospital,12/13 Laudar Road Darbhanga Colony Prayagraj,9415338907,9,120,,,25.4535531,81.8559384,PMJAY
HOSP9P60637,960637,Hospital,P,REETA MULTI SPECIALITY HOSPITAL & TRAUMA CENTRE,"616/A Shobhapur Rohta Road Byepass Meerut,meerut",9927073377,9,169,,2019-03-02 16:16:40,28.9958457,77.6465593,PMJAY
HOSP9P61728,961728,Hospital,P,Shree Mahaveer Netra Nursing Home,"Hastinapur Road, Mawana",9837890987,9,169,,,29.1996531,78.0255493,PMJAY
HOSP9P61905,961905,Hospital,P,Purvanchal cheritebal eye hospital padrauna,Purvanchal cheritebal eye hospital kasia rod sohrauna ravindra nagar padrauna,8052870184,9,160,,,26.8723518,83.9642331,PMJAY
HOSP9P62602,962602,Hospital,P,PURVANCHAL HOSPITAL,"DHURIYA KOT TAMKUHIRAJ KUSHINAGAR 274407,DHURIYA KOT TAMKUHIRAJ KUSHINAGAR 274407",7607739584,9,160,,2019-11-26 18:14:51,26.707647,84.179590,PMJAY
HOSP9P62785,962785,Hospital,P,Brijrani memorial hospital,31/13-C Harwara Dhoomanganj,9415443336,9,120,,,25.4459779,81.7712577,PMJAY
HOSP9P62915,962915,Hospital,P,Sachan Hospital,Iradatganj Ghoorpur Allahabad,9415360568,9,120,,,25.323085,81.823734,PMJAY
HOSP9P63345,963345,Hospital,P,Seva Sadan Hospital,MANJHANPUR ROAD NEW MARKET BUS STOP BHARWARI KAUSHAMBI,9628536375,9,158,,,25.5901944,81.3456488,PMJAY
HOSP9P63509,963509,Hospital,P,JANTA SEWA SADAN HOSPITAL,kelabela adalura chunar mirzapur,9235310199,9,170,,,25.3586504,82.952934,PMJAY
HOSP9P63598,963598,Hospital,P,KRM HOSPITAL AND RESEARCH CENTRE,"3/92-93, VIJAYANT  KHAND, GOMTI NAGAR",9369907080,9,162,,,26.873803,81.026359,PMJAY
HOSP9P63798,963798,Hospital,P,Rajendra Nursing Home and Dental Clinic,"S-24/7,TAK TAK PUR,",9807270474,9,187,"100014,100015,100016,100026,100028",2019-05-28 17:53:25,25.354026901314256,82.98244721470667,PMJAY
HOSP9P65374,965374,Hospital,P,DIVYA JYOTI NETRALAYA PVT LTD,"125 vishal khand-2, gomti nagar, LUCKNOW",8009892601,9,162,,,26.849213,80.981314,PMJAY
HOSP9P65414,965414,Hospital,P,ansh hospital & truma center,"A-2368, AWAS VIKAS HANS PURAM NAUBASTA",8429101490,9,157,,,26.399163,80.3143766,PMJAY
HOSP9P65606,965606,Hospital,P,New Prayag Hospital ,Pratappur,9129982603,9,120,,,25.545786,82.081899,PMJAY
HOSP9P65633,965633,Hospital,P,BHARAT HOSPITAL,Plot no 5 main road fng near by sector 112 ,9891580059,9,144,,,25.35586,82.98012,PMJAY
HOSP9P65642,965642,Hospital,P,Dr S N  Malhotra Hospitals LLP,"PLOT NO A/3, SURAJ VIHAR COLONY, NH-2, SIKANDRA",9897099333,9,118,,,27.216464,77.9325169,PMJAY
HOSP9P66312,966312,Hospital,P,NEW PATEL HOSPITAL,VILL AND POST SORAON ALLAHABAD,9793679266,9,120,,,25.6071097,81.8499476,PMJAY
HOSP9P66541,966541,Hospital,P,AGRAWAL EYE HOSPITAL ,61 SHIVAJI ROAD,9719843433,9,169,,,28.9832629,77.7094407,PMJAY
HOSP9P66756,966756,Hospital,P,Krishna Hospital,"73 Kelabagh Alakhnath road, Bareilly",9219524098,9,130,,,28.370976,79.4047609,PMJAY
HOSP9P67005,967005,Hospital,P,BHASKAR AYUSHMAN HOSPITAL AND TRAUMA CARE CENTRE,"NEAR,UNION BANK OF INDIA ,MANDI CHAURAHA N.H.2 ,MATHURA",9058601930,9,167,,,17.448010,78.442230,PMJAY
HOSP9P67027,967027,Hospital,P,PRIME HOSPITAL,PRIME HOSPITAL SAPHA ROAD KASIA KUSHINAGAR,7068729314,9,160,,,26.7514624,83.9258296,PMJAY
HOSP9P67558,967558,Hospital,P,SUGANDHA HOSPITAL,475 VAYU VIHAR HARJINDER NAGAR,8127882084,9,157,,,26.4143186,80.3930389,PMJAY
HOSP9P67737,967737,Hospital,P,the south city hospital,A-172 South City ,9415022721,9,162,,,26.7711343,80.9432504,PMJAY
HOSP9P68159,968159,Hospital,P,Prakash Hospital,Bheerpur Karchhana Allahabad,8858487147,9,120,,,25.2653502,81.9893275,PMJAY
HOSP9P68262,968262,Hospital,P,SINGH HOSPITAL,10c/10 Vrindavan Colony Telibagh near Utrathia Station Lucknow,9415010667,9,162,,,26.7656724,80.9638611,PMJAY
HOSP9P68313,968313,Hospital,P,Jim Memorial Hospital ,"Nahvai , Manda road , Prayagraj - 212104,",8795629147,9,120,"100004,100005,100006,100015,100026,100028",2024-05-01 13:01:49,25.1001420000001,82.269433,PMJAY
HOSP9P68334,968334,Hospital,P,Somwari Devi Memorial Hospital and Trauma Center,Abhay Chand Pur Naini,8173862045,9,120,,,25.3953293,81.8497567,PMJAY
HOSP9P68664,968664,Hospital,P,RAMESHTH HOSPITAL ,88A PANITANKI ALLAHPUR ALLAHBAD,9616958575,9,120,,,25.4525698,81.8743365,PMJAY
HOSP9P68782,968782,Hospital,P,SHAURYA TRAUMA CENTRE ND HOSPITAL,1677A NEW SHIVLI ROAD BARA SIROHI KALYANPUR,9838638041,9,157,,,26.5010904,80.2577864,PMJAY
HOSP9P68974,968974,Hospital,P,VAISHNAVI HOSPITAL,1A-23 AWAS VIKAS HANSPURAM NAUBASTA,9415731974,9,157,"100004,100005,100006,100012,100015,100017,100026,100028",2019-01-17 14:32:14,26.400060,80.315863,PMJAY
HOSP9P69976,969976,Hospital,P,PRIYANSHU MEDICARE CENTRE ,PHAPHAMAU BAI PASS LUCKNOW ROAD ,7355254753,9,120,,,25.5237039,81.8634392,PMJAY
HOSP9P70518,970518,Hospital,P,SAHARA HOSPITAL & LAPROSCOPIC CENTER,VEERBHANPUR,8924990611,9,187,,,25.2639928,82.8457105,PMJAY
HOSP9P70553,970553,Hospital,P,LALLAN HOSPITAL,"PACHDEVRA (MIRZAPUR ROAD), KARCHHANA ALLAHABAD",9450629611,9,120,,,25.281543,81.962871,PMJAY
HOSP9P70690,970690,Hospital,P,Jagdamba Superspeciality Hospital And Trauma Centre,L 619-621 Shastri Nagar Hapur Road Meerut,9997204539,9,169,,,28.9470392,77.7234864,PMJAY
HOSP9P71270,971270,Hospital,P,RAM JANKI DIGITAL HOSPITAL,"NEAR OLD TANDON MILL, RUPAIDIHA,",9931211710,9,125,,,28.011466,81.601404,PMJAY
HOSP9P71496,971496,Hospital,P,THE LEPROSY MISSION HOSPITAL  NAINI,THE LEPROSY MISSION HOSPITAL NAINI - STATION ROAD NAINI -  ALLAHABAD,9839514909,9,120,"100001,100004,100005,100006,100014,100019,100026,100028",2024-08-23 13:33:48,25.4107573,81.8581525,PMJAY
HOSP9P71616,971616,Hospital,P,ADVANCE NEURO AND GENERAL HOSPITAL ,"2A/A SARASWATIPURAM, SARSAWAN, ARJUN GANJ, LUCKNOW, UP 226002,",9415022002,9,162,,2019-01-16 18:25:39,26.808717,80.988053,PMJAY
HOSP9P71703,971703,Hospital,P,KAILASH KANTA HOSPITAL,"05 SHAHEED NAGAR AGRA,05 SHAHEED NAGAR AGRA",9837045090,9,118,"100004,100005,100012,100026,100028",2018-12-30 13:40:56,27.149721534238694,78.03775032119984,PMJAY
HOSP9P72000,972000,Hospital,P,AMIT HOSPITAL,"tulsi awash vikash colony phase 1,padrauna ,kushinagar",9564583830,9,160,,,26.9046224,83.9669218,PMJAY
HOSP9P72188,972188,Hospital,Temporary,Malhotra nursing home chandausi,subhash road chandausi,9758789461,9,659,,,28.816015,78.771858,PMJAY
HOSP9P73136,973136,Hospital,P,Jai Ambe Hospital ,Nawabganj Unnao,9807594216,9,186,,,26.6194606,80.6781066,PMJAY
HOSP9P73261,973261,Hospital,P,Hayat Hospital,Hasanganj Unnao,9554880867,9,186,,,26.7736135,80.6407881,PMJAY
HOSP9P73612,973612,Hospital,P,Kamla nursing home ,"257,Banda Rd, Atarra,",9451428906,9,128,,2019-03-08 18:42:11,25.292481,80.567143,PMJAY
HOSP9P74090,974090,Hospital,P,Krishna Hart care and Maternity Home,polytechnic chauraha jaunpur,7007256396,9,152,,,25.7496,82.6926,PMJAY
HOSP9P74531,974531,Hospital,P,Kanodia Spandan Hospital Pvt Ltd,"128/K-212,213 K Block Kidwai Nagar",9936337205,9,157,,,26.424204,80.329718,PMJAY
HOSP9P74538,974538,Hospital,P,Synergy Plus Hospital,"NH-2, NEAR GURU KA TAAL, SIKANDARA, AGRA",8954800703,9,118,,,27.2112203,77.9671524,PMJAY
HOSP9P74756,974756,Hospital,P,MOTI HOSPITAL,"26/109-B, Birhana Road,",9839034578,9,157,,,26.464615,80.3550771,PMJAY
HOSP9P78676,978676,Hospital,P,DALEEP NARAYAN SINGH  HEALTH CARE PVT. LTD,DALEEP NARAYAN SINGH HEALTH CARE PVT. LTD DUDHAHI KUSHINAGAR,8802905884,9,160,,,26.7967995,84.1461519,PMJAY
HOSP9P78701,978701,Hospital,P,R K HOSPITAL,AMBEY CHAUK,6391789230,9,160,,,26.9735099,83.9532571,PMJAY
HOSP9P82043,982043,Hospital,P,S G NETRALAYA,"Near Sood Dharam Kanta, Pilibhit Road, Bareilly - 243122",7351389185,9,130,,,28.3754569,79.4212902,PMJAY
HOSP9P82963,982963,Hospital,P,Saraswati Netralay,"5 / 1 LOWTHER ROAD DARBHANGA COLONY PRAYAGRAJ UTTAR PRADESH,5 / 1 LOWTHER ROAD DARBHANGA COLONY PRAYAGRAJ UTTAR PRADESH",8400333516,9,120,"100002,100004,100005,100023,100028",2024-03-27 16:34:29,25.452160462735193,81.85514500527029,PMJAY
HOSP9P83931,983931,Hospital,P,Suman Hospital,105 A Model Town,9837061876,9,130,,,28.3740778,79.4313129,PMJAY
HOSP9P84360,984360,Hospital,P,HIND HOSPITAL,GADHAIYA MODH FAZILNAGAR,9793954338,9,160,,,26.68878,84.04363,PMJAY
HOSP9P85205,985205,Hospital,P,HEMIT NEUROCARE & TRAUMA CENTRE,"35 L/5A, Rampur Garden, Hydel Colony Road",9627590009,9,130,,,28.351757,79.424511,PMJAY
HOSP9P85420,985420,Hospital,P,URMILA HOSPITAL,1/188 PATEL NAGAR,9837212660,9,177,,,29.967504,77.534449,PMJAY
HOSP9P86150,986150,Hospital,P,J P HOSPITAL ,"647/P-010,11,12-CC SITAPUR ROAD, GUDAMBA BYPASS, NEAR SHUKLA CHAURAHA ",9554936222,9,162,,,26.9401928,80.9562349,PMJAY
HOSP9P86329,986329,Hospital,P,District Eye Relief Society Budaun,Near Roadways Bus Stand ,9870998521,9,133,,,28.02862,79.12976,PMJAY
HOSP9P87231,987231,Hospital,P,Prabha hospital,BHATWALIYA NO 1 TAMKUHIRAJ KUSHINAGAR,9794681565,9,160,"100004,100005,100006,100026,100028",2019-06-12 15:14:52,26.9109696,83.9651656,PMJAY
HOSP9P88883,988883,Hospital,P,nehru eye hospital,"20, bagh kesho das, behind town hall, near bala ji chowk, arya puri",7900746824,9,172,,,29.471397,77.696732,PMJAY
HOSP9P90047,990047,Hospital,P,PAWAN TANAY HOSPITAL,MATI ROAD AKBARPUR KANPUR DEHAT,9935061618,9,156,,,26.3722888,79.9543368,PMJAY
HOSP9P90144,990144,Hospital,P,ACCIDENTAL CARE HOSPITAL,Railway Station Road,9838500095,9,148,,,26.7571174,83.3871162,PMJAY
HOSP9G90770,990770,Hospital,G,Central Hospital NCR Prayagraj," Central Hospital, North Central Railway, NAWAB YUSUF ROAD  Allahabad",9794837183,9,120,"100001,100002,100003,100004,100005,100006,100007,100008,100009,100010,100011,100012,100013,100014,100015,100016,100017,100018,100019,100020,100021,100022,100023,100026",2019-03-07 16:06:38,25.4494295807032,81.8251033216254,PMJAY
HOSP9G90771,990771,Hospital,G,Sub Divisional Railway Hospital Kanpur,NC Railway Sub Divisional Hospital GT Road Kanpur,9794837531,9,157,"100001,100002,100003,100004,100005,100006,100007,100008,100009,100010,100011,100012,100013,100014,100015,100016,100017,100018,100019,100020,100021,100022,100023,100026",2019-03-07 15:33:07,26.449923,80.331871,PMJAY
HOSP9G90791,990791,Hospital,G,Divisionalrailwayhospitaljhansi,divisionalrailwayhospitaljhansi,9794838511,9,153,"100001,100002,100003,100004,100005,100006,100007,100008,100009,100010,100011,100012,100013,100014,100015,100016,100017,100018,100019,100020,100021,100022,100023,100026",2019-06-02 20:19:31,25.4600153,78.5320107,PMJAY
HOSP9P91733,991733,Hospital,P,RAJ HOSPITAL,fazilnagar kushinagar,9838596322,9,160,,, ‎26.6827052,84.0497813,PMJAY
HOSP9P92015,992015,Hospital,P,RKN EYECARE LLP,"D63/10B-1A, DAYAL ENCLAVE, MAHMOORGANJ",9935522599,9,187,"100013,100026,100028",2019-06-03 16:11:33,25.3051618,82.9749649,PMJAY
HOSP9P93113,993113,Hospital,P,SANSKRITI HOSPITAL,10/10-6A/1 A.N.JHA MARGE GEORGE TOWN ,9956380726,9,120,,,25.447429,81.863297,PMJAY
HOSP9P93324,993324,Hospital,P,RU Nirogdham Kamal Hospital Pvt Ltd,"Opposite police station , Mawana",9897059376,9,169,,,29.0981447,77.90476,PMJAY
HOSP9P93388,993388,Hospital,P,HOPE HOSPITAL,"200 W.K ROAD,OPP TYAGI HOSTEL",9837020820,9,169,,2019-07-11 13:59:13,28.988158000000098,77.71202300000004,PMJAY
HOSP9P93422,993422,Hospital,P,SAVITRI HOSPITAL & RESEARCH CENTRE,Dilezakpur (near Vijay Chowk),9889311423,9,148,,,26.75849,83.36492,PMJAY
HOSP9P95474,995474,Hospital,P,DHARAM DUTT CITY HOSPITAL,"PILIBHIT ROAD NEAR SOOD DHARM KANTA BAREILLY,",9837055490,9,130,"100005,100006,100012,100015,100017",2023-03-20 14:32:20,28.375193,79.4215580000001,PMJAY
HOSP9P98868,998868,Hospital,P,Peace point hospital pvt ltd,72 jawahar nagar bhelupur,9838255555,9,187,,,25.29523,83.00046,PMJAY
HOSP9P99382,999382,Hospital,P,GLOBE HOSPITAL,sec 10 c 4022 rajajipuram lucknow,9935866294,9,162,,,28.566970,77.157940,PMJAY
HOSP9P99452,999452,Hospital,P,SHAUBHAGYA HOSPITAL,76A KRISHNA VIHAR PANKI ROAD KALYANPUR KANPUR NAGAR,7860207777,9,157,,,26.4919812,80.2473073,PMJAY
HOSP9P99539,999539,Hospital,P,NAVJYOTI EYE HOSPITAL,HOUSE NO 2436 C WARD NO 8 BANSI ROAD KATRA GANDHI NAGAR BASTI,7004710751,9,131,"100013,100026,100028",2019-06-12 14:42:25,26.8222245,82.7659736,PMJAY
HOSP9P99563,999563,Hospital,P,ANAND CHILD CARE CENTER,"Natraj chowk,kankerkhera Meerut Cantt ",9917233323,9,169,,,29.0265736,77.6886853,PMJAY
HOSP9P99882,999882,Hospital,P,RK MEDICAL CENTER,RK MEDICAL CENTER OPPOSITE VRINDAWAN SOCIETY KR PURAM SANIGWAN ROAD,9839022064,9,157,,,26.38992,80.38041,PMJAY
HOSP9P99897,999897,Hospital,P,THE LEPROSY MISSION HOSPITAL BARABANKI,"village sursanda, lucknow - Faizabad Bypass,barabanki, near New Bus Stand Barabanki",8853556522,9,129,,2024-08-05 13:24:03,26.9276410000001,81.2377260000001,PMJAY
HOSP10P00804,1000804,Hospital,P,gopalganj aankh asptal,"Malak Complex infornt of chiraighar, college road gopalganj",9973627196,10,197,,,26.4685472,84.4433318,PMJAY
HOSP10P00862,1000862,Hospital,P,Gopalganj Dental Hospital,Janki Sewa Sadan Infront Of Sadar Hospital (East Gate) Purani chowk Gopalganj,9939595371,10,197,,,26.4604338,84.4423721,PMJAY
HOSP10P00863,1000863,Hospital,P,DRISHTIPUNJ NETRALAYA,"D.S BUSINESS PARK,2ND FLOOR,ABOVE ICICI BANK,BAILEY ROAD SAGUNA MORE PATNA",8210711925,10,212,,,,,PMJAY
HOSP10P01138,1001138,Hospital,P,ARIHANT EYE HOSPITAL ,"ARAR MORE NH 27 ARAR GOPALGANJ,COLLEGE ROAD",9835059123,10,197,100013,2018-12-12 13:42:31,26.45620789115773,84.45307461135724,PMJAY
HOSP10P01298,1001298,Hospital,P,Mirganj Eye Hospital ,"pragya nagar chhath ghat ward no-03 behind gayatri mandir, Mirganj",9155203831,10,197,,,26.0991943,85.3820795,PMJAY
HOSP10P01724,1001724,Hospital,P,Basu surgical and urology hospital,mogalkuna bihar sharif ,7677173287,10,209,,,25.19847,85.51489,PMJAY
HOSP10P01779,1001779,Hospital,P,MUZAFFARPUR HEART HOSPITAL AND RESEARCH CENTRE PVT LTD,bank road ,9472900000,10,208,,,26.12271,85.38404,PMJAY
HOSP10P01912,1001912,Hospital,P,NAYAN JYOTI EYE HOSPITAL,"JAMO ROAD,BARHARIYA",9973358433,10,222,,,26.31672,84.50134,PMJAY
HOSP10P02211,1002211,Hospital,P,NIRWANA NETRALAYA,"Near sai baba mandir, Maa tara chandi road, Athkhambhwa, Sasaram",9013220491,10,215,,,24.939091633807,84.0278304762236,PMJAY
HOSP10P02481,1002481,Hospital,P,Anany Memorial hospital,AnanyMemorial Hospital Milki Par Biharsharif,9204618277,10,209,,,25.2406264,85.5174805,PMJAY
HOSP10P03013,1003013,Hospital,P,KHUSHBOO HOSPITAL,Bypass Road Kargil park front of Deepnagar Thana ,9801598008,10,209,,,25.1780585,85.5120903,PMJAY
HOSP10P03159,1003159,Hospital,P,sri ram govind pyare hospital,"sumitra sadan, main road , chandi",9934850140,10,209,,,25.19468,85.50688,PMJAY
HOSP10P03391,1003391,Hospital,P,HIND NURSING HOME REASARCH CENTRE ,"AT-PANKARA,PO-ADARCHAK,PS-DUMARIYA",9708457853,10,196,,,24.79644,85.00796,PMJAY
HOSP10P03539,1003539,Hospital,P,MITHILA DENTAL CLINIC,LINE BAZAR CHOWK PURNEA,9472022232,10,214,,,25.7841707,87.489971,PMJAY
HOSP10P04090,1004090,Hospital,P,APEX INSTITUTE OF MEDICAL SCIENCE PRIVATE LIMITED,CHANGAR PO PS KANKARBAGH EAST ASHOK NAGAR,9386382396,10,212,,,25.583972,85.148339,PMJAY
HOSP10P04149,1004149,Hospital,P,modern eye care,"nala road, biharsharif ( nalanda)",7004974598,10,209,,,25.19816,85.51516,PMJAY
HOSP10P05837,1005837,Hospital,P,Ayushman Hospital and Ashirwad Fertility Centre,"Ayushman Hospital,",9835957550,10,208,"100006,100012",2019-01-29 14:37:52,26.134218423039997,85.36487658867259,PMJAY
HOSP10P06115,1006115,Hospital,P,MAA JAGADAMBA SEWA SADAN ,"BANS KE TAL, NEAR TEMPOO STAND, KHUSRUPUR",9204647801,10,212,,,25.60941,85.11605,PMJAY
HOSP10G06393,1006393,Hospital,G,RH Ramgarh,"Ramgarh,rH rAMGARH",9470003364,10,200,"100001,100002,100003,100004,100005,100006,100007,100008,100009,100010,100011,100012,100013,100014,100015,100016,100017,100018,100019,100020,100021,100022,100023",2018-09-17 16:43:13,25.292585766097076,83.65982821179674,PMJAY
HOSP10G06467,1006467,Hospital,G,RH ASTHAWAN,"Asthawan Nalanda,",9470003520,10,209,"100001,100002,100003,100004,100005,100006,100007,100008,100009,100010,100011,100012,100013,100014,100015,100016,100017,100018,100019,100020,100021,100022,100023",2018-09-18 17:48:39,25.22,85.62,PMJAY
HOSP10G06473,1006473,Hospital,G,RH GHOSI,"SHAHEED SHAKTI KUMAR REFERRAL HOSPITAL,Ghosi Dhamapur Road , Jehanabad",8804427818,10,199,"100001,100002,100003,100004,100005,100006,100007,100008,100009,100010,100011,100012,100013,100014,100015,100016,100017,100018,100019,100020,100021,100022,100023",2018-09-19 18:17:10,25.188976,85.108365,PMJAY
HOSP10G06492,1006492,Hospital,G,PHC ISLAMPUR,"Islampur,Gaya Road shivpuri",9470003511,10,209,"100001,100002,100003,100004,100005,100006,100007,100008,100009,100010,100011,100012,100013,100014,100015,100016,100017,100018,100019,100020,100021,100022,100023",2018-09-19 20:20:15,25.1812565,85.2156305000001,PMJAY
HOSP10G06702,1006702,Hospital,G,Government Medical College And Hospital Bettiah,Hospital Road,8603898107,10,211,"100001,100002,100003,100004,100005,100006,100007,100008,100009,100010,100011,100012,100013,100014,100015,100016,100017,100018,100019,100020,100021,100022,100023",2018-08-31 18:37:04,26.7970813,84.4975824,PMJAY
HOSP10G06709,1006709,Hospital,G,Government Medical College And Hospital Purnea,LINE BAZAR PURNIA,9304198796,10,214,"100001,100002,100003,100004,100005,100006,100007,100008,100009,100010,100011,100012,100013,100014,100015,100016,100017,100018,100019,100020,100021,100022,100023",2018-08-31 17:10:55,25.781808,87.488871,PMJAY
HOSP10G07616,1007616,Hospital,G,CHC CHANPATIA,CHANPATIA,6202969500,10,211,"100001,100002,100003,100004,100005,100006,100007,100008,100009,100010,100011,100012,100013,100014,100015,100016,100017,100018,100019,100020,100021,100022,100023",2018-09-22 20:06:25,26.9445192,84.5379455,PMJAY
HOSP10P09241,1009241,Hospital,P,VISHAL HOSPITAL,BIHAR TALKIS ROAD LINE BAZAR ,9308595956,10,214,"100006,100012",2018-12-12 13:31:07,25.78763,87.49295,PMJAY
HOSP10P10446,1010446,Hospital,P,Anandita Hospital,"road no 13c Rajendar nagar near Bahadur pur gumti Patna 800016,Road No 13c Rajendar Nagar Near Bahadur Pur Gumti Patna 800016",7903790023,10,212,"100004,100023",2024-04-15 11:38:08,25.6029560000001,85.1694210000001,PMJAY
HOSP10P11305,1011305,Hospital,P,JEEVAN AVTAR HOSPITAL ,"LOHAPATTI,BEKAPUR,MUNGER",9334031632,10,207,"100006,100012",2020-09-18 15:46:29,25.37718,86.47331,PMJAY
HOSP10P12615,1012615,Hospital,P,BUDDHA NURSING HOME,GODOWN ROAD BODHGAYA BAZAR,9934058988,10,196,,,24.69469,84.99343,PMJAY
HOSP10G13656,1013656,Hospital,G,PHC KASHICHAK,PHC KASHICHAK,8544422897,10,210,"100001,100002,100003,100004,100005,100006,100007,100008,100009,100010,100011,100012,100013,100014,100015,100016,100017,100018,100019,100020,100021,100022,100023",2018-09-22 13:51:38,25.0695452,85.7166582,PMJAY
HOSP10G13697,1013697,Hospital,G,chc uchkagaon,"chc uchkagaon,",9430553039,10,197,"100001,100002,100003,100004,100005,100006,100007,100008,100009,100010,100011,100012,100013,100014,100015,100016,100017,100018,100019,100020,100021,100022,100023",2018-09-20 17:29:28,26.446197,84.28782,PMJAY
HOSP10P13995,1013995,Hospital,P,SHRI SAI HOSPITAL ,NEAR-INDIA GAS AGENCE MAIN ROAD ALIGANJ,9006497017,10,198,,,24.92176,86.22369,PMJAY
HOSP10G14204,1014204,Hospital,G,PHC Sadar Block,PHC Sadar Block Mairwa Road Siwan,9934745635,10,222,"100001,100002,100003,100004,100005,100006,100007,100008,100009,100010,100011,100012,100013,100014,100015,100016,100017,100018,100019,100020,100021,100022,100023",2018-09-20 20:30:51,26.2136524,84.3554215,PMJAY
HOSP10G14217,1014217,Hospital,G,PHC SILAO,SILAO,9470003505,10,209,"100001,100002,100003,100004,100005,100006,100007,100008,100009,100010,100011,100012,100013,100014,100015,100016,100017,100018,100019,100020,100021,100022,100023",2018-09-20 16:25:19,25.0816948,85.42853,PMJAY
HOSP10G14332,1014332,Hospital,G,CHC Dhanarua,"Community Health Centre Dhanarua,At block campus,",9308428581,10,212,"100001,100002,100003,100004,100005,100006,100007,100008,100009,100010,100011,100012,100013,100014,100015,100016,100017,100018,100019,100020,100021,100022,100023",2018-09-20 16:20:50,25.3591718,85.1295557,PMJAY
HOSP10G14356,1014356,Hospital,G,SDH Barh,"NH-31, CHONDI BARH,NH-31 main Road ANS college",9431247057,10,212,"100001,100002,100003,100004,100005,100006,100007,100008,100009,100010,100011,100012,100013,100014,100015,100016,100017,100018,100019,100020,100021,100022,100023",2018-09-20 16:13:24,25.473825,85.7069100000001,PMJAY
HOSP10G14376,1014376,Hospital,G,PHC NAUTAN,NAUTAN,9934839451,10,222,"100001,100002,100003,100004,100005,100006,100007,100008,100009,100010,100011,100012,100013,100014,100015,100016,100017,100018,100019,100020,100021,100022,100023",2018-09-20 17:42:15,26.3280429,84.2160228,PMJAY
HOSP10G14380,1014380,Hospital,G,PHC NAGARNAUSA,Nagarnausa,9470003515,10,209,"100001,100002,100003,100004,100005,100006,100007,100008,100009,100010,100011,100012,100013,100014,100015,100016,100017,100018,100019,100020,100021,100022,100023",2018-09-22 11:25:04,25.3954427,85.3433404,PMJAY
HOSP10G14478,1014478,Hospital,G,primary health centre beldaur,Beldaur,9110063054,10,202,"100001,100002,100003,100004,100005,100006,100007,100008,100009,100010,100011,100012,100013,100014,100015,100016,100017,100018,100019,100020,100021,100022,100023",2018-09-27 18:48:48,25.5965858,86.7856208,PMJAY
HOSP10G14495,1014495,Hospital,G,PHC Noorsarai,Noorsarai,8789366206,10,209,"100001,100002,100003,100004,100005,100006,100007,100008,100009,100010,100011,100012,100013,100014,100015,100016,100017,100018,100019,100020,100021,100022,100023",2018-09-22 11:26:57,25.2748186,85.4568968,PMJAY
HOSP10G14500,1014500,Hospital,G,PHC THARTHARI,PHC THARTHARI,9470003508,10,209,"100001,100002,100003,100004,100005,100006,100007,100008,100009,100010,100011,100012,100013,100014,100015,100016,100017,100018,100019,100020,100021,100022,100023",2018-09-20 20:30:22,25.2098933,85.3643355,PMJAY
HOSP10G14508,1014508,Hospital,G,PHC PARWALPUR,PARWALPUR,9931574779,10,209,"100001,100002,100003,100004,100005,100006,100007,100008,100009,100010,100011,100012,100013,100014,100015,100016,100017,100018,100019,100020,100021,100022,100023",2018-09-22 11:26:10,25.2068869,85.3640047,PMJAY
HOSP10G14525,1014525,Hospital,G,PHC BEN,BEN,9905834446,10,209,"100001,100002,100003,100004,100005,100006,100007,100008,100009,100010,100011,100012,100013,100014,100015,100016,100017,100018,100019,100020,100021,100022,100023",2018-09-20 18:00:43,25.1461367,85.3601307,PMJAY
HOSP10G14550,1014550,Hospital,G,PHC HARNAUT,"HARNAUT,Rachi road harnaut",9470003510,10,209,"100001,100002,100003,100004,100005,100006,100007,100008,100009,100010,100011,100012,100013,100014,100015,100016,100017,100018,100019,100020,100021,100022,100023",2018-09-20 20:34:22,25.3817790000001,85.5191110000001,PMJAY
HOSP10G14589,1014589,Hospital,G,PHC Katrisarai,Katrisarai,9470003522,10,209,"100001,100002,100003,100004,100005,100006,100007,100008,100009,100010,100011,100012,100013,100014,100015,100016,100017,100018,100019,100020,100021,100022,100023",2018-09-22 11:27:44,25.0805149,85.6357789,PMJAY
HOSP10G14648,1014648,Hospital,G,CHC TERHAGACHH,"Phc Terhagachh,Near Police Station",9470003409,10,203,"100001,100002,100003,100004,100005,100006,100007,100008,100009,100010,100011,100012,100013,100014,100015,100016,100017,100018,100019,100020,100021,100022,100023",2018-09-20 17:14:41,26.382926254335175,87.68936529994971,PMJAY
HOSP10G14796,1014796,Hospital,G,PHC Belwa,"Primary Health Centre Belwa,",9470003403,10,203,"100001,100002,100003,100004,100005,100006,100007,100008,100009,100010,100011,100012,100013,100014,100015,100016,100017,100018,100019,100020,100021,100022,100023",2018-09-20 20:37:23,26.1062640000001,87.9007330000001,PMJAY
HOSP10G14800,1014800,Hospital,G,RH Bihta,"RH Bihta,Referal Hospital, Bihta",7870162338,10,212,"100001,100002,100003,100004,100005,100006,100007,100008,100009,100010,100011,100012,100013,100014,100015,100016,100017,100018,100019,100020,100021,100022,100023",2018-09-20 16:14:37,25.616612,84.8638750000001,PMJAY
HOSP10G14805,1014805,Hospital,G,PHC Thakurganj,"Primary health centre thakurganj ward no 10,",9470003405,10,203,"100001,100002,100003,100004,100005,100006,100007,100008,100009,100010,100011,100012,100013,100014,100015,100016,100017,100018,100019,100020,100021,100022,100023",2018-09-20 20:26:48,26.43,88.13,PMJAY
HOSP10G14809,1014809,Hospital,G,PHC Kochadhaman,"Kochadhaman Block,Near Block Office",9470003407,10,203,"100001,100002,100003,100004,100005,100006,100007,100008,100009,100010,100011,100012,100013,100014,100015,100016,100017,100018,100019,100020,100021,100022,100023",2018-09-22 15:35:03,26.162985927257083,87.77014052513368,PMJAY
HOSP10G14816,1014816,Hospital,G,PHC DIGHALBANK,"DIGHALBANK,DIGHALBANK",9470003408,10,203,"100001,100002,100003,100004,100005,100006,100007,100008,100009,100010,100011,100012,100013,100014,100015,100016,100017,100018,100019,100020,100021,100022,100023",2018-09-20 20:25:41,26.4293060000001,87.8429990000001,PMJAY
HOSP10G14822,1014822,Hospital,G,CHC Phulwari Sharif,"CHC PHULWARI SHARIF, PATNA,",9470003591,10,212,"100001,100002,100003,100004,100005,100006,100007,100008,100009,100010,100011,100012,100013,100014,100015,100016,100017,100018,100019,100020,100021,100022,100023",2018-09-20 20:23:21,25.57997,85.07724,PMJAY
HOSP10G14896,1014896,Hospital,G,SDH MASAURHI,NH 83 NEAR-SUB DIVISIONAL COURT MASAURHI ,9835261379,10,212,"100001,100002,100003,100004,100005,100006,100007,100008,100009,100010,100011,100012,100013,100014,100015,100016,100017,100018,100019,100020,100021,100022,100023",2018-09-20 16:14:01,25.3512814,85.0311411,PMJAY
HOSP10G14929,1014929,Hospital,G,PHC Karaiparsurai,Karaiparsurai,9304966160,10,209,"100001,100002,100003,100004,100005,100006,100007,100008,100009,100010,100011,100012,100013,100014,100015,100016,100017,100018,100019,100020,100021,100022,100023",2018-09-20 20:40:15,25.3791653,85.2728939,PMJAY
HOSP10P15161,1015161,Daycare Centre,P,CHANDRA JYOTI NETRALAYA,"Doctor colony siwan,",8757478020,10,222,100013,2019-02-14 16:06:28,26.231389489326517,84.36812382490564,PMJAY
HOSP10G15364,1015364,Hospital,G,RH NAUBATPUR,"RH NAUBATPUR,rH NAUBATPUR",9304501284,10,212,"100001,100002,100003,100004,100005,100006,100007,100008,100009,100010,100011,100012,100013,100014,100015,100016,100017,100018,100019,100020,100021,100022,100023",2018-09-20 16:20:21,25.479162,84.953582,PMJAY
HOSP10G15393,1015393,Hospital,G,SDH NARKATIAGANJ ,"PURANI BAZAR, PURANI BAZAR, NARKATIAGANJ,",9470003215,10,211,"100001,100002,100003,100004,100005,100006,100007,100008,100009,100010,100011,100012,100013,100014,100015,100016,100017,100018,100019,100020,100021,100022,100023",2018-09-25 16:57:32,27.119473,84.468783,PMJAY
HOSP10G15424,1015424,Hospital,G,PHC GOVINDPUR,PHC GOVINDPUR,8271896386,10,210,"100001,100002,100003,100004,100005,100006,100007,100008,100009,100010,100011,100012,100013,100014,100015,100016,100017,100018,100019,100020,100021,100022,100023",2018-09-20 17:19:11,24.7844849,85.6619161,PMJAY
HOSP10G15427,1015427,Hospital,G,phc meskaur,phc meskaur,9431289301,10,210,"100001,100002,100003,100004,100005,100006,100007,100008,100009,100010,100011,100012,100013,100014,100015,100016,100017,100018,100019,100020,100021,100022,100023",2018-11-23 11:39:02,24.7405935,85.3575479,PMJAY
HOSP10G15442,1015442,Hospital,G,PHC WARISALIGANJ,PHC WARISALIGANJ,9934997512,10,210,"100001,100002,100003,100004,100005,100006,100007,100008,100009,100010,100011,100012,100013,100014,100015,100016,100017,100018,100019,100020,100021,100022,100023",2018-09-20 17:28:37,25.0125217,85.6383484,PMJAY
HOSP10G15443,1015443,Hospital,G,phc sirdala,PHC SIRDALA,9470003532,10,210,"100001,100002,100003,100004,100005,100006,100007,100008,100009,100010,100011,100012,100013,100014,100015,100016,100017,100018,100019,100020,100021,100022,100023",2018-09-22 16:52:25,24.6550061,85.4076056,PMJAY
HOSP10G15453,1015453,Hospital,G,phc narhat,phc narhat ,7320956200,10,210,"100001,100002,100003,100004,100005,100006,100007,100008,100009,100010,100011,100012,100013,100014,100015,100016,100017,100018,100019,100020,100021,100022,100023",2018-09-22 16:50:05,24.7724206,85.4298197,PMJAY
HOSP10G15460,1015460,Hospital,G,phc kawakol,,7739357525,10,210,"100001,100002,100003,100004,100005,100006,100007,100008,100009,100010,100011,100012,100013,100014,100015,100016,100017,100018,100019,100020,100021,100022,100023",2018-09-22 16:48:34,24.8299919,85.8844404,PMJAY
HOSP10G15560,1015560,Hospital,G,PHC RAJAULI,RAJAULI,8789984199,10,210,"100001,100002,100003,100004,100005,100006,100007,100008,100009,100010,100011,100012,100013,100014,100015,100016,100017,100018,100019,100020,100021,100022,100023",2018-09-20 18:18:03,24.6532356,85.5045711,PMJAY
HOSP10G15637,1015637,Hospital,G,PHC Bind,,9470003519,10,209,"100001,100002,100003,100004,100005,100006,100007,100008,100009,100010,100011,100012,100013,100014,100015,100016,100017,100018,100019,100020,100021,100022,100023",2018-09-20 20:32:24,25.3068405,85.6871451,PMJAY
HOSP10G15717,1015717,Hospital,G,PHC Supaul Sadar,"Ward-4 Sadar Block Supaul ,",9470003794,10,223,"100001,100002,100003,100004,100005,100006,100007,100008,100009,100010,100011,100012,100013,100014,100015,100016,100017,100018,100019,100020,100021,100022,100023",2018-09-22 22:45:39,26.1255534,86.6050979,PMJAY
HOSP10G16010,1016010,Hospital,G,phc hisua ,hisua,9097051341,10,210,"100001,100002,100003,100004,100005,100006,100007,100008,100009,100010,100011,100012,100013,100014,100015,100016,100017,100018,100019,100020,100021,100022,100023",2018-09-22 14:00:22,24.8311684,85.414341,PMJAY
HOSP10G16036,1016036,Hospital,G,SDH BAGAHA,SDH HOSPITAL BAGAHA,9470003203,10,211,"100001,100002,100003,100004,100005,100006,100007,100008,100009,100010,100011,100012,100013,100014,100015,100016,100017,100018,100019,100020,100021,100022,100023",2018-09-25 16:56:04,27.0937217,84.0931818,PMJAY
HOSP10G16048,1016048,Hospital,G,PHC Harnatand Bagha 2,"PRIMARY HEALTH CENTER,HARNATAND,BAGAHA-2",9470003205,10,211,"100001,100002,100003,100004,100005,100006,100007,100008,100009,100010,100011,100012,100013,100014,100015,100016,100017,100018,100019,100020,100021,100022,100023",2018-09-22 20:05:21,27.3012453,84.0185824,PMJAY
HOSP10G16059,1016059,Hospital,G,PHC Bairiya,Primary Health Center Bairiya,9470003206,10,211,"100001,100002,100003,100004,100005,100006,100007,100008,100009,100010,100011,100012,100013,100014,100015,100016,100017,100018,100019,100020,100021,100022,100023",2018-09-21 15:26:24,26.7538775,84.4481158,PMJAY
HOSP10G16080,1016080,Hospital,G,PHC TARIYANI,"TARIYANI CHOWK, TARIYANI, SHEOHAR",7274037495,10,220,"100001,100002,100003,100004,100005,100006,100007,100008,100009,100010,100011,100012,100013,100014,100015,100016,100017,100018,100019,100020,100021,100022,100023",2018-09-20 19:58:41,26.3890838,85.3230764,PMJAY
HOSP10G16099,1016099,Hospital,G,PHC Bhitaha,primary health center bhitaha,9931033131,10,211,"100001,100002,100003,100004,100005,100006,100007,100008,100009,100010,100011,100012,100013,100014,100015,100016,100017,100018,100019,100020,100021,100022,100023",2018-09-21 15:27:20,27.0329191,84.2064493,PMJAY
HOSP10G16103,1016103,Hospital,G,PHC LAKRI NAVIGANJ,Lakri Naviganj,7294065648,10,222,"100001,100002,100003,100004,100005,100006,100007,100008,100009,100010,100011,100012,100013,100014,100015,100016,100017,100018,100019,100020,100021,100022,100023",2018-09-22 15:52:58,26.2323546,84.7119632,PMJAY
HOSP10G16109,1016109,Hospital,G,PHC Gaunaha,GAUNAHA,9470003210,10,211,"100001,100002,100003,100004,100005,100006,100007,100008,100009,100010,100011,100012,100013,100014,100015,100016,100017,100018,100019,100020,100021,100022,100023",2018-09-25 20:04:38,27.2328611,84.4500844,PMJAY
HOSP10G16122,1016122,Hospital,G,PHC Madhubani,"PRIMARY HEALTH CENTRE, MADHUBANI",9470003212,10,211,"100001,100002,100003,100004,100005,100006,100007,100008,100009,100010,100011,100012,100013,100014,100015,100016,100017,100018,100019,100020,100021,100022,100023",2018-09-26 10:43:28,26.299557,86.065758,PMJAY
HOSP10G16139,1016139,Hospital,G,Ref Lauriya,PRIMARY HEALTH CENTRE LAURIA,9801714714,10,211,"100001,100002,100003,100004,100005,100006,100007,100008,100009,100010,100011,100012,100013,100014,100015,100016,100017,100018,100019,100020,100021,100022,100023",2018-09-26 12:11:25,26.9932334,84.4069505,PMJAY
HOSP10G16156,1016156,Hospital,G,PHC Mainatand,Primari Health Center Mainatand,9470003213,10,211,"100001,100002,100003,100004,100005,100006,100007,100008,100009,100010,100011,100012,100013,100014,100015,100016,100017,100018,100019,100020,100021,100022,100023",2018-09-25 16:54:37,27.1611006,84.3294533,PMJAY
HOSP10G16158,1016158,Hospital,G,PHC Sheikhopur Sarai,"P H C Sheikhopur Sarai,",9955636344,10,219,"100004,100005,100006,100012",2018-12-07 17:18:04,25.124395,85.6835300000001,PMJAY
HOSP10G16224,1016224,Hospital,G,PHC Majhauliya,PHC MAJHAULIYA,9470003214,10,211,"100001,100002,100003,100004,100005,100006,100007,100008,100009,100010,100011,100012,100013,100014,100015,100016,100017,100018,100019,100020,100021,100022,100023",2018-09-25 18:10:52,26.8009083,84.618831,PMJAY
HOSP10G16228,1016228,Hospital,G,Phc Purnahiya,"Sonaul Sultan,Ward-10,,PHC Purnahiya",8292074322,10,220,"100001,100002,100003,100004,100005,100006,100007,100008,100009,100010,100011,100012,100013,100014,100015,100016,100017,100018,100019,100020,100021,100022,100023",2018-09-20 20:00:16,26.5936157,85.3265449,PMJAY
HOSP10P16236,1016236,Hospital,P,Big hospital,"SHEETLA MANDIR ROAD, AGAMKUAN",7360027999,10,212,,,25.58781,85.19593,PMJAY
HOSP10G16237,1016237,Hospital,G,PHC Nautan,PHC / PRIMARY HEALTH CENTRE NAUTAN,9470003216,10,211,"100001,100002,100003,100004,100005,100006,100007,100008,100009,100010,100011,100012,100013,100014,100015,100016,100017,100018,100019,100020,100021,100022,100023",2018-09-22 20:07:24,26.9932334,84.4069505,PMJAY
HOSP10G16255,1016255,Hospital,G,PHC Piprasi,"PARSAUNI,PIPRASI",9973688322,10,211,"100001,100002,100003,100004,100005,100006,100007,100008,100009,100010,100011,100012,100013,100014,100015,100016,100017,100018,100019,100020,100021,100022,100023",2018-09-26 12:13:03,27.0615697,84.0246733,PMJAY
HOSP10G16263,1016263,Hospital,G,CHC PRANPUR,"Chc Pranpur,NEAR PRANPUR BLOCK OFFICE PRANPUR",9470003378,10,201,"100001,100002,100003,100004,100005,100006,100007,100008,100009,100010,100011,100012,100013,100014,100015,100016,100017,100018,100019,100020,100021,100022,100023",2018-09-18 19:18:46,25.4743623,87.7210997,PMJAY
HOSP10G16270,1016270,Hospital,G,CHC KORHA,"CHC KORHA,KORHA,",9470003377,10,201,"100001,100002,100003,100004,100005,100006,100007,100008,100009,100010,100011,100012,100013,100014,100015,100016,100017,100018,100019,100020,100021,100022,100023",2018-09-19 16:03:19,25.6251970000001,87.4008860000001,PMJAY
HOSP10G16278,1016278,Hospital,G,PHC Ramnagar,Primary Health Center Ramnagar,9470003217,10,211,"100001,100002,100003,100004,100005,100006,100007,100008,100009,100010,100011,100012,100013,100014,100015,100016,100017,100018,100019,100020,100021,100022,100023",2018-09-22 20:08:28,27.1607959,84.3287313,PMJAY
HOSP10G16281,1016281,Hospital,G,PHC Sikta,Primary Health Center Sikta,9470003218,10,211,"100001,100002,100003,100004,100005,100006,100007,100008,100009,100010,100011,100012,100013,100014,100015,100016,100017,100018,100019,100020,100021,100022,100023",2018-09-26 12:37:29,27.0471984,84.3883717,PMJAY
HOSP10G16287,1016287,Hospital,G,PHC Yogapatti,YOGAPATTI,9470003220,10,211,"100001,100002,100003,100004,100005,100006,100007,100008,100009,100010,100011,100012,100013,100014,100015,100016,100017,100018,100019,100020,100021,100022,100023",2018-09-25 16:58:39,26.8651447,84.3476321,PMJAY
HOSP10G16307,1016307,Hospital,G,PHC Kaluahi,"CHC KALUAHI,KALUAHI",9473369467,10,206,"100001,100002,100003,100004,100005,100006,100007,100008,100009,100010,100011,100012,100013,100014,100015,100016,100017,100018,100019,100020,100021,100022,100023",2018-09-25 17:03:59,26.46205328753436,86.06753600790898,PMJAY
HOSP10G16321,1016321,Hospital,G,CHC Madhuban,"Madhuban, East Champaran,",8809915193,10,213,100005,2018-09-21 14:03:33,26.443902,85.137906,PMJAY
HOSP10G16335,1016335,Hospital,G,SDH Pakaridayal East Champaran,"Pakri Dayal Motihari Ward no 2,",9546106988,10,213,"100001,100002,100003,100004,100005,100006,100007,100008,100009,100010,100011,100012,100013,100014,100015,100016,100017,100018,100019,100020,100021,100022,100023",2018-09-22 15:42:38,26.559309170677054,85.05881905151773,PMJAY
HOSP10G16338,1016338,Hospital,G,CHC MORWA,"CHC MORWA,NEAR MORWA BLOCK",9128967980,10,217,"100001,100002,100003,100004,100005,100006,100007,100008,100009,100010,100011,100012,100013,100014,100015,100016,100017,100018,100019,100020,100021,100022,100023",2018-09-20 20:24:37,25.8141648,85.6964439,PMJAY
HOSP10G16339,1016339,Hospital,G,PHC Sarairanjan,"Chc Sarairanjan,",9470003680,10,217,"100001,100002,100003,100004,100005,100006,100007,100008,100009,100010,100011,100012,100013,100014,100015,100016,100017,100018,100019,100020,100021,100022,100023",2019-01-23 11:12:09,25.7602714,85.7090987,PMJAY
HOSP10G16356,1016356,Hospital,G,PHC KHANPUR,,9576866464,10,217,"100001,100002,100003,100004,100005,100006,100007,100008,100009,100010,100011,100012,100013,100014,100015,100016,100017,100018,100019,100020,100021,100022,100023",2018-09-20 20:25:31,25.8632965,85.9278993,PMJAY
HOSP10G16362,1016362,Hospital,G,PHC SHIVAJINAGAR,Primary Health Centre shivajinagar,9470003695,10,217,"100001,100002,100003,100004,100005,100006,100007,100008,100009,100010,100011,100012,100013,100014,100015,100016,100017,100018,100019,100020,100021,100022,100023",2018-09-21 18:20:09,25.8908283,86.0221446,PMJAY
HOSP10G16368,1016368,Hospital,G,PHC TAJPUR ,PHC TAJPUR,9470003698,10,217,"100001,100002,100003,100004,100005,100006,100007,100008,100009,100010,100011,100012,100013,100014,100015,100016,100017,100018,100019,100020,100021,100022,100023",2018-09-20 20:33:25,25.8498572,85.6666046,PMJAY
HOSP10G16370,1016370,Hospital,G,PHC VIDYAPATINAGAR,PHC VIDYAPATINAGAR,9470003696,10,217,"100001,100002,100003,100004,100005,100006,100007,100008,100009,100010,100011,100012,100013,100014,100015,100016,100017,100018,100019,100020,100021,100022,100023",2018-09-22 11:31:20,25.6124544,85.8072406,PMJAY
HOSP10G16374,1016374,Hospital,G,PHC WARISNAGAR,"Gohi, Primary Health Centre Warishnagar,",7739487522,10,217,"100004,100005,100006,100012,100014,100017",2019-01-08 11:42:20,25.93548,85.87082,PMJAY
HOSP10G16386,1016386,Hospital,G,Phc Ghoghardiha,GHOGHARDIHA,9470003438,10,206,"100001,100002,100003,100004,100005,100006,100007,100008,100009,100010,100011,100012,100013,100014,100015,100016,100017,100018,100019,100020,100021,100022,100023",2018-09-20 17:52:34,26.2835025,86.4657543,PMJAY
HOSP10G16393,1016393,Hospital,G,PHC Araria,PHC ARARIA NEAR ARARIA BLOCK,9939903501,10,188,"100001,100002,100003,100004,100005,100006,100007,100008,100009,100010,100011,100012,100013,100014,100015,100016,100017,100018,100019,100020,100021,100022,100023",2018-09-21 18:21:19,26.129696,87.4691268,PMJAY
HOSP10G16399,1016399,Hospital,G,CHC Bhargama,"At+Post-Bhargama.District-Araria,",9473287041,10,188,"100001,100002,100003,100004,100005,100006,100007,100008,100009,100010,100011,100012,100013,100014,100015,100016,100017,100018,100019,100020,100021,100022,100023",2018-09-21 18:14:44,26.0783510000001,87.1483830000001,PMJAY
HOSP10G16409,1016409,Hospital,G,PHC Narpatganj,phc narpatganj,9470003039,10,188,"100001,100002,100003,100004,100005,100006,100007,100008,100009,100010,100011,100012,100013,100014,100015,100016,100017,100018,100019,100020,100021,100022,100023",2018-09-28 10:46:45,26.3420819,87.1033752,PMJAY
HOSP10G16432,1016432,Hospital,G,PRIMARY HEALTH CENTER GIDHAUR,"Gidhour Bazar, Gidhour",9470362621,10,198,"100001,100002,100003,100004,100005,100006,100007,100008,100009,100010,100011,100012,100013,100014,100015,100016,100017,100018,100019,100020,100021,100022,100023",2018-09-22 12:28:55,24.856363,86.303758,PMJAY
HOSP10G16451,1016451,Hospital,G,PHC SIKARIYA,"Sikariya Main Campas Bank Ke Pas,",7992362556,10,199,"100001,100002,100003,100004,100005,100006,100007,100008,100009,100010,100011,100012,100013,100014,100015,100016,100017,100018,100019,100020,100021,100022,100023",2018-09-22 17:22:08,25.27,84.98,PMJAY
HOSP10G16485,1016485,Hospital,G,PHC Gaurabouram,PHC GAURABORAM,9472438833,10,195,"100004,100005,100006,100012",2019-11-05 12:30:52,26.1368113,85.9024078,PMJAY
HOSP10G16505,1016505,Hospital,G,Phc Dagarua,"Dagaruwa,",8051639010,10,214,"100001,100002,100003,100004,100005,100006,100007,100008,100009,100010,100011,100012,100013,100014,100015,100016,100017,100018,100019,100020,100021,100022,100023",2018-09-21 18:19:07,25.7833420000001,87.581062,PMJAY
HOSP10G16506,1016506,Hospital,G,CHC KEOTI,"KEOTI,",8292835951,10,195,"100001,100002,100003,100004,100005,100006,100007,100008,100009,100010,100011,100012,100013,100014,100015,100016,100017,100018,100019,100020,100021,100022,100023",2018-09-22 15:30:34,26.294719,85.946569,PMJAY
HOSP10G16507,1016507,Hospital,G,PHC Kiratpur,"vill-kiratpur,p.s.- jamalpur",7717767674,10,195,"100001,100002,100003,100004,100005,100006,100007,100008,100009,100010,100011,100012,100013,100014,100015,100016,100017,100018,100019,100020,100021,100022,100023",2018-09-20 20:28:58,26.0596104,86.2304589,PMJAY
HOSP10G16509,1016509,Hospital,G,PHC Manigachi,Manigachhi,7717767674,10,195,"100001,100002,100003,100004,100005,100006,100007,100008,100009,100010,100011,100012,100013,100014,100015,100016,100017,100018,100019,100020,100021,100022,100023",2018-09-22 15:32:19,26.2174349,86.1471939,PMJAY
HOSP10G16510,1016510,Hospital,G,RH Manigachhi,"MANIGACHHI, DARBHANGA,refferal hospital manigachhi",7717767674,10,195,"100001,100002,100003,100004,100005,100006,100007,100008,100009,100010,100011,100012,100013,100014,100015,100016,100017,100018,100019,100020,100021,100022,100023",2018-09-20 20:25:35,26.177601873853206,86.14991440991184,PMJAY
HOSP10G16512,1016512,Hospital,G,PHC Sadar,PHC Sadar,7717767674,10,195,"100001,100002,100003,100004,100005,100006,100007,100008,100009,100010,100011,100012,100013,100014,100015,100016,100017,100018,100019,100020,100021,100022,100023",2018-09-22 15:28:28,26.1558968,85.9457837,PMJAY
HOSP10G16513,1016513,Hospital,G,CHC SINGHWARA,"CHC SINGHWARA,",7717767674,10,195,"100001,100002,100003,100004,100005,100006,100007,100008,100009,100010,100011,100012,100013,100014,100015,100016,100017,100018,100019,100020,100021,100022,100023",2018-09-22 15:27:47,26.18846741903461,85.73127224748623,PMJAY
HOSP10G16516,1016516,Hospital,G,PHC JALALGARH,JALALGARH,9006428093,10,214,"100001,100002,100003,100004,100005,100006,100007,100008,100009,100010,100011,100012,100013,100014,100015,100016,100017,100018,100019,100020,100021,100022,100023",2018-09-22 13:54:03,25.9436593,87.5346402,PMJAY
HOSP10G16518,1016518,Hospital,G,PHC Tardih,VILL TARDIH PO KAITHWAR,7717767674,10,195,"100001,100002,100003,100004,100005,100006,100007,100008,100009,100010,100011,100012,100013,100014,100015,100016,100017,100018,100019,100020,100021,100022,100023",2018-09-22 15:24:41,26.1503152,86.2583953,PMJAY
HOSP10G16519,1016519,Hospital,G,Phc Srinagar,"Srinagar Purnia,",9470003630,10,214,"100001,100002,100003,100004,100005,100006,100007,100008,100009,100010,100011,100012,100013,100014,100015,100016,100017,100018,100019,100020,100021,100022,100023",2018-09-22 12:37:20,25.808023,87.366764,PMJAY
HOSP10G16527,1016527,Hospital,G,PHCMADHWAPUR,PHC MADHWAPUR NEAR BLOCK MADHWAPUR,9430475565,10,206,"100001,100002,100003,100004,100005,100006,100007,100008,100009,100010,100011,100012,100013,100014,100015,100016,100017,100018,100019,100020,100021,100022,100023",2018-09-20 18:18:31,26.4098724,86.2349044,PMJAY
HOSP10G16529,1016529,Hospital,G,PHC ADAPUR,ADAPUR,8820301522,10,213,"100001,100002,100003,100004,100005,100006,100007,100008,100009,100010,100011,100012,100013,100014,100015,100016,100017,100018,100019,100020,100021,100022,100023",2018-09-21 14:06:09,26.9470123,84.9478608,PMJAY
HOSP10G16548,1016548,Hospital,G,PHC PURNEA EAST ,Purnea East,9470003619,10,214,"100001,100002,100003,100004,100005,100006,100007,100008,100009,100010,100011,100012,100013,100014,100015,100016,100017,100018,100019,100020,100021,100022,100023",2018-09-22 14:03:26,25.7769677,87.4653502,PMJAY
HOSP10G16602,1016602,Hospital,G,Community Health Centre Bankeybazar,"Community Health Centre Bankeybazar,",9162016501,10,196,"100001,100002,100003,100004,100005,100006,100007,100008,100009,100010,100011,100012,100013,100014,100015,100016,100017,100018,100019,100020,100021,100022,100023",2018-09-20 20:39:28,24.527215213622668,84.71221179392433,PMJAY
HOSP10G16617,1016617,Hospital,G,PHC IMAMGANJ,Primary Health Centre,9470003275,10,196,"100001,100002,100003,100004,100005,100006,100007,100008,100009,100010,100011,100012,100013,100014,100015,100016,100017,100018,100019,100020,100021,100022,100023",2018-09-20 17:47:25,25.218226,84.824196,PMJAY
HOSP10G16632,1016632,Hospital,G,CHC NIMCHAK BATHANI,"NIMCHAK BATHANI,",9470003286,10,196,"100001,100002,100003,100004,100005,100006,100007,100008,100009,100010,100011,100012,100013,100014,100015,100016,100017,100018,100019,100020,100021,100022,100023",2018-09-20 20:19:06,24.991181075417174,85.26638994494942,PMJAY
HOSP10G16644,1016644,Hospital,G,CHC Mohra,"Community health center,",9431493361,10,196,"100001,100002,100003,100004,100005,100006,100007,100008,100009,100010,100011,100012,100013,100014,100015,100016,100017,100018,100019,100020,100021,100022,100023",2018-09-20 20:29:18,24.8881900000001,85.3509210000001,PMJAY
HOSP10G18860,1018860,Hospital,G,PHC RATNI FARIDPUR,"PHC Ratni,Faridpur,Jehanabad,Block RATNI",9470003325,10,199,"100001,100002,100003,100004,100005,100006,100007,100008,100009,100010,100011,100012,100013,100014,100015,100016,100017,100018,100019,100020,100021,100022,100023",2018-09-22 17:23:11,25.1885120000001,84.9191730000001,PMJAY
HOSP10G19529,1019529,Hospital,G,CHC Parsauni ,"Parsauni Mailbar, Block-Parsauni, Dist.-Sitamari,",9955426526,10,221,"100001,100002,100003,100004,100005,100006,100007,100008,100009,100010,100011,100012,100013,100014,100015,100016,100017,100018,100019,100020,100021,100022,100023",2018-09-20 15:04:53,26.52,85.39,PMJAY
HOSP10G19577,1019577,Hospital,G,PHC SONBHADRA BANSHI SURYAPUR,"P.H.C.Sonbhdra Bnashi Suryapur,",8709675040,10,611,"100001,100002,100003,100004,100005,100006,100007,100008,100009,100010,100011,100012,100013,100014,100015,100016,100017,100018,100019,100020,100021,100022,100023",2018-10-08 13:27:19,25.1259890000001,84.726572,PMJAY
HOSP10G19636,1019636,Hospital,G,PHC MANIHARI,Manihari,9534879012,10,201,"100001,100002,100003,100004,100005,100006,100007,100008,100009,100010,100011,100012,100013,100014,100015,100016,100017,100018,100019,100020,100021,100022,100023",2018-09-22 15:38:44,25.340819,87.6170279,PMJAY
HOSP10G19688,1019688,Hospital,G,Primary Health Centre Marwan,"Marwan Bhoj,",9507702827,10,208,"100001,100002,100003,100004,100005,100006,100007,100008,100009,100010,100011,100012,100013,100014,100015,100016,100017,100018,100019,100020,100021,100022,100023",2018-09-20 20:06:43,26.106793,85.2628980000001,PMJAY
HOSP10G19709,1019709,Hospital,G,PHC JHANJHARPUR,KATHINIYA GUMATI RAILWAY STATION JHANJHARPUR,9470003431,10,206,"100001,100002,100003,100004,100005,100006,100007,100008,100009,100010,100011,100012,100013,100014,100015,100016,100017,100018,100019,100020,100021,100022,100023",2018-09-20 18:31:38,26.2611491,86.2830377,PMJAY
HOSP10G19717,1019717,Hospital,G,Primary Health Center Ara Sadar,Ara Block Campus,9470003151,10,193,"100001,100002,100003,100004,100005,100006,100007,100008,100009,100010,100011,100012,100013,100014,100015,100016,100017,100018,100019,100020,100021,100022,100023",2018-09-25 17:50:50,25.5538273,84.6577112,PMJAY
HOSP10G19753,1019753,Hospital,G,CHC Tarari,"Tarari Bhojpur,",9470003144,10,193,"100001,100002,100003,100004,100005,100006,100007,100008,100009,100010,100011,100012,100013,100014,100015,100016,100017,100018,100019,100020,100021,100022,100023",2018-09-25 18:00:14,25.21,84.42,PMJAY
HOSP10G19755,1019755,Hospital,G,CHC Udawantnagar,"Udwantnagar,Ara Sasaram Raod",9470003147,10,193,"100001,100002,100003,100004,100005,100006,100007,100008,100009,100010,100011,100012,100013,100014,100015,100016,100017,100018,100019,100020,100021,100022,100023",2018-09-25 18:01:43,25.50,84.63,PMJAY
HOSP10G19766,1019766,Hospital,G,phc sameli,sameli phc katihar,8252546640,10,201,"100001,100002,100003,100004,100005,100006,100007,100008,100009,100010,100011,100012,100013,100014,100015,100016,100017,100018,100019,100020,100021,100022,100023",2018-09-22 15:39:29,25.4939325,87.2680507,PMJAY
HOSP10G19806,1019806,Hospital,G,PHC ISMAILPUR,PHC ISMAILPUR,9065279895,10,192,"100001,100002,100003,100004,100005,100006,100007,100008,100009,100010,100011,100012,100013,100014,100015,100016,100017,100018,100019,100020,100021,100022,100023",2018-09-21 14:40:34,25.2972045,87.1173466,PMJAY
HOSP10G19812,1019812,Hospital,G,PHC OKARI,"Okari , Modanganj Jehanabad,",9470003334,10,199,"100001,100002,100003,100004,100005,100006,100007,100008,100009,100010,100011,100012,100013,100014,100015,100016,100017,100018,100019,100020,100021,100022,100023",2018-09-22 17:24:17,25.2376630000001,85.1442230000001,PMJAY
HOSP10G19830,1019830,Hospital,G,PHC Daudnagar,"PHC, Daudnagar",7488282732,10,189,"100001,100002,100003,100004,100005,100006,100007,100008,100009,100010,100011,100012,100013,100014,100015,100016,100017,100018,100019,100020,100021,100022,100023",2018-09-22 01:15:41,25.0821174,84.4590214,PMJAY
HOSP10G19834,1019834,Hospital,G,CHC CHERIYA BARIYARPUR,"Phc Cheriya Bariyarpur,BLOCK CAMPUS",7549758896,10,191,"100001,100002,100003,100004,100005,100006,100007,100008,100009,100010,100011,100012,100013,100014,100015,100016,100017,100018,100019,100020,100021,100022,100023",2018-09-20 20:16:52,25.5916722,86.0950048,PMJAY
HOSP10G19843,1019843,Hospital,G,PHC Sadar Prakhand,Naya Bazar,9661836811,10,194,"100001,100002,100003,100004,100005,100006,100007,100008,100009,100010,100011,100012,100013,100014,100015,100016,100017,100018,100019,100020,100021,100022,100023",2019-01-25 15:59:19,25.5550835,83.9678116,PMJAY
HOSP10G19891,1019891,Hospital,G,PHC ROH,PHC ROH,7903789214,10,210,"100001,100002,100003,100004,100005,100006,100007,100008,100009,100010,100011,100012,100013,100014,100015,100016,100017,100018,100019,100020,100021,100022,100023",2018-09-22 16:51:17,24.9226279,85.6240239,PMJAY
HOSP10G20740,1020740,Hospital,G,PHC Goh,PHC Goh,8862823565,10,189,"100001,100002,100003,100004,100005,100006,100007,100008,100009,100010,100011,100012,100013,100014,100015,100016,100017,100018,100019,100020,100021,100022,100023",2018-09-22 01:16:29,24.9802881,84.6554256,PMJAY
HOSP10G21007,1021007,Hospital,G,phc ghoswari,Ghoswari,9470003610,10,212,"100004,100005,100006,100012",2019-01-08 13:20:55,25.3550676,85.9278993,PMJAY
HOSP10G21086,1021086,Hospital,G,CHC Ekma,"block Campus ,",9470003716,10,218,"100001,100002,100003,100004,100005,100006,100007,100008,100009,100010,100011,100012,100013,100014,100015,100016,100017,100018,100019,100020,100021,100022,100023",2018-09-20 17:57:34,25.960439742243594,84.53758128071672,PMJAY
HOSP10G21134,1021134,Hospital,G,PHC Pandarak,Pandarak NH 31,9122273124,10,212,"100001,100002,100003,100004,100005,100006,100007,100008,100009,100010,100011,100012,100013,100014,100015,100016,100017,100018,100019,100020,100021,100022,100023",2019-01-08 12:24:50,25.4780483,85.8308393,PMJAY
HOSP10G21175,1021175,Hospital,G,PHC PHULPARAS,PHULPARAS,9431194022,10,206,"100001,100002,100003,100004,100005,100006,100007,100008,100009,100010,100011,100012,100013,100014,100015,100016,100017,100018,100019,100020,100021,100022,100023",2018-09-20 18:06:45,26.3589725,86.4946007,PMJAY
HOSP10G21181,1021181,Hospital,G,PHC Khusrupur,Miyan Toli Phc Khusrupur,7004029187,10,212,"100004,100005,100006,100012,100017,100021",2019-01-08 14:00:53,24.6826818,84.7762687,PMJAY
HOSP10G21191,1021191,Hospital,G,PHC DANDKHORA,PHC DANKHORA,9430229333,10,201,"100001,100002,100003,100004,100005,100006,100007,100008,100009,100010,100011,100012,100013,100014,100015,100016,100017,100018,100019,100020,100021,100022,100023",2018-09-20 20:21:02,25.5118674,87.5296943,PMJAY
HOSP10G21209,1021209,Hospital,G,PHC MOKAMA MARANCHI,"Maranchi, Mokama, Patna,",9386230922,10,212,"100004,100005,100006,100012,100014",2019-01-08 12:27:21,25.348382773363113,85.99804518295787,PMJAY
HOSP10G21229,1021229,Hospital,G,PHC SHAMHO,"SHAMHO SARLAHI,",9470003089,10,191,"100001,100002,100003,100004,100005,100006,100007,100008,100009,100010,100011,100012,100013,100014,100015,100016,100017,100018,100019,100020,100021,100022,100023",2018-12-14 12:53:21,25.297194,86.2040710000001,PMJAY
HOSP10G21271,1021271,Hospital,G,CHC MANJHI,BEHIND BLOCK CAMPUS,9470003717,10,218,"100001,100002,100003,100004,100005,100006,100007,100008,100009,100010,100011,100012,100013,100014,100015,100016,100017,100018,100019,100020,100021,100022,100023",2018-09-20 14:35:12,25.8307027,84.5809406,PMJAY
HOSP10G21288,1021288,Hospital,G,PHC Athmalgola,Daulatpur ,9534551633,10,212,"100004,100005,100006,100012",2019-01-08 12:46:19,25.4485131,85.5323152,PMJAY
HOSP10G21307,1021307,Hospital,G,PHC MANSAHI,PHC MANSAHI,8210097791,10,201,"100001,100002,100003,100004,100005,100006,100007,100008,100009,100010,100011,100012,100013,100014,100015,100016,100017,100018,100019,100020,100021,100022,100023",2018-09-20 20:39:21,25.4680927,87.5667751,PMJAY
HOSP10G21315,1021315,Hospital,G,RH Taraiya,"Taraiya,",9934047820,10,218,"100001,100002,100003,100004,100005,100006,100007,100008,100009,100010,100011,100012,100013,100014,100015,100016,100017,100018,100019,100020,100021,100022,100023",2018-09-20 20:14:06,26.07,84.90,PMJAY
HOSP10G21351,1021351,Hospital,G,Balrampur phc,TELTA ,9546564325,10,201,"100001,100002,100003,100004,100005,100006,100007,100008,100009,100010,100011,100012,100013,100014,100015,100016,100017,100018,100019,100020,100021,100022,100023",2018-09-22 15:42:05,25.7882416,87.8457667,PMJAY
HOSP10G21417,1021417,Hospital,G,KURSELA,KURSELA,9470003380,10,201,"100001,100002,100003,100004,100005,100006,100007,100008,100009,100010,100011,100012,100013,100014,100015,100016,100017,100018,100019,100020,100021,100022,100023",2018-09-22 15:42:56,25.441551,87.2525438,PMJAY
HOSP10G21423,1021423,Hospital,G,chc choraut,"choraut,",9973337467,10,221,"100001,100002,100003,100004,100005,100006,100007,100008,100009,100010,100011,100012,100013,100014,100015,100016,100017,100018,100019,100020,100021,100022,100023",2018-09-22 20:21:13,26.535081,85.795238,PMJAY
HOSP10G21425,1021425,Hospital,G,PHC HASANGANJ,HASANGANJ,9470003383,10,201,"100001,100002,100003,100004,100005,100006,100007,100008,100009,100010,100011,100012,100013,100014,100015,100016,100017,100018,100019,100020,100021,100022,100023",2018-09-20 20:38:44,25.6413943,87.5773916,PMJAY
HOSP10G21455,1021455,Hospital,G,CHC SUPPI,"COMMUNITY HEALTH CENTRE, SASOLA, SUPPI,",6200480701,10,221,"100001,100002,100003,100004,100005,100006,100007,100008,100009,100010,100011,100012,100013,100014,100015,100016,100017,100018,100019,100020,100021,100022,100023",2018-10-09 17:53:12,26.67873,85.35324,PMJAY
HOSP10G21464,1021464,Hospital,G,Chc Riga,"chc riga sitamarhi,",9939496255,10,221,"100001,100002,100003,100004,100005,100006,100007,100008,100009,100010,100011,100012,100013,100014,100015,100016,100017,100018,100019,100020,100021,100022,100023",2018-09-25 14:10:17,26.6499077,85.4298197,PMJAY
HOSP10G21466,1021466,Hospital,G,SUB DIVISIONAL HOSPITAL BELSAND,"BELSAND ,",9470003759,10,221,"100001,100002,100003,100004,100005,100006,100007,100008,100009,100010,100011,100012,100013,100014,100015,100016,100017,100018,100019,100020,100021,100022,100023",2018-09-25 20:07:50,26.44165,85.4008490000001,PMJAY
HOSP10G21473,1021473,Hospital,G,PHC Danapur,"PHC Danapur, Khagaul, Patna,",9955658350,10,212,"100001,100002,100003,100004,100005,100006,100007,100008,100009,100010,100011,100012,100013,100014,100015,100016,100017,100018,100019,100020,100021,100022,100023",2018-09-21 16:03:03,25.581357,85.0379350000001,PMJAY
HOSP10G21535,1021535,Hospital,G,PHC DANIYAWAN,DANIYAWAN ,9386230922,10,212,"100004,100005,100012,100014",2019-01-08 12:41:19,25.4351729,85.2916454,PMJAY
HOSP10G21952,1021952,Hospital,G,PHC MANER,"BASTI ROAD, MANER",9470003592,10,212,"100001,100002,100003,100004,100005,100006,100007,100008,100009,100010,100011,100012,100013,100014,100015,100016,100017,100018,100019,100020,100021,100022,100023",2019-01-07 17:42:37,25.6472298,84.8800205,PMJAY
HOSP10G22126,1022126,Hospital,G,PRIMARY HEALTH CENTRE BARH ,RANABIHGA BARH,8579833320,10,212,"100004,100005",2019-01-08 17:10:00,25.4566936,85.7314086,PMJAY
HOSP10G22134,1022134,Hospital,G,PHC PATNA SADAR,"PHC PATNA SADAR, SABALPUR, PATNA- 800009",8578087800,10,212,"100004,100005,100006,100012",2019-01-18 18:15:08,25.5572849,85.2720514,PMJAY
HOSP10G22138,1022138,Hospital,G,PHC BIKRAM,ASPURA LAKH PAR BIKRAM,8271471949,10,212,"100004,100005,100006,100012",2019-01-08 13:58:19,25.44293,84.867026,PMJAY
HOSP10G22146,1022146,Hospital,G,PHC SAMPATCHAK,PHC SAMPATCHAK ,9693943358,10,212,"100001,100002,100003,100004,100005,100006,100007,100008,100009,100010,100011,100012,100013,100014,100015,100016,100017,100018,100019,100020,100021,100022,100023",2019-01-08 13:51:39,25.53984,85.176905,PMJAY
HOSP10G22177,1022177,Hospital,G,PHC Masaurhi,"Masaurhi,Patna,",9470003604,10,212,"100004,100005,100012,100013,100017,100020",2019-01-09 12:29:17,25.355720183057656,85.01812965791532,PMJAY
HOSP10G23100,1023100,Hospital,G,CHC DIGHWARA,"DIGHWARA SARAN,Block campus CHC Digwara",7991171181,10,218,"100004,100005,100006,100012",2019-01-25 16:01:08,25.743393,85.002539,PMJAY
HOSP10P23186,1023186,Hospital,P,AHMAD LIFE CARE HOSPITAL,BABA DHAM BANKEY BAZAR ,9110168301,10,196,,,24.52669,84.66669,PMJAY
HOSP10P23303,1023303,Hospital,P,SRI SHOBHA NURSING HOME,SRI SHOBHA NURSING HOME,9430025289,10,196,,,24.78356,85.00548,PMJAY
HOSP10P23849,1023849,Hospital,P,AMLA HEALTH CENTRE,SIPAHI TOLA PURNEA,7492003951,10,214,"100005,100006,100012",2024-04-15 11:37:24,25.76806,87.45502,PMJAY
HOSP10P24730,1024730,Hospital,P,R.S.Hospital&research centre,Behind Ganesh Petrol Pump Dumara Road Rajopatti  Sitamarhi,9470632070,10,221,,,25.85696,85.78484,PMJAY
HOSP10P26104,1026104,Hospital,P,B.D. HOSPITAL,"DAHIYARI TOLA, JODA MASJID MANPUR GAYA",9939405662,10,196,,,24.80077,85.00921,PMJAY
HOSP10P27703,1027703,Hospital,P,adwita hospital,DAK BANGLOW ROAD BEGUSARAI,9334033457,10,191,,,25.41286,86.14184,PMJAY
HOSP10G28013,1028013,Hospital,G,CHC SONBARSA,"GOVERNMENT HOSPITAL SONBARSA ,",9470003764,10,221,"100001,100002,100003,100004,100005,100006,100007,100008,100009,100010,100011,100012,100013,100014,100015,100016,100017,100018,100019,100020,100021,100022,100023",2018-09-26 10:45:27,26.6821590000001,85.565543,PMJAY
HOSP10G28019,1028019,Hospital,G,PHC THAKRAHA,Thakrahan,9470003219,10,211,"100001,100002,100003,100004,100005,100006,100007,100008,100009,100010,100011,100012,100013,100014,100015,100016,100017,100018,100019,100020,100021,100022,100023",2018-09-26 10:41:44,26.908153,84.1680508,PMJAY
HOSP10P28650,1028650,Hospital,P,BACCHA HOSPITAL,MIR ABU SALEH ROAD GAYA,9430527098,10,196,,,24.80282,85.00996,PMJAY
HOSP10P29067,1029067,Hospital,P,JEEVAKA MULTISPECIALITY HOSPITAL PRIVATE LIMETED,JAIL ROAD RAMPUR GAYA COLLEGE MORE GAYA ,9939579260,10,196,,,,,PMJAY
HOSP10P33759,1033759,Hospital,P,ANAND HOSPITAL,Barihat,9006511111,10,214,,,25.7749817,87.4818948,PMJAY
HOSP10P33851,1033851,Hospital,P,ADVANCED ORTHOPAEDIC AND SPINE CENTER,NH31 LINE BAZAR PURNEA ,9931913551,10,214,,,25.6120563,87.4392866,PMJAY
HOSP10P35451,1035451,Hospital,P,Godawari  Jiwachh memorial hospital Research Centre,"Sahganj Benta, Po DMC campus Darbhanga ",8789131353,10,195,,,26.1337743,85.9015883,PMJAY
HOSP10P37904,1037904,Hospital,P,Pulse Women Hospital,M G ROAD NEW AREA AURANGABAD,9431256321,10,189,,,24.74943,84.36436,PMJAY
HOSP10P42700,1042700,Hospital,P,RAGHUWANSHAM HOSPITAL,MAHABIR TOLA ,9431052344,10,193,,,25.55999,84.66868,PMJAY
HOSP10P44334,1044334,Hospital,P,KUMAR ORTHO AND GYANE CENTER,"DHAMAR KOTHI, SAHID BHAWAN MORE, ARRAH",8521163757,10,193,,,25.5602,84.666111,PMJAY
HOSP10P46996,1046996,Hospital,P,Orthocare,"Ortho Care , New Coloney , Pakri , Ara-802301 (Bhojpur)",9431451923,10,193,,,25.61988,85.22065,PMJAY
HOSP10P47551,1047551,Hospital,P,SURYA NURSING HOME ,ISLAMPUR ROAD EKANGARSARAI NALANDA ,9934891766,10,209,,,25.2622,85.4788,PMJAY
HOSP10P48018,1048018,Hospital,P,Aadil Hospital,Naya Bazar Hospital Road Siwan,9430945259,10,222,,,26.2265771,84.3635782,PMJAY
HOSP10G50546,1050546,Hospital,G,Gardanibagh Hospital,"Gardanibagh Hospital,Gardanibagh Hospital gardanibagh 800001",8409959668,10,212,"100004,100005,100006,100012",2019-06-26 10:51:32,25.59541347070875,85.11670414958587,PMJAY
HOSP10G57309,1057309,Hospital,G,CHC Marauna,"Near Thana Campus,PHC Marauna",9801299243,10,223,100012,2019-01-08 16:14:34,26.173726,86.430075,PMJAY
HOSP10P60315,1060315,Hospital,P,RADICURE HOSPITAL & RESEARCH CENTRE,"BOWLI  MORE, PASCHIM DARWAZA, PATNA BIHAR 800008",7763984536,10,212,,,37.423021,122.083739,PMJAY
HOSP10P61150,1061150,Hospital,P,SHREE ATTAM BALLABH JAN KALYAN TRUST,SHREE ATTAM BALLABH JAN KALYAN TRUST,9934711490,10,198,,,24.91375,86.01569,PMJAY
HOSP10P61661,1061661,Hospital,P,JANTA NURSHING HOME,SHERSAH RAUJA ROAD,9576708017,10,215,,,,,PMJAY
HOSP10P62608,1062608,Hospital,P,ASLAM MANO HOSPITAL,ABGILA  NEAR MANPUR BLOCK GAYA,6203211966,10,196,,,,,PMJAY
HOSP10P63333,1063333,Hospital,P,MRM HEALTH POINT,M G ROAD AURANGABAD BIHAR,8210290789,10,189,,,24.75033,84.36822,PMJAY
HOSP10P63652,1063652,Hospital,P,VAATJATAM HOSPITAL,KHIZARSARAI ,8340455197,10,196,,,24.80107,85.00947,PMJAY
HOSP10G63792,1063792,Hospital,G,PHC PURIKH,PURIKH WARD NO-01,8877191852,10,216,,,25.9696391,86.5555742,PMJAY
HOSP10P64173,1064173,Hospital,P,SRI RAM HOSPITAL,A N ROAD NEAR DUKHARNI MANDIR,8002267176,10,196,,,24.80014,85.01075,PMJAY
HOSP10P68507,1068507,Hospital,P,ASHUTOSH AROGYA SADAN,DOBHI,9006004466,10,196,,,24.51234,84.8998,PMJAY
HOSP10P68886,1068886,Hospital,P,Om ENT Hospital,Satayam Complex Near Navyug Vidyalaya Radha Rani Sinha Road,9430676891,10,192,100016,2022-08-25 16:28:07,25.251183,86.983273,PMJAY
HOSP10P79370,1079370,Hospital,P,Ugratara Netra Chikitsalaya,Refugee Colony Saharsa,9431415608,10,216,,,25.87299,86.58097,PMJAY
HOSP10P80222,1080222,Hospital,P,MAA GAYATRY MEMORIAL HOSPITAL PVT LTD,CHERKI ROAD CHAURAHAR MORE NEAR AIRPORT GAYA,7903869137,10,196,,,24.75447,84.94247,PMJAY
HOSP10P86159,1086159,Hospital,P,I T MEMORIAL HOSPITAL ,"BHIKHANPUR, NEAR SKMCH MEDICAL COLLEGE, NH-57",9102406023,10,208,,,26.17226,85.39197,PMJAY
HOSP10P89674,1089674,Hospital,P,SAROJANI HEALTH AND RESEARCH HOSPITAL ,"talia pokhar/ratanpur begusarai/near g.d .college,",9835810224,10,191,"100005,100012,100017,100026",2019-07-30 13:51:52,25.41404699999991,86.12745800000062,PMJAY
HOSP10G90824,1090824,Hospital,G,sub divisional railway hospital garhara bihar,sub divisional railway hospital  garhara bihar,9771429506,10,191,"100001,100002,100003,100004,100005,100006,100007,100008,100009,100010,100011,100012,100013,100014,100015,100016,100017,100018,100019,100020,100021,100022,100023,100026",2019-06-14 02:13:58,25.4467832074243,85.9993719545486,PMJAY
HOSP10G90885,1090885,Hospital,G,Eastern Railway Main Hospital jamalpur,east colony jamalpur,9771447513,10,207,"100001,100002,100003,100004,100005,100006,100007,100008,100009,100010,100011,100012,100013,100014,100015,100016,100017,100018,100019,100020,100021,100022,100023,100026",2019-05-10 11:40:36,25.3057035,86.4987071,PMJAY
HOSP10P90896,1090896,Hospital,P,AMRIT JEEVAN HOSPITAL ,"Near Railway Station, Begusarai, Bihar",9709660763,10,191,,,25.4242941,86.1324353,PMJAY
HOSP10P92045,1092045,Hospital,P,Navjat shishu kalyan kendra and city critical hospital private limited.,Kaura Maidan (Kushwaha Market),9006480702,10,207,,,25.36713,86.47506,PMJAY
HOSP10G92583,1092583,Hospital,G,PHC KUSHESHWAR ASTHAN SHATIGHAT,PHC Kusheshwar Asthan Satighat,9470003232,10,195,"100004,100005,100012",2019-04-29 13:51:27,25.8187362,86.3059787,PMJAY
HOSP10G98351,1098351,Hospital,G,PHC BENIPUR,"PHC BENIPUR,BAHERA ROAD",9470003224,10,195,"100004,100005,100006,100012",2019-04-29 14:13:27,26.0586921,86.1315142,PMJAY
HOSP1P102627,1102627,Hospital,P,JK MEDICITY HOSPITAL,"narwal bye pass road jammu,",9419190565,1,5,"100006,100013,100022,100023",2022-08-30 15:57:41,32.6992320000001,74.9001050000001,PMJAY
HOSP11P19814,1119814,Hospital,P,DRISHYAM EYE CARE & SURGICAL CENTRE,"NH-10, BELOW HIGH COURT,NEAR STNM HOSPITAL",9647184066,11,225,,,27.3084,88.6724,PMJAY
HOSP1P124017,1124017,Hospital,P,BEE ENN GENERAL HOSPITAL,"TALAB TILLO ROAD,JAMMU",9070325712,1,5,"100005,100006,100008,100010,100011,100012,100013,100015,100017,100023,100026,100027",2021-07-15 21:28:07,32.730946,74.8389845,PMJAY
HOSP1P136284,1136284,Hospital,P,STAR HOSPITALS,sanat nagar bypass srinagar kashmir,8491866673,1,13,,,34.028886,74.800221,PMJAY
HOSP1P150891,1150891,Hospital,P,SHANKUS HOSPITALS PRIVATE LIMITED JAMMU UNIT,"lajwanti hospital ,,Kunjwani By Pass,Channi Himmat, Jammu",9099049876,1,5,"100008,100022",2023-04-17 16:52:13,32.68313613507901,74.8938546973859,PMJAY
HOSP1P162302,1162302,Hospital,P,SRINAGAR MEDICITY HEART INSTITUTE PVT LTD,"SHEIKH UL ALAM COLONY NOWGAM BYPASS CHOWK,NOWGAM BYPASS CHOWK",9990390305,1,2,100002,2023-09-19 12:17:13,34.0265000000001,74.8267690000001,PMJAY
HOSP1P192171,1192171,Hospital,P,city hospital,"city hospital bathandi jammu,",9419174077,1,5,100006,2024-02-12 15:46:16,32.713849,74.913662,PMJAY
HOSP13G06370,1306370,Hospital,G,CHC Chiephobozou,"CHC, Chiephobozou",7085744596,13,245,"100001,100002,100003,100004,100005,100006,100007,100008,100009,100010,100011,100012,100013,100014,100015,100016,100017,100018,100019,100020,100021,100022,100023,100026,100028,10083",,25.79782,94.130478,PMJAY
HOSP13G06414,1306414,Hospital,G,Botsa PHC,Botsa Town,9821152889,13,245,"100001,100002,100003,100004,100005,100006,100007,100008,100009,100010,100011,100012,100013,100014,100015,100016,100017,100018,100019,100020,100021,100022,100023,100026,100028,10083",2018-09-07 13:49:33,25.850968,94.155891,PMJAY
HOSP13G06419,1306419,Hospital,G,Sechu PHC,Sechu- Zubza,8258958072,13,245,"100001,100002,100003,100004,100005,100006,100007,100008,100009,100010,100011,100012,100013,100014,100015,100016,100017,100018,100019,100020,100021,100022,100023,100026,100028,10083",,25.712991,94.0411707,PMJAY
HOSP13G07640,1307640,Hospital,G,CHC Mangkolemba,Mangkolemba Town,8974223191,13,246,"100004,100005,100014,100026,100028,10083",,26.49580732,94.4323423838072,PMJAY
HOSP13G07701,1307701,Hospital,G,CHC Tuli,Tuli CHC,9402681603,13,246,"100004,100005,100014,100026,100028,10083",,26.843333,94.818056,PMJAY
HOSP13G07752,1307752,Hospital,G,Atoizu PHC,Hospital colony,8794667019,13,251,"100004,100005,100028,10083",,26.141369347,94.590102732233,PMJAY
HOSP13G07821,1307821,Hospital,G,PHC Longkhum,"PHC Longkhum, Longkhum Village, Ongpangkong Block, Mokokchung - 798601",8974805060,13,246,,,26.26569374,94.4158740261299,PMJAY
HOSP13G07856,1307856,Hospital,G,PHC Chuchuyimlang,"PHC Chuchuyimlang, Chuchuyimlang Town, Changtongya Block, Mokokchung - 798614",9436607252,13,246,"100001,100002,100003,100004,100005,100006,100007,100008,100009,100010,100011,100012,100013,100014,100015,100016,100017,100018,100019,100020,100021,100022,100023,100026,100028,10083",,26.465008,94.643931,PMJAY
HOSP13G07877,1307877,Hospital,G,PHC Longjang,"PHC Longjang, Longjang Village, Kubolong Block, Mokokchung - 798601",9612316317,13,246,,,26.4579601536,94.5485906657293,PMJAY
HOSP13G07944,1307944,Hospital,G,Satakha PHC,Satakha PHC,9862885140,13,251,"100004,100005,100028,10083",,25.92584246,94.454251154958,PMJAY
HOSP13G08073,1308073,Hospital,G,PHC Chare,"PHC Chare , Chare Hq Tuensang Nagaland",8730088891,13,249,"100001,100002,100003,100004,100005,100006,100007,100008,100009,100010,100011,100012,100013,100014,100015,100016,100017,100018,100019,100020,100021,100022,100023,100026,100028,10083",,26.294254,94.614377,PMJAY
HOSP13G08082,1308082,Hospital,G,PHC Chessore,PHC CHESSORE Veterinary colony chessore Town.,9612976673,13,249,"100001,100002,100003,100004,100005,100006,100007,100008,100009,100010,100011,100012,100013,100014,100015,100016,100017,100018,100019,100020,100021,100022,100023,100026,100028,10083",,26.081018,94.728058,PMJAY
HOSP13G08085,1308085,Hospital,G,PHC Thonoknyu,PHC THONOKNYU,8414605366,13,249,"100001,100002,100003,100004,100005,100006,100007,100008,100009,100010,100011,100012,100013,100014,100015,100016,100017,100018,100019,100020,100021,100022,100023,100026,100028,10083",,25.99151,94.918876,PMJAY
HOSP13G08105,1308105,Hospital,G,Tsurangkong PHC,"Tsurangkong PHC, Chungtiayimsen Village, Tsurangkong Block, Mokokchung - 798601",7005971315,13,246,"100001,100002,100003,100004,100005,100006,100007,100008,100009,100010,100011,100012,100013,100014,100015,100016,100017,100018,100019,100020,100021,100022,100023,100026,100028,10083",,26.541523,94.37169,PMJAY
HOSP13G08120,1308120,Hospital,G, PHC Shrinagesh,PHC Srinagesh Tuensang village,8974306682,13,249,"100001,100002,100003,100004,100005,100006,100007,100008,100009,100010,100011,100012,100013,100014,100015,100016,100017,100018,100019,100020,100021,100022,100023,100026,100028,10083",,26.267592,94.818509,PMJAY
HOSP13G08166,1308166,Hospital,G,Aghunato CHC,PHC Aghunato Colony,8787405735,13,251,"100001,100002,100003,100004,100005,100006,100007,100008,100009,100010,100011,100012,100013,100014,100015,100016,100017,100018,100019,100020,100021,100022,100023,100026,100028,10083",,26.000308,94.625145,PMJAY
HOSP13G08391,1308391,Hospital,G,SURUHUTO PHC,Suruhuto Zunheboto district,8837043095,13,251,"100001,100002,100003,100004,100005,100006,100007,100008,100009,100010,100011,100012,100013,100014,100015,100016,100017,100018,100019,100020,100021,100022,100023,100026,100028,10083",,26.13239,94.583429,PMJAY
HOSP13G08997,1308997,Hospital,G,Akuluto PHC,PHC Colony Akuluto,7005508591,13,251,"100001,100002,100003,100004,100005,100006,100007,100008,100009,100010,100011,100012,100013,100014,100015,100016,100017,100018,100019,100020,100021,100022,100023,100026,100028,10083",,26.171866,94.494638,PMJAY
HOSP13G09201,1309201,Hospital,G,PHC VK,PHC VK,7005659187,13,251,"100001,100002,100003,100004,100005,100006,100007,100008,100009,100010,100011,100012,100013,100014,100015,100016,100017,100018,100019,100020,100021,100022,100023,100026,100028,10083",,26.20908214,94.4219682494582,PMJAY
HOSP18P58104,1858104,Hospital,P,AVANEESH HOSPITAL RESEARCH CENTRE,"NAKARI, WARD NO-2, NORTH LAKHIMPUR,",9957821484,18,295,"100005,100006,100012,100017,100026,100028",2020-05-02 10:47:07,27.253852281856894,94.1015056666015,PMJAY
HOSP18G60650,1860650,Hospital,G,DIPHU MEDICAL COLLEGE AND HOSPITAL,"Diphu, Karbi Anglong",9435167091,18,292,,,25.846525,93.4298746,PMJAY
HOSP18P66457,1866457,Hospital,P,Aditya Diagnostic & Hospital,A.T Road Amalapatty Sivsagar,9864045993,18,300,,,26.9766824,94.630995,PMJAY
HOSP18P66458,1866458,Hospital,P,K.P. Memorial Hospital,"NH-15,Near ASTC Bus Stop, Biswanath Chariali, Sonitpur",9435158959,18,301,,,26.7398688,93.1385517,PMJAY
HOSP18P66464,1866464,Hospital,P,Dr. B.A. Saikia Memorial Nursing Home,"Adabari, Guwahati",9864506179,18,618,,,26.1685615,91.6778868,PMJAY
HOSP18P66466,1866466,Hospital,P,Bcb care hospitals,"Natun nagar,ward no4, dhemaji,DHEMAJI",8638430083,18,284,"100006,100012,100015,100017,100026,100028",2018-11-26 12:58:34,27.47,94.56,PMJAY
HOSP18P67480,1867480,Hospital,P,Pragati Hospital And Research Center,"Denganikatia, H.M By pass",9434587715,18,300,,,26.9856312,94.6398693,PMJAY
HOSP18P67483,1867483,Hospital,P,North East Cancer Hospital And Research Institute,"11th Mile, Jorabat, Guwahati-23",9101265621,18,618,"100008,100021,100022,100026,100028",2018-11-30 15:10:56,26.1006948,91.8699278,PMJAY
HOSP18P67485,1867485,Hospital,P,Vision Hospital,"A.T Road, Opp. Chodhury Cinema, Guwahati,",8638531099,18,618,"100013,100026,100028",2018-11-30 15:12:02,26.1758590000001,91.7398670000001,PMJAY
HOSP18P67486,1867486,Hospital,P,Aksi Advance Eye Centre,"G.S.Road,Opp-International Hospital ,Assam",9864045993,18,618,,,26.1539748,91.7811692,PMJAY
HOSP18P67487,1867487,Hospital,P,Disha Eye Clinic,Hatigaon Main road,9864062947,18,618,,,26.1309887,91.786219,PMJAY
HOSP18P67488,1867488,Hospital,P,ERC Eyecare Hospital ,"Lohit Tower, Knak Nagar, AT Road, Sivsagar,",9854073253,18,300,"100013,100026,100028",2018-11-30 15:12:02,26.9932620000001,94.642839,PMJAY
HOSP18P67489,1867489,Hospital,P,Guwahati Eye Clinic & R/ Centre,"G.S Road, Ulubari",9957998191,18,618,,,26.1710001,91.7618861,PMJAY
HOSP18P67490,1867490,Hospital,P,Sight First Eye Clinic,"Rajgarh Road, Bhangagara",7576810370,18,618,,,26.167181,91.7691878,PMJAY
HOSP18P67491,1867491,Hospital,P,Asg Eye Care,"Near Pantaloon Downtown,G.S Road",9352423309,18,618,"100013,100026,100028",2018-11-30 15:12:02,26.138266,91.79998,PMJAY
HOSP18P67492,1867492,Hospital,P,OPHTHALMOLOGY,"K.K HANDIQUE PATH,ASSAM,OPP BORDOLOI GAS AGENCY",7002520004,18,290,"100013,100026,100028",2018-11-30 15:12:02,26.762146,94.208152,PMJAY
HOSP18P67493,1867493,Hospital,P,ERC Eyecare Hub Hospital ,"Mission Chariai ,Tezpur,",9854073253,18,301,"100013,100026,100028",2018-11-30 15:12:02,26.65484,92.77376,PMJAY
HOSP18P67494,1867494,Hospital,P,ERC Eyecare Hospital ,"Dimoruguri check gate,Kecha Ali Road, Nagaon,Dimoruguri check gate",9854073253,18,297,"100013,100026,100028",2018-11-30 15:12:02,26.350575,92.709005,PMJAY
HOSP18P67495,1867495,Hospital,P,GUWAHATI EYE CENTRE,"RAJGARH ROAD ,",7896946147,18,618,"100013,100026,100028",2018-11-30 15:12:02,26.17328,91.7717740000001,PMJAY
HOSP18P67496,1867496,Hospital,P,Gauhati Lions Eye Hospital,"Satribari ,K.C Road.,",7086012104,18,618,"100005,100006,100012,100013,100017,100026,100028",2018-11-30 15:12:02,26.175068,91.7438093,PMJAY
HOSP18P67497,1867497,Hospital,P,Eye Doctor Hospital,G.S Road near ABC bus Stop,8474055265,18,618,,,26.1619863,91.7722106,PMJAY
HOSP18P67498,1867498,Hospital,P,JORHAT LIONS EYE HOSPITAL ,"JORHAT LIONS EYE HOSPITAL ,M.G.ROAD ",9707702562,18,290,"100013,100026,100028",2018-11-30 15:12:02,26.750608624098902,94.20967676455791,PMJAY
HOSP18P67499,1867499,Hospital,P,Nalbari eye hospital,"Nalbari,main town,Nalbari Eye Hospital, College Road",8255079524,18,298,"100013,100026,100028",2018-11-30 15:12:02,26.438264625596247,91.44293922566362,PMJAY
HOSP18P67500,1867500,Hospital,P,OPTHALMOLOGY,"29,",9435543910,18,618,"100013,100026,100028",2018-11-30 15:12:02,26.144148,91.684335,PMJAY
HOSP18P67501,1867501,Hospital,P,Lakhimpur Eye Care Centre,"near Lotus Biscuit Factory,NH-15 Road,Ward No-14,Town bantow",9101784319,18,295,"100013,100026,100028",2018-11-30 15:12:02,27.270922,94.1282800000001,PMJAY
HOSP18P68065,1868065,Hospital,P,Bids-Dr K.N Barua Institute Of Dermatological Sciences,"Roodraksh Building,Big Bazar,Bhangagarh",9435104199,18,291,,,26.1662244,91.7679978,PMJAY
HOSP18P68066,1868066,Hospital,P,Makunda Christian Leprosy and General Hospital,"Makunda Christian leprosy and general Hospital,Bazaricherra,",8011782052,18,293,"100005,100006,100010,100012,100015,100017,100026,100028",2024-01-18 11:03:23,24.431970166328256,92.33068020815676,PMJAY
HOSP18P68068,1868068,Hospital,P,Srimanta Sankardev Hospital & Research Institute.,"Mancotta Road,near Chowkidinghae Bus stop",9365881431,18,286,,,27.4763396,94.9092598,PMJAY
HOSP18P68070,1868070,Hospital,P,Barua Surgical Centre( A Unit Of Brc Health Care),"Rhino Auditorium, Borbheta",9955772191,18,290,,,26.7328223,94.1958376,PMJAY
HOSP18P68071,1868071,Hospital,P,GIRINDRA PHUKAN,"BISWANATH CHARIALI,BISWANATH CHARIALI",8011167890,18,705,"100006,100012,100014,100015,100017,100026,100028",2024-02-06 14:29:34,26.742888000000093,93.15611000000013,PMJAY
HOSP18P68073,1868073,Hospital,P,M R Agarwal Memorial Diagnostics& Hospital,Digboi,9435137660,18,302,,,27.3951473,95.6300233,PMJAY
HOSP18P68075,1868075,Hospital,P,Mangaldoi Policlinic,Mangaldoi,9957612465,18,283,,,26.44632,92.0322172,PMJAY
HOSP18P68077,1868077,Hospital,P,Nightingale Hospital,"GMC Hostel Road, Kachari Basti Rd, Ganeshguri, Guwahati, Assam 781005,",9401808577,18,618,"100005,100008,100016,100026,100028",2018-12-04 12:10:27,26.15552225768704,91.77718409521526,PMJAY
HOSP18P69914,1869914,Hospital,P,MID TOWN HOSPITAL AND RESEARCH INSTITUTE ,"WARD NO-1,NAKARI",7002669317,18,295,"100005,100006,100012,100015,100017,100026,100028",2018-12-11 15:18:48,27.247655993210543,94.10454455708827,PMJAY
HOSP18P69915,1869915,Hospital,P,Swastik Nursing Home,"Nau-Pukhuri,Jyotinagar",7002792265,18,302,,,27.4839845,95.3621791,PMJAY
HOSP18P69917,1869917,Hospital,P,BPRC,"JYOTINAGAR , BOKO,",9707694940,18,291,"100005,100006,100012,100017,100026,100028",2018-12-11 15:18:48,25.978538308891487,91.22470195265032,PMJAY
HOSP18P69918,1869918,Hospital,P,Pratiksha Hospital,"VIP Road Six Mile, Borbari, Guwahati, Assam",8217401896,18,618,,,26.1326715,91.8084982,PMJAY
HOSP18P69919,1869919,Hospital,P,SWAGAT HOSPITAL AND RESEARCH CENTRE,"Dr C.M. das path, bongaigaon,",9365765325,18,281,"100002,100005,100006,100012,100014,100016,100026,100028",2018-12-11 15:18:48,26.4717143423593,90.5642947695518,PMJAY
HOSP18P69924,1869924,Hospital,P,"Seva Nivas Hospital, Dhekiajuli, Sonitpur",Dhekiajuli,8011389956,18,302,,,26.6985314,92.4851463,PMJAY
HOSP18P69925,1869925,Hospital,P,Advance Neuro Science Hospital,"Kahilipara Road,Lalganesh, Odalbakra, guwahati",7002311760,18,618,,,26.1408234,91.7452078,PMJAY
HOSP18P69926,1869926,Hospital,P,Barthakur Clinic Pvt Ltd,"Kharguli,Guwahati",7002442835,18,618,,,26.2041209,91.8293953,PMJAY
HOSP18P69927,1869927,Hospital,P,Solace Hospital,"BOC, Goalpara, Assam, Agia Road,Agia Road, Goalpara",9127010768,18,287,"100005,100006,100012,100014,100015,100016,100017,100026,100028",2024-05-02 13:55:28,26.16,90.63,PMJAY
HOSP18P69929,1869929,Hospital,P,Dr Damani Nursing Home,"L.G.B Avenue near circuit house,Gangapara",9101504269,18,286,,,27.489572,94.923629,PMJAY
HOSP18P69931,1869931,Hospital,P,H. M. Hospital & Research Pvt Ltd,Hatigaon,9435149056,18,618,,,26.1279538,91.7806619,PMJAY
HOSP18P69938,1869938,Hospital,P,MSN Cataract and IOL Hospital,"Tilak Deka Road , Natun Bazar,",9435063195,18,297,"100013,100026,100028",2018-12-11 15:18:48,26.3475963502554,92.68751238779555,PMJAY
HOSP18P69939,1869939,Hospital,P,Satribari Christian Hospital,"Satribari ,K.C Road.",9864088219,18,618,,,26.175068,91.7438093,PMJAY
HOSP18P69942,1869942,Hospital,P,Jeevan Jyoti Nursing Home,"Parbatia,Tinsukia",9435035479,18,302,,,27.4947049,95.3690926,PMJAY
HOSP18P69945,1869945,Hospital,P,Dergaon Nursing Home & Diagnostic Research Centre,Lothagaon,7002743710,18,288,,,26.7518385,94.0184661,PMJAY
HOSP18P69947,1869947,Hospital,P,Moran Medical Centre,"Kushal Nagar, Moranhat",9435132075,18,286,,,27.1897238,94.9175686,PMJAY
HOSP18P69951,1869951,Hospital,P,Shifa Hospital And Researce Centre,"Lala Road , Bus Stand",9435466284,18,289,,,24.6329316,92.5497259,PMJAY
HOSP18P69952,1869952,Hospital,P,Susrasa Life Care Policlinic,"Mayang ,jagiroad",9435967671,18,296,,,26.258852,92.0407904,PMJAY
HOSP18P69954,1869954,Hospital,P,Nobal Hospital & Researce Centre,"Silchar road, Algapur",9706431140,18,289,,,24.7556174,92.593435,PMJAY
HOSP18P69955,1869955,Hospital,P,Pathsala Maternity Cum Policlinic And Research Centre,"Howly road,Pathsala",7896625220,18,280,,,26.5053441,91.164964,PMJAY
HOSP18P69956,1869956,Hospital,P,Pinewood Hospital,"Subochoni Road, Near Railway Juction, Dibrugarh, Assam 786125",8474899336,18,302,,,27.486149,95.3560931,PMJAY
HOSP18P69957,1869957,Hospital,P,Pragjyotish Netralay,"ADABARI TINIALI, AT ROAD GUWAHATI,",8721845128,18,618,"100013,100026,100028",2018-12-11 15:18:48,26.158139594823467,91.68129028097678,PMJAY
HOSP18P69960,1869960,Hospital,P,Sanjivani Hospital And Research .Centre,pabhoi Road,9954829607,18,705,,,26.741701,93.147354,PMJAY
HOSP18P69965,1869965,Hospital,P,Debsons Nursing Home,"Mahatma Gandi Road, Mangaldoi",9706753352,18,283,,,26.44632,92.0322172,PMJAY
HOSP18P69966,1869966,Hospital,P,Mawsumi Hospital and Research Centre,"Bijoyshree Complex, Itkhola Road, Cachar",9435072209,18,282,,,24.8346964,92.80151,PMJAY
HOSP18P69967,1869967,Hospital,P,Doomdooma Policlinic and hospital,"KP Road, Tinsukia",9707163582,18,302,,,27.8737641,95.7932008,PMJAY
HOSP18P69968,1869968,Hospital,P,NORTH EAST NURSING HOME,"WARD NO-2, NAKARI,CIVIL HOSPITAL ROAD",6001248945,18,295,"100005,100006,100010,100012,100014,100017,100026,100028",2018-12-11 15:18:48,27.248105572541263,94.10502151136097,PMJAY
HOSP18P88587,1888587,Hospital,P,Dr Das Hospital and Diagnostic Centre,"Dr. Das Hospital and Diagnostic Centre, Ward No. 3, Nakari, PO Lakhimpur,",9854417368,18,295,"100005,100006,100012,100015,100026,100028",2019-02-14 13:11:45,27.24438568879178,94.10599099999627,PMJAY
HOSP18P88589,1888589,Hospital,P,Saumerpith Nursing Pvt Ltd,"Chaboti, Near Civil Hospital North Lakhimpur,",9435520722,18,295,"100005,100006,100012,100014,100015,100016,100017,100026,100028",2019-02-14 13:11:45,27.26,94.10,PMJAY
HOSP18P88590,1888590,Hospital,P,Kumar Nursing Home,"KRC Road, Kumar Para, Kamrup Metro",9854703926,18,618,,,26.1710372,91.7338058,PMJAY
HOSP18P88591,1888591,Hospital,P,THE EYE CARE CENTER,"HOUSE NO 2, HEADYATPUR ROAD, GUWAHATI CLUB, GUWAHATI, ASSAM,",7636877795,18,618,"100013,100026,100028",2019-02-14 13:11:45,26.184663888032745,91.75819110808538,PMJAY
HOSP18P88592,1888592,Hospital,P,Urovision Diagnostics & Research Centre,"Jyoti Nagar, Dibrugarh",8721024297,18,286,,,27.4874441,94.9302289,PMJAY
HOSP18P88593,1888593,Hospital,P,Choudhury Eye Hospital And Research Centre,"Shyamaprasad Road (Shillongpatty),SHILLONGPATTY",9903831530,18,282,"100013,100026,100028",2019-02-14 13:11:45,24.82,92.80,PMJAY
HOSP18G88594,1888594,Hospital,G,Mahendra Mohan Chaudhary hospital,"Panbazar, guwahati",9864851579,18,618,,,26.1859679,91.7453642,PMJAY
HOSP18P88595,1888595,Hospital,P,Pragati Nursing Home,"Hajo Road, Nalbari",9435028393,18,298,,,26.4394881,91.4373555,PMJAY
HOSP18P88596,1888596,Hospital,P,Bora's Nursing Home,NH 15 BISWANATH CHARIALI,9435188636,18,705,,,26.7410044,93.14497,PMJAY
HOSP18P88599,1888599,Hospital,P,Sanjivani Hospital,"A.T Road, Tarajan, Jorhat",6002548190,18,290,"100017,100026,100028",2023-11-21 18:22:13,26.7543672,94.1926359,PMJAY
HOSP18P88601,1888601,Hospital,P,Sanjivani Multispeciality Hospital,"NH 37, Bye Pass, Saebibandha",7086590975,18,290,,,24.809792,93.086822,PMJAY
HOSP18P88602,1888602,Hospital,P,St. Luke's Hospital,"Duliajan Road, Tinsukia",9706757976,18,302,,,27.4682932,95.3609532,PMJAY
HOSP18P88603,1888603,Hospital,P,Niramoy Hospital And Research Centre,"Jail Road, Jorhat",9706961658,18,290,,,26.7359767,94.200119,PMJAY
HOSP18P88604,1888604,Hospital,P,MUNAF MEMORIAL HOSPITAL CUM RESEARCH CENTRE,"MARGHERITA BAZAR,",8011932341,18,302,"100005,100006,100012,100026,100028",2019-02-14 13:11:45,27.286161821599634,95.66909208159859,PMJAY
HOSP18P91244,1891244,Hospital,P,DR BORAS NURSING AND MATERNITY HOME,"14 G,Jonaki Path",6001351878,18,302,"100005,100006,100012,100015,100017,100026,100028",2019-03-08 13:06:03,27.601575348137033,95.5556193177922,PMJAY
HOSP18G91773,1891773,Hospital,G,Central Hospital Maligaon NFR GHY 11,"Maligaon, Guwahati, Assam",9957550514,18,296,"100004,100005,100006,100013,100016",2024-01-19 16:39:05,26.151871,91.694902,PMJAY
2001022,2001022,Hospital,G,COMMUNITY HEALTH CENTRE Sahoo,VPO Saho,9459528536,2,16,,,32.5672995,76.1162159,PMJAY
2001023,2001023,Hospital,G,COMMUNITY HEALTH CENTRE Holi,main market CHC HOLI,8629806761,2,16,,,32.3307407,76.5502682,PMJAY
2001026,2001026,Hospital,G,COMMUNITY HEALTH CENTRE Saluni,CHC Saluni Main Bazaar saluni,8219463116,2,16,,,32.7363886,76.0290366,PMJAY
2001027,2001027,Hospital,G,COMMUNITY HEALTH CENTRE Purthi,CHC Purthi Pangi,9459920000,2,16,,,32.9151619,76.4664307,PMJAY
2001029,2001029,Hospital,G,PRIMARY HEALTH CENTRE Kakira,Kakira,9816282839,2,16,,,32.4633334,76.0275859,PMJAY
HS02001030,2001030,Hospital,G,District Ayurvedic Hospital Chamba,"DAH Chamba,",9459409212,2,16,"100004,100005,100026,10083",2018-09-04 09:12:27,32.568185,76.12068,PMJAY
2001031,2001031,Hospital,G,Ayurvedic HospitaL Bharmour  Chamba,Ayurvedic Hospital Bharmour ,9816474584,2,16,,,32.441594,76.5378595,PMJAY
2001032,2001032,Hospital,P,SWAMI SHREE HARI GIRI HOSPITAL,"Swami Shri Harigiri hospital kamlari ,kakira , P/O Bakloh , Teh Bhattiyat , Distt. Chamba (H.P) ",1899257044,2,16,,,32.4648695,75.9227421,PMJAY
2001034,2001034,Hospital,G,COMMUNITY HEALTH CENTRE CHOORI,CHC Choori Mehla,9805677752,2,16,,,32.4811678,76.1805475,PMJAY
HOSP20P01675,2001675,Hospital,P,SRM HOSPITAL,RAILWAY STATION ROAD NEAR MISHION HATA,9931995850,20,335,,,22.60038,86.14378,PMJAY
HOSP20P01749,2001749,Hospital,P,JAN VIKASH TRUST HOSPITAL,MAIN ROAD LESLIGANJ,8294992002,20,338,,,24.043059,84.214095,PMJAY
HS02002047,2002047,Hospital,G,RAJIV GANDHI AYURVEDIC COLLEGE HOSPITAL PAPROLA,"RAH PAPROLA,",9418928432,2,18,"100004,100005,100006,100012,100013,100015,100016,100017,100026",2018-09-04 09:22:28,32.062870,76.634149,PMJAY
HS02002063,2002063,Hospital,G,District Ayurvedic Hospital Dharamshala,"DHARAMSHALA,OPPOSIT ZONAL HOSPITAL DHARAMSHALA",7018220064,2,18,"100004,100005,100026,10083",2018-09-08 12:42:39,32.213750000000076,76.32030500000008,PMJAY
HS02002066,2002066,Hospital,G,Ayurvedic Hospital Harsar,"Vill. Panalath, P.O. Harsar, Teh. Jawali, Distt. Kangra (HP) 176023",8219486705,2,18,"100004,100005,100026,10083",2018-08-02 17:26:31,32.1391156,75.911483,PMJAY
2002084,2002084,Hospital,P,Fortis Hospital Kangra,Kangra Dharamshala Road,8894724034,2,18,,,32.05,76.18,PMJAY
HS02002088,2002088,Hospital,G,Halderkola ayurvedic Hospital  Kangra,Halderkola ayurvedic Hospital Kangra,7833032699,2,18,"100004,100005,100026,10083",2018-08-02 17:26:31,32.113695,76.2826675,PMJAY
HOSP20P02505,2002505,Hospital,P,KARE ADVANCED MULTISPECIALITY HOSPITAL,"GOKUL NAGAR GUMLA, JHARKHAND",9199523701,20,331,,,23.0362137,84.5451521,PMJAY
HS02003010,2003010,Hospital,G,District Ayurvedic Hospital Keylong,"distt ayurvedic hospital keylong,",9015198206,2,21,"100004,100005",2018-09-04 09:15:02,32.7275520000001,77.1387260000001,PMJAY
HOSP20P03748,2003748,Hospital,P,Holy care hospital,"37,mahalaxmi tower baradwari jamshedpur",9431374721,20,327,,,22.8052919,86.21307,PMJAY
HS02004026,2004026,Hospital,G,Circle Ayurvedic Hospital Katrain,"Katrain,",9418011033,2,20,"100001,100002,100003,100004,100005,100006,100007,100008,100009,100010,100011,100012,100013,100014,100015,100016,100017,100018,100019,100020,100021,100022,100023,100026,10083",2018-08-02 17:26:31,32.1128110000001,77.1475160000001,PMJAY
HS02004027,2004027,Hospital,G,District Ayurvedic Hospital Kullu,"Near SP Office Kullu,",9418186331,2,20,"100004,100005,100026,10083",2018-09-04 09:09:42,31.958718,77.1094630000001,PMJAY
HS02005034,2005034,Hospital,G,District Ayurvedic Mandi,"Ayurvedic Hospital Mandi NearZonal Hospital,",9418012007,2,22,"100004,100005,100006,100015,100026,10083",2018-08-31 10:36:09,31.711239,76.927237,PMJAY
HS02005035,2005035,Hospital,G,Circle ayurvedic hospital joginder nagar,"Near herbal garden joginder nagar,",8219994923,2,22,"100004,100005,100026,10083",2018-08-31 10:40:33,31.837975,76.7582320000001,PMJAY
HS02006014,2006014,Hospital,G,District Ayurvedic Hospital,"DAH hospital,",7018789139,2,17,"100004,100005,100006,100015,100017,100026,10083",2018-09-06 16:44:33,31.6819140000001,76.5257300000001,PMJAY
HS02006016,2006016,Hospital,G,Ayurvedic   Kadiar,"Vill. Kadhiar, P.O. Lagdevi, Tehsil Tauni Devi, Distt. Hamirpur.",9882328109,2,17,"100004,100005,100026,10083",,31.7568762,76.5990278,PMJAY
HS02006017,2006017,Hospital,G,Jain Muni Ayurvedic Manvi Hospital,"Jain Muni Ayurvedic Manvin hospital, Vill-Manvin,P.O-Lag Manvin, teh.Bhoranj, Dist.Hamirpur",9418444580,2,17,"100001,100002,100003,100004,100005,100006,100007,100008,100009,100010,100011,100012,100013,100014,100015,100016,100017,100018,100019,100020,100021,100022,100023,100026,10083",,31.6429515,76.6427152,PMJAY
2006023,2006023,Hospital,G,Govt ayurvedic hospital lambloo,Govt.Ayurvedic hospital lambloo,9418852054,2,17,,,31.6681433,76.5844303,PMJAY
HOSP20P06042,2006042,Hospital,P,Basanti Devi Goenka Sewa Sadan,Gaddi Mohalla,7480075390,20,329,,,24.1817425,86.3080318,PMJAY
HOSP20P06946,2006946,Hospital,P,MAA LALITA SUPER SPECIALITY HOSPITAL AND TRAUMA CENTER,BABAN BIGHA CASTOR TOWN DEOGHAR,9931383420,20,324,,,24.4813292,86.6979375,PMJAY
2007024,2007024,Hospital,G,Primary Health Centre Amlehar,Vill.Amlehar P.O.Sunkali Teh.Ghanari Distt.Una H.P.,1976264225,2,26,,,31.7406001,76.0741815,PMJAY
HS02007026,2007026,Hospital,G,AYURVEDIC HOSPITAL UNA,"AYURVEDIC HOSPITAL UNA,",9418005789,2,26,"100004,100005,100006,100026,10083",2018-09-04 09:18:33,31.4784500000001,76.2742000000001,PMJAY
HS02007027,2007027,Hospital,G,Govt Ayurvedic hospital ispur,"Govt.Ayurvedic Hospital Ispur,",9418057723,2,26,"100004,100005,100006,100026,10083",2018-09-04 09:20:39,31.501948,76.1781920000001,PMJAY
HOSP20P07158,2007158,Hospital,P,MAGADH SAMRAT HOSPITAL SERAIKELLA,CHANDARPUR CHOWK NUADIH SERAIKELLA,9470377438,20,341,,,22.8561,86.0122,PMJAY
HOSP20P07238,2007238,Hospital,P,sakuntala man patrika swashthya sewa sadan,"near dumuhi chowkk ,chilona more,pirpainti road,godda",9472792513,20,330,,2023-11-21 18:22:13,25.3242419,87.4283465,PMJAY
HOSP20P07265,2007265,Hospital,P,ASCLEPIUS CENTRE FOR MEDICAL SCIENCES,IRBA RANCHI,9123880423,20,339,,,23.4575092,85.4440973,PMJAY
HOSP20P07315,2007315,Hospital,P,CHEST HOSPITAL,"120,Co-operative colony",9431036328,20,322,,,23.6433768,86.1311265,PMJAY
HOSP20P07390,2007390,Hospital,P,SAI NURSING HOME,NEAR VINA TALKIES,8271755539,20,607,,,23.6450009,85.2855402,PMJAY
HOSP20P07461,2007461,Hospital,P,PVTG HEALTH CARE CENTRE,GHUTUWA NTS BARKAKANA ,9973295200,20,607,,,23.621991,85.465762,PMJAY
HOSP20P07874,2007874,Hospital,P,Gurukripa Nursing Home ,"Kumar Complex ,Thana Chowk, Ramgarh cantt",9123203748,20,607,,2023-11-21 18:22:13,23.63773,85.5122640000001,PMJAY
HOSP20P07963,2007963,Hospital,P,MAA LALITA HOSPITAL,"SARAIDIH ROAD , CHHATTARPUR",9798111755,20,338,,,24.3686699,84.1958003,PMJAY
HS02008018,2008018,Hospital,G,Ayurvedic  Hospital KANDRAUR,"VPO kandraur, Tehsil Sadar, Distt. Bilaspur HP ,",7018169277,2,15,"100004,100005,100006,100026,10083",2018-08-31 10:38:44,31.392615432326252,76.75440472208345,PMJAY
HS02008020,2008020,Hospital,G,District Ayurvedic Hospital Bilapsur,"District Ayurvedic Hospital Bilapsur,  Near CMO Office Bilaspur, Tehsil Sadar, Distt. Bilaspur,",1978224031,2,15,"100001,100002,100003,100004,100005,100006,100007,100008,100009,100010,100011,100012,100013,100014,100015,100016,100017,100018,100019,100020,100021,100022,100023,100026,10083",2018-08-31 10:39:36,31.33165064407092,76.7663698812919,PMJAY
HOSP20P08477,2008477,Hospital,P,NEW RAJ HOSPITAL,AKHOWRI COLONY MORE NEW ROAD ,9835751945,20,336,,,23.4337504,84.6479124,PMJAY
HOSP20P08545,2008545,Hospital,P,BHARATI HOSPITAL,"shiv pahar , Gidhni Pahari Road, Dumka",8002320247,20,326,,2024-07-12 18:52:28,24.2739806,87.2557944,PMJAY
HOSP20P08631,2008631,Hospital,P,SANJEEVNI HOSPITAL ,"gandhi nagar godda ,Near St thomas school",9430359833,20,330,,2018-09-26 13:00:46,24.830598400000426,87.20730469999921,PMJAY
HOSP20P08643,2008643,Hospital,P,Swasti Hospital,Singardih Near Lila Mandir Dumka Road Deoghar,8765316259,20,324,,,24.4998483,86.7504372,PMJAY
HOSP20P08668,2008668,Hospital,P,Aarogya Bharti Hospital,Main road senha,7903559224,20,336,,,23.3596497,84.650528,PMJAY
2009025,2009025,Hospital,G,Civil Hospital Chail,"VPO Chail, Teh Kandaghat, Distt Solan",1792248329,2,25,,,30.9699593,77.1871568,PMJAY
HS02009037,2009037,Hospital,G,Ayurvedic Hospital Nalagarh,"Govt. Ayurvedic Hospital  Nalagarh,",9736242577,2,25,"100004,100005,100026,10083",2018-09-04 09:21:38,31.0432459,76.7162848,PMJAY
HS02009042,2009042,Hospital,G,DISTT AYURVEDIC HOSPITAL SOLAN,"District Ayurvedic Hospital Near LIC Building Distt-Solan (H.P),District Ayurvedic Hospital Solan Rabon P.O Saproon Distt-Solan (H.P)",9418824625,2,25,"100004,100005,100026,10083",2018-09-04 09:09:57,30.903248,77.08926,PMJAY
HOSP20P09860,2009860,Hospital,P,THE 7 PALMS HOSPITAL  & RESEARCH CENTER,Lalgutwa  Kathal More Ranchi,9102994174,20,339,,,23.363195,85.247979,PMJAY
HOSP20P09907,2009907,Hospital,P,K.G.T Hospital research Centre,"Collage Road,Ramgrah,in front of reliance petrol pump",9204385244,20,607,,2023-11-21 18:22:13,23.61,85.52,PMJAY
HOSP20P09912,2009912,Hospital,P,kashyap nursing home,MAA ANANDMAYI NAGAR BLOCK ROAD RATU RANCHI,9955082626,20,339,,,23.4194891,85.2270866,PMJAY
HOSP20P09963,2009963,Hospital,P,ANNPURNA HOSPITAL,"ANNPURNA HOSPITAL,GODOWAR",8434901566,20,323,,,24.4271557,84.8091159,PMJAY
HOSP20P09994,2009994,Hospital,P,MADI MEMORIAL HOSPITAL AND RESARCH CENTRE,"BELANGI, MAKHMANDRO",9304493793,20,339,,,23.4307789,85.1971763,PMJAY
HS02010012,2010012,Hospital,G,DISTT AYURVEDIC HOSPITAL NAHAN,"DISTT AYURVEDIC HOSPITAL NAHAN,",9418060343,2,24,"100004,100005,100026,10083",2018-09-04 09:21:55,30.5626980000001,77.293054,PMJAY
HOSP20P10045,2010045,Hospital,P,Kuju Nursing Home ,"Murpa Road Kuju Near Post Office ,",9955314389,20,607,,2023-11-21 18:22:13,23.720631,85.509102,PMJAY
HOSP20P10054,2010054,Hospital,P,Namrata Hospital,DADU TOLI LOHARDAGA ROAD GUMLA,7631057789,20,331,,,23.0758435,84.5374617,PMJAY
HOSP20P10088,2010088,Hospital,P,Bhagwati Health Care,Bazar Road,7991179745,20,331,,,23.0378853,84.5396018,PMJAY
HOSP20P10202,2010202,Hospital,P,SAI SEVA NIKETAN,"NAUDIHA MORE, BHANDRA",9304787843,20,336,,,24.3828612,84.2923917,PMJAY
HOSP20P10320,2010320,Hospital,P,RAJENDRA HOSPIAL,Main Road Bhandra,9304226963,20,336,,,23.4209876,84.6897561,PMJAY
HOSP20P10352,2010352,Hospital,P,SHIV SHAKTI HOSPITAL,"GG-13, CITY CENTER, SEC-4, ",9431164664,20,322,,,23.6654924,86.1469456,PMJAY
HOSP20P10370,2010370,Hospital,P,City hospital,city Hospital ramgarh,9113704528,20,607,,2023-11-21 18:22:13,23.6339573,85.5155839,PMJAY
HOSP20P10397,2010397,Hospital,P,SAHYOG HOSPITAL,"BORO, PACHAMBA ROAD",9431335368,20,329,,,24.2488525,86.250937,PMJAY
HOSP20P10406,2010406,Hospital,P,Health Point Hospital,"Next to RIMS, Medical Chowk, Bariatu ",9122030242,20,339,,,23.390522,85.347323,PMJAY
HOSP20P10453,2010453,Hospital,P,AASHI LIFE CARE HOSPITAL,"aashi Life Care Hospital,RANCHI ROAD REDMA",9471148875,20,338,"100004,100005,100006,100010,100012,100017,100026",2018-09-20 23:55:00,24.033539,84.082821,PMJAY
HOSP20P10874,2010874,Hospital,P,SIDDHI VINAYAK HOSPITAL AND TRAUMA CENTRE,"RANCHI PATNA ROAD,",7004725262,20,334,"100015,100026",2018-09-21 10:57:35,24.433510728880222,85.5241428451269,PMJAY
2011034,2011034,Hospital,G,Civil Hospital JUNGA,civil hospital junga,9816514142,2,23,,,31.0230334,77.1870151,PMJAY
2011035,2011035,Hospital,G,Civil Hospital KOTGARH,CH Kotgarh,1782240063,2,23,,,31.30122,77.480961,PMJAY
HS02011044,2011044,Hospital,G,Ayurvedic Hospital Rampur Bushahr,"Govt. Ayurvedic Hospital Rampur Bushahr,Ayurvedic Hospital Rampur Bushahr",7018756323,2,23,"100004,100005,100026,10083",2018-09-04 09:14:33,31.450158,77.631223,PMJAY
2011045,2011045,Hospital,G,Ayurvedic HospitalRohru,,1781240007,2,23,,,31.2018372,77.7680952,PMJAY
2011051,2011051,Hospital,G,COMMUNITY HEALTH CENTRE NANKHRI SHIMLA,CHC NANKHARI,7833909734,2,23,,,31.3033921,77.5836145,PMJAY
HS02011052,2011052,Hospital,G,Regional Ayurvedic Hospital Choota Shimla,"RAH Choota Shimla ,",9418011571,2,23,"100004,100005,100006,100026,10083",2018-09-04 09:20:58,31.095812,77.175258,PMJAY
HOSP20P11058,2011058,Hospital,P,A.K.Upadhyay memorial hospital,"Panki Road, Baralota, Daltonganj",8340177763,20,338,,,24.0481706,84.0960056,PMJAY
HOSP20P11168,2011168,Hospital,P,Telaiya Clinic,"Telaiya Clinic,",7764085018,20,334,"100015,100026",2018-09-21 11:06:09,24.4413920000001,85.5371050000001,PMJAY
HOSP20P11184,2011184,Hospital,P,KAUSHAL clinic ,"NEAR PACHAMBA HIGH SCHOOL,PACHAMBA,GIRIDIH",7250810248,20,329,,,24.2039073,86.2591887,PMJAY
HOSP20P11197,2011197,Hospital,P,ASTHA NURSING HOME ,MURI ROAD  DVC CHOWK GOLA,9199834738,20,607,,,23.5347579,85.7227711,PMJAY
HOSP20P11203,2011203,Hospital,P,matrika  sadan nursing home,"N.H-23,MURUBANDA,CHITARPUR,RAMGARH",9955171789,20,607,,,23.2625838,85.3148076,PMJAY
HOSP20P11708,2011708,Hospital,P,CHANDRA HOSPITAL AND RESEARCH CENTRE,"chandra hospital, boreya,kanke, ranchi jharkhand,chandra hospital,boreya kanke , ranchi jharkhand",6299230340,20,339,"100006,100012,100015,100017,100026",2018-09-21 05:58:25,23.423928,85.3485830000001,PMJAY
HOSP20P11912,2011912,Hospital,P,RANI CHILDREN HOSPITAL,"NEAR KARAMTOLI CHOWK BOOTY ROAD RANCHI,NEAR KARAMTOLI CHOWK BOOTY ROAD RANCHI",9264431058,20,339,"100005,100010,100017,100026",2018-10-04 11:35:19,23.387907000002627,85.33379700000069,PMJAY
HS02012013,2012013,Hospital,G,Distt  Ayurvedic  Reckong Peo,Distt Tribal Ayurvedic Hospital Reckongpeo,7018542500,2,19,"100005,100026,10083",2018-08-02 17:26:31,31.5391717,78.2678468,PMJAY
HOSP20P12075,2012075,Hospital,P,SAI NURSING HOME,KANCHANNAGRI,8521815311,20,335,,,23.6760393,84.7412717,PMJAY
HOSP20P12113,2012113,Hospital,P,CONTACARE EYE HOSPITAL,"SALUJA BUILDING, PEE PEE COMPOUND",9304787648,20,339,,,23.3554998,85.3201443,PMJAY
HOSP20P12196,2012196,Hospital,P,AMRIT HEALTH CARE,HIRANPUR,9006608701,20,337,,,24.7057346,87.7049453,PMJAY
HOSP20P12366,2012366,Hospital,P,ASIAN DWARKADAS JALAN SUPER SPECIALITY HOSPITAL,"NEAR CITY CENTRE ,BARTAND ,NEAR CITY CENTRE ,BARTAND ",9098047390,20,325,,2023-11-21 18:22:13,23.80573632496217,86.43144505605994,PMJAY
HOSP20G12389,2012389,Hospital,G,chc chatra,,8709406886,20,323,"100001,100002,100003,100004,100005,100006,100007,100008,100009,100010,100011,100012,100013,100014,100015,100016,100017,100018,100019,100020,100021,100022,100023,100026",2018-09-13 14:09:12,24.2065446,84.871802,PMJAY
HOSP20P12647,2012647,Hospital,P,Shifa Nursing Home,Near Shiv Mandir Basantrai,9955416016,20,330,,,24.989657,87.1580178,PMJAY
HOSP20P12684,2012684,Hospital,P,POPULAR NURSING HOME ,POPULAR NURSING HOME NEW TWON JAMTARA,7488776828,20,333,,,23.9583445,86.8036444,PMJAY
HOSP20P12979,2012979,Hospital,P,MATERNITY AND SURGERY CENTRE,NEAR NEW OVERBRIZE ABADGANJ,9798169532,20,338,,,24.037927,84.073905,PMJAY
HOSP20P13267,2013267,Hospital,P,MAA VAISHNAVI CHIKTSALAYA,CHANDANI CHOWK,8298700082,20,328,,,24.438871,83.4456801,PMJAY
HOSP20P13332,2013332,Hospital,P,THE POREYAHAT MERCY HOSPITAL SOCIETY,POREYAHAT,9973247084,20,330,,,24.6790301,87.1796793,PMJAY
HOSP20P13586,2013586,Hospital,P,luxmi nursing home," Kisko More , LOHARDAGA",9155100075,20,336,,,23.4512066,84.6933433,PMJAY
HOSP20P13644,2013644,Hospital,P,SunRise hospital,"SS Plaza Amla Tola, Station Road",7739544402,20,343,,,22.5512751,85.8096677,PMJAY
HOSP20P13653,2013653,Hospital,P,PRUDENCE HOSPITAL,"PLOT NO. 127,COOPERATIVE COLONY",7033311009,20,322,,2023-11-21 18:22:13,23.646590156956876,86.13293092954359,PMJAY
HOSP20P13659,2013659,Hospital,P,PRUDENCE HOSPITAL,"MULTI SPECIALITY CENTER,VIVEKANDHA ROAD,NEAR BYPASS ROAD",7033311009,20,322,,2024-07-12 18:52:28,23.5988521,86.2361744,PMJAY
HOSP20P13676,2013676,Hospital,P,SANJEEVNI HOSPITAL ,sanjeevni hospital,7004431646,20,336,,,23.4171258,85.2289597,PMJAY
HOSP20P13699,2013699,Hospital,P,parvati clinic,ranchi patna road jhumeritalyien,7488725953,20,334,,,24.4420457,85.5327235,PMJAY
HOSP20P13759,2013759,Hospital,P,SHIVAY HOSPITAL,NEAR TOWER CHOWK SHYAMGANJ ROAD DEOGHAR,8298166746,20,324,,,24.4925918,86.6949369,PMJAY
HOSP20P14035,2014035,Hospital,P,buddhistmission2009,"gautam buddha marg,opp. b.ed. college, bariatu,ranchi",9570074494,20,339,,,23.4354267,85.3215331,PMJAY
HOSP20P14371,2014371,Hospital,P,SUYASH CLINIC,KATRAS ROAD MATKURIA,9386909373,20,325,,,23.788131,86.4105512,PMJAY
HOSP20P14519,2014519,Hospital,P,New kameswari clinic ,"Ranchi Patna Road, Jhumri Telaiya",9631793504,20,334,,,24.4420457,85.5327235,PMJAY
HOSP20P14520,2014520,Hospital,P,SUNRISE HOSPITAL GODDA,"MEERA SADAN,NAHAR CHOWK GODDA",9523755200,20,330,,2023-11-21 18:22:13,24.818386,87.213222,PMJAY
HOSP20P14533,2014533,Hospital,P,BAIDYANATH SHANKAR NETRALAY,"baidyanath shankar netralay,",7004538980,20,324,,2023-11-21 18:22:13,24.484186,86.693081,PMJAY
HOSP20P15082,2015082,Hospital,P,HOPE HOSPITAL ,"NEAR TALA FACTORY,JHUMRI TELAIYA KODERMA",9534041602,20,334,"100004,100005,100006,100026",2018-09-21 10:59:31,24.4276160000001,85.511737,PMJAY
HOSP20P15407,2015407,Hospital,P,SUSHMA  MEDICARE NURSING HOME,MAHAGAMA GODDA,9570001563,20,330,,,25.0255045,87.3190065,PMJAY
HOSP20P15771,2015771,Hospital,P,KIDNEY CARE CENTER,Near hotel sagar new kalimati road sakchi jamshedpur,9835141745,20,327,,2023-11-21 18:22:13,22.8008508,86.2100544,PMJAY
HOSP20P21210,2021210,Hospital,P,Shri Ram Hospital,"MEMCO MORE, HIRAK POINT, BARWADDA",9431023480,20,325,,,23.8321146,86.4321473,PMJAY
HOSP20P21421,2021421,Hospital,P,APNA HEALTH CARE CENTRE,Yadav Tola Borio,6204352169,20,340,,,25.2458097,87.7157223,PMJAY
HOSP20P22381,2022381,Hospital,P,UROLOGY AND SURGERY CENTER,"F.C.I.Godown Road, sudna",8825199451,20,338,,,24.0561397,84.0722375,PMJAY
HOSP20P24545,2024545,Hospital,P,Choudhary Nursing Home,"Devi mandap road,",7979750394,20,339,"100006,100012,100015,100026",2018-12-10 11:53:12,23.38,85.30,PMJAY
HOSP20P33135,2033135,Hospital,P,TAJ NURSING HOME,"MAIN ROAD,CHANDWEY,PITHORIA,RANCHI",9801101178,20,339,,,23.3570684,85.3247361,PMJAY
HOSP20P47330,2047330,Hospital,P,NARAYAN NURSING HOME,Shri Krishna Lane Thana Road,9905747969,20,336,,,23.3828658,85.3065127,PMJAY
HOSP20P55954,2055954,Hospital,P,MADHUR SEVA SADAN KURU,"BIRLA STREET KURU LOHARDAGA,",9709658167,20,336,,2023-11-21 18:22:13,23.540245129041736,84.81565863475385,PMJAY
HOSP20P56238,2056238,Hospital,P,shakuntala kunwar memorial hospital,senha,9122850203,20,336,,,23.3849203,84.6518359,PMJAY
HOSP20P61958,2061958,Hospital,P,SWASTIK ENT CENTRE,Swastik ENT Centre And Hospital near DAV Hehal School,7992322856,20,339,,,23.353280,85.287030,PMJAY
HOSP20P62826,2062826,Hospital,P,BASUDEV MEMORIL NURSING HOME,"SITU,PILID,MILANCHAWK",9064259950,20,341,,,23.1285127,85.8511827,PMJAY
HOSP20P68809,2068809,Hospital,P,LIFE LINE HOSPITAL,"BONGAMORE, SANDI, BHARECHNAGAR, RAMGARH CANTT, JHARKHAND",7979048493,20,607,,,23.6928302,85.5009988,PMJAY
HOSP20P71335,2071335,Hospital,P,THE RAZA HOSPITAL,"MAIN ROAD SHAHPUR,NEAR BANK OF INDIA",9162722259,20,338,,,24.040121,84.0617274,PMJAY
HOSP20P73162,2073162,Hospital,P,SHAMBHAVI CENTRE FOR CANCER AND GYNAECOLOGY,"3RD FLOOR,SPM TOWER , LALPUR,",9905811351,20,339,"100008,100026",2019-01-14 11:11:24,23.369011,85.340044,PMJAY
HOSP20P73376,2073376,Hospital,P,SRI AUROBINDO EYE HOSPITAL,"Sri Aurobindo EYE Hospital,pandeydih",8348343469,20,333,,2023-11-21 18:22:13,23.9933990000001,86.8792700000001,PMJAY
HOSP20P74494,2074494,Hospital,P,Sai kailash narsing home,Naudiha bajar,9430408637,20,338,,,24.3828612,84.2923917,PMJAY
HOSP20P82521,2082521,Hospital,P,LONG LIFE CARE HOSPITAL,Near sadik chowk,9430108337,20,338,,,24.0359213,84.0657873,PMJAY
HOSP20P85286,2085286,Hospital,P,ASHA SHASHI HOSPITAL,"TALGARYA MORE, (NEAR SOLAGIDIH TALAB) DHANBAD ROAD ",7322096916,20,322,,,23.6388,86.1701,PMJAY
HOSP20P87207,2087207,Hospital,P,Geeta Devi memorial hospital ,Geeta Devi memorial hospital gangdih satgawan koderma,7091690067,20,334,,,24.6483807,85.7897395,PMJAY
HOSP20P88949,2088949,Hospital,P,NEW OXFORD HOSPITAL,chakradharpur potka,7001609974,20,343,,,22.6652099,85.6460561,PMJAY
HOSP20P89212,2089212,Hospital,P,RAINBOW CHILDREN NURSING HOME,"BHAGALPUR ROAD GODDA NEAR SBI BANK,AT WARD NO 10",9931591821,20,330,,2023-11-21 18:22:13,24.8309780000001,87.21074,PMJAY
HOSP20P90501,2090501,Hospital,P,Siddhesh Swasthya Seva Salya pvt. ltd,"cu2-2, ADITYAPUR",7763965224,20,341,,,22.78774,86.16772,PMJAY
HOSP20P92263,2092263,Hospital,P,MAHA SHAKTI GRAMIN SEVA KENDRA,"At- Raghunathpur Hat tolla, P.O.- Adardih, P.S.- Nimdih",9973779696,20,341,,,23.5343795,86.6686635,PMJAY
HOSP20P93740,2093740,Hospital,P,NAYAN EYE HOSPITAL,"NAYAN EYE HOSPITAL,Muraidih Colony, Pochari, Barora, Dhanbad ",9064639797,20,325,,2023-11-21 18:22:13,23.81314860567568,86.23623950238095,PMJAY
HOSP20G99410,2099410,Hospital,G,ITKI TB SANATORIUM,ITKI,7050627962,20,339,"100005,100026",2019-05-13 12:09:42,23.3482884,85.1220031,PMJAY
HOSP20G99490,2099490,Hospital,G,CENTRAL HOSPITAL DAKRA,Central Hospital N K Area Dakra,8987786700,20,339,"100004,100005,100012,100013,100015",2019-08-27 12:43:39,23.408447,85.3214312,PMJAY
HOSP2P106985,2106985,Hospital,P,Health Dental Multispeciality Oral Health Care ,1ST FLOOR ABOVE SIGMA DIAGNOSTIC CENTER ,7018094768,2,16,,,32.5603108,76.1175354,PMJAY
HOSP2P112330,2112330,Hospital,P,Aastha Maternity Hospital,AASTHA MATERNITY HOSPITAL KRISHNA NAGAR PACCA BHARO HAMIRPUR,8894997319,2,17,,,31.690783,76.517715,PMJAY
HOSP2P130829,2130829,Hospital,P,Gautam Hospital,GAUTAM HOSPITAL VIVEK NAGAR NANGAL ROAD UNA NEAR HDFC BANK,9418484451,2,26,,,8.7,78,PMJAY
HOSP2P130875,2130875,Hospital,P,KULLU VALLEY BANGA EYE HOSPITAL UNIT OF BANGA ASSOCIATED HOSPITALS,OPP. HOTEL EMPIRE ,9418052050,2,20,,,31.9,77.1,PMJAY
HOSP2P136971,2136971,Hospital,P,SS HOSPITAL,opposite kalgidhar furniture house,8219570414,2,26,,,31.4607,76.3015,PMJAY
HOSP2P139024,2139024,Hospital,P,BTC KULLU VALLEY HOSPITAL LLP,"Vill. 14 Mile, P.O. Baragran, Teh. Manali, Distt. Kullu (H.P.) 175129",9882845286,2,20,,,32.239632,77.188713,PMJAY
HOSP2P140580,2140580,Hospital,P,MAXCARE HOSPITAL PATHANKOT,"SUNDAR NAGAR PATHANKOT,",9876557222,3,662,"100005,100006,100015,100023",2022-04-06 14:32:03,32.2807480000001,75.6346490000001,PMJAY
HOSP2P140619,2140619,Hospital,P,Life Medicity Hospital,VPO DAMTAL MOHTLI DISTT KANGRA TEHINDORA,8054879685,2,18,,,32.099804,76.269104,PMJAY
HOSP22P00436,2200436,Hospital,P,OM NETRA KENDRA,b-23 ravi nagar opp. khalsa school beside canal linking road main road pandri ,7898362509,22,387,,,21.2489683,81.644815,PMJAY
HOSP22P00442,2200442,Hospital,P,Jeevan Asha Hospital,"PLOT NO 121,122 SVBP NAGAR SADA COLONY JAMNIPALI,NEAR BHAWANI BAZAR",7000703567,22,383,,,22.41524177,82.66774279,PMJAY
HOSP22P00450,2200450,Hospital,P,SANKRA CHRISTIAN HOSPITAL,"SANKRA BANGLA, KARHIBHADAR, SANKRA",7697060900,22,646,,,20.6936853,81.3083072,PMJAY
HOSP22P00483,2200483,Hospital,P,Shri Jagannath multispeciality hospital,mahadev ghat road raipura,9165008276,22,387,,,21.2298933,81.6000335,PMJAY
HOSP22P00512,2200512,Hospital,P,RAJDHANI SUPER SPECIALITY HOSPITAL,S S TOWER PACHPEDI NAKA RAIPUR,8770471565,22,387,,,21.2193309,81.648332,PMJAY
HOSP22P00522,2200522,Hospital,P,SHRI RAM HOSPITAL BALODA BAZAR ,"BEHIND POST OFFICE SHRI RAM HOSPITAL BALODA BAZAR,",9826165879,22,644,,,21.65769446727886,82.15881089998834,PMJAY
HOSP22P00552,2200552,Hospital,P,SHRI RAJEEV LOCHAN HOSPITAL,"TARRI ROAD ,",9977514615,22,387,,,20.972552659489082,81.86187310215996,PMJAY
HOSP22P00593,2200593,Hospital,P,Siddhi Vinayak Hospital ,"main road Urkura , ",9981349349,22,387,"100005,100006,100012,100015",2020-05-02 12:11:52,21.309114,81.6472570000001,PMJAY
HOSP22P00594,2200594,Hospital,P,PRABHA NURSING HOME,"joshi complex ,rest house road",7987201817,22,650,,,21.717869,81.5365852,PMJAY
HOSP22P00597,2200597,Hospital,P,Verma Hospital,Verma Hospital near Marwadi School New Indira Market Durg,9827111228,22,378,,,21.1893345,81.276912,PMJAY
HOSP22P00615,2200615,Hospital,P,SAGAR HOSPITAL,Durg  road ganj para balod,9993537004,22,646,,,20.7238749,81.2091422,PMJAY
HOSP22P00636,2200636,Hospital,P,Siddhivinayak hospital dhamtari,infront of ojuswi nursing home rudri road,7389591524,22,377,,,20.695794,81.5431936,PMJAY
HOSP22P00662,2200662,Hospital,P,SAI NAMAN HOSPITAL,SAI NAMAN HOSPITAL SIRSA GATE BHILAI-3,9926727608,22,378,,,21.2091322,81.4353442,PMJAY
HOSP22P00694,2200694,Hospital,P,Balajee Eye Hospital,"Mathpara Power House Road, Bank Of Maharastra",9993690972,22,388,,,21.09206,81.043205,PMJAY
HOSP22P00738,2200738,Hospital,P,Bisen child care ,In front of PWD rest house Ramhepur ward 15 Lormi Dist - Mungeli,7987272115,22,647,,,22.2753793,81.7017561,PMJAY
HOSP22P00788,2200788,Hospital,P,SINGH NURSINGH HOME ,"Niharika Road kosabadi korba chhattigarh,",7697883714,22,383,"100012,100015,100026,100028",2020-04-18 14:20:07,22.360576,82.723437,PMJAY
HOSP22P00798,2200798,Hospital,P,VINAYAK NETRALAYA,NEAR PUNJABI GURUDWARA TAHSEEL ROAD,9685333999,22,379,,,22.037498,82.655962,PMJAY
HOSP22P00806,2200806,Hospital,P,Karma hospital,"Karma hospital Abhanpur Nayakbandha road  Abhapur raipur,",9981107366,22,387,"100006,100012,100018",2020-04-23 15:01:13,21.052806,81.7470530000001,PMJAY
HOSP22P00902,2200902,Hospital,P,SOMESHWAR HOSPITAL,"GARIYABAND,BOYS HIGH SCHOOL ROAD",7389031182,22,645,100005,2020-04-24 13:14:07,20.633679,82.057554,PMJAY
HOSP22P00908,2200908,Hospital,P,SHREE BALAJI HOSPITAL,"Mandir chowck,Raipur road",9827452229,22,375,,,22.078217,82.139751,PMJAY
HOSP22P00923,2200923,Hospital,P,SINHA NURSING HOME,"GE ROAD, SUPELA CHOWK, WARD NO-5,BHILAI",9329011768,22,378,,,21.2061066,81.3450168,PMJAY
HOSP22P00948,2200948,Hospital,P,sanjeevani nursing home,"NEAR DIGVIJAY STADIUM,S P TOWER ROAD,SAHDEV NAGER, RAJNANDGAON",9425513138,22,388,,,21.094358,81.018931,PMJAY
HOSP22P01230,2201230,Hospital,P,SHRI SAI PAIKARA HOSPITAL,"kharora road tilda ,",9827162333,22,387,"100001,100004,100005,100006,100007,100008,100010,100011,100012,100014,100015,100016,100017,100018,100019,100020,100021,100022,100023,100027",2020-05-02 12:14:10,21.5451580000001,81.7970040000001,PMJAY
HOSP22P01460,2201460,Hospital,P,jai patai mata hospital patewa,"12,PATEWA MAHASAMUND",8305711121,22,385,"100010,100017",2020-05-02 11:16:18,21.2043849,82.2703427,PMJAY
HOSP22P02467,2202467,Hospital,P,NIROGYAM HOSPITALS PVT LTD,nirogyam hospital old dhamtari road shejbahar raipur ,7974892267,22,387,,,21.173905,81.661376,PMJAY
HOSP22P02970,2202970,Hospital,P,siddharth hospital,siddharth hospital ramanujanj road ambikapur,9826187567,22,389,,,23.1400812840934,83.2075816162325,PMJAY
HOSP22P03130,2203130,Hospital,P,Dr John Nursing Home,PT.DINDAYAL WARD MUNGELI,9662918870,22,647,,,22.072445,81.69332,PMJAY
HOSP22P04229,2204229,Hospital,P,GITA DEVI MEMORIAL HOSPITAL ,"near kosabadi chowk, plot no 243, kosabadi Korba (c.g) 495677,Near Kosabadi Chowk, Plot No 243, Kosabadi Korba (C.G) 495677",7974754689,22,383,"100004,100005,100006,100011,100012,100015",2020-06-17 14:44:50,22.3629,82.7331,PMJAY
HOSP22P09453,2209453,Hospital,P,SHAKUNTALA HOSPITAL,"shakuntala hospital campus ward no. 13 Gunderdehi(Np),Balod chhattisgarh",9407647150,22,646,,2024-07-30 14:26:29,20.991566,81.3113950000001,PMJAY
HOSP22P28544,2228544,Hospital,P,DANI HOSPITAL,"Dani Hopsital,Near Rani laxmi bai chowk",8989544065,22,378,,,21.1805943,81.2841501,PMJAY
HOSP22G52497,2252497,Hospital,G,PHC SALNA,"PHC SALNA,",9669110635,22,643,,,20.0501,81.8570000000001,PMJAY
HOSP22P58884,2258884,Hospital,P,O P JINDAL HOSPITAL & RESEARCH CENTRE,SAVITRI NAGAR,9827194356,22,386,,,21.8839972,83.393628,PMJAY
HOSP22P71924,2271924,Hospital,P,Urmila memorial hospital,"near isbt nahar road bahatagaon ,",9752310024,22,387,,,21.204647,81.6860830000001,PMJAY
HOSP22P74536,2274536,Hospital,P,Jyoti Nursing Home,"HIG 13 MP Nagar, Korba C.G. ",9827496501,22,383,,,22.35984219,82.72150704,PMJAY
HOSP23P00503,2300503,Hospital,P,DHRC HOSPITAL,NEAR OVER BRIDGE GALLA MANDI 80 FIT BMHRC ROAD BHOPAL,9406951516,23,396,,,23.2898591,77.4130848,PMJAY
HOSP23P01327,2301327,Hospital,P,OM HOSPITAL AND RESEARCH CENTRE,"OM Hospital, C-39 Padmanabh Nagar, Raisen Road",8871999994,23,396,,,23.2507557,77.4307307,PMJAY
HOSP23P01362,2301362,Hospital,P,Prakash Eyecare and Laser Center,"Plot 131/14, Zone 2, MP Nagar, Near Pragati Petrol Pump",8602037303,23,396,,,23.2288808,77.4356512,PMJAY
HOSP23P01371,2301371,Hospital,P,VCH HOSPITAL,SBI ATM RUSALLI KAROND BHOPAL MP,9993417676,23,396,,,23.227570,77.435190,PMJAY
HOSP23P01392,2301392,Hospital,P,Sagarshree Hospital and Research Institute Pvt Ltd,Prabhakar Nagar Makroniya Sagar,7583811111,23,425,,,23.8643029,78.801786,PMJAY
HOSP23P01406,2301406,Hospital,P,GALAXY HOSPITAL,"25 ,Galaxy Hospital Near Jian Mandir Danish Kunj , Kolar Road Bhopal",9713171857,23,396,,,23.171386,77.4222825,PMJAY
HOSP23P01407,2301407,Hospital,P,Best Super Speciality Hospital,1352-home science college road napier town,8349845828,23,411,,,23.1601718,79.9231365,PMJAY
HOSP23P01416,2301416,Hospital,P,BALAJI FRACTURE AND GENERAL HOSPITAL ,LIG - A SECTOR SONAGIRI NEAR PIPLANI PETROL PUMP,8357021666,23,396,,,23.250338,77.471665,PMJAY
HOSP23P01451,2301451,Hospital,P,kamla bai prem narayan malvi hsopital,"17 - Civil Lines, I.T.I. Road, Meenakshi Chowk, Hoshangabad",9827212116,23,409,,,22.7496652,77.7289072,PMJAY
HOSP23P01563,2301563,Hospital,P,jabalpurhospitaland researchcentre,"Russel Crossing, Napier Town, Jabalpur",9981503902,23,411,,,23.1621545,79.9362515,PMJAY
HOSP23P01741,2301741,Hospital,P,Macretina Hospital,"212,Shekhar central, Palasia Square",8889408886,23,410,,,22.722727,75.887071,PMJAY
HOSP23P01757,2301757,Hospital,P,sahara fracture and general hospital,b 115 vidhya nagar hoshangabad road bhopal,9425022297,23,396,,,23.1956763,77.4484162,PMJAY
HOSP23P01995,2301995,Hospital,P,cityhospital2008,"21/2, North Civil Lines, Nagrath Chowk ",8818889761,23,411,,,23.1625819,79.9428014,PMJAY
HOSP23P02206,2302206,Hospital,P,GOLCHHA HOSPITAL AND UROLOGICAL RESEARCH CENTRE,"OPP-BHAWARTAL GARDEN,NAPIER TOWN ",7987945807,23,411,,,23.168770,79.931847,PMJAY
HOSP23P02233,2302233,Hospital,P,MIRACLES HOSPITAL,"86-87, JYOTI NAGAR, OPPOSITE KENDRIYA VIDYALAYA-3, NEAR AASHIMA MALL, HOSHANGABAD ROAD",8878666076,23,396,,,23.184342,77.463687,PMJAY
HOSP23P02307,2302307,Hospital,P,swastik hospital ,B 43 Patel Nagar Raisen Road Bhopal,9200145202,23,396,,,23.2522981,77.496534,PMJAY
HOSP23P02788,2302788,Hospital,P,LBS Hospital,"73, Taj ul Masjid Road, opp. Motia Talab",7987624169,23,396,,,23.2648043,77.3937316,PMJAY
HOSP23P02931,2302931,Hospital,P,AMRITA HOSPITAL,REWA ROAD PIPARIYA,9111611191,23,429,,,23.3432526,81.3558237,PMJAY
HOSP23P03149,2303149,Hospital,P,NAVJEEVAN HOSPITAL,"HIG-65F2, ARVIND VIHAR COLONY, OPP MOUNT CARMEL SCHOOL, BAGHMUGALIYA, BHOPAL-462043",9644683746,23,396,,,23.1949583,77.4705078,PMJAY
HOSP23P03331,2303331,Hospital,P,MAHAKOSHAL HOSPITAL,opp gate no-3 wright town stadium ,9617271266,23,411,,,23.1642568,79.925744,PMJAY
HOSP23P03518,2303518,Hospital,P,SIDDHARTH EYE  HOSPITAL,"45 Old MLA Quarters ,Jawahar chowk  ",9826278568,23,396,,,"23.2300 N,",77.3935 E,PMJAY
HOSP23P03559,2303559,Hospital,P,SHREEMATI LAXMI DEVI EYE HOSPITAL NIHAR NETRALAYA,"3, Gulab Park Colony, Mahesh Nagar, Rajmohalla Square",8962574771,23,410,,,22.719438,75.849427,PMJAY
HOSP23P03703,2303703,Hospital,P,Sudarshan Netralaya,61 old old mla quaters jawahar chowk bhopal m.p,9074342272,23,396,,,23.2331976,77.3957634,PMJAY
HOSP23P03715,2303715,Hospital,P,INDEX MEDICAL COLLEGE HOSPITAL AND RESEARCH CENTRE,Gram Morodhat Khudel Nemawar Road Indore,9109157880,23,410,,,22.6835225,76.050703,PMJAY
HOSP23P03824,2303824,Hospital,P,ASHA HOSPITAL,WARD NO 2 NEAR KRISHI UPAJ MANDI,9111333122,23,421,,,23.1005,77.5111,PMJAY
HOSP23P03829,2303829,Hospital,P,NEW DELHI CENTRE FOR SIGHT LTD, Plot No.124 Sector A b Scheme No.54 Vijay Nagar,9302501414,23,410,,,22.7559974,75.892844,PMJAY
HOSP23P03939,2303939,Hospital,P,CHITRAKOOT EYE HOSPITAL ,"BESIDE GLOBAL HOSPITAL ,BADI UKHRI CHOWK VI JAY NAGAR",7247243943,23,411,,,23.1781438,79.9120899,PMJAY
HOSP23P04056,2304056,Hospital,P,SHRI RAM HEALTH CENTER,1297/2 Sohagpur Pali Road ,8218638963,23,429,,,23.31149,81.35248,PMJAY
HOSP23P04868,2304868,Hospital,P,SWASTIK MULTISPECIALITY HOSPITAL AND RESEARCH CENTRE,ITI ROAD INFRONT OF ISBT DEENDAYAL CHOWK,8461004122,23,411,,,23.194397,79.911592,PMJAY
HOSP23P07408,2307408,Hospital,P,mitali hospital,Ward no 22 C H Road Balaghat,9827893542,23,392,,,21812876,80183830,PMJAY
HOSP23P08092,2308092,Hospital,P,Shree Gurunanak Hospital & Research Center,"18,Ghansmandi Chauraha,Freeganj",8839247590,23,435,,,23.1808644,75.7941446,PMJAY
HOSP23P09585,2309585,Hospital,P,Sachin Hospital,sachin hospital nayapura guna,9669016758,23,406,,,24.64399,77.30465,PMJAY
HOSP23P12429,2312429,Hospital,P,UJJAIN ORTHO HOSPITAL,UJJAIN ORTHO HOSPITAL,9617953444,23,435,,,23.17745414,75.7907638108037,PMJAY
HOSP23P15153,2315153,Hospital,P,AADHAAR HOSPITAL MULTI SPECIALITY UNIT,"32, RADHA KRISHNA COLONY , NEAR KAROND CHOURAHA , KAROND BY PASS ROAD ",9340077180,23,396,,,23.303097,77.408572,PMJAY
HOSP23P27242,2327242,Hospital,P,kalra hospital,"Kalra hospital,near silver estate,university road,thatipur",9575675000,23,407,100013,2020-12-18 11:54:38,26.21921,78.2231,PMJAY
HOSP23P27438,2327438,Hospital,P,MANAN CHILD CARE AND MULTISPECIALITY HOSPITAL,PLOT NO. 2 ADITYA AVENUE AIRPORT ROAD ,8962161977,23,396,,,23.2865808,77.3540457,PMJAY
HOSP23P27589,2327589,Hospital,P,medaz hospital & health care centre,"1054, main road adhartal jabalpur",8226006076,23,411,,,23.1996986,79.9481535,PMJAY
HOSP23P49621,2349621,Hospital,P,shri dada darbar hospital trust,indore ichapure highway barwaha,9826622051,23,414,"100004,100005,100006,100012,100015,100016",2020-05-10 19:47:14,22.2308365,76.0433936,PMJAY
HOSP23P58614,2358614,Hospital,P,BATALIA EYE HOSPITAL,DR BATALIA ROAD NEAR CLOCK TOWER JABALPUR,8989691182,23,411,,,23.1608938,79.9497702,PMJAY
HOSP23P91643,2391643,Hospital,P,Mewar hospital ,"Opp.Madhav Nagar Police Station ,Free Ganj Ujjain ",9358834614,23,435,,,23.176045,75.792675,PMJAY
HOSP23P93643,2393643,Hospital,P,SHANKAR NURSHING HOME,"BESIDE HERO AGENCY, ALLAHABAD ROAD REWA",9424507187,23,424,,,24.544568,81.311382,PMJAY
HOSP23P98965,2398965,Hospital,P,Paliwal Hospital Multi Super Speciality Unit Bhopal ,PLOT NO.26 27 ISBT HOSHANGABAD ROAD BHOPAL,9425009933,23,396,"100001,100002,100003,100004,100005,100006,100007,100008,100010,100012,100014,100015,100016,100017,100019,100020,100021,100022,100023,100026,100027,100028",2020-05-12 22:27:08,23.23071444,77.4440510819693,PMJAY
HOSP24P01683,2401683,Hospital,P,JHANVI NURSING HOME,"Gurukul Char Rasta , D Mart Road",9033883603,24,461,,,22.2876816,73.2337382,PMJAY
HOSP24P01844,2401844,Hospital,P,Eye Q Vision Pvt Ltd,"2nd Floor, Silver Bell Complex,Opp. MGVCL Office, Fatehgunj",9999244049,24,461,,,22.3236784,73.1897388,PMJAY
HOSP24P01845,2401845,Hospital,P,Eye Q Vision Pvt Ltd,"1ST FLOOR, MODI COMPOUND, ABOVE AXIS BANK, PAANCHBATTI",9999244049,24,442,,,21.692817,72.975669,PMJAY
HOSP24P02326,2402326,Hospital,P,Drashti eye hospital,"drashti eye hospital ,chittal road, amreli",9825380172,24,439,,,21.6123794,71.2188346,PMJAY
HOSP24P03358,2403358,Hospital,P,Krishna Hospital,Krishna Hospiral,9879165684,24,461,,,22.361168,73.1696291,PMJAY
HOSP24P03388,2403388,Hospital,P,Devansh eye hospital,"201,202 tryksha desire 2nd floor ,near kirthidham derasar Chandkheda",8347457660,24,438,,,23.112366,72.584329,PMJAY
HOSP24P03393,2403393,Hospital,P,Adarsh Children Hospital Deesa,"Adarsh Institute of Child Health ,Adarsh Complex, Highway",9824058075,24,441,,,24.2637604,72.1847526,PMJAY
HOSP24P03970,2403970,Hospital,P,Centre For Sight  Ahmedabad,ABC 1 Opp Wagh Bakri Lounge Off C G Road Navrangpura,9650044492,24,438,,,23.0329128,72.5554292,PMJAY
HOSP24P03971,2403971,Hospital,P,New Vision Laser Centre Rajkot P Ltd,"Atlantis K10, Tower A 101 Opp Honest Restaurant Sarabhai Compound Genda Circle",9650044492,24,461,,,22.3172034,73.1684139,PMJAY
HOSP24P04199,2404199,Hospital,P,SHALBY HOSPITAL,"NEAR D MART CHANOD VAPI,NEAR D MART CHANOD VAPI",8155002216,24,462,,2019-03-29 14:52:32,20.3537250000001,72.9290560000001,PMJAY
HOSP24P04509,2404509,Hospital,P,Narayan Eye Hospital,"22,23 1st floor Amardeep Complex, Falshrutinagar, Bharuch",9723819460,24,442,,,21.7029782,72.9947545,PMJAY
HOSP24P04573,2404573,Hospital,P,SANJEEVAN EYE AND DENTAL HOSPITAL,"Nr kadva patidar samajwadi, opp dr kamlesh vegad hospital, camp area",9909727173,24,449,,,23.2457909,69.6759551,PMJAY
HOSP24P05605,2405605,Hospital,P,A.V.VISION FOUNDATION,"Nr, Lodhino Limdo, Opp, Old post Office, Dholka",9662123888,24,438,,,22.729189,72.444478,PMJAY
HOSP24P05642,2405642,Hospital,P,AMAN HOSPITAL AND RESEARCH CENTER 1,"15 shashwat, opp e.s.i. hospital gotri road",9904402122,24,461,,,22.3092019,73.1499278,PMJAY
HOSP24P05692,2405692,Hospital,P,DRASHTI EYE HOSPITAL,"B DWARKADHISH MARKET, 1ST FLOOR , NR SARADAR BAUG",9429586995,24,448,,,21.5208566,70.4527728,PMJAY
HOSP24P05882,2405882,Hospital,P,ROSHNI EYE HOSPITAL ,NEAR GAYATRI TEMPLE  BEHIND JANANI HOSPITAL ,9898359019,24,441,,,24.0718673,71.5933862,PMJAY
HOSP24P06191,2406191,Hospital,P,Rajal Surgical Hospital ,"Vendor char rasta , B/H charoter bank ,Anand ,Ahinsha chowk",9825291766,24,440,"100006,100012,100026",2018-12-07 01:13:20,22.558836,72.9611560000001,PMJAY
HOSP24P06241,2406241,Hospital,P,JIVAN JYOT HOSPITAL & ICU,"A WING, WHITE PEARL COMPLEX, B/H IOC PETROL PUMP, PADRA",9925033652,24,461,,,22.2394372,73.0847979,PMJAY
HOSP24G06264,2406264,Hospital,P,Shreeji Hospital,"Opp Narsidham Complex, Harni Road",8141383491,24,461,,,22.331672,73.215251,PMJAY
HOSP24P06517,2406517,Hospital,P,VED HOSPITAL KHATRAJ,"near varun trailor khatraj chokdi ahmedabad road,",7016486756,24,450,"100001,100004,100005,100006,100012,100015,100020,100023,100026",2018-09-19 11:41:41,22.824019340614313,72.77543862513903,PMJAY
HOSP24P06749,2406749,Hospital,P,shreeji dental care,"105,1st floor,radhakishan app,deep chamber crossing,manjalpur",9099077734,24,461,,,22.347419,73.174741,PMJAY
HOSP24P06911,2406911,Hospital,P,PRIYA NURSING HOME,FIRST FLOOR RANGOLI COMPLEX BHALEJ ROAD ANAND,9825611106,24,440,,,22.559455,72.958617,PMJAY
HOSP24P07555,2407555,Hospital,P,Mahavir Hospital ,"gariyadhar road,damnagar",9427743195,24,439,,,21.6855413,71.5163471,PMJAY
HOSP24P07571,2407571,Hospital,P,Navchetan Hospital,"138 Vijay Nagar, Behind Ambamata Temple, Hospital Road, Bhuj ",9408246588,24,449,,,23.2431674,69.6721119,PMJAY
HOSP24P07703,2407703,Hospital,P,RADHASWAMI MULTISPECIALITY HOSPITAL,"OPP.NEW BUS STNAD B/H TRIMURTI COMPLEX,PIJ BHAGOL,NADIAD,",9879582074,24,450,"100004,100005,100006,100012,100014,100015,100026",2018-09-19 18:01:47,22.693154,72.860531,PMJAY
HOSP24P07768,2407768,Hospital,P,JIYA HOSPITAL,"Jiya Hospital, Plot No.96 b1 b2, Hospital Road, Vijay Nagar",9898071963,24,449,,,23.2412492,69.6726706,PMJAY
HOSP24P07849,2407849,Hospital,P,Krit Eye Hospital,"1ST FLOOR, DAS PLAZA, NEAR VRUNDAVAN CHAR RASTA",9409398250,24,461,,,22.2979815,73.2377153,PMJAY
HOSP24P08421,2408421,Hospital,P,Shreeji eye hospital and phaco centre,"308A,primate,Opp.Mother Milk Palace,Judges Bunglow Cross Roads,Bodakdev.",9824220156,24,438,,,23.035512,72.515406,PMJAY
HOSP24P08548,2408548,Hospital,P,astha children hospital,b12newnarayannagarsocietyvasnaroad,9825565670,24,461,,,22.2967631,73.1525969,PMJAY
HOSP24P09891,2409891,Hospital,P,Jay Nursing Home,"Shree Hatkesh Chambers, Chhatthi Bari, Bhuj-Kutch",9825226917,24,449,,,23.2522285,69.6698085,PMJAY
HOSP24P10032,2410032,Hospital,P,DR AGARWALS EYE HOSPITAL,"FF-7, DEV AURUM Showroom and Offices, Anandnagar Cross Rds, Prahladnagar",7990150055,24,438,,,23.0123673,72.5147959,PMJAY
HOSP24P10362,2410362,Hospital,P,cardiology and cardio thoracic vascular surgery,"vidhya nagar main road,near gayatri medical",9998100033,24,457,"100002,100003",2018-10-03 16:03:27,22.288125,70.7949750000001,PMJAY
HOSP24P10422,2410422,Hospital,P,Divine Heart and Reserch hospital,"2597/2, daudi shopping center, opp axis bank,panchbatti",9313924225,24,442,"100002,100026",2018-12-07 01:10:20,21.700692760020743,72.98756806450285,PMJAY
HOSP24P10455,2410455,Hospital,P,NAVJIVAN HOSPITAL,"NAVJIVAN HOSPITAL, MANDAL ROAD, VIRAMGAM",9328310940,24,438,,,23.1284,72.0459,PMJAY
HOSP24P10469,2410469,Hospital,P,Tristar Hospital,"Tristar Hospital, Nanpura, Athwagate, Surat-395001,Tristar Hospital, Nanpura, Athwagate, Surat-395001",9909903241,24,459,"100002,100003,100004,100005,100006,100007,100008,100010,100012,100014,100015,100016,100017,100020,100022,100023,100026,100027",2018-09-19 11:01:55,21.185126996151524,72.81100676513415,PMJAY
HOSP24G11428,2411428,Hospital,G,CHC MANDAL,Mandal,9099067197,24,438,,,23.2889777,71.9176387,PMJAY
HOSP24P12254,2412254,Hospital,P,Baroda Neurosurgical children & Multispecialty hospital,"5/A, Tarang Society, Opp Akota stadium, Productivity road, Akota",9825029530,24,461,,,22.2966788,73.171981,PMJAY
HOSP24P12263,2412263,Hospital,P,Jeevandeep hospital ,"Silver complex,near nagar Palika Bhavan ",9712194293,24,675,,,20.8250356,71.0414862,PMJAY
HOSP24P12942,2412942,Hospital,P,fracture & orthopaedic hospital,"D2 payal flats, B/H mehta, Near Anjli cross road, Vasna",9687608776,24,438,,,23.002118,72.55133,PMJAY
HOSP24P13222,2413222,Hospital,P,AASTHA BAVISHI EYE HOSPITAL,"OPP. Z K RESTAURANT, NR. RELIEF CINEMA, RELIEF ROAD",9099032969,24,438,,,23.0263844,72.5823211,PMJAY
HOSP24P13535,2413535,Hospital,P,OM HOSPITAL AND ICU,"burhani manzil,darpan road",9925042298,24,445,,,22.841243,74.249295,PMJAY
HOSP24P13821,2413821,Hospital,P,AARNA SUPERSPECIALITY HOSPITAL,SHANT PRABHA HEIGHTS OPP RAMUJILAL HALL JAWAHAR CHOWK MANINAGAR,8469131341,24,438,,,22.9951255,72.6027628,PMJAY
HOSP24P15306,2415306,Hospital,P,alka eye hospital,1stFLOOR KILACHAND CENTER STATION ROAD,9426506603,24,455,,,23.8523,72.1266,PMJAY
HOSP24P15314,2415314,Hospital,P,Avishkar dialysis center ,"himatnagar,motipura himatnagar ",9154291734,24,458,100026,2018-12-26 17:44:21,23.676343,73.1386380000001,PMJAY
HOSP24P15548,2415548,Hospital,P,KAAVYA HOSPITAL AND PHARMA PVT LTD,"101,202 kankavati complex,above bank of baroda.singanpore-causeway road,katargam.",9727660910,24,459,,,21.2292442,72.8215251,PMJAY
HOSP24P27105,2427105,Hospital,P,shree ranchhoddasjibapu charitable hospital,"nr.sadguru ashram,shree sadguru ashram marg",8460928508,24,457,,,22.3084842,70.8176627,PMJAY
HOSP24P28378,2428378,Hospital,P,JIGAR EYE HOSPITAL,"DWARKESH CHAMBERS,NEAR BUS STATION ",9879017297,24,454,,,22.5050787,73.4712732,PMJAY
HOSP24P31314,2431314,Hospital,P,dev hospital,"plt 439 sac 1A, GAYTRI MANDIR ROAD, NR OSLO CIRCLE",9825412231,24,449,,,23.0681573,70.1309574,PMJAY
HOSP24P31327,2431327,Hospital,P,Sangini Hospital ,"First Floor, Santorani Square Building, opp. Star Bazaar Lane,Jodhpur Cross Road, Satellite, Ahmedabad",9824500452,24,438,"100005,100017",2021-08-13 15:02:36,23.025000173805793,72.52334333632632,PMJAY
HOSP24P36438,2436438,Hospital,P,Siddhi Hospital ,"Siddhi Hospital, A-Ward, Nr Naroda Patia,Kubernagar",9428107202,24,438,"100006,100012,100015",2021-02-18 13:32:42,23.0672751,72.6428452,PMJAY
HOSP24P43776,2443776,Hospital,P,PRUTHVI HOSPITAL,"PRUTHVI HOSPITAL ,GATHAMAN GATE ,  SURESH MEHTA CHOWK",9427086800,24,441,,,24.1692255,72.4355117,PMJAY
HOSP24P44863,2444863,Hospital,P,NETRADEEP EYE HOSPITAL PVT LTD,Netradeep Eye Hospital Pvt Ltd,9825482613,24,457,,,22.2897079,70.8022744,PMJAY
HOSP24P52280,2452280,Hospital,P,Amdavad Eye Laser Hospital,"6 B, DEVANG PARK, PANJARAPOLE CROSS ROADS, AHMEDABAD",9824088221,24,438,,,23.02729,72.5454658,PMJAY
HOSP24G55404,2455404,Hospital,G,primary health centre sandhasal,sandhasal,7069056388,24,461,,,22.636596,73.357018,PMJAY
HOSP24P55835,2455835,Hospital,P,Trilochan Eye Care ,"115 bharvi tower ,opp shardha school,ctm,amraiwadi",9944370777,24,438,,,22.9983529,72.6345876,PMJAY
HOSP24P56627,2456627,Hospital,P,Global Hospital,"s.G Highway Bodakdev,nr Bodakdev garden pakwan Cross Road ",7575001769,24,438,"100002,100003,100015,100020,100026",2018-12-07 00:58:34,23.041209695936274,72.50850027425349,PMJAY
HOSP24P58897,2458897,Hospital,P,Drashti Skin & Eye Hospital,"2nd Floor Smile Building, 5,Manhar plot, Mangla Road",9879298182,24,457,,,22.288675,70.798084,PMJAY
HOSP24P59026,2459026,Hospital,P,SAURASHTRA LASER CENTRE DIV OF NEHPL,"OPP. PGVCL, NR. SURYAMUKHI HANUMAN TEMPLE, NANA MAVA MAIN ROAD,",9825482613,24,457,,,22.280421,70.785123,PMJAY
HOSP24P59829,2459829,Hospital,P,DR SAYUJ MATERNITY HOSPITAL,"saket complex,tower b,nr sai darshan apartment,mukhinagar road,khodiyar nagar,new vip road",9737521886,24,461,,,19.2076708,72.9914518,PMJAY
HOSP24P61392,2461392,Hospital,P,ASIAN EYE INSTITUTE AND LASER CENTRE,"NEAR BANK OF BARODA, BIDADA, TALUKA - MANDVI",9537475672,24,449,,,22.899966,69.4761044,PMJAY
HOSP24P62407,2462407,Hospital,P,avvisionfoundation,"Nr,CHC Bavla, Opp, pravin petrol pump, Bavla",9898774863,24,438,,,22.8298,72.3638,PMJAY
HOSP24P63035,2463035,Hospital,P,OUTREACH CENTREOF NETRADEEP EYE HOSPITAL,"Silver mount complex, 4th floor, Pedak Road",9825382526,24,457,,,22.3028558,70.8169531,PMJAY
HOSP24P65105,2465105,Hospital,P,Vihaan ENT Hospital,"opp. tran hanuman mandir, deesa. 385535",9712924970,24,441,,,24.2585031,72.1906721,PMJAY
HOSP24P66603,2466603,Hospital,P,Manglam eye hospital,Ambika Nagar Highway road Tharad,9909085321,24,441,,,24.3852973,71.627282,PMJAY
HOSP24P66738,2466738,Hospital,P,AAGMAN WOMENS HOSPITAL,DR HOUSE AREA,9909023583,24,441,,,24.170998,72.427863,PMJAY
HOSP24P67519,2467519,Hospital,P,SRI SATHYA SAI HEART HOSPITAL,"off kalawad road,b/h atmiya college",9499782757,24,457,,2018-12-19 17:50:58,22.303859,70.801996,PMJAY
HOSP24P69078,2469078,Hospital,P,Auroma dental clinic and oral cancer detection centre,"104, anand arcade, opposite amrapali complex, water tank road, muktanand circle, karelibaugh",9408771746,24,461,,,22.3209568,73.1991624,PMJAY
HOSP24G69155,2469155,Hospital,G,PHC ASLALI,"BH-ASLALI BUS STAND,ASLALI",9099064113,24,438,"100001,100002,100003,100004,100005,100006,100007,100008,100009,100010,100011,100012,100013,100014,100015,100016,100017,100018,100019,100020,100021,100022,100023,100026,10083",2018-12-10 13:19:03,22.9149,72.5936,PMJAY
HOSP24G69159,2469159,Hospital,G,Phc dholera,"Phc dholera,Near pnb Bank main road dholera",6355885982,24,438,"100001,100002,100003,100004,100005,100006,100007,100008,100009,100010,100011,100012,100013,100014,100015,100016,100017,100018,100019,100020,100021,100022,100023,100026,10083",2018-12-10 13:19:03,22.2488000000001,72.192577,PMJAY
HOSP24G69284,2469284,Hospital,G,PHC BHDLA,"VIRPAR ROAD BHADLA,",7567877860,24,457,"100001,100002,100003,100004,100005,100006,100007,100008,100009,100010,100011,100012,100013,100014,100015,100016,100017,100018,100019,100020,100021,100022,100023,100026,10083",2018-12-10 15:23:15,22.188256440349022,71.0962050238578,PMJAY
HOSP24G69508,2469508,Hospital,G,PHC VIRANIYA,"phc Viraniya,viraniya chokdi",9724402843,24,669,"100001,100003,100004,100005,100007,100009,100010,100011,100013,100014,100016,100017,100018,100019,100023,100026,10083",2018-12-10 15:23:15,23.06842600000816,73.61518899999567,PMJAY
HOSP24G69509,2469509,Hospital,G,PHC AMLIDEM,"PHC AMLIDEM,",9727709563,24,459,"100001,100002,100003,100004,100005,100006,100007,100008,100009,100010,100011,100012,100013,100014,100015,100016,100017,100018,100019,100020,100021,100022,100023,100026,10083",2018-12-10 15:23:15,21.394728,73.368368,PMJAY
HOSP24G69634,2469634,Hospital,G,Primary Health Center Varsoda,"Primary Health Center Varsoda,near gram panchayat varsoda",9909942250,24,446,"100001,100002,100003,100004,100005,100006,100007,100008,100009,100010,100011,100012,100013,100014,100015,100016,100017,100018,100019,100020,100021,100022,100023,100026,10083",2018-12-10 15:47:45,23.423982125673163,72.74715388464415,PMJAY
HOSP24P69671,2469671,Hospital,P,LIFECAREHOSPITAL AND PHYSIOTHERAPY CENTER,"TOWER -A ,SHIV -SPANDAN HEIGHTS,",9687049757,24,461,,,22.3127714,73.2588441,PMJAY
HOSP24G69808,2469808,Hospital,G,Primary Health centre Deshalpar-V,"PRIMARY HEALTHCENTER DESHALPAR-V,",9726434779,24,449,"100001,100002,100003,100004,100005,100006,100007,100008,100009,100010,100011,100012,100013,100014,100015,100016,100017,100018,100019,100020,100021,100022,100023,100026,10083",2018-12-11 13:24:35,23.20349595740946,69.44265004971902,PMJAY
HOSP24P70153,2470153,Hospital,P,NETRADEEP EYE HOSPITAL PVT LTD SATELITE CENTRE,"2nd FLOOR, HARBHOLE COMPLEX, NR. HP PETROL PUMP, UNIVERSITY ROAD,",9825482613,24,457,,,22.2875974,70.7617351,PMJAY
HOSP24P70746,2470746,Hospital,P,SHUBHAM HOSPITAL,"NEAR PETROL PUMP RAILWAY STATION ROAD DHANERA ,NR PETROL PUMP STASTIO RAD",9909915032,24,441,"100012,100026",2019-03-15 17:53:57,24.533705659828257,72.01262071645192,PMJAY
HOSP24P70849,2470849,Hospital,P,Sentara Hospital,"Bus Stand, 45, Karnavati Society, near Shivshakti Brts,chandkheda",8000212142,24,438,"100015,100020,100026",2019-02-18 11:21:27,23.1123930000001,72.583514,PMJAY
HOSP24P70888,2470888,Hospital,P,SARAH LADYCARE HOSPITAL,GATHAMAN GEAT ,9925925139,24,441,,,24.1547413,72.397635,PMJAY
HOSP24P71990,2471990,Hospital,P,SHRI HARIKRUSHNA MULTISPECIALITY HOSPITAL,"FIRST FLOOR, MARUTI COMPLEX,BUS STAND-MALAV TALAV ROAD,DHOLKA",9824253959,24,438,"100006,100012,100015",2019-02-11 13:59:26,22.726836,72.4354290000001,PMJAY
HOSP24P72786,2472786,Hospital,P,AAGMAN HOSPITAL,AMRUT NAGAR SOCIETY NEAR RAILWAY CROSSING KODINAR,9275170551,24,675,,,20.7971584,70.695757,PMJAY
HOSP24P73437,2473437,Hospital,P,Om Hospital,"2nd floor, shivshkti complex, ,Opposite L. I. C OFFIC, Railway, Station Rd, Kadi, Gujarat ",9510626376,24,451,"100015,100020",2024-04-20 15:30:22,23.282089,72.383878,PMJAY
HOSP24P73919,2473919,Hospital,P,SHREEJI DENTAL CLINIC AND CHILDRENS NURSING HOME  SHREEJI HOSPITAL,"Axay Apartment, NEAR JAYRATNA BUILDING, R.V.DESAI ROAD",9824335344,24,461,,,22.2925563,73.2034657,PMJAY
HOSP24P74022,2474022,Hospital,P,SHREE AMBANI HEART HOSPITAL AND I C U,1floor ratan hospital opp petrol pump dhanera,9408000379,24,441,,,24.5024811,72.032023,PMJAY
HOSP24P78527,2478527,Hospital,P,SAI HOSPITAL ,"shop no 1,2  laxmi sopping center ,near madyam varg society ,sahwadi gam ,narol",9586515556,24,438,,,23.0054002,72.5919938,PMJAY
HOSP24P80153,2480153,Hospital,P,Shree Himja children Hospital & Neonatal care centre,"Opposite Kohinoor cinema, station Road ,patan",9825251461,24,455,,,23.8522765,72.1273123,PMJAY
HOSP24P80632,2480632,Hospital,P,HOPE SPINE & JOINT CLINIC,"first floor, krishna arcade, near shabri school, aerodrome road",7874997979,24,451,100015,2020-06-19 12:42:26,23.603792,72.379523,PMJAY
HOSP24P81346,2481346,Hospital,P,M M CHOKSHI MEDICAL CENTRE,A-2 GOKHALE COLONY  M M CHOKSHI MEDICAL CENTRE  DINESH MILL ROAD  OPP  VERAI MATA TEMPLE  AKOTA,9879533897,24,461,,,22.3026019,73.1768887,PMJAY
HOSP24P84454,2484454,Hospital,P,ARHAM Dental Care,F 9 Sainth Park Opp Kalyan Party Plot Vasna Bhayli Road Vadodara,9408735025,24,461,,,22.2947052,73.147375,PMJAY
HOSP24G88668,2488668,Hospital,G,PHC Sorna,Phc Sorna Ta. Kapadvanj District Kheda,8980694169,24,450,"100001,100002,100003,100004,100005,100006,100007,100008,100009,100010,100011,100012,100013,100014,100015,100016,100017,100018,100019,100020,100021,100022,100023,100026,10083",2019-02-14 15:31:47,22.987577,73.08196,PMJAY
HOSP24G90702,2490702,Hospital,G,Divisional Railway Hospital Rajkot,"DIVISIONAL RAILWAY HOSPITAL , KOTHI COMPOUND, Rajkot",9724094516,24,457,"100001,100002,100003,100004,100005,100006,100007,100008,100009,100010,100011,100012,100013,100014,100015,100016,100017,100018,100019,100020,100021,100022,100023,100026",2019-03-07 12:55:26,22.3069506,70.7992666,PMJAY
HOSP24G90719,2490719,Hospital,G,Railway main hospital ,"B-SITE, FREELANDGUNJ",9724092562,24,445,"100001,100002,100003,100004,100005,100006,100007,100008,100009,100010,100011,100012,100013,100014,100015,100016,100017,100018,100019,100020,100021,100022,100023,100026",2019-03-06 17:28:42,22.8383903,74.2003230999999,PMJAY
HOSP24G90722,2490722,Hospital,G,divisional railway hospital pratapnagar,"To, Railway Colony Danteshwar, 69, Santosh Wadi Rd, Railway Colony, Danteshwar, Vadodara, Gujarat 390004",9724091510,24,461,"100001,100002,100003,100004,100005,100006,100007,100008,100009,100010,100011,100012,100013,100014,100015,100016,100017,100018,100019,100020,100021,100022,100023,100026",2019-03-05 17:48:49,22.2786511,73.2105943,PMJAY
HOSP24P90974,2490974,Hospital,P,samatva multispecity hospital,"702 param doctor  house lal darwaja  surat,702/3 PARAM DOCTOR HOUSE STAION RD",9825480579,24,459,"100015,100026",2019-04-11 11:57:25,21.206179896852504,72.83742941581625,PMJAY
HOSP24P91277,2491277,Hospital,P,Dwarkesh Multispecialty Hospital,Near Lion Circle New VIP Road Vadodara,9825403344,24,461,,,22.3274179,73.210536,PMJAY
HOSP24P91803,2491803,Hospital,P,KUTCH ORTHOPAEDIC HOSPITAL,"PLOT NO 5 ,6,35, AND 36, SHIVAM NAGAR,ENGINEERING COLLEGE ROAD, NEAR UMA NAGAR",9099935202,24,449,"100015,100020,100026",2019-05-10 11:40:07,23.233344,69.638879,PMJAY
HOSP24P93686,2493686,Hospital,P,Tanmay Children Hospital,"PLOT NO 448 SECTOR 1/A,GAYATRI MANDIR ROAD",9426380211,24,449,"100005,100010",2021-09-30 15:50:48,23.0669921,70.1284118,PMJAY
HOSP24P93816,2493816,Hospital,P,BABY CARE CHILDREN HOSPITAL,"NEAR RAILWAY BRIDGE PINK WOLD DHUNDHIYAWADI PALANPUR ,NEAR RAILWAY BRIDGE PINK WOLD DHUNDHIYAWADI PALANPUR ",9913367137,24,441,"100005,100010",2021-12-09 11:02:39,24.17167747382416,72.4264872370419,PMJAY
HOSP24P98915,2498915,Hospital,P,PUSHYA HOSPITAL,"32, SARDAR PATEL NAGAR,NR.WAGH BAKRI TEA LAUNGE, NAVRANGPURA",9824636271,24,438,"100015,100020,100026",2019-11-07 14:39:37,23.033379,72.556002,PMJAY
HOSP25G00685,2500685,Hospital,G,Government Hospital Marwad Daman,GOVT HOSPITAL MARWAD NANI DAMAN DEVKA,9925047850,25,463,,,,,PMJAY
HOSP27G16726,2716726,Medical College Hospital,G,Government Medical College & Hospital Miraj,"Pandharpur Road Miraj,",9422393401,27,493,"100001,100002,100004,100005,100006,100008,100012,100013,100015,100016,100018,100019,100021,100022,100023",2018-09-18 20:40:42,16.846907,74.737828,PMJAY
HOSP27P78902,2778902,Daycare Centre,P,Contacare eye hospital,"Kolhapur,Maharashtra Station Road,Shivaji Park Near Veershaiv Co-Op Bank",9766670607,27,480,,2019-01-11 12:26:35,16.7056976,74.2465382,PMJAY
HOSP27P78932,2778932,Hospital,P,Sunrise Hospital Kolhapur,"Shivaji Park, Kolhapur,SHIVAJI PARK",9921792969,27,480,"100001,100002,100003,100004,100005,100006,100007,100008,100009,100010,100011,100012,100013,100014,100015,100016,100017,100018,100019,100020,100021,100022,100023,100026",2019-01-11 12:26:35,16.7,74.25,PMJAY
HOSP27P78985,2778985,Hospital,P,dr bhangale hospital,"341 ONKAR NAGAR JILHA PETH JALGAON,341 ONKAR NAGAR JILHA PETH JALGAON",9960606180,27,478,100006,2019-01-11 12:26:35,20.9953610000001,75.565797,PMJAY
HOSP27P79029,2779029,Hospital,P,Hospital,"Kedgaon - Choufula Road  Boripardhi,",9960916393,27,490,,2019-01-11 12:26:35,18.4813560000001,74.3768450000001,PMJAY
HOSP27P79032,2779032,Hospital,P,GILLURKAR MULTISPECIALITY HOSPITAL & RESEARCH CENTRE,RESIMBAG UMRED ROAD  SAKKARDARA SQUARE,7972934366,27,484,"100001,100002,100003,100004,100005,100006,100007,100008,100009,100010,100011,100012,100013,100014,100015,100016,100017,100018,100019,100020,100021,100022,100023,100026",2019-01-11 12:26:35,21.131377,79.1093768,PMJAY
HOSP27P79073,2779073,Hospital,P,WARANA INSTITUTE OF URO SURGERY,"1099/1,Opp B T College Shahupuri 4th lane",9822015130,27,480,,2019-01-11 12:26:35,16.7000310000001,74.2379955,PMJAY
HOSP27P79074,2779074,Hospital,P,seven eleven hospital,mira road ideal park road opp seven square acadamy,9819285999,27,497,"100001,100002,100003,100004,100005,100006,100007,100008,100009,100010,100011,100012,100013,100014,100015,100016,100017,100018,100019,100020,100021,100022,100023,100026",2023-11-27 11:38:44,19.2953612,72.8650967,PMJAY
HOSP27P79095,2779095,Hospital,P,SHREEDEVI HOSPITAL,kalyan DR DEEPAK SHETTY ROAD BHANU SAGAR THEATOR,8828453929,27,497,,2019-01-11 12:26:35,19.2360674,73.1273023,PMJAY
HOSP27P79103,2779103,Hospital,P,SHARADA CLINIC ERRAM MULTISPECIALITY HOSPITAL KARAD,"251 A MANGALWARPETH STATION ROAD,NEAR KRUSHNA BRIDGE, KARAD.",8605099500,27,494,"100001,100002,100003,100004,100005,100006,100007,100008,100009,100010,100011,100012,100013,100014,100015,100016,100017,100018,100019,100020,100021,100022,100023,100026",2019-01-11 12:26:35,17.29142932173616,74.18746289579099,PMJAY
HOSP27P79107,2779107,Hospital,P,HRIDAYA MULTISPECIALITY HOSPITAL AND RESEARCH CENTRE,"GAT NO 1096/A,KOLHAPUR SANGLI HIGHWAY A/P HERLE TAL HATKANGALE",9822777569,27,480,"100008,100022",2019-01-11 12:26:35,16.7479210000001,74.3231190000001,PMJAY
HOSP27P79116,2779116,Hospital,P,Star Hospital,"Opp. Force Motors,   Next to Hotel Kundan Palace,  Akurdi",9373083563,27,490,"100001,100002,100003,100004,100005,100006,100007,100008,100009,100010,100011,100012,100013,100014,100015,100016,100017,100018,100019,100020,100021,100022,100023,100026",2023-11-27 11:38:44,18.6516549,73.7836184,PMJAY
HOSP27P79145,2779145,Hospital,P,Care Multispecialty hospital,"Kolte Arcade, Awhalwadi phata, Pune Nagar Road,Wagholi",9921413344,27,490,"100002,100003,100005,100008,100010,100015,100020,100022,100023",2019-01-11 12:26:35,18.58130646530273,73.98484398756182,PMJAY
HOSP27P79160,2779160,Hospital,P,SATYA SAI PLATINUM HOSPITAL,"satya sai platinum hospital gr floor ulhansagar 3,ULHASNAGAR 3",9769190310,27,497,"100001,100002,100003,100004,100005,100006,100007,100008,100009,100010,100011,100012,100013,100014,100015,100016,100017,100018,100019,100020,100021,100022,100023,100026",2019-01-11 12:26:35,19.23228,73.157634,PMJAY
HOSP27P79199,2779199,Hospital,P,"Dr.Sushila Nayar Hospital,Utawali",Amravati-Indore Highway 444702,9422141696,27,468,"100001,100002,100003,100004,100005,100006,100007,100008,100009,100010,100011,100012,100013,100014,100015,100016,100017,100018,100019,100020,100021,100022,100023,100026",2023-07-28 14:17:43,21.5454088,76.9559036,PMJAY
HOSP27P79225,2779225,Hospital,P,Alliance multispecialty hospital (LLP),"17 Chandur road opp suraj gas godown, kolhapur 416115",9822099233,27,480,"100002,100003,100005,100013,100023",2019-01-11 12:26:35,16.6816872,74.4475959,PMJAY
HOSP27P79236,2779236,Hospital,P,Sankalp Chaudhari Maternity Hospital and Dialysis Center,Amravati,9422682403,27,468,,2019-01-11 12:26:35,20.9314508,77.7620191,PMJAY
HOSP27P79252,2779252,Hospital,P,SUSHRUT HOSPITAL AND RESEARCH CENTRE,365 CHEMBUR SWASTIK PARK  SWASTIK CHAMBER,9321754731,27,482,"100001,100002,100003,100004,100005,100006,100007,100008,100009,100010,100011,100012,100013,100014,100015,100016,100017,100018,100019,100020,100021,100022,100023,100026",2019-01-11 12:26:35,19.0565159,72.8895307,PMJAY
HOSP27P79272,2779272,Hospital,P,Apex hospitals Borivali,"vaishali heights,chandavarkar road,Borivali west,",9320032700,27,483,,2021-03-17 11:15:19,19.231343,72.849651,PMJAY
HOSP27P99282,2799282,Hospital,P,Lotus Hospital,"LOTUS HOSPITAL, DOCTOR PLAZA, DOCTORS LANE, NEAR RAILWAY STATION NANDED",9545492000,27,485,"100002,100005,100006,100015,100020",2019-12-17 12:40:30,19.15872,77.30897,PMJAY
HOSP27P99284,2799284,Hospital,P,ASTER AADHAR HOSPITAL,"R S NO 628, B WARD, ,NEAR K M T WORKSHOP , SHASTRINAGAR",9225068500,27,480,"100002,100003,100007,100008,100010,100021,100022,100023",2023-04-25 11:12:50,16.685157205254285,74.23810593706142,PMJAY
HOSP27P99302,2799302,Hospital,P,Morya Hospital,"Rajarampuri, Kolhapur",0,27,480,"100001,100002,100003,100004,100005,100006,100007,100008,100009,100010,100011,100012,100013,100014,100015,100016,100017,100018,100019,100020,100021,100022,100023,100026",2023-11-27 11:38:44,,,PMJAY
HOSP3P100036,3100036,Hospital,P,DEEPAK HEART INSTITUTE,"OPP. PAU GATE  NO. 01 ,SARABHA NAGAR",9781997714,3,36,"100002,100003,100005,100008",2024-07-15 10:22:22,30.898337643722314,75.81851139271885,PMJAY
HOSP3P100611,3100611,Hospital,P,Ramanpreet Hospital,Chandigarh Road,9914002227,3,33,,,31.21537,76.14149,PMJAY
HOSP3P101114,3101114,Hospital,P,HOPE.HOSPITAL,"Opp. Civil Hospital, Chandigarh Road",6239796956,3,40,,,31.1116483,76.1563186,PMJAY
HOSP3P101302,3101302,Hospital,P,SADBHAVNA MEDICAL & HEART INSTITUTE,Opposite State College of Education,9317772225,3,41,,,30.3473° N,76.3877° E,PMJAY
HOSP3P102668,3102668,Hospital,P,Bariana Eye Hospital & Lasik Laser Centre,"1-R MODEL TOWN,HOSHIARPUR",9814233225,3,33,,,31.53134,75.89793,PMJAY
HOSP3P107392,3107392,Hospital,P,JALANDHAR HEART CENTRE,188 ADARSH NAGAR ,9317733211,3,34,100002,,31.32891,75.56474,PMJAY
HOSP3P114605,3114605,Hospital,P,BATHINDA NEUROSPINE AND TRAUMA CENTRE,"BIBI WALA ROAD, STREET NO 3 BATHINDA",8146962367,3,28,,,30.2142042,74.9495117,PMJAY
HOSP3P115013,3115013,Hospital,P,GREWALZ HEALTH CARE CLINIC,"GREWALZ HEALTH CARE CLINIC, PUNIA COLONY, DHURI ROAD, SANGRUR",8437900390,3,43,,,30.25945,75.83475,PMJAY
HOSP3P119336,3119336,Hospital,P,BHAI GHANAYA JI HOSPITAL,VPO SUDHAR TEHSIL AJNALA,9814154254,3,27,,,31.896861,74.877260,PMJAY
HOSP3P120160,3120160,Hospital,P,BABA GURDIT SINGH KALSI CHILDREN HOSPITAL,Dera Baba Nanak  Road,9888931697,3,32,,,32.03044,75.37416,PMJAY
HOSP3P123193,3123193,Hospital,P,MEDIWIN HOSPITAL,MEDIWIN HOSPITAL,9592269000,3,28,,,30.2113451,74.9462732,PMJAY
HOSP3P126748,3126748,Hospital,P,SKOPE HOSPITAL,"KAHLON HOSPIAL MODEL TOWN,",8558930046,3,34,100023,,31.3071358,75.5855768,PMJAY
HOSP3P130201,3130201,Hospital,P,SURYA MEDICAL RESEARCH CENTER PVT LTD,"OPP ZILA PARISHAD, GT ROAD",8803375000,3,28,,,30.2143679,74.9425157,PMJAY
HOSP3P131334,3131334,Hospital,P,METRO HOSPITAL,100 FEET ROAD OPP PUNJAB AND SINDH BANK,7009072788,3,28,,,30.2050101,74.9541602,PMJAY
HOSP3P131343,3131343,Hospital,P,DELHI NURSING HOME,"BIBI WALA ROAD BATHINDA,",9814099746,3,28,,,30.2137890000001,74.947863,PMJAY
HOSP3G143094,3143094,Hospital,G,UPHC Ranjeet Avenue,"E block Ranjit avenue, Amritsar",9780162005,3,27,"100004,100005,100012",,31.6616043,74.8669063,PMJAY
HOSP3G143319,3143319,Hospital,G,UPHC Fatahpur,"Bhai Sahib Singh satellite hospital, Fatahpur,near central jail, chabbal road,Amritsar",9872630040,3,27,"100005,100012,100014",,31.6389628,74.9998379,PMJAY
HOSP3G143456,3143456,Hospital,G,UPHC Mustafabad Amritsar,"UPHC Mustafabad, Batala road Amritsar",7717227387,3,27,"100005,100012",,31.6527,74.9099,PMJAY
HOSP3G143458,3143458,Hospital,G,UPhc Ghanupur Kale,"UPHC Ghanupur kale, block Amritsar urban",8284044006,3,27,"100005,100012",,31.61735,74.75785,PMJAY
HOSP32P15677,3215677,Hospital,P,BISHOP BENZIGER HOSPITAL KOLLAM,"Beach Road, Kollam, Pin Code -691001",7306594517,32,559,,,8.88167,76.59306,PMJAY
HOSP32P16425,3216425,Hospital,P,AL SALAMA EYE HOSPITAL LTD,"Hospital Road,Perinthalmanna,Malappuram",9496061337,32,562,,,10.9735332,76.2357816,PMJAY
HOSP32P22273,3222273,Hospital,P,Amrita Institute Of medical Sciences 996,Amrita Community Health Centre Njarakal under AIMS Kochi,9496181383,32,555,,,10.0332,76.29344,PMJAY
HOSP32P22973,3222973,Hospital,P,TIRUVALLA MEDICAL MISSION, P B NO. 74,9447738843,32,564,,,9.393864,76.5783102,PMJAY
HOSP32P28636,3228636,Hospital,P,ALSALAMA EYE HOSPITAL,"SOUTH BAZAR,MAKKANI",7593866660,32,557,,2023-11-21 18:22:13,11.8791570000001,75.37541,PMJAY
HOSP32P37074,3237074,Hospital,P,INDIA HOSPITAL TRUST,"India Hospital, Mele Thampanoor,",9387804668,32,565,"100002,100004,100005,100006,100023",2026-05-29 15:59:39,8.492900,76.951411,PMJAY
HOSP32P48980,3248980,Hospital,P,KIMS Al Shifa Healthcare Pvt Ltd,Perinthalmanna,9446540111,32,562,,,10.9745785,76.220599,PMJAY
HOSP32P54695,3254695,Hospital,P,SREEVALSAM INSTITUTE OF MEDICAL SCIENCES,SREEVALSAM INSTITUTE OF MEDICAL SCIENCES,9495000145,32,562,,2023-11-21 18:22:13,10.7653386,76.0073341,PMJAY
HOSP32P55463,3255463,Hospital,P,SUT ROYAL HOSPITAL,"SUT ROYAL HOSPITAL,ULLOOR,MEDICAL COLLEGE PO",9447144437,32,565,,,8.5384188,76.9293185,PMJAY
HOSP32P61768,3261768,Hospital,P,MUVATTUPUZHA COOPERATIVE SUPER SPECIALITY HOSPITAL AND RESEARCH CENTRE ,"MARKET PO, MUVATTUPUZHA",9447039090,32,555,,,9.9922329,76.5878867,PMJAY
HOSP32P62077,3262077,Hospital,P,WELCARE HOSPITAL,WELCARE Jn NEAR MERCY COLLEGE,9645203456,32,563,,,10.7745849,76.6094997,PMJAY
HOSP32P68510,3268510,Hospital,P,OPTHALMOLOGY ,"Stadium Link Road, Palarivattom, Kaloor ,",9895777343,32,555,,2023-11-21 18:22:13,9.99288600000006,76.3015830000001,PMJAY
HOSP32P83935,3283935,Hospital,P,AHALIA DIABETES HOSPITAL,"AHALIA DIABETES HOSPITAL,",9037769812,32,563,"100002,100005,100006,100015,100019",2024-05-17 15:42:41,10.792112,76.827524,PMJAY
HOSP32P84585,3284585,Hospital,P,UNITY HOSPITAL PVT LIMITED,"UNITY HOSPITAL PVT  LTD, KANIPPAYYUR POST. KUNNAMKULAM",9445385225,32,566,,2024-07-12 17:52:13,10.6405447,76.0851747,PMJAY
HOSP32P86170,3286170,Hospital,P,LEO HOSPITAL ,KALPETTA POST  WAYANAD  KERALA,9446005552,32,567,,2023-11-21 18:22:13,11.6046806,76.0853189,PMJAY
HOSP32P86219,3286219,Hospital,P,LITTLE FLOWER HOSPITAL AND RESEARCH CENTRE,LITTILE FLOWER HOSPITAL AND RESEARCH CENTER ANGAMALY,9745269870,32,555,,,10.19136,76.38966,PMJAY
HOSP32G90247,3290247,Hospital,P,STARCARE HOSPITAL,"STARCARE HOSPITAL KOZHIKODE PVT LTD, THONDAYAD BYPASS, KOZHIKODE",8086668328,32,561,,,11.2691268,75.8094634,PMJAY
HOSP32P91816,3291816,Hospital,P,Dharmagiri St Joseph Hospital ,Dharmagiri St Josephs Hospital,9142250378,32,561,,,11.330995,75.9858629,PMJAY
HOSP32P91823,3291823,Hospital,P,KMCT Medical College Urban Hospital,KMCT Medical College Urban Hospital,9446005089,32,561,,2024-07-12 17:52:13,11.326152,75.9709097,PMJAY
HOSP32P92063,3292063,Hospital,P,MES MEDICAL COLLEGE HOSPITAL,"PALACHODE PO, MALAPARAMBU, KOLATHUR VIA,",9061363300,32,562,,,10.956831260746114,76.17413592747312,PMJAY
HOSP32P92362,3292362,Hospital,P,St.Gregorios Medical Mission Hospital ,"PARUMALA P.O, PATHANAMTHITTA, KERALA, INDIA ",7902521747,32,564,,,9.3304376,76.5418316,PMJAY
HOSP32P92429,3292429,Hospital,P,MEDITRINA HOSPITAL,"meditrina hospital private limited ayathill kollam ,",8129601011,32,559,"100001,100002,100003,100004,100005,100006,100007,100010,100012,100014,100015,100016,100017,100019,100020,100023",2019-10-03 16:23:04,8.89253100000008,76.6326090000001,PMJAY
HOSP32P92629,3292629,Hospital,P,BM HOSPITAL NILAMBUR,"VK ROAD,NILAMBUR. PO,MALAPPURAM Dt. 679329",9495244618,32,562,,2024-07-12 18:52:28,11.2702915,76.227677,PMJAY
HOSP32P92722,3292722,Hospital,P,DEEPA HOSPITAL DANAPADY,DEEPA HOSPITAL DANAPADY,9446117454,32,554,"100002,100004,100005,100006,100012,100014,100016,100017,100020",2019-03-29 21:22:53,9.2834801,76.4405013,PMJAY
HOSP32P92724,3292724,Hospital,P,St.Thomas Mission Hospital,"St.Thomas Mission Hospital,Pallickal P.O,Kattanam",9447431206,32,554,,,9.169218,76.5816674,PMJAY
HOSP32P92728,3292728,Hospital,P,CENTURY Hospital,"MULAKUZHA,CHENGANNUR",9947992820,32,554,,,9.3048957,76.6354511,PMJAY
HOSP32P92738,3292738,Hospital,P,CHRISTOS HOSPITAL,"KPAC junction, Kayamkulam",9895007518,32,554,,,9.1623833,76.5055007,PMJAY
HOSP32P92741,3292741,Hospital,P,Sreenarayana Institute Of Medical Sciences,"CHALAKKA, NORTH KUTHIYATHODE (PO)ERNAKULAM",8078074185,32,555,,,10.1563404,76.2821922,PMJAY
HOSP32P92745,3292745,Hospital,P,DON BOSCO HOSPITAL,Near Muncipal Jn,8943877103,32,555,,,10.1462905,76.2263863,PMJAY
HOSP32P92746,3292746,Hospital,P,CITY HOSPITAL PVT LTD,"City Hospital, Padma Junction, Ernakulam",9847381858,32,555,,,9.9812585,76.2834017,PMJAY
HOSP32G92748,3292748,Hospital,G,COMMUNITY HEALTH CENTRE PANDAPPILLY,"CHC Pandappilly,Pandappilly",8281750794,32,555,"100001,100002,100003,100004,100005,100006,100007,100008,100009,100010,100011,100012,100013,100014,100015,100016,100017,100018,100019,100020,100021,100022,100023,100026,100028",2019-03-29 21:22:53,9.91039200000006,76.607514,PMJAY
HOSP32P92765,3292765,Hospital,P,Highrange Superspeciality Co.operative hospital Society,,9544838424,32,556,,,9.8390745,77.0357358,PMJAY
HOSP32P92766,3292766,Hospital,P,Devamatha hospital,DEVAMATHA HOSPITAL RAJAKUMARI,9446136170,32,556,,2024-07-12 17:52:13,9.970296,77.1464293,PMJAY
HOSP32P92770,3292770,Hospital,P,Sahayagiri Hospital Marayoor,SAHAYAGIRI HOSPITAL MARAYOOR,9439134739,32,556,,,10.2558983,77.1674001,PMJAY
HOSP32P92771,3292771,Hospital,P,ST.JOHNS MEDICAL CENTRE RAJAKKAD,"RAJAKKAD P O,RAJAKKAD",9447249736,32,556,,,9.963155,77.0985266,PMJAY
HOSP32P92776,3292776,Hospital,P,ALPHONSA EYE HOSPITAL,Pala,9287212056,32,560,,,9.708907,76.6764182,PMJAY
HOSP32P92777,3292777,Hospital,P,ASSISI HOSPITAL,"ASSISI  HOSPITAL ,MUKKOOTTUTHARA P.O, ERUMELI, KOTTAYAM 686510",8589997340,32,560,,,9.4488459,76.8719159,PMJAY
HOSP32G92778,3292778,Hospital,G,CHC EDAYARIKKAPUZHA,CHC EDAYIRIKKAPUZHA,8086010835,32,560,"100001,100002,100003,100004,100005,100006,100007,100008,100009,100010,100011,100012,100013,100014,100015,100016,100017,100018,100019,100020,100021,100022,100023,100026,100028",2019-03-29 21:22:53,9.5153988,76.708669,PMJAY
HOSP32G92781,3292781,Hospital,G,"CHC, THOTTAKKAD","CHC, THOTTAKKAD P.O",9447314971,32,560,"100001,100002,100003,100004,100005,100006,100007,100008,100009,100010,100011,100012,100013,100014,100015,100016,100017,100018,100019,100020,100021,100022,100023,100026,100028",2019-03-29 21:22:53,9.5314649,76.6037222,PMJAY
HOSP32P92783,3292783,Hospital,P,FATHIMA EYE HOSPITAL PALA,pala,9495109278,32,560,,,9.7200759,76.6802607,PMJAY
HOSP32G92788,3292788,Hospital,G,Govt. Dental College Kottayam,,0,32,560,"100001,100002,100003,100004,100005,100006,100007,100008,100009,100010,100011,100012,100013,100014,100015,100016,100017,100018,100019,100020,100021,100022,100023,100026,100028",2019-03-29 21:22:53,9.6317556,76.5258647,PMJAY
HOSP32G92790,3292790,Hospital,P,Lions Charitable Trust eye Hospital Paika,"Lions Charitable Trust Eye Hospital, Poovarani PO,",9447165802,32,560,,,9.6635035,76.7207903,PMJAY
HOSP32G92792,3292792,Hospital,G,PHC Mundankunnu,"PHC Mundankunnu,Manalumkal .P.O ,Kottayam,Kerala",8943341438,32,560,"100001,100002,100003,100004,100005,100006,100007,100008,100009,100010,100011,100012,100013,100014,100015,100016,100017,100018,100019,100020,100021,100022,100023,100026,100028",2019-03-29 21:22:53,9.596979,76.7310466,PMJAY
HOSP32P92793,3292793,Hospital,P,ST. THOMAS HOSPITAL,"CHETHIPUZHA, KURISUMMOOD P O, CHANGANASSERI",8606407776,32,560,,,9.4623138,76.5520725,PMJAY
HOSP32P92796,3292796,Hospital,P,VASAN HEALTH CARE pvt ltd,UNION CLUB ROAD,9539008047,32,560,,,9.5850537,76.5140141,PMJAY
HOSP32P92797,3292797,Hospital,P,AL SALAMA EYE HOSPITAL,ARAYIDATHUPALAM JUNCTION,8111884013,32,561,,,11.2582074,75.7912291,PMJAY
HOSP32G92805,3292805,Hospital,G,CHC MUKKAM,"MUKKAM P O, NEAR POLICE STATION, KOZHIKODE- 673602",9447394403,32,561,"100001,100002,100003,100004,100005,100006,100007,100008,100009,100010,100011,100012,100013,100014,100015,100016,100017,100018,100019,100020,100021,100022,100023,100026,100028",2019-03-29 21:22:53,11.3212492,75.996346,PMJAY
HOSP32P92810,3292810,Hospital,P,HOLY CROSS HOSPITAL KODANCHERY,,9447022941,32,561,,,11.4299358,76.0041958,PMJAY
HOSP32P92811,3292811,Hospital,P,KIMS TRUST HOSPITAL,"KIMS TRUST HOSPITAL , KODUVALLY INSTITUTE OF MEDICAL SCIENCE Pvt.Ltd , KP 1/181-B VENNAKKAD KODUVALLY KERALA INDIA PIN 673572",9495120800,32,561,,,11.3415829,75.8983652,PMJAY
HOSP32P92817,3292817,Hospital,P,SUPER SPECIALITY MALABAR EYE HOSPITAL,"SUPER SPECIALITY MALABAR EYE HOSPITAL, VEE PEE SPACE BUILDING, CIVIL STATION, CALICUT",9633732238,32,561,,,11.2806051,75.7867438,PMJAY
HOSP32G92831,3292831,Hospital,P,DHARMAGIRI ST JOSEPHS WHOLISTIC HEALING CENTRE,"DHARMAGIRI ST JOSEPHS WHOLISTIC HEALING CENTRE,",8078245591,32,563,,2023-11-21 18:22:13,10.59502639689812,76.50250555143566,PMJAY
HOSP32G92833,3292833,Hospital,G,Institute for Communicative and Cognitive Neurosciences (ICCONS),"Institute for Communicative and Cognitve Neurosciences (ICCONS), Kavalappara P.O., Shoranur",9496957744,32,563,"100001,100002,100003,100004,100005,100006,100007,100008,100009,100010,100011,100012,100013,100014,100015,100016,100017,100018,100019,100020,100021,100022,100023,100026,100028",2019-03-29 21:22:53,10.7671485,76.2973273,PMJAY
HOSP32G92835,3292835,Hospital,P,kerala medical college hospital,"MANGODE, CHERPULASSERY, PALAKKAD",8594070705,32,563,,,10.8822932,76.3497575,PMJAY
HOSP32P92838,3292838,Hospital,P,SHIFA HOSPITAL,"KOPPAM,P.O.PULASSERY",9447226623,32,563,,,10.8684163,76.18928,PMJAY
HOSP32G92894,3292894,Hospital,P,"THEJASWINI CO-OP;HOSPITAL& MEDICAL RESEARCH CENTRE Ltd No.S.364, NILESHWAR","THEJASWINI CO-OP;HOSPITAL, NILESHWAR,KASARAGOD(DIST),PIN671314 PH: 04672285256",9446052912,32,558,"100001,100004,100005,100006,100012,100015,100016,100017,100018,100019",2019-03-29 21:22:53,12.2586149,75.1342977,PMJAY
HOSP32G92905,3292905,Hospital,G,COMMUNITY HEALTH CENTRE TANUR,"BEACH ROAD TANUR ,",8589961520,32,562,"100001,100002,100003,100004,100005,100006,100007,100008,100009,100010,100011,100012,100013,100014,100015,100016,100017,100018,100019,100020,100021,100022,100023,100026,100028",2019-03-29 21:22:53,10.9866575737446,75.8835290786061,PMJAY
HOSP32G92907,3292907,Hospital,G,COMMUNITY HEALTH CENTRE MELATTUR,MELATTUR                                    MELATTUR.P.O,9446885277,32,562,"100001,100002,100003,100004,100005,100006,100007,100008,100009,100010,100011,100012,100013,100014,100015,100016,100017,100018,100019,100020,100021,100022,100023,100026,100028",2019-03-29 21:22:53,11.054759,76.2797941,PMJAY
HOSP32G92910,3292910,Hospital,G,CHC EDAPAL,Edappal,9496346849,32,562,"100001,100002,100003,100004,100005,100006,100007,100008,100009,100010,100011,100012,100013,100014,100015,100016,100017,100018,100019,100020,100021,100022,100023,100026,100028",2019-03-29 21:22:53,10.7840543,76.0013805,PMJAY
HOSP32G92912,3292912,Hospital,G,chc purathur,"chc purathur,purathur",9747211574,32,562,"100001,100002,100003,100004,100005,100006,100007,100008,100009,100010,100011,100012,100013,100014,100015,100016,100017,100018,100019,100020,100021,100022,100023,100026,100028",2019-03-29 21:22:53,10.81483,75.9228870000001,PMJAY
HOSP32G92920,3292920,Hospital,G,COMMUNITY HEALTH CENTRE OMANUR,"COMMUNITY HEALTH CENTRE OMANUR,PONNAD",9747211580,32,562,"100001,100002,100003,100004,100005,100006,100007,100008,100009,100010,100011,100012,100013,100014,100015,100016,100017,100018,100019,100020,100021,100022,100023,100026,100028",2019-03-29 21:22:53,11.2244190000001,75.9712480000001,PMJAY
HOSP32P92931,3292931,Hospital,P,Guardian hospital,Kaipamangalam,9947386957,32,566,,,10.3244144,76.1400655,PMJAY
HOSP32P92942,3292942,Hospital,P,EGM MOTHER AND CHILD HOSPITAL,Kodungallur,9037716638,32,566,,,10.371202,76.305024,PMJAY
HOSP32P92945,3292945,Hospital,P,Mar Themotheus Charitable Hospital,"Ollukkara P.O,Kunnathumkara",9061395647,32,566,,,10.5162576,76.2413862,PMJAY
HOSP32P92947,3292947,Hospital,P,ASSISI MISSION HOSPITAL,Parappukara,8086476223,32,566,,,10.3985007,76.2495874,PMJAY
HOSP32P92950,3292950,Hospital,P,Peechis Hospital,"Thegumkalayil building, Peechi road junction, Pattikad PO",9746471930,32,566,,2024-07-12 17:52:13,10.5559231,76.3237488,PMJAY
HOSP32G92954,3292954,Hospital,P,PULSE MEDICARE HOSPITAL,"MC ROAD, MANNANTHALA",7012189356,32,565,"100005,100026",2024-04-17 11:08:09,8.7520854,76.94107,PMJAY
HOSP32G92956,3292956,Hospital,P,SNEHA HOSPITAL,"Sneha Hospital, Kodinada, Balaramapuram",0,32,565,,,8.4273589,77.0450404,PMJAY
HOSP32P92957,3292957,Hospital,P,ARYALEKSHMI SM,"SWAMIJI HOSPITAL,SWAMIJI HOSPITAL CHIRAYINKEEZHU P.O. CHIRAYINKEEZHU",9447015051,32,565,,2019-03-29 21:22:53,8.66082996979658,76.78475183715057,PMJAY
HOSP32G92965,3292965,Hospital,G,CHC Kesavapuram,community health centre kesavapuram,8848891400,32,565,"100001,100002,100003,100004,100005,100006,100007,100008,100009,100010,100011,100012,100013,100014,100015,100016,100017,100018,100019,100020,100021,100022,100023,100026,100028",2019-03-29 21:22:53,8.75921,76.8559728,PMJAY
HOSP32P93115,3293115,Hospital,P,Ursula Hospital,"Ambalapuzha,",7736477462,32,554,,,9.3828383,76.3533724,PMJAY
HOSP32P93117,3293117,Hospital,P,MEDICAL TRUST HOSPITAL,,9447772056,32,556,,,9.5353268,76.9089401,PMJAY
HOSP32G93121,3293121,Hospital,G,CHC NILAMEL,CHC Nilamel Nilamel Po Kollam Kerala 691535,9747211445,32,559,"100001,100002,100003,100004,100005,100006,100007,100008,100009,100010,100011,100012,100013,100014,100015,100016,100017,100018,100019,100020,100021,100022,100023,100026,100028",2019-04-01 13:06:49,8.8267798,76.8785068,PMJAY
HOSP32G93129,3293129,Hospital,P,ST. JOSEPH'S MISSION HOSPITAL,"ST. JOSEPH'S MISSION HOSPITAL, ANCHAL",9207526473,32,559,"100005,100026",2024-11-01 14:59:52,8.928999,76.9180329,PMJAY
HOSP32P93286,3293286,Hospital,P,"JSM HOSPITAL,KARAMODE","KARAMCODE P.O,CHATHANNUR,KOLLAM",9526954024,32,559,,,8.8530579,76.7307338,PMJAY
HOSP32P93692,3293692,Hospital,P,The Lifeline Super Speciality Hospital,"The Lifeline Super Speciality Hosptal, Adoor",9188619300,32,564,,,8.48532,76.9427,PMJAY
HOSP32P93993,3293993,Hospital,P,SM Hospital Kadakkal,"SM Hospital kadakkal,kollam",9447503186,32,559,,,8.8248926,76.9179621,PMJAY
HOSP32P98251,3298251,Hospital,P,THETTIKKUZHI HOSPITAL ,"THETTIKKUZHI HOSPITAL, KUNNICODU.P.O KOTTARAKKARA",8075821187,32,559,,2024-07-12 17:52:13,9.355255,76.8527977,PMJAY
HOSP32G98525,3298525,Hospital,G,CHC Vellarada,"CHC Vellarada, Anappara, Vellarada P. O,CHC Vellarada, Anappara, Vellarada. P. O",9747211429,32,565,"100001,100002,100003,100004,100005,100006,100007,100008,100009,100010,100011,100012,100013,100014,100015,100016,100017,100018,100019,100020,100021,100022,100023,100026,100028",2019-05-07 15:22:57,8.452238880400984,77.19472827415007,PMJAY
HOSP32G98527,3298527,Hospital,G,COMMUNITY HEALTH CENTRE KESAVAPURAM,"KESAVAPURAM ,NAGAROOR",8075483196,32,565,"100001,100002,100003,100004,100005,100006,100007,100008,100009,100010,100011,100012,100013,100014,100015,100016,100017,100018,100019,100020,100021,100022,100023,100026,100028",2019-05-07 15:21:41,8.759119655174175,76.85109201489217,PMJAY
HOSP32P98729,3298729,Hospital,P,Kannur Co Operative Hospital Society Ltd,"Talap, Kannur",7012009340,32,557,,,11.8851516,75.3730455,PMJAY
HOSP32P99158,3299158,Hospital,P,swami vivekananda medical mission kerala,"Vivekananda Nagar, Muttil, 673122",9446440528,32,567,,,11.6376128,76.1107936,PMJAY
HOSP32P99188,3299188,Standalone Dialysis Centre,P,wayanad dialysis center,"pP6/536D,ROYEAL PADI,PULPALLY,",9136999990,32,567,,2019-05-29 10:13:11,11.793238,76.1649390000001,PMJAY
HOSP32P99359,3299359,Medical College Hospital,P,SR MEDICAL COLLEGE,"AKATHUMURI VENNICODE PO VARKALA,",9496020099,32,565,,2023-11-21 18:22:13,8.70310100000006,76.7561240000001,PMJAY
HOSP32P99520,3299520,Hospital,P,MUTHOOT HEALTH CARE PVT. LTD,"COLLEGE ROAD, KOZHENCHERRY P O, KERALA-689641",9847412607,32,564,,,8.886913,76.59217,PMJAY
HOSP32P99559,3299559,Hospital,P,ELETTIL HOSPITAL  & NURSING HOME,"1/43/A Elettil Vattoli, Kizhakoth, Koduvally",9895980280,32,561,,,11.399810,75.920690,PMJAY
HOSP32P99593,3299593,Hospital,P,VENAD HOSPITAL,"VENAD HOSPITAL KULAVIKOANAM NEDUMANGAD,VENAD HOSPITAL KULAVIKONAM NEDUMANGAD",9447439715,32,565,"100004,100005,100006,100010,100012,100015,100016,100017,100020",2019-07-01 10:53:40,8.60169700000006,77.0075170000001,PMJAY
HOSP32P99987,3299987,Hospital,P,ASSUMPTION HOSPITAL,"ASSUMPTION HOSPITAL, Kanjirapuzha",9847446363,32,563,,2024-07-12 17:52:13,11.6625,76.2533,PMJAY
HOSP33P99334,3399334,Hospital,P,VINAYAKA HOSPITAL,"KATTAYAD ROAD, SULTHAN BATHERY,SULTHAN BATHERY",9447020412,32,567,"100005,100006,100012,100015",2019-07-22 19:35:35,11.646419,76.245639,PMJAY
HOSP4P122949,4122949,Hospital,P,Chaitanya Hospital,"CHAITANYA HOSPITAL, Hospital Site NO. 1 and 2, sector 44 C",9023296065,4,44,100010,,30.71048,76.75383,PMJAY
HOSP5P114708,5114708,Hospital,P,Kohli Multi Speciality Hospital,"Tilak Road, Rishikesh,",8475005009,5,49,"100014,100017,100026",,30.1036080000001,78.295692,PMJAY
HOSP5P122935,5122935,Hospital,P,OGMC HOSPITAL,"LADPUR, RAIPUR ROAD, RING ROAD JUNCTION, RAIPUR ROAD, DEHRADUN (UK)",8755738111,5,49,,,30.3173426,78.0807203,PMJAY
HOSP5P123035,5123035,Hospital,P,CHARDHAM HOSPITAL DEHRADUN LLP,"CHARDHAM HOSPITAL   E-118 NEHRU COLONY BEHIND LIC MAIN BUILDING DHARAMPUR,",8218802644,5,49,"100006,100010,100015,100023",,30.2992190000001,78.0527980000001,PMJAY
HOSP5P123830,5123830,Hospital,P,Dr. Rajesh Tewari Eye Centre,41 Chakarata Road Tagore Villa,9412382436,5,49,,,30.326744,78.030963,PMJAY
HOSP5P124364,5124364,Hospital,P,Mother And Child Medical,BHATTA ROAD NEAR CHAUHAN HOTEL,7409382510,5,49,,,30.4669391,77.7676578,PMJAY
HOSP5P124935,5124935,Hospital,P,Shree Eye Care,"Nirman Vihar, Rispana Pul, Dehradun,",9557687267,5,49,100026,,30.296297,78.0569300000001,PMJAY
HOSP5P133169,5133169,Hospital,P,Devki Nandan Hospital,"Tehsil Road, Kashipur, US Nagar, UK,",9837069941,5,56,,,29.275647,78.9864620000001,PMJAY
HOSP5P135749,5135749,Hospital,P,ASHA NURSING HOME,"142, Badripur Road, Near Jogiwala Chowk, Dehradun",7017532638,5,49,,,30.284527,78.064511,PMJAY
HOSP5P135763,5135763,Hospital,P,ANMOL HOSPITAL,moradabad road kashipur,8755238150,5,56,,,29.210421,78.961830.,PMJAY
HOSP5P149856,5149856,Hospital,P,PRIMUS MULTISPECIALTY HOSPITAL ,"A1 SHIVLOK COLONY RAIPUR ROAD DEHRADUN ,",7310595856,5,49,"100005,100006,100010,100012,100015,100017,100020,100023",2023-09-06 10:58:12,30.320675,78.0754235,PMJAY
HOSP5P157870,5157870,Hospital,P,SPANDAN HEART CENTER,"1st floor shivalik Mri center veerbhadra road,BACK SIDE OF HOTEL KAILASH NEAR AIIMS rishikesh",9557906880,5,49,"100005,100006,100015",,30.07255785149667,78.28140208620289,PMJAY
HOSP5P159020,5159020,Hospital,P,S K HOSPITAL,"BELJUDI, JASPUR MOD, KASHIPUR",9927138436,5,56,,,29.22054,78.9389008,PMJAY
HOSP5P162062,5162062,Hospital,P,Arogyadham Super Speciality Hospital,"06- New Road,Dehradun,",9997171008,5,49,,,30.319018,78.042993,PMJAY
HOSP5P166386,5166386,Hospital,P,Rankers Hospital,"salempur Mahdood, Near Ashok Vatika, Haridwar,bahadrabad",7895992394,5,50,"100005,100006,100010,100012,100015,100017,100020,100023,100026",2023-09-06 10:51:53,29.936676,78.0346520000001,PMJAY
HOSP5P171477,5171477,Hospital,P,Cure Hospital,"Om Vihar, Mata Mandir Road, Ajabpur Kalan, Opp. Dumplings, Dehradun",6397958358,5,49,,,30.30333864093351,78.04538059305794,PMJAY
HOSP5P187784,5187784,Hospital,P,Roorkee Hospital,"Ashok Marg Ramnagar Roorkee,",9548329018,5,50,"100005,100006,100012",2024-03-14 16:05:06,29.874677454999997,77.86895079060002,PMJAY
HOSP6P102802,6102802,Hospital,P,Bansal Hospital & Heart Care Centre,"13-14, improvement Trusy Market, Near Old Bus stand, G.T. road, Ftaehabad",9812075676,6,61,,,29.509772,75.457786,PMJAY
HOSP6P114629,6114629,Hospital,P,SUNFLAG GLOBAL HOSPITAL ,"near sheela bypass, Sonipat road",9812677315,6,73,"100001,100007,100016,100019",,28.89649,76.60926,PMJAY
HOSP6P120105,6120105,Hospital,P,LIFE LINE MULTI SPECIALITY HOSPITAL,"LIFE LINE MULTISPECIALITY HOSPITAL,VIDYA NAGAR, MEHAM ROAD",9350280044,6,59,"100005,100013",2022-02-23 09:47:20,28.809137,76.152487,PMJAY
HOSP6P123065,6123065,Hospital,P,J.P.HOSPITAL,NEAR LUXMI CINEMA YAMUNA NAGAR,9812033500,6,76,,,30.1277,77.2911,PMJAY
HOSP6P123407,6123407,Hospital,P,Orthomed Hospital,"Plot No-3,Jindal Hospital Road,Model Town, Hisar",8222915789,6,63,100015,2022-10-12 14:28:33,29.13018769429435,75.74422912224156,PMJAY
HOSP6G124154,6124154,Hospital,G,SAPPHIRE DENTAL CARE,"Shop No.18,Shyam Palace,Prakashpuri Chowk,Near Sector 4-5 Circle, Railway Road, Gurugram",9136181425,6,62,,,28.4812040545458,77.0142419834554,PMJAY
HOSP6P124844,6124844,Hospital,P,SPARSH SURGICAL LAPAROSCOPIC & MATERNITY HOSPITAL,RED ROAD ADJOINING SOBTI NURSING HOME,8950589670,6,68,100023,,29.97184,76.84344,PMJAY
HOSP6P128832,6128832,Hospital,P,SUNFLAG HOSPITAL DADRI PVT. LTD,"WEBTECH TOWER COLLEGE LINK ROAD BUILING NUMBER 413,",9896096543,6,701,"100005,100006,100012,100015,100017,100020,100023",2022-07-29 15:52:33,28.5905000000001,76.2772000000001,PMJAY
HOSP6P133050,6133050,Hospital,P,Baveja Hospital,"Baveja Hospital, Near old session court, opp.HP petrol pump, Prem Nagar,",7589284113,6,58,100013,2022-07-29 15:31:01,30.3713950000001,76.78484,PMJAY
HOSP6P134774,6134774,Hospital,P,MALIK MULTISPECIALITY HOSPITAL & TRAUMA CENTRE,SURENDER CHOWK SIWANI ROAD TOSHAM BHIWANI,9991733966,6,59,"100005,100006,100012,100013,100015,100016,100017,100018,100023",2022-12-01 09:57:27,28.87,75.91,PMJAY
HOSP6P159830,6159830,Hospital,P,MEMORIAL HOSPITAL,1 MAMU BHANJA CHOWK DELHI ROAD,9743759910,6,75,"100004,100005,100006,100011,100012,100015,100017",2024-11-20 16:49:53,28.9905081,76.9873477,PMJAY
HOSP6P172198,6172198,Hospital,P,Viswass Multispeciality Hospital,"Opp Godara Petrol Pump, Rajgarh Road, Gangwa,Hisar",7877315810,6,63,"100006,100015",2023-12-05 16:25:17,29.115678210613964,75.69596290452512,PMJAY
HOSP6G176934,6176934,Hospital,G,CHC KANINA,KANINA,9416579644,6,69,"100004,100005,100006,100017",,28.330292,76.308781,PMJAY
HOSP6G178475,6178475,Hospital,G,PHC Rasina,PHC Rasina,9817575607,6,66,"100004,100005",,29.757499,76.674261,PMJAY
HOSP6P205928,6205928,Hospital,P,YADAV HOSPITAL,"NHS1 NEAR RAILWAY STATION,",7495091996,6,72,"100005,100006,100013,100015",2025-02-14 16:29:36,28.4099953045248,76.469057136851,PMJAY
HOSP9P100001,9100001,Hospital,P,CLASSIC HOSPITAL ,Marhala Churaha Azad Marg Raod shuklaganj Unnao ,9839047033,9,186,"100005,100006,100012",2019-12-20 18:05:06,26.49443,80.40111,PMJAY
HOSP9P100442,9100442,Hospital,P,Sanjay Eye Nursing Home Ward No 12,"K 1252 Shastri Nagar Ward No 12 Meerut Urban,",9412115353,9,169,"100013,100026,100028",2019-08-29 12:21:24,28.95,77.73,PMJAY
HOSP9P100845,9100845,Hospital,P,NEW PULSE HOSPITAL,G C 08 AWAS VIKAS 1 KALYANPUR KANPUR NAGAR,7355085314,9,157,,,26.4965701,80.2515093,PMJAY
HOSP9P101028,9101028,Hospital,P,SRI SAI LIFE HOSPITAL,Vijay Nagar Jagat Khera Kalli Paschim,9198708263,9,162,,,26.73047,80.45883,PMJAY
HOSP9P101329,9101329,Hospital,P,Sumitra Hospital,A 119A Sector 35 Noida 201301,8527918540,9,144,,,28.535517,77.391029,PMJAY
HOSP9P101442,9101442,Hospital,P,THE EXPERT HOSPITAL, A 2317 18 AWAS VIKAS HANSPURAM NAUBASTA KANPUR,7081778778,9,157,,,26.39479,80.31083,PMJAY
HOSP9P101489,9101489,Hospital,P,ANANTA MULTISPECIALITY HOSPITAL AND TRAUMA CENTRE,"Hanuman Tilla Road, Kamla Colony, Shamli",7906053505,9,660,,,"77°18'36.3""","29°26'35.9""",PMJAY
HOSP9P101823,9101823,Hospital,P,SIDDHA SANJEEVANI CHARITABLE HOSPITAL,naini allahabad,7985075304,9,120,,,25.381577,81.862841,PMJAY
HOSP9P101827,9101827,Hospital,P,Garg nursing home,DIBIYAPUR ROAD AURAIYA,9307902504,9,122,,,26.46818,79.51687,PMJAY
HOSP9P102016,9102016,Hospital,P,star surgicare & trauma hospital,near bajrang dhawa sanjay nagar  ,9760385788,9,130,,,28.351839,79.409561,PMJAY
HOSP9P102036,9102036,Hospital,P,CNS HOSPITAL,BC-09,9927007440,9,169,,,28.984644,77.705956,PMJAY
HOSP9P102046,9102046,Hospital,P,Anjit Eye Care,N-32 Sector Omega-1 Greater Noida,9711214227,9,144,,,28.4517429,77.5095648,PMJAY
HOSP9P102446,9102446,Hospital,P,Mayuri Hospital & Trauma Centre,Safipur,9307842600,9,186,,,26.73814,80.35219,PMJAY
HOSP9P102489,9102489,Hospital,P,St. Joseph Hospital,"ST JOSEPH HOSPITAL, MARIYAM NAGAR, MEERUT ROAD, GHAZIABAD,",8004325738,9,145,"100002,100006,100015,100016,100023,100026,100028",2019-11-26 18:35:38,28.682448000000107,77.41320600000017,PMJAY
HOSP9P102496,9102496,Hospital,P,Dr. Vijay Behari Mehrotra Memorial Hospital ,"16,17,18 Collectorganj Unnao ",9984692211,9,186,,,26.54516,80.48875,PMJAY
HOSP9P103214,9103214,Hospital,P,SNEHLATA SUPER SPECIALTY HOSPITAL PVT.LTD.,HUSAINABAD T.D. COLLEGE ROAD JAUNPUR,9336048283,9,152,,,25.732555,82.692894,PMJAY
HOSP9P103259,9103259,Hospital,P,Shri Krishna Nurshing Home,Chak Hariharvan Jhunsi G T Road,7007610062,9,120,,,25.427081,81.918603,PMJAY
HOSP9P103275,9103275,Hospital,P,Medvilla Nursing Home ,"b-2/91 vijayant Khand, Gomti Nagar, Lucknow,",9161460604,9,162,"100004,100005,100006,100007,100010,100012,100015,100017,100023,100026,100028",2019-12-31 12:15:11,26.8708070000001,81.0199830000001,PMJAY
HOSP9P106347,9106347,Hospital,P,JANSEVA HOSPITAL ,SHIVPUR RAMPUR CHAURAHA,9839983600,9,148,,,26.748509,83.369440,PMJAY
HOSP9P106902,9106902,Hospital,P,Sarjo Hospital And Maternity center,Jari Bazar Prayagraj,7999915412,9,120,,,25.1854348,81.773326,PMJAY
HOSP9G107138,9107138,Hospital,G,BARAULA,"village runsi post kuwarpur,village runsi post kuwarpur",8126003109,9,134,"100004,100005,100012,100026,100028,10083",2019-09-25 15:27:50,28.198428,78.1702520000001,PMJAY
HOSP9G107258,9107258,Hospital,G,chc dibai bulandshahr,chc dibai railway road dibai,9839918499,9,134,"100004,100005,100026,100028,10083",2019-09-27 16:02:43,28.2087845,78.2501655,PMJAY
HOSP9P107555,9107555,Hospital,P,SARAL CRITICAL CARE TRAUMA CENTER,P 5 2 Deen Dayal Puram ,7379602190,9,130,,2020-03-02 11:57:12,28.381095,79.434333,PMJAY
HOSP9P107640,9107640,Hospital,P,Nagar Hospital,"NH-B1 Lohia nagar Ghaziabad ,",9810108979,9,145,"100004,100005,100006,100015,100016,100020,100023",2019-11-26 18:36:59,28.673036,77.435955,PMJAY
HOSP9P107708,9107708,Hospital,P,JASHLOK NURSING HOME AND INFERTILITY CENTER,"JASHLOK NURSING HOME AND INFERTILITY CENTER,",9219123176,9,185,"100004,100005,100006,100012,100026,100028",2020-01-29 16:50:47,26.24669583941693,82.07811541849082,PMJAY
HOSP9G107972,9107972,Hospital,G,CHC Semariyawan,SEMARIHWAN,9670519525,9,178,"100004,100005,100006,100012,100026,100028,10083",2019-11-04 12:55:53,26.8983,82.9044,PMJAY
HOSP9P108240,9108240,Hospital,P,Alfaria Hospital and Hira Clinic ,Lalpul Court Road Nahar Khan Sarai,9412517862,9,133,,,28.026400,79.134903,PMJAY
HOSP9G108473,9108473,Hospital,G,CHC NATHNAGAR,NATHNAGAR,9559015482,9,178,"100004,100005,100006,100026,100028,10083",2019-11-07 13:56:08,26.6428,83.0261,PMJAY
HOSP9P108988,9108988,Hospital,P,SMBL PANACEA HOSPITAL,NONIA PATTI NEAR RAILWAY CROSSING,9415663603,9,160,"100004,100005,100006,100012",2024-07-12 17:52:13,26.88505,83.97258,PMJAY
HOSP9P110992,9110992,Hospital,P,MAHESH CHILDREN POLY CLINIC,HOSPITAL ROAD NEAR SANGHARAN MANDIR,6388145325,9,125,,,27.52719,81.61169,PMJAY
HOSP9P111028,9111028,Hospital,P,INDIA HOSPITAL,"1416,HOSPITAL CHAURAHA",7458923324,9,125,"100004,100005,100006,100012,100015,100016,100018,100028",2020-08-05 14:35:08,27.571029,81.603827,PMJAY
HOSP9P111146,9111146,Hospital,P,CAPITAL HOSPITAL,"L-501 Shastri Nagar,hapur chungi",9756735070,9,169,"100004,100005,100006,100007,100011,100012,100015,100016,100017,100026,100028",2019-12-27 11:36:49,28.9484,77.7229,PMJAY
HOSP9G111541,9111541,Hospital,G,ESIC HOSPITAL SAROJINI NAGAR LUCKNOW,ESIC HOSPITAL SAROJINI NAGAR KANPUR ROAD LUCKNOW,9871197937,9,162,"100001,100002,100003,100004,100005,100006,100007,100008,100009,100010,100011,100012,100013,100014,100015,100016,100017,100018,100019,100020,100021,100022,100023,100026",2020-01-30 12:36:15,26.7967517894435,80.8845803599616,PMJAY
HOSP9P112127,9112127,Hospital,P,GURU KRIPA JAGRATI HOSPITAL & RESEARCH CENTRE PVT LTD,124/A/1 Thornhill Road Near Public Service Commission,7309037703,9,120,"100005,100010,100017",2024-07-25 11:07:43,25.4584312,81.840347,PMJAY
HOSP9G112353,9112353,Hospital,G,COMPOSITE HOSPITAL,"COMPOSITE HOSPITAL, CRPF, PHAPHAMAU, OLD AIRPORT PANDILA MAHADEV, ALLAHABAD, PIN -211022",9560294858,9,120,100013,2020-01-30 16:45:15,25.5594412,81.8811473,PMJAY
HOSP9G112485,9112485,Hospital,G,ESIC HOSPITAL BAREILLY,ESIC Hospital C B Ganj Sleeper Road,7007800248,9,130,"100001,100002,100003,100004,100005,100006,100007,100008,100009,100010,100011,100012,100013,100014,100015,100016,100017,100018,100019,100020,100021,100022,100023,100026",2020-01-08 18:00:26,28.404189,79.381015,PMJAY
HOSP9G112508,9112508,Hospital,G,COMPOSITE HOSPITAL SASHASTRA SEEM BAL,composite hospital fcil complex gorakhpur,6392854043,9,148,"100001,100002,100003,100004,100005,100006,100007,100008,100009,100010,100011,100012,100013,100014,100015,100016,100017,100018,100019,100020,100021,100022,100023,100026",2020-01-30 18:35:09,26.8224781,83.3690908,PMJAY
HOSP9P112893,9112893,Hospital,P,HINDUSTAN CHILD HOSPITAL,GHASIYARI PURA OPP. DR SUGUNA VERMA ,9198362642,9,125,100005,2022-01-07 12:17:55,27.57434,81.60498,PMJAY
HOSP9P112919,9112919,Hospital,P,Fatima Nursing Home,KATCHEHRY ROAD,8433228384,9,133,,,28.026400,79.134903,PMJAY
HOSP9G113128,9113128,Hospital,P,SANJEEVANI HOSPITAL,"SANJEEVANI HOSPITAL SHAKTI NAGAR,NTPC",7988215359,9,184,"100005,100006,100012,100013,100014,100015,100017",2024-01-02 16:03:02,24.122845,82.7045550000001,PMJAY
HOSP9P113451,9113451,Hospital,P,Shashwat Medical Center PVT LTD,"Near Bus Stand, Bangalipura, Civil Lines",9099087519,9,128,,,25.480140,80.335059,PMJAY
HOSP9P113463,9113463,Hospital,P,ALIGARH EYE CENTER BALRAMPUR,BALRAMPUR ,9838033138,9,127,,,24.5,25.5,PMJAY
HOSP9P114914,9114914,Hospital,P,KUMAR EYE HOSPITAL,"Railway Road, near suraj Band",9968946904,9,144,,2021-02-12 18:13:28,28.96055,77.68381,PMJAY
HOSP9P117922,9117922,Hospital,P,Shubhan Hospital ,Dilawarpur Mariyahu Jaunpur,8808197209,9,152,,,25.6048106,82.6247083,PMJAY
HOSP9P118045,9118045,Hospital,P,IT SUPER SPECIALITY HOSPITAL,"ZAKARIA MARKET J N MEDICAL COLLEGE ROAD,ALIGARH",9897834740,9,119,,,27.879303,78.075546,PMJAY
HOSP9P118769,9118769,Hospital,P,DR CHAUHAN SANJEEVANI HOSPITAL,"NH-14 C-BLOCK GAMMA-1 Greater Noida,gamma 1",9873460044,9,144,"100004,100005,100006,100010,100012,100014,100015,100017,100028",2024-04-09 13:50:34,28.488628178340747,77.50153877356729,PMJAY
HOSP9P118997,9118997,Hospital,P,ROYAL HOSPITAL,H 1481 SATYAM VIHAR AWAS VIKAS NO 1 KALYANPUR ,9695619974,9,157,,,80.2530° E,26.4849° N,PMJAY
HOSP9P119324,9119324,Hospital,P,Srishti Hospital,"Govt. Hospital Road, Kamla Colony, Near Palika Market, Shamli,",9058939393,9,660,"100005,100006,100012,100015",2020-12-17 13:47:04,29.443336837116505,77.31007841794326,PMJAY
HOSP9P119381,9119381,Hospital,P,. devyani hospital,C.C Road Ramnath Deoria,7905674745,9,137,,,26.4931571335662,83.7734519680641,PMJAY
HOSP9P119877,9119877,Hospital,P,DBN Hospital Pvt Ltd,Plot No 347 Subhash Road ,9670800240,9,157,,,26.339690,80.292940,PMJAY
HOSP9P120004,9120004,Hospital,P,IRIS EYE CARE,D-59/143A-20K SANT RAGHUVAR NAGAR COLONY,7417489795,9,187,,,25.30797,82.98452,PMJAY
HOSP9P120143,9120143,Hospital,P,AARADHYA EYE HOSPITAL,11 W2 BARRA BY PASS,8957085434,9,157,,,26.427971,80.30669,PMJAY
HOSP9P120227,9120227,Daycare Centre,P,EYE MAX HOSPITAL,"Kapoor thala Road,",8953696262,9,162,100013,2021-04-01 14:37:16,26.8822960000001,80.9444500000001,PMJAY
HOSP9P120737,9120737,Hospital,P,Agrawal Orthopaedic Hospital & Research Institute,Jublee Road,9415693171,9,148,,,26.760759,83.373703,PMJAY
HOSP9P120762,9120762,Hospital,P,New Rise Hospital ,"New Rise Hospital, Karnal Road, Shamli",9568549907,9,660,,,29.448055,77.310280,PMJAY
HOSP9P120784,9120784,Hospital,P,SHIVOYS NEURO HOSPITAL PRIVATE LIMITED,"49/1, NAIGANJ",9919224466,9,152,"100005,100006,100007,100011,100012,100014,100017,100028",2020-12-03 13:05:14,25.733556,82.66784,PMJAY
HOSP9P120842,9120842,Hospital,P,Kamaal Nursing Home,"KAMAAL NURSING  HOME MAIN MARKET,",8191845786,9,132,"100004,100017,100028",2021-01-13 12:51:11,29.30542876781152,78.5066837404097,PMJAY
HOSP9P120903,9120903,Hospital,P,V BROS HOSPITALS,V BROS HOSPITALS  OPP REGENCY GARDEN DELHI ROAD SAHARANPUR,8057949878,9,177,"100002,100004,100005,100006,100007,100012,100015,100020,100023,100028",2020-12-03 12:51:24,29.94872,77.56241,PMJAY
HOSP9P120946,9120946,Hospital,P,MURARIS ARJUNGANJ HOSPITAL,"Arjunganj Bazar Near Hanuman Mandir, Sultanpur Road, Lucknow 226002,arjunganj bazar near hanuman mandir, sultanpur road, lucknow 226002",8756465532,9,162,,2021-08-03 15:43:11,26.807942387384273,80.9896173737709,PMJAY
HOSP9P121079,9121079,Hospital,P,Dr. R. R. Sinha Memorial Hospital,"688 Saita, IIM-Dubagga Bypass, Mall Road",9559912233,9,162,,,26.8500992,80.93696,PMJAY
HOSP9P121100,9121100,Hospital,P,SUNRISE MULTI SPECIALITY HOSPITAL,"100 FUTA MOD TULA SHERPUR,PILIBHIT ROAD BAREILLY",8057460786,9,130,"100004,100005,100006,100012,100015,100023,100028",2021-01-05 14:38:51,28.391605,79.459127,PMJAY
HOSP9P121142,9121142,Hospital,P,SHRI SAI HOSPITAL,"NEAR RADHA SWAMI SATSANG HARDOI,",9719775579,9,119,"100004,100005,100028",2020-12-03 13:14:21,28.006492628246534,78.48018932917194,PMJAY
HOSP9P123130,9123130,Hospital,P,Photon Super Speciality Hospital And Trauma Center,"Kashipur Road Rampur Doraha Moradabad,",9412101080,9,171,,2021-04-27 11:41:32,28.858442,78.825636,PMJAY
HOSP9P123161,9123161,Hospital,P,Avani Paridhi Health Care Pvt Limited,"B 58 59 Awas Vikas Colony  Chilla Road, Banda",8601844445,9,128,,,25.49073,80.3371,PMJAY
HOSP9P123352,9123352,Hospital,P,SUPER VEDANTA SUPER SPECIALITY HOSPITAL AND TRAUMA CENTER,"NEAR BEST PRICE MART NAJIBABAAD ROAD BIJNOR,",8410673969,9,132,"100004,100005,100006,100012,100014,100015,100023,100028",2022-04-23 12:31:07,29.38712,78.144396,PMJAY
HOSP9P123355,9123355,Hospital,P,Apex Eye Hospital,Polytecnic Chauraha Jaunpur,9670577777,9,152,,,25.7317,82.67652,PMJAY
HOSP9P123576,9123576,Hospital,P,ADITYA HOSPITAL  AND TRAUMA CENTRE,"Patel Vihar More, Near Sardar Ji Petrol Pump, Badaun Road Subhash Nagar",8791424557,9,130,,,28.33316,79.39856,PMJAY
HOSP9P124301,9124301,Hospital,P,AMAN HOSPITAL,"Ali Nager, Nai Basti Badi Nahar ke pass Mugalsarai",8005432595,9,135,,,25.272236,83.266565,PMJAY
HOSP9P124342,9124342,Hospital,P,Aarogya Hospital,"Near Holi Chowk ,Charthawal Dehat ,Muzaffarnagar,",9719662118,9,172,"100005,100006,100012,100028",2021-03-04 15:23:51,29.5478370000001,77.5947330000001,PMJAY
HOSP9P124404,9124404,Hospital,P,chiron childrens superspeciality hospital & Dr. Vibha Diagnostics,A-3 Ramganga Vihar Extension,6396783583,9,171,,,28.8797118,78.7457195,PMJAY
HOSP9P124525,9124525,Hospital,P,SHIV HOSPITAL,"SHIV HOSPITAL BARHPUR,",7985342182,9,141,"100006,100012",2024-01-11 14:24:00,27.3808560000001,79.5970580000001,PMJAY
HOSP9P124564,9124564,Hospital,P,Sanjivini Hospital and Research Center,CP 23 VIRAAJ KHAND GOMTI NAGAR,7073063191,9,162,,,26.8504,81.0223,PMJAY
HOSP9P124586,9124586,Hospital,P,Avs Hospital,"RAMPUR RAOD SOUTH EKTA VIHAR NEAR PETROL PUMP,RAMPUR RAOD SOUTH EKTA VIHAR NEAR PETROL PUMP",6395544173,9,171,"100006,100010,100015,100017",2021-04-27 11:43:39,28.8395397,78.8275491,PMJAY
HOSP9P124744,9124744,Hospital,P,Altis Hospital,"506 KA, Muttakipur,IIM Road",9163323443,9,162,,,26.9326788,80.9127627,PMJAY
HOSP9P124777,9124777,Hospital,P,Star Neuro & Maternity center,SAKET NAGAR EST SUKANYA GAS AGENCY ,9919588852,9,137,,,26.50167,83.77936,PMJAY
HOSP9P124946,9124946,Hospital,P,ARNAV SURGICARE HOSPITAL,"Moh Tarin Bahadurganj Opp. BSNL office ,",7007126816,9,180,,2022-05-05 13:29:16,27.879176,79.910334,PMJAY
HOSP9P125060,9125060,Hospital,P,New Mamta Nursing Home,"Ahrauli Shekh Near Sbi Pukhrayan,pukhrayan ",9005578694,9,156,"100005,100006,100012,100015,100017,100028",2021-08-31 12:13:49,26.2189004,79.8284036,PMJAY
HOSP9P125121,9125121,Hospital,P,Asclepius Premium Hospital Private Limited,"Plot No. 734, Haldoni, Main Dadri Road , Greater Noida",9990363738,9,144,"100004,100005,100006,100011,100012,100013,100015,100017,100020,100028",2021-04-30 17:57:59,28.5145369,77.4727918,PMJAY
HOSP9P125417,9125417,Hospital,P,SELECT HOSPITAL,"NEAR RTO MORADABAD,RTO OFFICE ROAD",9837035568,9,171,,2022-01-05 14:00:19,28.7960125,78.7589447,PMJAY
HOSP9P126766,9126766,Hospital,P,SHEETAL CHILD CARE & MATERNITY CENTRE,"Infront of Chandra Petrol Pump, Rajendra Nagar",7388600119,9,148,,,26.7918261,83.3561096,PMJAY
HOSP9P127608,9127608,Hospital,P,SAI SANJEEVANI HOSPITAL,"Plot No-243, Shakti Khand-3 , Indirapuram ",8920085458,9,145,"100004,100005,100006,100012,100015,100017",2024-07-25 11:06:38,28.64812,77.36472,PMJAY
HOSP9P128213,9128213,Hospital,P,MEDWIN HOSPITAL AND SURGICAL CENTER ,"DANDI, KARWAT, G. T ROAD PDDU NAGAR CHANDAULI",9115219393,9,135,,,25.3111625,83.0590156,PMJAY
HOSP9P128907,9128907,Hospital,P,Vijay Shree Hospital,"OPP SANSKAR FARM HOUSE, NEAR NAGAR PALIKA,SIYANA,",9808329487,9,134,"100005,100006,100012,100015,100017,100028",2021-11-03 11:26:55,28.631426,78.0329370000001,PMJAY
HOSP9P129689,9129689,Clinic,P,KAUSHALYA DEVI EYE INSTITUTE CLINIC,"Anta Chauraha   Jail Road,",7080661875,9,180,"100013,100028",2021-08-31 12:06:18,27.8766773,79.9128586,PMJAY
HOSP9P130249,9130249,Hospital,P,Vinayak Hospital,"elite chouraha cantt road jankipuram civil line jhansi,",9415401450,9,153,"100005,100006,100012,100015,100017,100023,100028",2021-09-15 12:00:39,25.440211,78.5774297,PMJAY
HOSP9P130735,9130735,Hospital,P,Moon Hospital,"Opp Dargah Tehseen Sahab Mazar Kankar Tola ,",9808800803,9,130,"100005,100006,100023,100028",2021-08-18 13:39:28,28.362361,79.432207,PMJAY
HOSP9P130877,9130877,Hospital,P,MAA PITAMBRA CARE & CURE SUPER SPECIALITY HOSPITAL,INFRONT OF MEDICAL COLLEGE GATE NO.3 JHANSI,9452988907,9,153,"100005,100006,100012,100015,100020,100023,100026",2023-01-05 15:46:01,25.5264,78.6342,PMJAY
HOSP9P131049,9131049,Hospital,P,VIDHYAWATI DUBEY HOSPITAL,"VIDHYAWATI DUBEY HOSPITAL,DUBEY NURSING HOME NEAR AMBER CINEMA MODINAGAR",9536537255,9,145,"100004,100005,100006,100012,100015,100017,100028",2022-07-27 13:46:04,28.8414060000001,77.5811850000001,PMJAY
HOSP9P131344,9131344,Hospital,P,Shakuntla Devi Hospital,"Khasra No. 6503, Opp. BDO Office, Shamli Road, Kairana,",9119040106,9,660,"100004,100005,100006,100012,100028",2021-11-23 14:24:12,29.40042,77.216782,PMJAY
HOSP9P131518,9131518,Hospital,P,MUDIT NURSING HOME,"NEHTAUR ROAD NAGINA,NAGINA",6397251296,9,132,"100004,100005,100006,100012,100023,100028",2022-04-06 10:25:20,29.4291670000001,78.4564080000001,PMJAY
HOSP9P131659,9131659,Hospital,P,city eye hospital ,"ward -18 gali no-10, , rail par shamli, SHAMLI, UT,",8909457581,9,660,,,29.4498655,77.3007015000001,PMJAY
HOSP9P131796,9131796,Hospital,P,SANJEEVANI EYE HOSPITAL,Near S.B.I. Raghavnagar Deoria,9919101317,9,137,,,26.31,83.01,PMJAY
HOSP9P131797,9131797,Hospital,P,new aayushman hospital,"new colony marg,",7007716245,9,137,"100005,100006,100015,100028",2021-10-25 17:07:42,26.495017010744576,83.7840155730853,PMJAY
HOSP9P131829,9131829,Hospital,P,R.C.C. Memorial Multi Specialty Hospital & Trauma Center,"Nera District Hospital, on basti to munderwa road",9450815010,9,131,"100005,100006,100012,100028",2021-11-23 13:43:09,26.8022,82.7644,PMJAY
HOSP9P131959,9131959,Hospital,P,7 Med India Private Limited,"Laxmi Medical Surgical Care Center,",9026632433,9,187,"100005,100028",2021-10-01 13:45:56,25.3356842,82.9770371,PMJAY
HOSP9P132759,9132759,Hospital,P,Tulip Eye Hospital,"KBC-9,LDA Colony,Sec-B,JP Tower,Kanpur Road,Lucknow,U.P.",9721250087,9,162,,,26.7982,80.8991,PMJAY
HOSP9P132830,9132830,Hospital,P,URMILA MULTISPECIALITY HOSPITAL,B-3/482 VIKALP KHAND GOMTI NAGAR LUCKNOW,8574380578,9,162,,,26.851310,81.012420,PMJAY
HOSP9P132968,9132968,Hospital,P,R.S. NURSINGH HOME,BASANT KUNJ BAUDH NAGAR HAMIRPUR ROAD NAUBASTA,8795710699,9,157,,,26.405661,80.315489,PMJAY
HOSP9P133786,9133786,Hospital,P,NEW PLUS CARE HOSPITAL,"ANKUR PLAZA ,NEAR NAGAR PALIKA PARISHAD BIJNOR",9548380862,9,132,"100005,100006,100012,100023,100028",2021-11-02 17:34:11,29.373450206360246,78.13488529511403,PMJAY
HOSP9P133925,9133925,Hospital,P,DR.AMARNATH MALL HOSPITAL & DIAGNOSTIC CENTER,"Lala toli ward,Near Bus Station",6306585947,9,137,"100005,100028",2022-05-05 13:46:14,26.445789682147918,83.61606315339088,PMJAY
HOSP9P134271,9134271,Hospital,P,RAJGANGA HOSPITAL,"119 K KARANPUR,CIVIL LINES PRATAPGARH",9450958015,9,174,"100005,100006,100012,100028",2021-12-02 17:49:20,25.92026277306107,81.98211145554069,PMJAY
HOSP9P134306,9134306,Hospital,P,AYUSHMAN HOSPITAL ,"MANSOON SARAI DHAMPUR ROAD SEOHARA BIJNOR ,",8076847693,9,132,"100005,100013,100028",2021-12-02 17:16:15,29.2192480000001,78.581123,PMJAY
HOSP9P135297,9135297,Hospital,P,INDIANA ARYAN HOSPITAL,"FAZILNAGAR BAGHOCH ROAD KUSHINAGAR,",9305102501,9,160,"100005,100006,100012,100028",2022-08-01 16:31:38,26.6846200000001,84.054785,PMJAY
HOSP9P135588,9135588,Hospital,P,JAN SEVA HOSPITAL,"NAGLA KHERA PANIGAON ,",8439141655,9,167,"100006,100012,100015,100023",2022-12-20 19:21:20,27.56350895558063,77.7232462712301,PMJAY
HOSP9P136229,9136229,Hospital,NA,V V HOSPITAL,"FATEHPUR BHADO, FATEHPUR KALSIYA ROAD, POST CHHUTMALPUR DISTRICT SAHARANPUR",8272868832,9,177,,,30.050310,77.754124,PMJAY
HOSP9G136373,9136373,Hospital,P,Le Crest Hospital A Unit of Garg Heart and Multi speciality Hospital Pvt Ltd ,"Plot No. INS 13, Sector-4, (Near Budh Chowk), Vasundhara, Ghaziabad, U.P.",7060760890,9,145,,2022-03-02 12:17:49,28.6624,77.3734,PMJAY
HOSP9P136697,9136697,Hospital,P,ANANYA HOSPITAL,"549 ratanlal nagar kanpur nagar,549 Ratanlal Nagar Kanpur Nagar",9568453797,9,157,"100004,100005,100006,100012,100015,100020,100028",2022-05-05 13:25:35,26.449595,80.280108,PMJAY
HOSP9P137047,9137047,Hospital,P,FAMOUS MEDICARE HOSPITAL,"near thana kutub sher ambala road sre,",7060206009,9,177,"100005,100006,100012,100015,100023,100028",2022-03-03 11:44:55,29.968962,77.533981,PMJAY
HOSP9P137092,9137092,Hospital,P,SHRI BHUSHAN HOSPITAL,"Gokulpur, Garh Road",8979546366,9,169,,,28.984644,77.705968,PMJAY
HOSP9P137197,9137197,Hospital,P,AMAN MEDICARE HOSPITAL,"MUNSHI PREMCHAND PARK ROAD,",7905116418,9,148,"100005,100006,100012,100015,100023,100028",2022-02-09 14:54:07,26.736158,83.361857,PMJAY
HOSP9P137311,9137311,Hospital,P,MASK HOSPITAL,"CP 5,VIKRANT KHAND",8400341166,9,162,,2022-06-27 17:47:45,26.873548377425266,81.01733609861367,PMJAY
HOSP9P137444,9137444,Hospital,P,AAYANSH HOSPITAL,LAXMIPUR RAMLAXAN DEORIA,9598629913,9,137,,,26.505888,83.634279,PMJAY
HOSP9P137703,9137703,Hospital,P,PRATAP HOSPITAL AND EYE CARE CENTER,"NEAR TEMPO STAND OPP STATION ROAD FAREEDPUR BAREILLY,",7830009241,9,130,"100013,100028",2022-03-22 14:32:27,28.370861,79.4170710000001,PMJAY
HOSP9P137737,9137737,Hospital,P,CHAMPA DEVI HOSPITAL AND MATERNITY CENTRE,"19 awas vikas DM colony Road near shivam lodge,",9837056062,9,134,100012,2024-10-03 13:23:54,28.417047,77.8443960000001,PMJAY
HOSP9P137866,9137866,Hospital,P,H M MULTISPECIALITY HOSPITAL,"NEAR SHRI KRISHNA BAINKET HALL ,NAJIBABAD ROAD KIRATPUR",9149128861,9,132,"100005,100006,100023,100028",2022-03-22 15:07:31,29.5025190000001,78.202908,PMJAY
HOSP9P138315,9138315,Hospital,P,Suns Medical Center,"Tema Rehmat,Sant Kabeer Nagar",9838092566,9,178,"100005,100006",2022-12-01 15:14:48,26.784548,83.068633,PMJAY
HOSP9P138906,9138906,Hospital,P,Jiwan Jyoti Christian Hospital,"WARD NO 8 , PIPRI ROAD,MISSION HOSPITAL",8004940941,9,184,,2022-04-26 16:04:54,24.7200540000001,83.1015360000001,PMJAY
HOSP9P140430,9140430,Hospital,P,Dignity Hospital ,"Basaratpur Main Road ,HP Petrol Pump ",8429867657,9,148,"100005,100006,100011,100012,100015,100023,100028",2022-03-22 14:57:14,26.78116734552063,83.38538170235961,PMJAY
HOSP9P141349,9141349,Hospital,P,SWASTIK NURSING HOME,KARMER ROAD HANTHI MANDIR ORAI,7985893360,9,151,,,25.98797,79.45972,PMJAY
HOSP9P141888,9141888,Hospital,P,MAHARSHI SHANDILYA CHIKITSALAY,"UTRAULA ROAD MANKAPUR,",6307803323,9,147,"100005,100012,100028",2022-05-05 13:42:24,27.1260119134892,82.2385886188198,PMJAY
HOSP9P141911,9141911,Hospital,P,RAJVANSH HOSPITAL,"255, Gaushala Road,New mandi",9412210302,9,172,,2022-04-28 10:09:23,29.467025152936372,77.7114898815579,PMJAY
HOSP9P141982,9141982,Hospital,P,KANSAL EYE CLINIC AND PHACO CENTRE,"157/A, PRABHAT NAGAR, OPPOSITE HYDEL OFFICE, NEAR JAIL CHUNGI, MEERUT.,",9259294756,9,169,100013,2022-12-01 15:40:24,28.9811950000001,77.731297,PMJAY
HOSP9P142231,9142231,Hospital,P,PHOEBUS HOSPITAL,"YADAV CHAURAHA IIM LUCKNOW,",9044205383,9,162,"100004,100005,100006,100008,100011,100012,100015,100016,100017,100020,100022,100023,100028",2022-06-28 15:52:17,26.9223829,80.89066,PMJAY
HOSP9P142303,9142303,Hospital,P,DENTAL PARK ,"SD 375, D Block, Shastri Nagar",9013591762,9,145,100014,2026-05-12 21:19:04,28.6725881,77.4674999,PMJAY
HOSP9P143177,9143177,Hospital,P,NIRPHAD Rural Eye Hospital,NH-19 Chhatikara Mathura U.P 281001,9818108666,9,167,100013,2023-05-03 13:14:07,27.56591,77.62401,PMJAY
HOSP9P143484,9143484,Hospital,P,Dr Anoop Dixit Hospital ,"Awas Vikas Colony Agra,",9997772009,9,118,"100006,100012,100015,100016",2023-01-05 12:00:50,27.1966871,77.9602349,PMJAY
HOSP9P143623,9143623,Hospital,P,SHIVAM MULTI SEPCEILITY HOSPITAL,"Bhawat road Kharpari Mainpuri,",7983996114,9,166,"100005,100006,100012",2023-02-17 12:11:19,27.2127094,79.0463506,PMJAY
HOSP9P143925,9143925,Hospital,P,National Hospital,"RATAN COMPLEX NEAR KAMAYANI HOSPITAL ,SIKANDRA AGRA",9458002279,9,118,"100005,100006,100012,100015,100020,100023",2023-02-17 12:10:14,27.2121490000001,77.958674,PMJAY
HOSP9P144050,9144050,Hospital,P,medihealth multispeciality hospital,"padma tower lallan singh nagar arjunganj,",8017269886,9,162,"100004,100005,100006,100011,100012,100013,100015,100016,100022,100023,100028",2022-08-08 13:23:41,26.805023908503998,80.99574100763448,PMJAY
HOSP9P144372,9144372,Hospital,P,SSP Memorial Hospital,"NH 28  overfly dhuriya mod kasia,",9177721180,9,160,"100006,100012,100015,100016,100023",2022-11-07 11:39:03,26.7400180000001,83.9257390000001,PMJAY
HOSP9P144554,9144554,Hospital,P,New Ram Hospital & Surgical Centre,"52 ,C,NEW AZAD NAGAR, KALYANPUR, KANPUR",9936626882,9,157,,,26.509940,80.235320,PMJAY
HOSP9P144646,9144646,Hospital,P,OMISHA HEALTHCARE PRIVATE LIMITED,"KHANPUR CHAURAHA TOWARDS DAYALPUR CHAURAHA , NH-2 KANPUR SERVICE ROAD BRAHM NAGAR AURAIYA",8800188779,9,122,,,26.4545226,79.5122165,PMJAY
HOSP9P144901,9144901,Hospital,P,SUNEHRI DEVI TRAUMA AND MATERNITY CENTRE,"86,Prakash Puram Bajoria road",9837150145,9,177,"100012,100015",2022-10-17 11:10:09,29.956788768167144,77.5572249260307,PMJAY
HOSP9P144990,9144990,Hospital,P,MISSION HOSPITAL,"Delhi Road, Opp Pakwara Police Station",9682115465,9,171,,,28.9492937,78.9202606,PMJAY
HOSP9P145098,9145098,Hospital,P,Titanium hospital Pvt.Ltd.,A4 Budh Vihar Part A Taramandal Gkp,9911900930,9,148,,,23.7259,83.3860,PMJAY
HOSP9P145352,9145352,Hospital,P,MEDOX HOSPITAL,"Jankipuram Sector F Lucknow,",9305855544,9,162,"100005,100006,100011,100015,100016,100020,100023,100026",2023-12-14 12:36:36,26.911349,80.949617,PMJAY
HOSP9P145360,9145360,Hospital,P,H A KHUSHRO HOSPITAL,"MINI BYPASS ,KHUSHRO MAIL PRESS ROAD ",9359105418,9,130,,2022-10-06 16:49:31,28.380361531340355,79.39211419273306,PMJAY
HOSP9P145375,9145375,Hospital,P,Agarwal Health Care,"Flat no.001 Laxmi Aman Apartment M block Keshavpuram Kanpur ,Near Vedas Guest House ",9650754148,9,157,100013,2024-07-25 10:59:52,26.485122,80.2615050000001,PMJAY
HOSP9P145562,9145562,Hospital,P,MEDCARE HOSPITAL,"19 GURIYAN PURWA SECTOR H JANKIPURAM LUCKNOW, KURSI ROAD",9198958416,9,162,"100005,100006,100012,100015,100018,100023",2022-09-12 11:21:18,26.919004,80.9589100000001,PMJAY
HOSP9P145784,9145784,Hospital,P,ANUPAMA HOSPITAL ,"12,COMPANY BAGH COLONY",9838600068,9,129,"100006,100012",2023-08-02 14:10:53,26.930725,81.185306,PMJAY
HOSP9P146169,9146169,Hospital,P,Lilavati Hospital ,"Near SSD Girls degree college, Galibpur Road, sarai kishanchand,",9074334414,9,134,"100005,100015",2022-10-06 18:07:57,28.2080080000001,78.252188,PMJAY
HOSP9P146338,9146338,Hospital,P,POOJA NURSING HOME,"SHIV VATIKA BUILDING GAYATRIPURAM KURSI ROAD LUCKNOW,",9984212000,9,162,100005,2023-08-10 15:41:20,26.915472,80.9620530000001,PMJAY
HOSP9P146391,9146391,Hospital,P,ORTHODENT DENTAL EYE CLINIC,"JAGATPUR ROAD,NEAR AKASHPURAM GATE BISALPUR CHAURAHA BAREILLY",8439767087,9,130,100013,2022-10-06 16:45:57,28.365958,79.4546020000001,PMJAY
HOSP9P146465,9146465,Hospital,P,MAKEWELL KEYA HOSPITAL AND trauma center,JAMO ROAD NEAR PETROL PUMP GAURIGANJ,8960709012,9,640,"100006,100012",2022-11-28 11:57:17,26.2073,81.6823,PMJAY
HOSP9P146546,9146546,Hospital,P,Saharanpur Advance Eye Care Center,"Ground Floor, Opposite TVS agency, Link Road,",7617047707,9,177,"100013,100028",2022-08-22 11:57:07,29.963822334722437,77.55607937303728,PMJAY
HOSP9P146654,9146654,Hospital,P,UTTAM HOSPITAL,"E-230 NEW VIJAY NAGAR,SEC-9 NEW VIJAY NAGAR",9810588715,9,145,"100005,100006,100010,100012,100017",2023-03-21 15:24:47,28.645050999999967,77.42223899999999,PMJAY
HOSP9P146842,9146842,Hospital,P,MDM EYE HOSPITAL,"BAIRAJ ROAD BIJNOR,",8400223377,9,132,100013,2022-10-20 13:15:38,29.3820390000001,78.134504,PMJAY
HOSP9P147464,9147464,Hospital,P,SHOBHA ANAND HOSPITAL,"NEAR HOLI PARK SAIDPUR ROAD ,",9719523020,9,134,"100006,100013",2023-01-31 12:28:21,28.543464,77.8378450000001,PMJAY
HOSP9P147469,9147469,Hospital,P,NEW SAVITRI HOSPITAL,PIPRA URF TITLA POST SUKRAULI,6391300600,9,160,,,26.733512,83.674234,PMJAY
HOSP9P147565,9147565,Hospital,P,PRABHAKAR HOSPITAL ,"VIRJAPUR BAGEECHI KE PEECHE NH2 MATHURA,NEAR VIRJAPUR CHAURAH",9927554954,9,167,"100004,100005,100006,100012,100015,100020",2023-05-11 12:17:31,27.4417920000001,77.684758,PMJAY
HOSP9P147592,9147592,Hospital,P,RAJA NURSING HOME,"ARAZI NO-152,BRAHMN NAGAR",7054159460,9,157,"100004,100005,100006,100011,100015,100023",2023-02-02 13:03:58,26.61397761187706,80.27370230291558,PMJAY
HOSP9P147971,9147971,Hospital,P,KIRPALU HOSPITAL,"KIRPALU HOSPITAL,MO. PURA UMRAO SINGH GATE PILKHUWA",9837364573,9,661,"100004,100005,100006,100012,100015,100017,100026",2023-03-31 13:41:29,28.7067870000001,77.6476920000001,PMJAY
HOSP9P148005,9148005,Hospital,P,REVIVE HEALTHCARE,"AE-20, Ramganga Vihar, Opp. Akbar Kila, Kanth Road,",8057047400,9,171,"100013,100015",2022-10-18 10:54:36,28.8669792978275,78.74771539082815,PMJAY
HOSP9P148215,9148215,Hospital,P,JEEVAN HOSPITAL,"129/1 MANGAL PANDEY NAGAR,MEERUT",8630163687,9,169,"100005,100006,100010,100015,100017",2022-11-07 11:16:41,28.965904225665312,77.73696138613957,PMJAY
HOSP9P148435,9148435,Hospital,P,SURGIMED HOSPITAL,"315A EKTA VIHAR RAMPUR ROAD MORADABAD,315 A EKTA VIHAR RAMPUR ROAD MORADABAD",9457291704,9,171,"100004,100006,100010,100012,100017,100023",2022-10-06 18:14:17,28.839679,78.827957,PMJAY
HOSP9P149117,9149117,Hospital,P,Melius Hospital,"4/A-428,Sector-4,Gomati Nagar Vistar",7310000908,9,162,"100005,100006,100008,100011,100012,100015,100022,100023",2023-03-21 18:16:46,26.829487185076474,81.00953502331254,PMJAY
HOSP9P149347,9149347,Hospital,P,NATIONAL HOSPITAL,"BAUROLI, NAGLA KOTHI,MUNDAKHERA ROAD, KHURJA, BULANDSHAHR",8439384427,9,134,"100004,100005,100006",2023-07-21 17:36:14,28.262707,77.8787160000001,PMJAY
HOSP9P149530,9149530,Hospital,P,SUDHA HOSPITAL,"SUDHA HOSPITAL,188/7 SHASTRI NAGAR NEAR RANGOLI MANDAP RTO ROAD MEERUT",9760108051,9,169,"100005,100006,100012,100015,100017,100023",2023-01-05 11:28:39,28.963306691149143,77.734722362561,PMJAY
HOSP9P149606,9149606,Hospital,P,M I HOSPITAL,"SIRASWA DORAHA ,KASHIPUR ROAD MORADABAD",9927955786,9,171,,2022-10-18 10:51:48,28.820733,78.794248,PMJAY
HOSP9P149646,9149646,Hospital,P,MEDWIN multispeciality hospital ,"karula sambhal road moradabad,",9520455550,9,171,"100005,100006,100010,100015,100017",2023-07-13 13:32:29,28.8089235000001,78.7697620000001,PMJAY
HOSP9P149837,9149837,Hospital,P,MJ SUPESPECIALITY  HOSPITAL,"119, kalyanpur kanpur",7355085314,9,157,,,27.2046,77.4977,PMJAY
HOSP9P149997,9149997,Hospital,P,MEDOLX HOSPITAL,"NEAR NEW TEHSIL KACHIYANI MOD MITAULI,NEAR NEW TEHSIL KACHIYANI MOD MITAULI",7017572148,9,159,100006,2024-02-16 16:16:04,27.82847121031648,80.49168059839963,PMJAY
HOSP9P150062,9150062,Hospital,P,Pravi women and child Health care,"117/729 Q block sharda nagar kanpur,",9616111012,9,157,"100004,100005,100006,100010,100017",2024-07-25 11:00:38,26.488378,80.288633,PMJAY
HOSP9P150077,9150077,Hospital,P,UNIQUE HOSPITAL RESEARCH CENTER,"NEAR RADHA KRISHNA TEMPLE,DELHI ROAD",9258114946,9,171,,,28.8382014,78.7136413,PMJAY
HOSP9P150342,9150342,Hospital,P,SANGAM EYE HOSPITAL,C 264 MIRJAPUR SOUTH BETIAHATA NEAR FALMANDI CHAURAHA,9935557777,9,148,100013,2023-01-11 17:24:06,26.73,83.36,PMJAY
HOSP9P150748,9150748,Hospital,P,True Life Care Hospital,"041,",8354810306,9,146,"100005,100006",2023-04-13 11:52:55,25.431290,83.618917,PMJAY
HOSP9P151046,9151046,Hospital,P,SHUBHAM CHARITABLE FOUNDATION ,"B 15,nEAR BANKEY BIHARI MANDIR ",7055211999,9,130,100013,2024-02-06 15:42:00,28.384089775940666,79.42861192737678,PMJAY
HOSP9P151151,9151151,Hospital,P,DEVOTTAM MULTISPEACILITY HOSPITAL AND ADVANCED TRAUMA CENTRE,"MILAK BYPASS BHASODI SHARIF MOD MILAK,",9305020119,9,176,,2023-07-06 12:00:08,28.623882,79.1617705,PMJAY
HOSP9P151188,9151188,Hospital,P,Baba vishwwanath Pashupati nath charitable eye center,"Near khajanchi chauraha fatima road Gorakhpur,",9935415953,9,148,100013,2023-03-22 13:29:14,26.7988133523285,83.4371091364986,PMJAY
HOSP9P151241,9151241,Hospital,P,Pratha Hospital,"Brahm Nagar,pLOT - 107/279",8090900539,9,157,"100004,100005,100006,100012,100015,100023",2023-07-06 12:49:37,26.483022289347645,80.31073337036264,PMJAY
HOSP9G151267,9151267,Hospital,G,Swarn Jayanti Samudayik Hospital,Swarn Jayanti Samudayik Hospital,9102628082,9,167,"100001,100002,100004,100005,100006,100010,100012,100013,100015,100017,100020,100023,100026",2023-01-05 11:51:01,27.25,77.41,PMJAY
HOSP9P151418,9151418,Hospital,P,CHARAK HOSPITAL ,"OPPOSITE BANSAL PETROL PUMP ,PALHARI CHAURAHA BARABANKI ",9839421650,9,129,"100005,100006,100015",2024-02-06 15:39:06,26.92941080607666,81.21269664498527,PMJAY
HOSP9P151459,9151459,Hospital,P,CITY HOSPITAL,BYPAS ROAD ,9412500520,9,660,,,27.2046,77.4977,PMJAY
HOSP9P151621,9151621,Hospital,P,The Healers Hospital ,"Ring road near kali mata mandir bijnor,Ring Road Near Kali Mata Mandir Bijnor",7060311156,9,132,,2023-02-01 14:28:19,29.372263,78.151594,PMJAY
HOSP9P151628,9151628,Hospital,P,CITY HOSPITAL,"BISA COLONY ROAD MAUKHERA,BULANDSHAHR, UTTAR PRADESH",6399681948,9,134,,,28.3014,77.8498,PMJAY
HOSP9P151882,9151882,Hospital,P,NEURON HOSPITAL,"HARTHALA ASIYANA PHASE 1 NEAR SADBHAWNA NURSING HOME,",8272828464,9,171,"100005,100006,100011",2023-07-13 13:23:18,28.8740470000001,78.738953,PMJAY
HOSP9P152081,9152081,Hospital,P,NETRA ASHA,"LGF, A.S. Plaza, Near Naveen Machhali Mandi, Dubagga,Hardoi Road",9511172087,9,162,100013,2023-07-03 13:34:29,26.87872341040172,80.84669894747208,PMJAY
HOSP9P152140,9152140,Hospital,P,ASHIRVAD MULTI SPECIALITY HOSPITAL,"B 38/1- A-1,BIRDOPUR MAHMOORGANJ VARANASI",9839055090,9,187,100002,2023-05-11 15:23:42,25.317922,82.982402,PMJAY
HOSP9P152695,9152695,Hospital,P,NETRA JYYOTI EYE CARE HOSPITAL,"NEAR SETELIGHT BUS STAND PILIBHIT BYE PASS ROAD BAREILLY,",7830280581,9,130,100013,2023-03-20 14:15:52,28.358056,79.418889,PMJAY
HOSP9P156250,9156250,Hospital,P,VIJAY LUXMI MULTISPECIALITY HOSPITAL AND TRAUMA CENTRE,"11B LAXMI COMPLEX, JAYCEES CROSSING, HUSENABAD, JAUNPUR,",9839291194,9,152,"100006,100010,100015,100017",2023-03-22 16:15:49,25.7297760000001,82.7050730000001,PMJAY
HOSP9P156891,9156891,Hospital,P,TK NURSING HOME,"JAITRA,",9927226686,9,132,"100006,100012",2023-07-19 13:47:04,29.301838,78.5003800000001,PMJAY
HOSP9P156906,9156906,Hospital,P,NEW LYF HOSPITAL,"SEGRA PEER, BULANDSHAHR ROAD, GULAOTHI, BULANDSHAHR,",9759633167,9,134,"100004,100005,100006,100010,100012,100017",2023-02-17 12:19:00,28.548292,77.805035,PMJAY
HOSP9P156996,9156996,Hospital,P,SHREE SATYA CITY HOSPITAL,"1 B 412 BUDDHI VIHAR,NEAR ARYANS SCHOOL MORADABAD",7088388885,9,171,"100015,100016",2024-07-25 11:06:03,28.84166,78.74441,PMJAY
HOSP9P157026,9157026,Hospital,P,Anshuman Hospital And Trauma Centre,Nedula Chauraha Khalilabad,7571841600,9,178,,,26.782198,83.063345,PMJAY
HOSP9P157362,9157362,Hospital,P,SHRI NATH EYE HOSPITAL,"GAURIGANJ Gauriganj Tehsil,",7800460744,9,640,100013,2023-04-19 16:03:34,26.211828168018812,81.67973391324563,PMJAY
HOSP9P157462,9157462,Hospital,P,NEW APEX HOSPITAL,"0 NEAR ITBP BUKHARA MOD BAREILLY,",6397166764,9,130,"100005,100006,100012,100015,100023",2023-07-20 16:45:56,28.2968740000001,79.3984050000001,PMJAY
HOSP9P157548,9157548,Hospital,P,Ramkripa Chikitsalay,"Ramkripa Chikitsalay near Bindiram Hotel Ranipur Bhatt Karwi Chitrakoot,",9179445559,9,136,100005,2023-03-22 17:37:53,25.195798885727214,80.87190143744328,PMJAY
HOSP9P158150,9158150,Hospital,P,NEW TIRUPATI HOSPITAL,Varanashi road nr presidency lawn nausarh,7607239392,9,148,,,26.721075,83.331354,PMJAY
HOSP9P158202,9158202,Hospital,P,SAKEENA HOSPITAL,"UMRI KALAN MORADABAD,",8800173790,9,171,"100005,100006,100017",2023-05-03 13:26:41,28.7945940000001,78.732697,PMJAY
HOSP9P158301,9158301,Hospital,P,Imperia Neuro Sciences and Multispeciality Hospital,"C 643,Aravalli Marg, Indira nagar ",8400420038,9,162,"100005,100006,100011,100012,100015,100022,100023",2023-06-19 17:37:21,26.875645067565728,80.99127346900502,PMJAY
HOSP9P158391,9158391,Hospital,P,USMANI NURSING HOME,"MOHALLA HINU CHAUDHIYAN ,MOHALLA HINU CHAUDHIYAN ",9760472789,9,132,"100004,100005",2023-03-22 12:34:36,29.203136,78.5881780000001,PMJAY
HOSP9P158637,9158637,Hospital,P,Dev Eye Centre,"Dev Eye Centre, R 10 VAKIL COLONY PRATAP VIHAR",9650503324,9,145,100013,2023-03-20 19:06:00,28.66249,77.43777,PMJAY
HOSP9P159006,9159006,Hospital,P,PURVANCHAL CHARITABLE EYE HOSPITAL,"NH 28B KASIA ROAD PADRAUNA,",9554299143,9,160,100013,2024-01-04 14:00:29,26.871743939237902,83.96414404618258,PMJAY
HOSP9P160135,9160135,Hospital,P,SMART HOSPITAL,"96 New Arya Nagar Patel marg ghaziabad,Patel Marg Ghaziabad",9315729759,9,145,"100004,100006,100012,100015,100016,100017,100023",2024-02-19 13:00:01,28.6781310000001,77.4255180000001,PMJAY
HOSP9P160436,9160436,Hospital,P,GENERAL MEDICINE AND SURGERY,"BASTI KHIRIYA MAU,BASTI KHIRIYA MAU",9450111555,9,168,"100005,100006,100015",2024-07-25 11:07:23,25.870277138021635,83.42532213622451,PMJAY
HOSP9P162073,9162073,Hospital,P,Alka Hospital,42/17 A CHURCH LANE,9984779841,9,120,"100001,100015",2023-11-20 14:05:23,25.461110,81.865070,PMJAY
HOSP9P162282,9162282,Hospital,P,S S CHAUDHARY HOSPITAL,Adda karab Mahavan Mathura,9557021111,9,167,,,27.4781418,77.8172507,PMJAY
HOSP9P162864,9162864,Hospital,P,ANANT ROOP HOSPITAL,"SATIPUR CHAURAHA PILIBHIT BYE PASS ROAD BAREILLY,",7983443842,9,130,"100005,100006,100012,100013,100015",2023-07-13 15:01:52,28.3844040000001,79.4546090000001,PMJAY
HOSP9P162997,9162997,Hospital,P,SITAPUR NETHRALAYA ,"318 VIJAY LAXMINAGAR SITAPUR UTTAR PRADESH,",8220429752,9,183,,2023-12-14 12:32:32,27.563994,80.679443,PMJAY
HOSP9P163304,9163304,Hospital,P,sujata hospital hathras,"mathura road,",8400228899,9,163,100006,2024-01-18 17:07:06,27.597973,78.052682,PMJAY
HOSP9P163491,9163491,Hospital,P,LIFE CARE HOSPITAL,KAIRANA UNN ROAD DAIRY CHOWK JHINJHANA,7988549116,9,660,,,29.395858,77.204314,PMJAY
HOSP9P163659,9163659,Hospital,P,chhaya care hospital,"ratanpura mau,",8574986037,9,168,"100005,100006",2023-05-11 15:04:08,25.993095,83.535152,PMJAY
HOSP9G163688,9163688,Hospital,G,CHC Gajokhar,"Varanasi,Varanasi",9670289267,9,187,"100004,100005",2023-12-27 16:00:33,25.4762318946256,82.8322017203847,PMJAY
HOSP9P165915,9165915,Hospital,P,DIVYA HOSPITAL,"KALAGARH ROAD DHAMPUR,",8218146234,9,132,"100004,100005,100006,100012",2023-07-20 17:06:15,29.3099940000001,78.5166990000001,PMJAY
HOSP9P166148,9166148,Hospital,P,Pushpanjali Nursing Home ,"PUSHPANJALI 1-B AWANTIKA MDA MORADABAD ,SAI MANDIR KANTH ROAD MORADABAD ",8272828464,9,171,"100006,100012,100016",2023-07-13 13:42:13,28.8325632,78.7644416,PMJAY
HOSP9P166302,9166302,Hospital,P,MADHU HOSPITAL,"OPPOSITE OLD CITY KOTWALI,",7017565460,9,134,"100004,100005,100006,100012",2023-12-18 16:41:40,28.40549356596179,77.85351398081912,PMJAY
HOSP9P166455,9166455,Hospital,P,VEDANTA HOSPITAL,"HN 33 KHASRA NO 201 ADIL NAGAR,KURSI ROAD",8318138941,9,162,100005,2023-07-18 13:30:52,26.90586869087872,80.95960297231852,PMJAY
HOSP9P166834,9166834,Hospital,P,Garg Ophthalmic Centre Pvt. Ltd.,"B-54, Nirala Nagar,Lucknow",9794882229,9,162,100013,2023-07-19 13:28:19,26.87532,80.93683,PMJAY
HOSP9P167065,9167065,Hospital,P,SARTHAK HOSPITAL,"JEHTA MALL ROAD NEAR MC SAXENA CHAURAHA BARWAN KALAN LUCKNOW ,",9453021907,9,162,,2023-08-17 12:50:33,26.887753,80.8580140000001,PMJAY
HOSP9P167272,9167272,Hospital,P,dr amod uro gynae centre,"117/1093 m block ,kakadeo ",8795058666,9,157,100023,2024-02-21 16:49:11,26.476229,80.2836120000001,PMJAY
HOSP9P167275,9167275,Hospital,P,Lucknow Kidney Care Pvt Ltd,"40/414, Vivekanandpuram, ,Kalyanpur (West), Ring Road, Lucknow ",9451763786,9,162,100005,2023-10-03 13:09:32,26.900697,80.965225,PMJAY
HOSP9P167486,9167486,Hospital,P,OMAX HOSPITAL ,"ward 24 saidpur guloathi road ,",9999775513,9,134,"100005,100006,100012,100013,100026",2023-07-19 13:14:44,28.4587480000001,77.9528440000001,PMJAY
HOSP9P167669,9167669,Hospital,P,DR BARUA HEALTHCARE AND PATHOLOGY,"161,VIVEK VIHAR,KHUSALPUR,SHAPUR ROAD,MORADABAD UTTAR PRADESH-244001",9759044983,9,171,,,28.8421311,78.7330391,PMJAY
HOSP9P167991,9167991,Hospital,P,AXON HOSPITAL,B 1 50 VIKALP KHAND LUCKNOW UP ,9616861920,9,162,,2024-06-07 16:54:24.005,26.843680,81.011620,PMJAY
HOSP9P171290,9171290,Hospital,P,VANSHIKA CHILDREN HOSPITAL,"S-4/50, B, Tajpur, Mahabeer mandir road, Ordaly Bazar, varanasi,near mahabeer mandir",9415084306,9,187,"100010,100017",2024-03-06 17:01:45,25.35,82.98,PMJAY
HOSP9P172239,9172239,Hospital,P,GUPTA NURSINGH HOME,GUPTA NURSING HOME RAM GANGA VIHAR PHASE II MORADABAD,9412242865,9,171,100015,2024-01-03 16:25:42,28.879381,78.746078,PMJAY
HOSP9P175292,9175292,Hospital,P,OM EYE AND GYNAE CENTRE,"5/622,SECTOR 5, VAISHALI",9810373778,9,145,100013,2024-02-10 15:24:32,28.646645,77.348050,PMJAY
HOSP9P176256,9176256,Hospital,P,RAYS MULTISPECIALTY HOSPITAL ,"NEAR ARYAN INTERNATION SCHOOL NH19 ,",6391539999,9,135,"100006,100012,100015,100017",2024-01-05 16:28:36,25.266009099883036,83.14773752655879,PMJAY
HOSP9P177423,9177423,Hospital,P,Aaradhya Medi Life Centre,"C 89 Panchsheel enclave, Bhopura, Sahibabad Ghaziabad ,c 89 panchsheel enclave , opp koyal enclave bhopura ghaziabad.",9312777963,9,145,"100004,100005,100006,100012,100015,100017,100026",2024-01-24 14:55:58,28.708524999790882,77.33351799821799,PMJAY
HOSP9P178075,9178075,Hospital,P,sparsh medicare and trauma centre,"Padmana Naidu Marg, Shakti Khand III, ,Indirapuram, Ghaziabad, ",9958175833,9,145,"100004,100005,100006,100012,100015,100017,100026",2024-01-24 11:25:27,28.649816000000015,77.36557700000003,PMJAY
HOSP9P189068,9189068,Hospital,P,JEEVAN JYOTI HOSPITAL AND MEDICAL RESEARCH CENTRE,"Jatepur South Babina Road,",9754193503,9,148,"100012,100016",2024-06-06 12:24:04,26.761861000343217,83.36620499881724,PMJAY
HOSP9G191747,9191747,Hospital,G,Phc Sudhiyamau,"Barabanki,Barabanki",8953417895,9,129,100005,2024-01-05 15:18:39,27.1267290000001,81.189896,PMJAY
HOSP9G192659,9192659,Hospital,G,Phc Gangeru,"Shamli,Shamli",8954542680,9,660,100005,2024-03-14 13:38:26,29.3663790000001,77.249784,PMJAY
HOSP9P193447,9193447,Hospital,P,SHRI JI HOSPITAL,"1/110 talaiya lane ,fatehgarh",9453044854,9,141,"100006,100012,100015",2024-02-01 13:47:25,27.38733,79.587864,PMJAY
HOSP9P194056,9194056,Hospital,P,Aditi Rajaura Hospital,"Near relience petrol pump panni nagar sugar meel ,",9759298307,9,134,"100005,100006,100015",2024-03-07 16:40:04,28.392902,77.842736,PMJAY
HOSP9G195889,9195889,Hospital,G,PHC MAANPUR OJHA ,MAANPUR OJHA,9548506432,9,176,100005,2024-02-02 15:37:08,28.82000,79.30095,PMJAY
HOSP9P197206,9197206,Hospital,P,ram lakhan mishra hospital,"chaturpatti haripur dhanupur handia prayagraj,",9891566311,9,120,100006,2024-08-22 15:02:50,25.4202950000001,82.2614970000001,PMJAY
HOSP9P198397,9198397,Hospital,P,SHRI SIDDHI VINAYAK HOSPITAL,"BISALPUR ROAD BILSANDA,",9696963080,9,173,100013,2024-11-06 11:25:47,28.277316,79.8359960000001,PMJAY
HOSP9P200678,9200678,Hospital,P,Rawal Hospital,"NEAR HP GAS AGENCY RAILWAY ROAD, DADRI,",8920530500,9,144,"100006,100010,100012,100017,100026",2024-12-04 13:21:00,28.5480650000001,77.547219,PMJAY
HOSP9P200804,9200804,Daycare Centre,P,DEV EYE CENTRE,"r-9, sec-12, pratap vihar, vijay nagar , ghaziabad,",8550901708,9,145,100013,2024-06-24 17:02:33,28.52420662940017,76.54468745617874,PMJAY
HOSP9P205640,9205640,Hospital,P,SHREE MARUTI HOSPITAL,civil line bulandshahr,9756588886,9,134,"100005,100006",2024-08-20 13:00:48,28.406179,77.853697,PMJAY
HOSP9P205909,9205909,Hospital,P,INTERNATIONAL ONCOLOGY SERVICES PVT LTD,"9TH MILESTONE AMBALA ROAD, NEAR SAHARANPUR MEDICAL COLLOEGE GRAM, SAORANA,",7042002089,9,177,100021,2024-12-16 12:21:50,29.9740610000001,77.5124230000001,PMJAY
HOSP9P206172,9206172,Hospital,P,AYUAHMAN HOSPITAL,"NEAR BALMIKI GATE BILARI MORADABAD,",9927705823,9,171,100006,2024-11-21 12:34:04,28.5622540000001,78.700381,PMJAY
HOSP98G99453,9899453,Hospital,G,SUB DIVISIONAL RAILWAY HOSPITAL TUNDLA,"SDH TUNDLA ,OPPOSITE NCR COLLEGE TUNDLA ",9794837501,9,143,"100001,100002,100003,100004,100005,100006,100007,100008,100009,100010,100011,100012,100013,100014,100015,100016,100017,100018,100019,100020,100021,100022,100023,100026",2019-05-15 11:50:36,27.213522,78.239075,PMJAY
HOSP99G90772,9990772,Hospital,G,DIVISIONAL RAILWAY HOSPITAL MORADABAD,"moradabad tadikhana moradabad ,",8448364944,9,171,"100005,100013",2019-03-05 19:40:33,28.837254,78.764527,PMJAY
HOSP99G90811,9990811,Hospital,G,SUB DIVISIONAL RAILWAY HOSPITAL GONDA,SUB DIVISIONAL RAILWAY HOSPITAL GONDA,9794842510,9,147,"100001,100002,100003,100004,100005,100006,100007,100008,100009,100010,100011,100012,100013,100014,100015,100016,100017,100018,100019,100020,100021,100022,100023,100026",2019-03-06 15:20:06,27.1678401,81.986206,PMJAY
HOSP99G90845,9990845,Hospital,G,Divisional railway hospital,Divisional railway hospital izzatnagar bareilly,9760541505,9,130,"100001,100002,100003,100004,100005,100006,100007,100008,100009,100010,100011,100012,100013,100014,100015,100016,100017,100018,100019,100020,100021,100022,100023,100026",2019-06-04 16:09:01,28.3964358835227,79.4213675709753,PMJAY
HOSP99G91119,9991119,Hospital,G,Divisional Railway Hospital PDDU Nagar,"Mughalsarai,",9794848507,9,135,,2019-03-28 15:57:56,25.286120,83.116055,PMJAY
HOSP99G91222,9991222,Hospital,G,Divisional Railway Hospital,"Badshah Nagar, Lucknow, UP",9794842505,9,162,"100004,100005,100012,100013,100026,10083",2019-06-13 17:50:30,26.8746732,80.9567113,PMJAY
HOSP99G91234,9991234,Hospital,G,LUCKNOW NORTHERN RAILWAY DIVISIONAL HOSPITAL,"NORTHERN RAILWAY DIVISIONAL HOSPITAL, CHARBAGH Lucknow ",9794833514,9,162,"100001,100002,100003,100004,100005,100006,100007,100008,100009,100010,100011,100012,100013,100014,100015,100016,100017,100018,100019,100020,100021,100022,100023,100026",2019-03-09 06:35:47,26.8466937,80.9461659999999,PMJAY
HOSP10P100292,10100292,Hospital,P,ROSE THE MEDICITY & IVF CENTRE,"DIGGHI WEST MISHRATOLA,DARBHANGA",6207223485,10,195,,,26.1471813,85.9035124,PMJAY
HOSP10P101420,10101420,Hospital,P,eye hospital aankh asptal,"Eye Hospital, Dani Bigha, Aurangabad",9431256193,10,189,,,24.7601073,84.3634616,PMJAY
HOSP10P102359,10102359,Hospital,P,MAA UGRATARA NETRALAYA,"RED CROSS ROAD,",9308557578,10,206,100013,2020-09-29 11:53:44,26.342817281604766,86.07261387681638,PMJAY
HOSP10G102398,10102398,Hospital,G,PHC Agiaon,"Agiaon bhojpur,agiaon",9386332243,10,193,"100004,100005,100014",2019-11-06 17:21:45,25.38,84.61,PMJAY
HOSP10P106972,10106972,Hospital,P,M M Hospital Research Center,"8/M/5,  B.H.Colony,Kankarbagh",8969516050,10,212,"100005,100006,100012,100015",2021-05-17 18:15:01,25.583131,85.135858,PMJAY
HOSP10P108248,10108248,Hospital,P,City hosptal,"Block Road, Patepur, Vaishali, Bihar - 843114",7857801143,10,224,,,25.87271,85.53968,PMJAY
HOSP10P111138,10111138,Hospital,P,ADARSH HOSPITAL,Amwa brit Paharpur,9934815264,10,213,,,26.61738,84.58743,PMJAY
HOSP10P111762,10111762,Hospital,P,Siddharth Nursing Home,"Green House, Sidharthpuri Colony, Road No. 1, Manpur Ga.ya 823003",7050197753,10,196,,,24.79442,85.02372,PMJAY
HOSP10P111773,10111773,Hospital,P,KAMLA EMERGENCY HOSPITAL,MOHANPUR ROAD IN SIDE OF SANYA HONDA SAMASTIPUR,9631345219,10,217,,,25.85287,85.77211,PMJAY
HOSP10P113412,10113412,Hospital,P,NARAYANI HOSPITAL,near chaipman school gaushala road muzaffarpur,9128872501,10,208,,,26.11525,85.40047,PMJAY
HOSP10P113448,10113448,Hospital,P,LIFE CARE HOSPITAL,LIFE CARE HOSPITAL MOHANPUR ROAD SAMASTIPUR,8986038255,10,217,100017,2024-03-18 16:11:37,25.92336,85.55811,PMJAY
HOSP10P114602,10114602,Hospital,P,ADVANCE EYE CARE ,"TARA COMPLEX OPP CHRIST CHURCH GHANTAGHAR BHAGALPUR,",9431277278,10,192,100013,2024-04-02 16:52:21,25.1171880000001,86.9847950000001,PMJAY
HOSP10P120448,10120448,Hospital,P,Chandra nursing home ,"Ghughritand By pass,",9386052917,10,196,,,24.771464392298412,85.00611364417603,PMJAY
HOSP10P122081,10122081,Hospital,P,SHUBHAM NURSING HOME,SOUTH OF RJS SCHOOL WAZIRGANJ GAYA,9955560109,10,196,,2024-08-16 11:43:19.475,24.8013647,85.2404308,PMJAY
HOSP10P125323,10125323,Hospital,P,iris world eye hospital,YUGESHWAR MARKET AAKHARAGHAT ROAD ZEROMILE,7979939238,10,208,,,26.1474507410676,85.3889886976943,PMJAY
HOSP10P131366,10131366,Hospital,P,Satya Drishti Hospital,Thalwara Road,9262578175,10,195,100013,2022-05-04 17:01:18,9.4,68.7,PMJAY
HOSP10P140079,10140079,Hospital,P,SBS IT HOSPITAL,"BHIKHANPUR, NH- 57, NEAR S.K. MEDICAL COLLEGE",8591476309,10,208,,,26.1197,85.3910,PMJAY
HOSP10P147415,10147415,Hospital,P,DD Mandal Hospital Private limited,"AIIMS TO DIGHA RUPASPUR NAHAR ROAD PILLAR NO 257 DANAPUR PATNA 800012 BIHAR,",9341512976,10,212,"100005,100006,100015",2024-11-19 12:16:58,25.63092909999999,85.07208730000002,PMJAY
HOSP10P147520,10147520,Hospital,P,ASIA HOSPITAL   A UNIT OF EMEDINOVA  MARKETING PVT LTD,"Agamkuan, Near Dhanuki More,Kankarbagh Main Road",9334597613,10,212,"100002,100005,100006,100008,100011,100015",2024-02-12 14:16:34,25.599277138006528,85.19354846215879,PMJAY
HOSP10P149688,10149688,Hospital,P,Dr Ashwini ENT and Cosmetic Hospital ,"MALAHI PAKARI 90FEET ROAD,NEAR 90 Feet Raod",7903325395,10,212,100016,2024-08-12 17:35:18,25.5896305000001,85.1570155000001,PMJAY
HOSP10P152205,10152205,Hospital,P,GHSPL MUZF SUPER SPECIALITY HEALTHCARE LLP,"SADATPUR NEAR SUDHA DAIRY ,NH 28 ,KANTI,MUZAFFARPUR ,BIHAR",8296384442,10,208,"100001,100004,100005,100006,100015",2025-01-21 16:18:20,26.1479722,85.3424492,PMJAY
HOSP10P157847,10157847,Hospital,P,Nayan jyoti Netra chikitsa Kendra ,"Nayan Jyoti Netra Chiktsha Kendra, Bina Road Dehra More,Ward No 28,Nagar Parisad Supaul Supau,BINA ROAD, WARD NO-28, NAGAR PARISAD SUPAUL",9709751382,10,223,100013,2024-11-19 12:21:30,26.115017000000023,86.60383000000013,PMJAY
HOSP10P169630,10169630,Hospital,P,DAKSH HOSPITAL,"PB SCHOOL, CHITRANJAN ROAD,PURANI BAZAR, LAKHISARAI",8375974307,10,204,"100005,100006,100012,100015,100023",2024-01-23 15:57:46,25.18149340567352,86.09471384821268,PMJAY
HOSP12G111947,12111947,Hospital,G,Unit Hospital 4BN ITBP Dirang,"UNIT HOSPITAL 4BN ITBP DIRANG, NEAR NRC-YAK",9856610189,12,242,,2020-12-10 13:51:10,26.5428,91.304,PMJAY
HOSP12G123553,12123553,Hospital,G,CHC Itanagar,"Opposite RWD Office,Near police Station Itanagar, Papum Pare",9862237715,12,237,"100004,100005,10083",2021-09-30 13:53:44,27.0990227,93.62875249999999,PMJAY
HOSP12G126260,12126260,Hospital,G,UPHC Rakap,"Rakap Colony Naharlagun,",9436094653,12,237,"100004,100005,100014,10083",2021-04-19 13:17:10,27.105142351207604,93.69775301919776,PMJAY
HOSP12G131798,12131798,Hospital,G,Dedicated COVID Hospital Pasighat,Opposite District TB Centre Pasighat,8974944082,12,232,"100004,100005,100014,10083",2021-09-01 14:44:45,28.07113,95.32068,PMJAY
HOSP12G134255,12134255,Hospital,G,CHC Mechukha,"CHC Mechukha,near SB office",9402933551,12,725,"100004,100005,10083",2021-10-01 16:53:16,28.600015,94.1353940000001,PMJAY
HOSP12G134265,12134265,Hospital,G,Dedicated COVID Hospital Chimpu,Gohpur,8956048429,12,237,"100002,100004,100005,100006,100012,100013,100014,100015,100018,10083",2021-10-01 19:53:12,27.071065,93.593057,PMJAY
HOSP12G151473,12151473,Hospital,G,CHC MIAO,Medical Road Miao,8974687664,12,229,"100004,100005,10083",2024-01-17 13:32:48,27.2927,96.1236,PMJAY
13007006,13007006,Hospital,G,Urban Primary Health Centre,UPHC Seikhazou,8731970773,13,245,,,25.673599,94.118032,PMJAY
HOSP13G106701,13106701,Hospital,G,PHC SITIMI,SITIMI TOWN,9362419252,13,614,"100004,100005,100006,100010,100012,100013,100015,100016,100017,100020,100026,100028,10083",,25.8375255114335,94.6765878212389,PMJAY
HOSP13G106706,13106706,Hospital,G,PHC LIKIMRO,PHC LIKIMRO,9893740716,13,614,"100004,100005,100006,100010,100012,100013,100014,100015,100016,100017,100020,100026,100028,10083",,25.78014603,94.8493818261187,PMJAY
HOSP13G106708,13106708,Hospital,G,PHC AMAHATOR,Amahtor town,7005288703,13,614,"100001,100004,100005,100006,100010,100012,100013,100015,100016,100017,100019,100026,100028,10083",,25.9412453667175,94.7459532506938,PMJAY
HOSP13P114433,13114433,Hospital,P,EDEN MEDICAL CENTRE,"KASHIRAM ROAD, NEAR SUB JAIL",9436602355,13,244,,,25.900037,93.7007450108588,PMJAY
HOSP13P115315,13115315,Hospital,P,K P Bethesda Hospital,near fire brigade station below PHQ office,8974036039,13,245,,,25.658893,94.1000239,PMJAY
HOSP13P115338,13115338,Hospital,P,Zion Hospital and Research center ,PURANA BAZAR ,8794791367,13,244,,,25.916299,93.747506,PMJAY
HOSP13G150374,13150374,Hospital,G,phc sechii zubza,sechu zubza kohima,7005964162,13,245,,,25.7130,94.0412,PMJAY
HOSP14P102752,14102752,Hospital,P,MAIPAKPI MATERNITY AND CHILD HOSPITAL,"NORTH AOC IMPHAL,INDO BURMA ROAD",8974616443,14,256,"100006,100010,100012,100017,100023",2019-10-19 13:11:09,24.81543778544409,93.94272863558274,PMJAY
HOSP14P108961,14108961,Hospital,P,IMPHAL HEART INSTITUTE,"Sagolband Moirang Leirak Machin,",7086525414,14,256,,2020-03-31 12:35:22,24.803587,93.926748,PMJAY
HOSP14P119302,14119302,Hospital,P,SAMARITAN NURSING HOME,"bijang,",9233641626,14,254,,2020-08-02 18:18:52,24.354444,93.703578,PMJAY
HOSP14P123987,14123987,Hospital,P,LAMJINGBA HOSPITAL & MEDICAL RESEARCH INSTITUTE PVT. LTD.,"URIPOK BACHASPATI LEIKAI, RIMS SOUTH GATE, NEAR KOMBIREI KEITHEL",7022573839,14,256,100026,,24.8124895,93.9239594,PMJAY
HOSP14P147032,14147032,Hospital,P,Saiyon healthcare and research institute private limited,"Saiyon Building,",9862008820,14,252,,2023-11-21 18:22:13,24.71514941012137,93.83679207347234,PMJAY
HOSP14P148274,14148274,Hospital,P,CITY HOSPITAL AND RESEARCH CENTRE,"Chingmeirong,",9774023421,14,255,"100004,100026",2024-09-10 15:09:11,24.824282835058185,93.94502277083882,PMJAY
HOSP14P149190,14149190,Hospital,P,EMA HOSPITAL KAKCHING,"KAKCHING NINGTHOU LEIKAI LIC PARENG,",7085766064,14,711,100012,2022-11-11 15:44:33,24.498657118299036,93.9865326552997,PMJAY
HOSP14P158935,14158935,Hospital,P,SUR HOSPITAL,Khangabok ,9862891936,14,259,100012,2023-04-28 14:37:16,24.618580195,94.020842144,PMJAY
HOSP14P171708,14171708,Hospital,P,Remedy Hospital and Research Centre,"Remedy Hospital Building,Pureilomba Khongnangkhong, Palace gate",8837295997,14,255,"100005,100006,100012,100015,100017",2024-03-27 11:17:07,24.802879759578786,93.94749176393952,PMJAY
HOSP14P185185,14185185,Hospital,P,PIIMA HEALTH CARE,"THOUBAL MELAGROUND,THOUBAL MELAGROUND",7085766064,14,259,100012,2024-01-08 11:37:51,24.6392720000001,94.000276,PMJAY
HOSP15P116287,15116287,Hospital,P,Aizawl Adventist Hospital,"Vaivakawn, 7th day tlang,",9774537447,15,261,"100005,100006,100012,100014,100017",2020-05-26 10:46:36,23.7366910000001,92.7093740000001,PMJAY
HOSP15P175000,15175000,Hospital,P,Greenwood Hospital Private Limited,"BAWNGKAWN,GREENWOOD HOSPITAL PRIVATE LIMITED",9436197752,15,261,"100005,100006",2024-01-24 14:07:58,23.755465760015852,92.73107788648076,PMJAY
17004013,17004013,Hospital,G,WAHRIT PHC,"WAHRIT VILLAGE, WEST KHASI HILLS DISTRICT, MEGHALAYA P.O-MAIRANG",9615134294,17,279,,,25.5619883,91.6347878,PMJAY
17006066,17006066,Hospital,G,SHELLA PHC,"SHELLA PHC, PO - BHOLAGANJ VILLAGE, EAST KHASI HILLS, MEGHALAYA",9862974898,17,274,,,25.1734756,91.6519672,PMJAY
HOSP17P102605,17102605,Hospital,P,MEDICA SUPERSPECIALTY HOSPITAL,"127, Mukundapur, EM Bypass",8585069898,17,274,"100003,100004,100007,100010,100016,100017,100023,100026",,26.109035,91.719325,PMJAY
HOSP17G114562,17114562,Hospital,G,WAHKAJI PHC,"WAHKAJI Ranikor South West Khasi hills ,MAWKYRWAT",7085958640,17,658,"100001,100004,100005,100006,100012,100013,100016,100019,10083",2021-03-14 11:12:25,25.366456,91.2622220000001,PMJAY
HOSP17P126620,17126620,Hospital,P,Garo Hills Adventist Mission Nursing Home,"Garo Hills Adventist Mission Nursing Home, Jengjal ",8056592454,17,278,,,25.6520427,90.3347152,PMJAY
HOSP18G101616,18101616,Hospital,G,NEW BONGAIGAON DIVISIONAL RAILWAY HOSPITAL,"New Bongaigaon,",9957554507,18,281,"100004,100005",2024-01-19 16:39:05,26.482356967632,90.5148547,PMJAY
HOSP18P101619,18101619,Hospital,P,MayFlower Hospital,"Margherita , Tinsukia",9101141313,18,302,,,27.29862,95.65781,PMJAY
HOSP18P102066,18102066,Hospital,P,Sivasagar Netralay,"H C B ROAD, CENTRAL MARKET,H C B ROAD, CENTRAL MARKET",9435055081,18,300,"100013,100028",2020-10-28 14:16:40,26.9838950000001,94.632728,PMJAY
HOSP18P102290,18102290,Hospital,P,Avinaba Eye Hospital,"Avinaba Eye Hospital,",9434193663,18,287,"100013,100026,100028",2020-04-30 12:05:11,25.98363619681264,90.7756547430098,PMJAY
HOSP18P102622,18102622,Hospital,P,Rahman Hospitals PVT. LTD,Six Mile,7086642051,18,618,,,26.13519,91.80721,PMJAY
HOSP18P106476,18106476,Hospital,P,ERC Eyecare Hospital ,"ward no 12,Radha Madhab Road Bilpar",9854073253,18,282,"100013,100028",2021-01-19 11:39:56,24.8160360000001,92.8016440000001,PMJAY
HOSP18G106764,18106764,Hospital,G,Airkata s/c,"Maira Kuchi Pt.i,Airkata",9365180185,18,285,"100012,100026,100028,10083",2019-09-18 15:19:11,26.021039,90.1774280000001,PMJAY
HOSP18G106776,18106776,Hospital,G,Chapakhowa FRU,Medical Chariali,9957855307,18,302,"100012,100014,100026,100028,10083",,27.9253837,95.7609233,PMJAY
HOSP18P107616,18107616,Hospital,P,EAST END NURSING HOME & RESEARCH INSTITUTE,East End Nursing Home,9854133926,18,618,,,26.18384,91.78272,PMJAY
HOSP18G108128,18108128,Hospital,G,Central Hospital NEC CIL,"Central Hospital, NEC, CIL, Margherita",9531105629,18,302,,,27.2911484,95.676962,PMJAY
HOSP18P108959,18108959,Hospital,P,VIVEKANANDA KENDRA NRL HOSPITAL,"NRL TOWNSHIP, NUMALIGARH, P.O.- N.R. COMPLEX",9435152015,18,288,,,26.59135,93.74954,PMJAY
HOSP18G111946,18111946,Hospital,G,UNIT HOSPITAL 33 BN &,BLOCK A-14 FLAT NO 602 NATIONAL GAMES VILLAGE GUWAHATI ASSAM,7042707740,18,618,,,26.1094,91.7876,PMJAY
HOSP18G112993,18112993,Hospital,G,10 bedded hospital 27th bn SSB howly,O/O THE COMMANDANT,9957594558,18,280,,,26.4216334,90.9632033,PMJAY
HOSP18G113034,18113034,Hospital,G,UNIT HOSPITAL 15TH BN,O/O THE COMMANDANT,9431222505,18,612,,,26.563050,90.498760,PMJAY
HOSP18G113035,18113035,Hospital,G,10 BEDDED UNIT HOSPITAL 31 BN SSB,31st Battalion SSB Gossaigaon ,9957274765,18,284,,,26.450396,89.929979,PMJAY
HOSP18G113037,18113037,Hospital,G,UNIT M.I ROOM 136 BN,"136 BN,CRPF",7002409721,18,298,,,26.470331,91.428998,PMJAY
HOSP18G113041,18113041,Hospital,G,10 BEDED HOSPITAL 64 BN SSB,"64 Bn SSB Barama, Howly ",9006652287,18,280,,,26.65343,91.44999,PMJAY
HOSP18G113052,18113052,Hospital,G,UNIT HOSPITAL 61 BN SSB,61st Bn SSB Bhairabkunda,8132016034,18,617,,,26.72701,92.07444,PMJAY
HOSP18G113063,18113063,Hospital,G,Unit hospital 129Bn,"UNIT HOSPITAL, 129 BN, CRPF, PRASAR BHARATI COMPLEX, BHOTGAON, KOKRAJHAR  ASSAM  783370",9401525380,18,294,,,26.4014362,90.266699,PMJAY
HOSP18G113071,18113071,Hospital,G,M.I. ROOM 34 BN CRPF,34 BN CRPF KATIMARI NAGAON,9435477327,18,297,,,26.373937,92.6649121,PMJAY
HOSP18G113075,18113075,Hospital,G,10 Bedded Hospital 54Bn SSB,54Bn,9695114084,18,612,,,26.597448,90.715714,PMJAY
HOSP18G113121,18113121,Hospital,G,MI ROOM 175,175 Bn M I ROOM,9864651946,18,291,,,26.440225,90.353558,PMJAY
HOSP18G113125,18113125,Hospital,G,unit hospital 119bn crpf,"119Bn CRPF Unit Hospital, Rowriah, Jorhat",8731985895,18,290,,,26.73489,94.19971,PMJAY
HOSP18G113127,18113127,Hospital,G,GROUP CENTRE CRPF HOSPITAL KHATKHATI,"Group centre CRPF Hospital Khatkhati, Karbianlong, Assam",7838960625,18,292,,,25.9650119,93.7317001,PMJAY
HOSP18G113241,18113241,Hospital,G,UNIT HOSPITAL 142 Bn,"HQ/142 BN CRPF, JONAKI NAGAR ",9515391359,18,288,,,26.528889,93.980135,PMJAY
HOSP18G113420,18113420,Hospital,G,MI ROOM 149 BN CRPF,"MI ROOM 149 BN, CRPF, JOYSAGAR",9435157643,18,300,,,26.955398,94.620056,PMJAY
HOSP18G113423,18113423,Hospital,G,UNIT HOSPITAL 128 BN CRPF,"Transit Camp, CRPF, Ambari Guwahati",8472064114,18,291,,,26.1828462,91.7555169,PMJAY
HOSP18G113618,18113618,Hospital,G,Unit Hospital 41 Bn BSF,41 BN BSF UNIT HOSPITAL SRINAGAR,9495784256,18,285,,,33.999348,74.7720346,PMJAY
HOSP18G113632,18113632,Hospital,G,HOSPITAL  SHQ BSF DHUBRI,SHQ BSF HOSPITAL AND 110 BN BSF HOSPITAL PANBARI,9435592347,18,285,,,26.0186,89.9856,PMJAY
HOSP18G113634,18113634,Hospital,G,FRONTIER HOSPITAL BSF M&C,"Frontier Hospital, Masimpur, Silchar, Assam.",8918210841,18,282,,,24.8535082,92.7509063,PMJAY
HOSP18G114058,18114058,Hospital,G,Unit Hospital 01 BN BSF,"o1 BN BSF, DHOLCHERA, SILCHAR",0,18,282,,,24.514680,92.422420,PMJAY
HOSP18G114638,18114638,Hospital,G,RAJGARH TEA ESTATE HOSPITAL,RAJGARH TEA ESATE,8134043758,18,286,,,27.22932,95.09894,PMJAY
HOSP18P114643,18114643,Hospital,P,Khowang Tea Estate,KHOWANG TEA ESTATE,9957083613,18,286,,,27.24444,94.89005,PMJAY
HOSP18P114644,18114644,Hospital,P,MURPHULANI T.E. HOSPITAL,"MURPHULANI TEA ESTATE, P.O. MURPHULANI",9678830792,18,288,,,26.440678027748,93.8310051527189,PMJAY
HOSP18P114646,18114646,Hospital,P,Hoolungooree TE,Hoolungooree TE,7002615624,18,290,,,26.6515709,94.3282595,PMJAY
HOSP18G114647,18114647,Hospital,G,BASMATIA TEA GARDEN HOSPITAL,BASMATIA TEA ESTATE,8011584454,18,286,,,27.39101,95.05864,PMJAY
HOSP18G114649,18114649,Hospital,G,DESAM TEA ESTATE HOSPITAL,"DESAM TEA ESTATE HOSPITAL, P.O. NAHARKATA, DISTRICT-DIBRUGAR, ASSAM, PIN-786610",9435334822,18,286,,,27.264944,95.274535,PMJAY
HOSP18P114658,18114658,Hospital,P,Bhamun Tea Estate,Bhamun Tea Estate,9435250420,18,286,,,26.98,94.62,PMJAY
HOSP18P115823,18115823,Hospital,P,Jorhat Christian Medical Centre,"Borbheta, Jail Road",9558875393,18,290,"100006,100016,100023,100026,100028",2023-11-21 18:22:13,26.73906,94.20313,PMJAY
HOSP18P118075,18118075,Hospital,P,ASG Hospital Pvt Ltd,"Amaze Plaza, M D Saha Road, Opp Hotel Hornbill, Paltan Bazaar, Guwahati",8875020446,18,291,"100013,100028",2021-01-18 10:16:54,26.17939,91.74787,PMJAY
HOSP18P119819,18119819,Hospital,P,THE RETINA CENTRE,"SUBHAM BIJAY CRESCENT,G. S ROAD",6901224228,18,618,"100013,100028",2021-07-22 13:48:26,26.144148,91.684335,PMJAY
HOSP18P123304,18123304,Hospital,P,SULTAN HOSPITAL AND RESEARCH CENTRE,"MAIDHALI PATHAR, MORIGAON",9706774995,18,296,,,26.23686,92.34607,PMJAY
HOSP18P123469,18123469,Hospital,P,NETRAM EYECARE AND EYEWEAR,"CHANDAN NAGAR, VIP ROAD, SIX MILE,",7002898704,18,618,"100013,100028",2023-05-03 15:20:55,26.137123,91.8114080000001,PMJAY
HOSP18P123772,18123772,Hospital,P,EYE DOCTORS EYE INSTITUTE AND SURGERY CENTRE,"THIRD FLOOR, MAYUR HEIGHTS, NEAR ABC BUS STOP, G.S ROAD, GUWAHATI,",8876518735,18,618,"100013,100028",2021-02-03 15:50:47,26.16188548975805,91.77096587676431,PMJAY
HOSP18P123934,18123934,Hospital,P,Akanksha Hospital Pvt Ltd,"akanksha hospital , ,near hotel radisson blu",9435144745,18,618,"100006,100012,100028",2021-02-19 15:45:56,26.135254121217486,91.66705691303378,PMJAY
HOSP18P124046,18124046,Hospital,P,DRISTIDAAN EYE HOSPITAL,"Ward no.- 6, Near Benusaha Hotel, Dhekiajuli, 784110,ward no-06,near benusaha hotel, Dhekiajuli PIN-784110",6000563211,18,301,"100013,100028",2021-08-09 21:33:08,26.7107578,92.4707597,PMJAY
HOSP18P124697,18124697,Hospital,P,SATYAM HOSPITAL AND RESEARCH CENTRE,DEWAL ROAD RUPAHI ALI CONNECTING ROAD,6003702992,18,290,,,26.75881,94.21601,PMJAY
HOSP18P125076,18125076,Hospital,P,Aruna Memorial Hospital,RAJGARH ROAD BHANGAGARH,8638819046,18,618,,,,,PMJAY
HOSP18P125094,18125094,Hospital,P,Binapani Nursing Home and Hospital,"Manaspur, ward no. 10",6001994020,18,280,"100005,100006,100015,100016,100017,100028",2021-07-27 11:32:46,26.490780,90.966043,PMJAY
HOSP18G135914,18135914,Hospital,G,unit mi room 171 bn crpf ,hq 171 bn crpf  police reserve ,9435550099,18,286,,,27.472834,94.911964,PMJAY
HOSP18P143389,18143389,Hospital,P,Dr Khalil Ullah Siddique,"Aditya Tower, G.S. Road Dispur, Guwahati,aditya tower gs road guwahati ",9864030434,18,618,"100023,100028",2023-11-21 18:22:13,26.138565,91.7985210000001,PMJAY
HOSP18P143442,18143442,Hospital,P,TRINETRA NETHRALAYA,"A K DEV ROAD,A K Dev Road",9864095186,18,618,"100013,100028",2023-03-31 15:47:05,26.101868,91.7164540000001,PMJAY
HOSP18P143958,18143958,Hospital,P,Prachurjya Borgohain Hospital,"Sonari, Sonari Town, Ward No 16.,",7002410298,18,708,"100005,100006,100012,100028",2022-07-14 13:00:39,27.0181400000001,95.0001530000001,PMJAY
HOSP18P144399,18144399,Hospital,P,Centre for Sight Guwahati A Unit of New Delhi Centre For Sight Ltd,Dag No 1608 Patta No 369 Bhangagarh Guwahati,8800891461,18,291,"100013,100028",2022-08-03 17:11:46,26.168203,91.765602,PMJAY
HOSP18P145301,18145301,Hospital,P,GATE SAIKIYA MULTISPECIALITY HOSPITAL,"Vill/Po- baihata, Ps- Kamalpur",7002637707,18,291,,,26.3471,91.6895,PMJAY
HOSP18P145690,18145690,Hospital,P,INDU EYE CARE AND RESEARCH CENTRE,"RAY BARUA COMPLEX,college road",7638825821,18,298,"100013,100028",2022-11-03 18:37:25,26.4424048,91.4428929,PMJAY
HOSP18P149853,18149853,Hospital,P,SIGHT PLUS THE EYE CARE CENTRE,"PLAZA SURENDRA ABOVE WESTSIDE,PHUKON ALI TINIALI",6001881267,18,290,"100013,100028",2023-02-14 12:28:04,26.757957350695193,94.20310684887727,PMJAY
HOSP18P150581,18150581,Hospital,P,GUWAHATI NETRALAYA EYE HOSPITAL,"s . c . road kumarpara panchali near santi sabha guwahati,",9864093366,18,618,"100013,100028",2023-01-02 17:24:41,26.1714680000001,91.737734,PMJAY
HOSP18P151345,18151345,Hospital,P,chilarai eye hospital,R. K. MISSION ROAD,9954067481,18,285,100013,2023-06-22 13:02:50,26.0298334,89.9719407,PMJAY
HOSP18P157608,18157608,Hospital,P,sushrusa hospital,"nH-31 INFRONT OF DTO ,NEAR SP OFFICE,BARSARKUCHI",9864108231,18,298,"100005,100006,100012,100015,100017,100023,100028",2023-03-09 11:17:25,26.450048235180844,91.4531462724949,PMJAY
HOSP18P158198,18158198,Hospital,P,NORTHEAST EYECARE CENTRE,"GOODLUCK BUILDING,BIJOYNAGAR",9706422254,18,291,100013,2023-12-06 13:59:11,26.091533359093418,91.48811684052089,PMJAY
HOSP18P159498,18159498,Hospital,P,BADARPUR HOSPITAL,MALUA,8638505606,18,293,"100005,100006",2023-06-25 20:59:50,24.86492,92.35915,PMJAY
HOSP18P162601,18162601,Hospital,P,Tezpur Eye Hospital,"Tezpur Eye Hospital,Deka Baruah Chuburi Near 155 Base Hospital, Mission Chariali, Tezpur",9954891600,18,301,"100005,100006,100010,100011,100012,100013,100015,100017",2023-08-03 16:38:20,26.646302457554825,92.77070600166053,PMJAY
HOSP18G166066,18166066,Hospital,G,Lakhipur BPHC,"PO-Lakhipur,Cachar, Assam,",9957571373,18,282,"100004,100005,100012",2023-06-29 21:25:59,24.79,93.00,PMJAY
HOSP18G168335,18168335,Hospital,G,170BN BSF UNIT HOSPITAL,170BN BSF DHOLCHERA,7851974228,18,708,"100004,100005",2023-12-04 17:00:42,24.94637,92.70745,PMJAY
HOSP18P170432,18170432,Hospital,P,ARATI EYE FOUNDATION,"KALGACHIA,",7002345514,18,280,100013,2023-11-20 14:45:33,26.35678970202693,90.87058419869027,PMJAY
HOSP18P195165,18195165,Hospital,P,LANKESWARI HOSPITAL AND RESEARCH CENTER,NEAR 2 NO RAIL GATE,9950123824,18,709,,,25.92885,92.94765,PMJAY
HOSP19G113200,19113200,Hospital,G,53 BN UNIT HOSPITAL,"COMMANDANT, 53 BN SSB UNIT HOSPITAL",9434737596,18,287,,,26.08852,90.73408,PMJAY
HOSP20P101642,20101642,Hospital,P,Life Care Hospital,Kandra Road,9123260943,20,325,,2023-11-21 18:22:13,23.8318622,86.5211595,PMJAY
HOSP20P102047,20102047,Hospital,P,MAA JAGDAMBEY PRABHU SEWA,SAGMA,9608760050,20,328,,,24.232531,83.461344,PMJAY
HOSP20P102501,20102501,Hospital,P,CITY CARE HOSPITAL & HEART CENTRE,"CHECK POST, CHAS, NEAR GUJRAT COLONY MORE",8271603947,20,322,,,23.639413,86.161362,PMJAY
HOSP20P102984,20102984,Hospital,P,LIFE LINE NURSING HOME,KALALI MORE PATHARGAMA,8298292268,20,330,,,24.829100,87.214100,PMJAY
HOSP20P103322,20103322,Hospital,P,SHRISTI NURSING HOME,"SHRISTI NURSING HOME, VIL- GARRI KALAN",9162950095,20,332,,,23.875165,85.165425,PMJAY
HOSP20P106377,20106377,Hospital,P,Raj Clinic and Research centre,Joraphatak road,9693390035,20,325,,,23.7836889,86.4213209,PMJAY
HOSP20G106383,20106383,Hospital,G,area hospital kathara,KATHARA,8987787103,20,322,"100004,100005,100026",2019-10-10 14:37:36,23.771668,85.882995,PMJAY
HOSP20P108330,20108330,Hospital,P,BISHESWAR MEMORIAL HOSPITAL,"NEAR SIMRA REST HOUSE BARKAGAON HAZARIBAG,NEAR PETROL PUMPE HAZARIBAG",9905735297,20,332,"100004,100005,100006,100015,100023,100026",2019-11-06 18:22:00,23.981325306317075,85.35951771720227,PMJAY
HOSP20P108345,20108345,Hospital,P,SHREE SUPERSPECIALITY HOSPITAL,"singh more, hatia",9650234763,20,339,,,23.3014583,85.3136568,PMJAY
HOSP20P108348,20108348,Hospital,P,P K PATHAK MEMORIAL HOSPITAL & DIAGNOSTICS,"Netram Sagarmal Kedia Path, Kalpara, Pakur",9113389378,20,337,,,24.6386682,87.8541094,PMJAY
HOSP20P108504,20108504,Hospital,P,MADHURI NURSING HOME,"MILAN CHOWK, SITU , ICHAGARH",8210934575,20,341,,,23.38718,85.46127,PMJAY
HOSP20P111183,20111183,Hospital,P,AADITYA SEVA SADAN & RESEARCH CENTER,"PLOT NO - KE-8, SECTOR - 4, NEAR MARUTI SHOWROOM",7979078023,20,322,,,23.6647029,86.1508152,PMJAY
HOSP20P111263,20111263,Hospital,P,UPAL HOSPITAL AND TRAUMA CENTRE,Petarwar,9304171772,20,322,,,23.66916,86.14996,PMJAY
HOSP20P111486,20111486,Hospital,P,GOLDEN EYE HOSPITAL,Badi Aliganj,9641035572,20,337,,,24.646320,87.838245,PMJAY
HOSP20P111552,20111552,Hospital,P,Arati Eye Foundation,"Arati Eye Foundation,",9434692448,20,324,,2023-11-21 18:22:13,24.276552999996596,86.63315900000646,PMJAY
HOSP20P112707,20112707,Hospital,PP,SONAJORI EYE NURSING HOME,"PAKUR SONAJORI (SONAJORI EYE NURSING HOME,",9614642025,20,337,,2023-11-21 18:22:13,24.652125948296245,87.79399753617338,PMJAY
HOSP20P112790,20112790,Hospital,P,Jeevan Rekha Nursing Home,Kusum vihar koyla nagar saraidhela,9955387904,20,325,,,23.8118936,86.4581869,PMJAY
HOSP20P114264,20114264,Hospital,P,JAI HOSPITAL & RESEARCH CENTRE,"KANKO MORE, KANKO MATH, KATRASH, DHANBAD, JHARKHAND.",7280022222,20,325,,,23.81503,86.46432,PMJAY
HOSP20P115208,20115208,Hospital,P,New udhwa nursing home,udhwa ,7980884704,20,340,"100004,100005,100006,100013,100026",2020-07-29 18:19:00,24.235221,87.263061,PMJAY
HOSP20P116777,20116777,Hospital,P,RAJ HOSPITAL SIMDEGA,NEAR ALLAHABAD BANK PRINCE CHOWK,9955835147,20,342,,,22.37,84.30,PMJAY
HOSP20P119240,20119240,Hospital,P,Navjeevan maternity & surgical nursing home,"At - GT. Road Dakdih, PO - Barkatha, PS - Barkatha",7978739713,20,332,,,24.168079,85.610481,PMJAY
HOSP20P119393,20119393,Hospital,P,HEENA HOSPITAL,lord sinha road opp. madhupur court,9082365188,20,324,,,24.2729191,86.6440301,PMJAY
HOSP20P119530,20119530,Hospital,P,PROMISE HEALTHCARE A UNIT OF STEMCARE LLP,"2 ND FLOOR PANCHWATI TOWER HARMU ROAD RANCHI,",9264447915,20,339,"100006,100010,100015,100017",2021-09-16 00:30:35,23.375580165378793,85.31400810317518,PMJAY
HOSP20P119735,20119735,Hospital,P,SEVALAYA HOSPITAL,"SEVALAYA HOSPITAL,KANTA TOLI , NEAR POST OFFICE nAGRI",7004214800,20,339,100013,2021-04-03 09:27:07,23.32305780719892,85.18850862164686,PMJAY
HOSP20P120439,20120439,Hospital,P,Rotary Koderma Dialysis Center,"At - Rani Sati Bhagwan Campus, PO - Jhumri Telaiya, PS - Jhumri Telaiya, Block - Koderma",9771441428,20,334,,,24.430256,85.529313,PMJAY
HOSP20P120516,20120516,Hospital,P,Sabitri Nursing Home,Tikar,8969153770,20,341,,,22.79667,85.8145,PMJAY
HOSP20P120761,20120761,Hospital,P,Pragati Hospital And Research Centre,"Pragati Hospital And Research Centre,Booty More Ranchi  NH 33 Ramgarh Road near reliance Fresh",9798467750,20,339,"100004,100005,100015,100026",2024-01-06 16:18:00,23.3997200000001,85.3892210000001,PMJAY
HOSP20P120768,20120768,Hospital,P,NEW LIFE NURSING HOME,"SABRA BAZAR CHANDANKIYARI,SABRA",8637369991,20,322,100013,2021-04-03 08:44:52,23.6050510000001,86.288527,PMJAY
HOSP20P122309,20122309,Hospital,P,R.B HOSPITAL & DIAGNOSTIC ,Old Court Road Near Nagar Bhavan,7870362249,20,323,,,24.2076559,84.8656327,PMJAY
HOSP20P123485,20123485,Hospital,P,KALAWATI HOSPITAL,"Beside Subhas Sir Lane, Hurhuru",9525254925,20,332,,,23.96,85.36,PMJAY
HOSP20P123587,20123587,Hospital,P,River View Hospital,SANKH MORE NEAR POWER HOUSE,8235552290,20,336,,,23.429501,84.681900,PMJAY
HOSP20P124922,20124922,Hospital,P,RANCHI EYE HOSPITAL,"LAH LOTHI,SAHU COMPLEX,RATU ROAD",8340595331,20,339,,2023-11-21 18:22:13,23.379821063647626,85.30337294086371,PMJAY
HOSP20P126140,20126140,Hospital,P,SHIVAM HOSPITAL & RESEARCH CENTER,"NEAR SHAHU PETROL PUMP, CHATAKTOLI, KOLEBIRA, SIMDEGA",7004801233,20,342,,,22.698900,84.693024,PMJAY
HOSP20P130100,20130100,Hospital,P,Sarjoo Nursing Home,"36 Purulia Road, Opposite SRS Cinema, Ranchi",8809823777,20,339,,,23.3677378,85.3386315,PMJAY
HOSP20P130551,20130551,Hospital,P,Aarogya Health Care,"Aarogya Health Care NH 33 Near Tata Motors Digwar,NH 33 Near TATA Motors",8888872772,20,607,"100005,100006,100015",2021-09-16 00:18:27,23.676628,85.529932,PMJAY
HOSP20P132162,20132162,Hospital,P,NATIONAL MEDICIVE HOSPITAL,"at post khatnai, ,khatnai chowk PS -motiya op(M)",9304916575,20,330,,,24.849341,87.102755,PMJAY
HOSP20P138320,20138320,Hospital,P,ZENETIC SUPER MULTISPECIALITY HOSPITAL ,"JAY PRAKASH NAGAR NEAR PANITANKI BOOTY ROAD BARIATU , Jharkhand, RANCHI, 834009,",9341529563,20,339,"100005,100006,100008,100010,100012,100015,100017,100018,100022,100023,100027",2022-07-08 10:43:02,23.3978357,85.3852762,PMJAY
HOSP20P141919,20141919,Hospital,P,CARE FORT HOSPITAL AND RESEARCH FOUNDATION,"KONKA ROAD,ANJUMAN COLONY",9709263187,20,339,"100005,100006,100013,100015",2022-07-08 10:56:16,23.36026,85.3287740000001,PMJAY
HOSP20P142060,20142060,Hospital,P,UMA POLY CLINIC ,"Guru Nagar Gangta, Near middle school ",9199372404,20,330,,,24.823355,87.204444,PMJAY
HOSP20P162619,20162619,Hospital,P,Urology Care Clinic,"Jai Prakash Nagar Near Booty More Bariyatu Road Ranchi,",9709070803,20,339,100023,2023-08-23 14:32:21,23.397972061019075,85.37658389441299,PMJAY
HOSP20P181684,20181684,Hospital,P,UPKAR EYE HOSPITAL,"sHUKAR BAZAR,ALOUDIYA",9835751017,20,335,100013,2024-01-09 13:43:40,23.686243716904045,84.7327429077277,PMJAY
22002100,22002100,Hospital,P,Sanjeevani eye and fracture,ring road choparapar beside central bank,9425075050,22,389,,,23.1336602057824,83.1891598656476,PMJAY
22002112,22002112,Hospital,P,KAMLESH NETRALAYA AMBIKAPUR,"jain mandir marg, chopra colony",9826408811,22,389,,,23.1320809292931,83.1895712738537,PMJAY
22002122,22002122,Hospital,P,MAA MAHAMAYA HOSPITAL,"INFRONT OF SUNITA DIAGNOSTIC, DARRIPARA",7999748789,22,389,,,23.14029,83.17488,PMJAY
22002136,22002136,Hospital,P,Shri Ganesh Vinayak Eye Hospital,"Shri Ganesh Vinayak Eye Hospital,Near CMHO office, Darripara, Ambikapur, Surguja",9109185023,22,389,,,23.113187928669547,83.19290829329634,PMJAY
22004038,22004038,Hospital,P,City Hospital,"City Hospital,Kotra Road Raigarh",9827117070,22,386,,,21.8847319,83.3553236,PMJAY
22005049,22005049,Hospital,G,Indira Gandhi District Hospital Korba,Rajgamaar Road Kosabadi korba,7489769336,22,383,,,22.3645777,82.74370413,PMJAY
22005057,22005057,Hospital,P,Prasad Netralaya,"17,C1C2,NIHARIKA,MP NAGAR,KORBA,CG",9424148777,22,383,,,22.36056718,82.72476504,PMJAY
22005063,22005063,Hospital,P,Dani Eye Hospital,"HIG 24, MP Nagar, Korba",9406355123,22,383,,,22.3586492,82.7086755,PMJAY
22005077,22005077,Hospital,P,SHRI BALAJI TRAUMA AND SUPER SPECIALTY HOSPITAL,"District Hospital Campus, Kosabadi",8959060004,22,383,,,22.3628421,82.7502749,PMJAY
22006040,22006040,Hospital,P,The Leprosy Mission BL Home Hospital Champa,"Beldar Para Champa,",9131643991,22,379,,,22.0232540000001,82.648649,PMJAY
22006056,22006056,Hospital,P,DEWANGAN NURSING HOME,"STATION ROAD CHAMPA,",8889043155,22,379,100005,2020-05-06 12:08:44,22.0348960000001,82.6502790000001,PMJAY
HS22007119,22007119,Hospital,P,Shriram Care Hospital,"AMERI ROAD, ,NEHRU NAGAR, BILASPUR",7566111999,22,375,,2020-06-03 14:40:36,22.086485633958773,82.134206261788,PMJAY
22007129,22007129,Hospital,P,GAYATRI HOSPITAL,"Gayatri hospital, New Sarkanda state bank ke samne gayatri hospital Bilaspur",9827112717,22,375,,,22.094506,82.1479052,PMJAY
22008033,22008033,Hospital,P,Roop Jeevan Hospital,"Mahaveer swami chowk kabirdham kawardha chhatisgarh ,",9752842959,22,382,,,22.005933,81.2339720000001,PMJAY
22009112,22009112,Hospital,P,JAI TULSI NURSING HOME,BASPAIPARA RAJNANDGAON ,7587411108,22,388,,,21.09048,81.03388,PMJAY
22009127,22009127,Hospital,P,KHAN NURSING HOME,indrapuri kaurinbhata rajnandgaon ,9977267862,22,388,,,21.0866869,81.020501,PMJAY
22010091,22010091,Hospital,P,SHRI VINAYAK HOSPITAL RISALI,"PHASE 6 KRISHNA TALKIES ROAD,MAITRI NAGAR RISALI BHILAI",9300108842,22,378,,,21.1683625,81.3354660000001,PMJAY
22010129,22010129,Hospital,P,KRISHNA HOSPITAL,Ward No. 11 Shankar Nagar G.E ROAD KUMHARI,9826189701,22,378,"100005,100006,100012,100015",2020-05-02 10:57:41,21.252625,81.518494,PMJAY
22010160,22010160,Hospital,P,C.M.MEDICAL COLLAGE AND HOSPITAL,KACHANDUR KURUD ROAD,8518069439,22,378,,,21.238984,81.3610623,PMJAY
HS22010180,22010180,Hospital,P,A P SURGICAL CENTER,"1/11 SHATRINAGAR SUPELA BHILAI,",9827150710,22,378,100006,2022-09-16 17:54:16,21.208544016243152,81.36236192781996,PMJAY
22010191,22010191,Hospital,P,aum hospital,"aum hospital,malviya nagar",8349607500,22,378,"100004,100005,100012,100015,100016",2021-06-25 14:44:35,21.1942030000001,81.29411,PMJAY
22011175,22011175,Hospital,P,navkar hospital,"C-63,Shailendra nagar,RAIPUR",9826753363,22,387,,,21.228611,81.654595,PMJAY
HS22011186,22011186,Hospital,P,MAA SHARDA NURSING HOME ,"MAA SHARDA NURSING HOME SAHU GALI TELIBANDHA RAIPUR ,RAVIGRAM TELIBANDHA RAIPUR ",9425214508,22,387,,2020-05-02 12:33:31,21.238980,81.665540,PMJAY
HS22011193,22011193,Hospital,P,Shri Sai Ram Hospital,"B/29, NEW RAJENDRA NAGAR, NEAR BACHPAN SCHOOL, INFRONT OF VIJETA COMPLEX, RAIPUR,492001",9826175835,22,387,,2020-05-02 12:25:54,21.225786,81.660311,PMJAY
22011196,22011196,Hospital,P,smarpan hospital,NEAR OM SHANTI NIKETAN SCHOOL AADARSH NAGAR MOVA,9303622200,22,387,,,21.2652006,81.667938,PMJAY
22011199,22011199,Hospital,P,bhattar hospital,Ashirwad Bhawan Byron Bazar,9039742083,22,387,,,21.24247,81.63944,PMJAY
22011216,22011216,Hospital,P,YASHWANT HOSPITAL,"Tatyapara chowk Yashwant Hospital raipur ,",9165897270,22,387,,,21.24029482274092,81.6286913821807,PMJAY
22011219,22011219,Hospital,P,SHUBHAM HOSPITAL AND MATERNITY HOME,Near nagar nigam hospital shukrawari bazar gudiyari,9827197879,22,387,,,21.262536,81.627773,PMJAY
22011224,22011224,Hospital,P,NIGAM ENT HOSPITAL,"178 HANUMAN MANDIR GALI ,INFRONT SAPRE SCHOOL GROUND ,BUDHAPARA RAIPUR",9165048581,22,387,,,21.235551,81.635058,PMJAY
22011234,22011234,Hospital,P,Farishta Nursing Home,"Civil Lines, Katora Talab",9893276550,22,387,,,21.233794,81.649428,PMJAY
HS22011247,22011247,Hospital,P,JAIN HOSPITAL,"b/162 sector 1,Devendra Nagar Raipur",9926202244,22,387,"100004,100005,100006,100012,100015,100016,100017",2020-04-23 12:12:42,21.255943948943866,81.64481590368621,PMJAY
22011248,22011248,Hospital,P,mamta nursing home multispeciality,"mamta nursing home, jawahar nagar , ramsagar para, street 2",7089161648,22,387,,,21.24689,81.63146,PMJAY
HS22011261,22011261,Hospital,P,Srimaa Sarada Arogyadham Hospital ,"Agrasen Nagar Ring Road No.01 Agroha Society Raipura,Raipur,",9425202550,22,387,,2020-06-15 15:45:26,21.230885,81.595432,PMJAY
HS22011264,22011264,Hospital,P,SAUBHAGYA HOSPITAL,"SAUBHAGYA HOSPITAL,SHIVANAND NAGAR SEC-1",9109219901,22,387,"100004,100005,100006,100012,100017",2024-09-25 17:11:00,21.2719300000001,81.63318,PMJAY
HS22011274,22011274,Hospital,P,PRAGYA HOSPITAL,"13, anand nagar,opposite Radha Swami Satsang Vyas",9826121821,22,387,"100004,100005,100009",2020-05-02 12:36:36,21.24435800049565,81.66015936442795,PMJAY
22011282,22011282,Hospital,P,SAHU HOSPITAL,"NEAR SAI MANDIR,",9826139598,22,387,,,21.255479,81.640858,PMJAY
HS22011310,22011310,Hospital,P,SHRI MAHAVEER HOSPITAL,"Dani Villa, Building B, Near Bhagat Singh Chowk,On road to Shankar Nagar",9752007300,22,387,"100006,100012",2020-05-02 12:43:07,21.243011658954714,81.65584642052602,PMJAY
22011315,22011315,Hospital,P,DIVYA JYOTI NETRA CHIKITSALAYA,"Near Sharda petrol Pump, Boriya road, Motinagar",9575890380,22,387,,,21.203652,81.644602,PMJAY
22011327,22011327,Hospital,P,KAILASH KANTA NURSING HOME,"in front of m-2 house near sBI ATM,SECTOR-1 AVANTI VIHAR RAIPUR C G,",9300734153,22,387,"100012,100015",2020-04-23 12:14:37,21.245349,81.668934,PMJAY
22011328,22011328,Hospital,P,GYAN DEVI NETRALAYA AND PRASUTI CLINIC,HIG C 57 AND 58 SECTOR 1 DEVENDRA NAGAR RAIPUR ,9827486851,22,387,,,21.256919,81.64306,PMJAY
22011332,22011332,Hospital,P,SUYASH STONE CLINIC AND LITHOTRIPSY CENTRE,Kota Road,9300030000,22,387,,,21.258648,81.605973,PMJAY
HS22011346,22011346,Hospital,P,LIFE CARE HOSPITAL,"B 153/ SECTOR 10/ KAMAL VIHAR,OLD DHAMTARI ROAD / KAMAL VIHAR ",9977335578,22,387,"100006,100012,100017,100023",2020-05-02 12:32:20,21.192309,81.657402,PMJAY
22011350,22011350,Hospital,P,JAGJIVAN UROLOGY CENTRE,"B-4,samta colonymainroad,Raipur",9977701820,22,387,,,21.251384,81.629641,PMJAY
HS22011368,22011368,Hospital,P,Laxmi Hospital And Maternity Home ,"block colony arang,",8461832837,22,387,,2020-05-28 10:50:36,21.1935550000001,81.966053,PMJAY
22011399,22011399,Hospital,P,SHRI BALAJI MULTISPECIALITY HOSPITAL PVT LTD,"Shiddharth chowk, Tikrapara, Raipur",9302091339,22,387,,,21.22634,81.63968,PMJAY
22011414,22011414,Hospital,P,APOLLO STONE CLINIC,MADINA BUILDING KUTCHARY CHOWK,7999532607,22,387,,,21.256633,81.641474,PMJAY
HS22011421,22011421,Hospital,P,SHREE KRISHNA MULTISPECIALITY HOSPITAL,"oPPOSITE aXIS bANK,RAJIM ROAD",9993281500,22,387,"100001,100004,100005,100006,100007,100012,100015,100016,100019,100020,100022,100023",2020-04-23 13:02:44,21.054083,81.7489200000001,PMJAY
HS22012023,22012023,Hospital,P,Sewa Bhawan Hospital,"SEWA BHAWAN HOSPITAL JAGDISHPUR,SEWA BHAWAN HOSPITAL JAGDISHPUR",9412050487,22,385,,2020-05-02 11:37:51,21.3350750000001,82.7699660000001,PMJAY
22012025,22012025,Hospital,G,"District Hospital, Kharora, Mahasamund",raipur rod mahasamund,7987505644,22,385,,,21.119895,82.073676,PMJAY
22012041,22012041,Hospital,P,SAI NAMAN HOSPITAL,SAI NAMAN HOSPITAL AVAM PRASTUTIGRAH,9826715666,22,385,,,21.1943083,82.1235839,PMJAY
22013033,22013033,Hospital,P,Aditya Nursing Home,ADITYA NURSING HOME KACHERI CHOUK SADAR BAZAR DHAMTARI,9827199201,22,377,,,20.7034924,81.5505132,PMJAY
22013054,22013054,Hospital,P,Martin Hospital,"Martin Hospital ,Bastar Road",9827194382,22,377,,,20.7076643,81.54143,PMJAY
22013059,22013059,Hospital,P,Chattergee Hospital,Behind Shri Ram Medical Stores Raipur Road Dhamtari,9425205058,22,377,,,20.7201293,81.5503993,PMJAY
22013065,22013065,Hospital,P,Vivekanand Eye Hospital,"ratna bandha road, opp p.w.d rest house",9755888184,22,377,,,20.7093596,81.5404064,PMJAY
22013077,22013077,Hospital,P,SHREE CLINIC AND NURSING HOME,SADAR BAZAR DHAMTARI ,9425240466,22,377,,,20.7038923,81.5504884,PMJAY
22014022,22014022,Hospital,G,DH Kanker,"NH 43, Govindpur, Kanker, Chhattisgarh ,NH 43, Govindpur, Kanker, Chhattisgarh ",6266516652,22,381,,,20.2675174,81.49273850000002,PMJAY
22014046,22014046,Hospital,P,SHIVAM HEALTH CENTRE,DALLI ROAD CHOUGEL BHANUPRATAPPUR,9617531547,22,381,,,20.8481946,81.2605577,PMJAY
22017007,22017007,Hospital,P,Assisi Shanti Hospital ,"Shanti hospital,kumharpara",7587269882,22,637,,,19.722632,81.2451840000001,PMJAY
22020008,22020008,Hospital,P,SANJIVANI HOSPITAL,"MAIN ROAD, CHIKHLAKASA,DALLIRAJHARA",9893832959,22,646,,,20.5806263,81.0713131,PMJAY
22020011,22020011,Hospital,P,JYOTI HOSPITAL,"MAIN ROAD DALLI RAJHARA, CHIKHALAKASHA",9685323700,22,646,,,20.5947191,81.0792471,PMJAY
HS22025008,22025008,Hospital,P,LAXMI NARAYANA HOSPITAL,"KOMAKHAN ROAD CHHURA, BLOCK CHHURA, DIST. GARIYABAND (CG)",9754134785,22,645,,,20.819390,82.215887,PMJAY
22025009,22025009,Hospital,P,SONI AND KAUR MULTISPECIALITY HOSPITAL,ASHIRWAD BHAVAN AMAPARA PITAIBAND ROAD RAJIM (GARIYABAND),8770311035,22,645,,,21.2354539,81.6417054,PMJAY
22026010,22026010,Hospital,P,Ramkrishna Seva Sadan,"Near Kaali-Badi, DNK Road, Kondagaon",9993291504,22,643,,,19.7193239,81.909826,PMJAY
HOSP22P101525,22101525,Hospital,P,VAGUS HOSPITAL,"vagus hospital , imlipara main road,near ols bus stand ",8225830026,22,375,"100001,100004,100007,100008,100010,100016,100017,100019,100023,100026,100028",,22.077794,82.155347,PMJAY
HOSP22P112149,22112149,Hospital,P,SHREE DHANVANTARI JOINT REPLACEMENT & CANCER CENTER ,TATYA PARA CHOWK G E ROAD ,9329416856,22,387,,,21.240135,81.627543,PMJAY
HOSP22P112436,22112436,Hospital,P,laxmi care super speciality hospital,"I351,RING ROAD NO 1 IN FRONT OF WALFORT CITY BESIDE SHANKARA HYNDAI KUSHALPUR ",9753648469,22,387,,,21.223255,81.616574,PMJAY
HOSP22P115081,22115081,Hospital,P,MASOOM CHILDREN HOSPITAL,TALAPARA MAIN ROAD NEAR BALMUKUND SCHOOL BHARTIYA NAGAR CHOWK BILASPUR CHHATTISGARH ,8718800786,22,375,,,22.07189434,82.14345675,PMJAY
HOSP22P115146,22115146,Hospital,P,LIFE CARE HOSPITAL,LIFE CARE HOSPITAL,7974110078,22,389,,,23.13452,83.18388,PMJAY
HOSP22G115735,22115735,Hospital,G,HTPS CSPGCL HOSPITAL KORBA WEST,HTPS CSPGCL HOSPITAL KORBA WEST,7987991287,22,383,,,22.4285723,82.6755175,PMJAY
HOSP22P116622,22116622,Hospital,P,UMEED HEALTH CARE HOSPITAL,"DURG-BALOD ROAD SIWANI,BUS STOP SIWANI",7024579301,22,646,"100004,100010,100014,100016,100017,100026,100028",,20.71605,81.22538,PMJAY
HOSP22P116694,22116694,Hospital,P,Sai Tiwari Hospital,"Near Binda Sonkar School, Ashwani Nagar Raipur",9691235364,22,387,,,21.236221,81.615949,PMJAY
HOSP22P117408,22117408,Hospital,P,SKY HOSPITAL,VASANT VIHAR CHOWK,9109199308,22,375,,,22.0880737,82.1790255,PMJAY
HOSP22P117955,22117955,Hospital,G,COVID CARE MCH HOSPITAL BALODABAZAR,"PANCHSHIL NAGAR BALODABAZAR ,",7697388725,22,644,,,21.663277966607424,82.14933992696092,PMJAY
HOSP22P119003,22119003,Hospital,P,LIFE LINE HOSPITAL ,"sundar nagar raipur ,RBI BANK KE PASS",9820178026,22,387,,,21.2328329,81.6032903,PMJAY
HOSP22P119353,22119353,Hospital,P,Sparsh Hospital Bhilai,"SHRI RAM MARKET,SIRSA ROAD,RAMNAGAE,BHILAI",7773010904,22,378,,,21.2118330269544,81.3553593526124,PMJAY
HOSP22P119355,22119355,Hospital,P,Lifeworth Hospital Raipur,MAIN ROAD SAMTA COLONY. RAIPUR,9826131347,22,387,,,21.2461021759825,81.6175902256291,PMJAY
HOSP22P119356,22119356,Hospital,P,Kovai Medical Center Coimbatore,"Avinashi Rd, TNHB Colony, Indira Nagar, Civil Aerodrome Post, Peelamedu, Coimbatore, Tamil Nadu",0,22,387,,,11.0419422191694,77.0400847487784,PMJAY
HOSP22P119357,22119357,Hospital,P,Heritage Hospital Raipur,SECTOR-2 DEVENDRA NAGARE NEAR TIMBER BHAVAN RAIPUR,9926852631,22,387,,,21.2606629519828,81.6429450833014,PMJAY
HOSP22P119358,22119358,Hospital,P,Usha Mullapuri Cardiac Center,"Gajularamaram Road, Gajularamaram, Shapur Nagar, Hyderabad, Telangana",0,22,387,,,21.2514689,81.6296449,PMJAY
HOSP22P119361,22119361,Hospital,P,Choitaram Hospital Indore,"14, Manik Bagh Road, Indore, Madhya Pradesh 452014",7312362491,22,387,,,22.6895957926206,75.8544146946549,PMJAY
HOSP22P119475,22119475,Hospital,G,RLTRI LALPUR COVID CARE HOSPITAL RAIPUR,"Pachpedi Naka,TB Hospital",8839083010,22,387,,,21.2103034,81.6630919,PMJAY
HOSP22P119501,22119501,Hospital,G,Covid Care ESIC Hospital Korba,"Dingapur, Rampur Korba",9200999900,22,383,,,22.37399,82.746758,PMJAY
HOSP22P119796,22119796,Hospital,P,pinaki sobha hopital and mternvcare,"amarkantak road purana gaurella ,",9131345456,22,734,"100012,100014",2021-10-13 15:28:37,22.74875400000009,81.90193199999999,PMJAY
HOSP22G123085,22123085,Hospital,G,10 Beded Civil Hospital New Raipur,Government Hospital Mantralay Parisar New Raipur,8839288756,22,387,,,21.15626,81.79694,PMJAY
HOSP22P123332,22123332,Hospital,P,steel city medical center multispeciality hospital,"new adarsh nagar, maharaja chowk , infront of ICICI bank",9329527000,22,378,,,21.1738048,81.2957315,PMJAY
HOSP22P123978,22123978,Hospital,P,CHETNA HEALTH CARE,"180/10,MOHBHATTHA GARDAN  ",7295892733,22,650,,,21.720102,81.5353832,PMJAY
HOSP22P124742,22124742,Hospital,P,VY HOSPITAL,"SM5 Padamnabhpur Durg CG ,Near Govt Murgi From",7999593841,22,378,,,21.182559,81.2955502,PMJAY
HOSP22P125048,22125048,Hospital,P,GINDODI DEVI MEMORIAL CHARITABLE HOSPITAL & RESEARCH CENTRE,"G. E. ROAD, NEW KHURSIPAR, BHILAI",8821030555,22,378,,,21.209280,81.402310,PMJAY
HOSP22P125085,22125085,Hospital,P,SHREE CITY HOSPITAL,"Lalbagh , gali no.1 ",9981117999,22,388,,,21.0949451,81.0275996,PMJAY
HOSP22P126120,22126120,Hospital,P,RAINBOW HOSPITAL AND TEST TUBE BABY CENTERE,"main road tilak nagar bilaspur ,",9671217811,22,375,"100005,100006,100011,100012,100015,100023,100028",2021-07-09 12:50:21,22.083479033329013,82.13629135406177,PMJAY
HOSP22P126240,22126240,Hospital,P,B.M.Shah Hospital & Medical Research Centre,Shastri Nagar,7000108544,22,378,,,21.2099397,81.360197,PMJAY
HOSP22P126247,22126247,Hospital,P,ESIC COVID HOSPITAL RAIPUR,"RAWABHATA, BIRGAON ,INDUSTRIAL AREA,BHANPURI ,NIMORA ROAD RAIPUR  ",9685048003,22,387,,,21.2513844,81.6296413,PMJAY
HOSP22P126250,22126250,Hospital,P,BHARTI ,BHARTI HOSPITAL PULGAON CHOWK DURG,9617989868,22,378,,,21.16825,81.2665199,PMJAY
HOSP22P126261,22126261,Hospital,P,POOJA NURSING HOME AND HOSPITAL ,"IN FRONT oF OLD HIGH COURT BESIDE CANARA BANK BANK BILASPUR (C.G.),IN FRONT OF OLD HIGH COURT BESIDE CANARA BANK BILASPUR (C.G.) 495001",9713630917,22,375,"100004,100005,100006,100012,100015,100017,100023,100026,100028",2021-05-28 13:04:19,22.076621747171913,82.16382169523342,PMJAY
HOSP22P126799,22126799,Hospital,P,City care hospital,"5E 37/38,NEAR SBI VASUNDHARA NAGAR BHILAI-3",7024154707,22,378,,,21.212208,81.443275,PMJAY
HOSP22P126804,22126804,Hospital,P,MAHIMA HOSPITAL DURG,DHAMDHA ROAD KADAMBARI NAGAR DURG,9893360103,22,378,,,21.213283,81.294889,PMJAY
HOSP22P126930,22126930,Hospital,P,vs hospital,"thakur bhopsingh dwar , mungeli raipur road , block mungeli district mungeli,Thakur Bhopsingh Dwar , Mungeli Raipur Road , Block Mungeli District Mungeli",7000890600,22,647,"100005,100006,100023,100028",2021-09-08 16:59:24,22.03238273626124,81.69060493893369,PMJAY
HOSP22P127604,22127604,Hospital,P,AGRAWAL MATERNITY NURSING HOME,AGRASEN CHOWK RAIPUR,8839201047,22,387,,,21.2469195357546,81.6256928909434,PMJAY
HOSP22P127778,22127778,Hospital,P,Gurukripa Medical Care Nursing Home,"GURU VIHAR COLONY SARKANDA,NEAR MUKTIDHAM CHOWK",9827108366,22,375,,,22.0948179,82.1526212,PMJAY
HOSP22P130295,22130295,Hospital,P,ADITYA HOSPITAL,WARD NO.02 JHALAP CHOWK BAGBAHARA,9826128444,22,385,,,21.2671025362713,81.6231334613609,PMJAY
HOSP22P130544,22130544,Hospital,P,SIDDHI VINAYAK HOSPITAL,"PLOT NO 52, KOSABADI, KORBA,",9993000683,22,383,"100014,100015,100028",2022-03-25 15:36:32,22.37263872247651,82.72312784975554,PMJAY
HOSP22P131259,22131259,Hospital,P,DKD HOSPITAL ,"IN FRONT OF KRISHNA VIHAR COLONY RAIPUR MAIN ROAD BEMETARA,",7879251424,22,650,,,21.720628,81.5331600000001,PMJAY
HOSP22G131745,22131745,Hospital,G,District Hospital Ambikapur,MCH Bhagwan Bilaspur Road Ambikapur ,9826181404,22,389,,,23.110344,83.193670,PMJAY
HOSP22P131991,22131991,Hospital,P,Indravati Hospital,"Indravati Hospital Jamkot para Kondagaon,",8770705443,22,643,,,19.5993980000001,81.6678360000001,PMJAY
HOSP22P133218,22133218,Hospital,P,SHRI GOVIND HOSPITAL ,"MILINIUM PLAZA, RAIPUR C.G ,",6265049071,22,387,,2021-10-27 13:06:27,21.251085,81.643000,PMJAY
HOSP22P133830,22133830,Hospital,P,RAMUKTA HOSPITAL,BORSI ,7999574633,22,645,,,21.246897,81.648494,PMJAY
HOSP22P133833,22133833,Hospital,P,mitan health care super multispeciality hospital ,"mitan health care super multispeciality hospital bemetara,",6263657500,22,650,,,21.695887,81.550773,PMJAY
HOSP22P134605,22134605,Hospital,P,AM HOSPITAL AMIT MEMORIAL,"OPPOSITE D- MART, PADUM NAGAR",7000150841,22,378,"100005,100006,100012,100014,100015,100016,100017,100019",2021-11-22 13:33:33,21.21670074749511,81.44751406116518,PMJAY
HOSP22P134622,22134622,Hospital,P,SHREYANSH MULTISPECIALITY HOSPITAL,"MAIN ROAD, AVANTI VIHAR",9977168101,22,387,,,21.2407517,81.669629,PMJAY
HOSP22P135592,22135592,Hospital,P,Shristi Institute Of Medical Science And Research Center,Rajgamar Road Near Jila Jail Risdi Korba Chhatisgarh ,7024454222,22,383,,,22.366874210,82.751400369,PMJAY
HOSP22P136164,22136164,Hospital,P,Anupam Hospital Urban Centre Kharora,"Beside Jila Sahkari Bank,Bus Stand Road Kharora",9754007755,22,387,,,21.4796731460109,81.8481788939205,PMJAY
HOSP22P136423,22136423,Hospital,P,SADBHAVNA HOSPITAL,"C1 Sector 30 Atal Nagar Nava Raipur,",8770068673,22,387,"100012,100015,100017",2022-06-22 12:17:13,21.128724060419785,81.78864922970979,PMJAY
HOSP22P136783,22136783,Hospital,P,Vandana multispeciality hospital bilaspur,Mangla chowk,0,22,375,,,22.0920456,82.127217,PMJAY
HOSP22P136784,22136784,Hospital,P,Vandana multispeciality hospital bilaspur,Mangla chowk,0,22,375,,,22.0920456,82.127217,PMJAY
HOSP22P136785,22136785,Hospital,P,Vandana multispeciality hospital bilaspur,Mangla chowk,7415841379,22,375,,,22.0920456,82.127217,PMJAY
HOSP22P136792,22136792,Hospital,P,shri uttam sai care hospital,"01,ward 20 turidih jhalap",9926137719,22,385,,2022-07-05 12:22:05,21.216234,82.3642800000001,PMJAY
HOSP22P136883,22136883,Hospital,P,MAA NARMADE MULTISPECIALITY HOSPITAL,"110,near uslapur overbridge",7974232885,22,375,,,22.079624,82.139137,PMJAY
HOSP22P138957,22138957,Hospital,P,MAA KHALLARI HOSPITAL,"21,JHALAP CHOUK BAGBAHARA ",7869925654,22,385,"100004,100005",2024-08-16 12:08:42,21.020757,82.425327,PMJAY
HOSP22P139066,22139066,Hospital,P,NETAM HOSPITAL & INFERTILITY CENTRE KONDAGAON,"Shree Golchha Plaza Kondagaon,",7974497150,22,643,,2022-05-20 13:03:52,19.582715476067165,81.66275567695038,PMJAY
HOSP22P140461,22140461,Hospital,P,Siddhivinayak new born and child hospital ,"Near  Ambedkar Chowk,Near  Ambedkar Chowk",7389591524,22,377,"100010,100017",2022-06-01 13:17:45,20.696605003289022,81.5423193337715,PMJAY
HOSP22P141034,22141034,Hospital,P,VANDANA MULISPECIALITY HOSPITAL,"Mangla Chowk,Mahavir Palace",9827469644,22,375,"100006,100012,100015,100023",2022-12-08 16:36:29,22.091631,82.126419,PMJAY
HOSP22P141649,22141649,Hospital,P,DR NIHAL GASTRO AND MULTISPECIALITY CENTRE,"NEW SHANTI NAGAR,NEW SHANTI NAGAR",9300209134,22,387,,,21.256640190572924,81.65828832371335,PMJAY
HOSP22P141847,22141847,Hospital,P,SAMTA HOSPITAL,"RAJANANDGAON ROAD,SAMTA HOSPITAL",8982233193,22,646,"100005,100006,100010,100012,100015,100016,100017,100018,100026",,20.795346,81.052600,PMJAY
HOSP22P142990,22142990,Hospital,P,ANUSHKA HOSPITAL,"Amlidih,Opp Apna Garden",7470784860,22,387,,2022-11-11 15:59:10,21.2229300000001,81.6706,PMJAY
HOSP22P144449,22144449,Hospital,P,GUPTA NURSING HOME,"ARYA NAGAR ,",7999161363,22,378,,,21.200067,81.2828400000001,PMJAY
HOSP22P144539,22144539,Hospital,P,SURAJ NURSING HOME,"KHOKA,KHOKA",7389997159,22,378,"100005,100006,100012,100015,100028",2022-08-25 13:11:02,21.224847439008414,81.33790272655074,PMJAY
HOSP22P144610,22144610,Hospital,P,MAA AMBEY NURSING HOME,"Dhimrapur Road Raigarh,Raigarh",8827994920,22,386,"100005,100006,100012,100017",2023-01-18 15:15:24,21.9101180000001,83.3895810000001,PMJAY
HOSP22P145202,22145202,Hospital,P,kalda nursing home,"KATORA TALAB,IN FRONT OF GARDEN",9753673646,22,387,,2022-08-17 13:39:59,21.2340310000001,81.654611,PMJAY
HOSP22P145548,22145548,Hospital,P,RAJENDRA PAWAR,"KUSHALPUR,",9329134000,22,387,"100005,100006,100012,100015",2023-02-14 18:09:21,21.2275900000001,81.611794,PMJAY
HOSP22P145625,22145625,Hospital,P,SUKRIT HOSPITAL,"GROUND FLOOR, PARSHVA- VARDHAMAN BUILDING, GOVIND NAGAR, RAIPUR",9827404208,22,387,,,21.2506677,81.6498953,PMJAY
HOSP22P145626,22145626,Hospital,P,SHRI SHAH NEURO HOSPITAL,H2/33 NARMAD NAGAR RING ROAD 2 BILASPUR,9674682334,22,375,,,22.0896098,82.1264096,PMJAY
HOSP22P146192,22146192,Hospital,P,Bhagwati Memorial Hospital,"raipura road,mandir chowk",7898675863,22,387,,,21.220074818,81.591648224,PMJAY
HOSP22P147992,22147992,Hospital,P,VY CARE HOSPITAL,"surajpur,Near Tiwari Nursing Home",9586316968,22,648,,,23.218573599,82.855026923,PMJAY
HOSP22P149536,22149536,Hospital,P,MEDIBONE MULTISPECIALITY HOSPITAL,NARMADA NAGAR MAIN ROAD NEHRU NAGAR BILASPUR,8057387815,22,375,,,22.08780007,82.130458,PMJAY
HOSP22P150662,22150662,Hospital,P,OM NETRA KENDRA AND LASER VISION,C-108/2 TAGORE NAGAR NEAR BANK OF BARODA RAIPUR C.G.,7898362509,22,387,,,21.2262427054531,81.6519553256609,PMJAY
HOSP22P162188,22162188,Hospital,P,JAI PATAI MATA MULTISPECIALITY HOSPITAL ,"540,MAIN ROAD NH 53 JPGIDIPA PATEWA ",9575480039,22,385,100004,,21.223024931025527,82.25832472321225,PMJAY
HOSP22G162402,22162402,Hospital,G,PHC Khallari,"PHC KHALLARI,",7745952035,22,385,,,21.0977590000001,82.2839000000001,PMJAY
HOSP22P163069,22163069,Hospital,P,Sai Kripa Multispecialty Hospital,"Road No-18,Near Teen darshan Mandir,camp-1,bhilai,",7000734431,22,378,"100005,100006,100015",2024-10-03 11:30:43,21.194755900000004,81.32523270000002,PMJAY
HOSP23P100156,23100156,Hospital,P,Yogiraj Hospital and Research Centre ,"dindori road chhoti khairee mandla,",9425855845,23,415,"100004,100005,100006,100012,100015,100017",2024-04-02 18:08:49,22.5893395,80.4111505,PMJAY
HOSP23P100365,23100365,Hospital,P,kalyan hospital,Kalyan Hospital  Hospital Road Lashkar,8823889320,23,407,,, 26° 13' 47., 78° 10' 24.,PMJAY
HOSP23P100592,23100592,Hospital,P,JASH HOSPITAL AND RESEARCH CENTRE,GANDHI PARK SHUJALPUR MANDI,9755395959,23,430,,,23.3381946,76.2450153,PMJAY
HOSP23P100783,23100783,Hospital,P,madan mohan memorial hospital,Madan Mohan Memorial Eye and Endoscopy Center ,9131042229,23,409,,,22.7592647,77.7167487,PMJAY
HOSP23P102927,23102927,Hospital,P,Swami Vivekanand Regional Spine Center,Kisan Bhawan Campus Near Reserve Bank of India Maida Mill Road NH-12,8463072795,23,396,"100007,100011",2020-05-12 23:10:47,23.2407547,77.4312145396404,PMJAY
HOSP23P104183,23104183,Hospital,P,ANANT NURSING HOME PVT LTD,NEAR MADAN MAHAL RAILWAY STATION ROAD WRIGHT TOWN,7987054504,23,411,,,23.168.770,79.931847,PMJAY
HOSP23P107069,23107069,Hospital,P,ANAND HOSPITAL,ANAND HOSPITAL,7225026110,23,399,,,22.0570443394842,78.9362297837117,PMJAY
HOSP23P108076,23108076,Hospital,P,ER. H. N. NEMA MEMORIAL SUPER SPECIALITY HEART & CRITICAL CARE HOSPITAL,"Opp. ISBT , Beside Badkul Restaurent Near Deendayal Chowk , ITI Road , Jabalpur",7697345555,23,411,,,23.194159,79.912616,PMJAY
HOSP23P108594,23108594,Hospital,P,GURU ASHISH HOSPITAL,"10,SANT KANWAR RAM COLONY NEAR DIG CHOURAHA AND V-MART,BERASIA ROAD BHOPAL",9926061057,23,396,,,23.2812562,77.4036177,PMJAY
HOSP23P111620,23111620,Hospital,P,Life Medicity Hospital,"5,Aaga Chowk ,Baldeobagh",9171404528,23,411,,,23.176425,79.924702,PMJAY
HOSP23P112888,23112888,Hospital,P,LIFE CARE HOSPITAL,inforant of agriculture college kundeshwar road tikamgarh,9993576976,23,434,,,23.26246316,77.4275785819699,PMJAY
HOSP23P112947,23112947,Hospital,P,JEEVAN SHRI HOSPITAL ,karond bhopal ,8305122441,23,396,,,23.303129433,77.4088921838188,PMJAY
HOSP23P113681,23113681,Hospital,P,shree balaji hospital &research centre,near siddhshwar mandir rajghat road ,9179379246,23,393,,,1.60,1.68,PMJAY
HOSP23P113774,23113774,Hospital,P,PARADKAR HOSPITAL & RESEARCH CENTRE,Paradkar Hospital Campus Kairi-Naka Narsinghpur (M.P) 487001  ,9425168701,23,418,,,22.943100,79.214500,PMJAY
HOSP23P114152,23114152,Hospital,P,ASHA CANCER CARE ,asha cancer care sanjay ghandhi hospital campus ,9424333571,23,424,,,24.53298948,81.2982956550076,PMJAY
HOSP23P114173,23114173,Hospital,P,Central India Kidney Hospital,Wright Town ,8358880723,23,411,,,23.16829,77.40221,PMJAY
HOSP23P114215,23114215,Hospital,P,DAMOH HOSPITAL DAMOH MP,DAMOH HOSPITAL TEEN  GULLI  DAMOH,8817218507,23,400,,,23.8390941,79.444784,PMJAY
HOSP23P114244,23114244,Hospital,P,CITY HOSPITAL DAMOH,CITY HOSPITAL MAROTHI GARDEN MANGANG WARD  NO1,9425095542,23,400,,,23.8367934,79.4356427,PMJAY
HOSP23P114254,23114254,Hospital,P,MEWAR HOSPITAL PVT. LTD.,MEWAR HOSPITAL OPPOSITE SBI BANK ,7230050586,23,416,,,24.076836,75.069298,PMJAY
HOSP23P114282,23114282,Hospital,Temporary,VARMA UNION HOSPITAL PVT  LTD,120 Dhar road,9827025001,23,410,,,22.7127163,75.8382388,PMJAY
HOSP23P114312,23114312,Hospital,P,SANJEEVANI HOSPITAL,MORGANG GALLA MANDI DAMOH,9425611830,23,400,,,23.8356376,79.4323405,PMJAY
HOSP23P114510,23114510,Hospital,P,arogya health care multispecilaity hospital,city pride above woodland showroom first floor near pooja hotel parasia road chhindwara,9425845755,23,399,,,22.0595,78.9288,PMJAY
HOSP23P114815,23114815,Hospital,P,Vaishno Multispeciality Hospital ,"Near krishna tample, krishna nagar, khajuri kalan road, piplani bhopal",7909684743,23,396,,,23.243684,77.473065.,PMJAY
HOSP23P115191,23115191,Hospital,P,Bagdi Fracture Trama & Surgical Hospital ,48 Varruchi Marg Freeganj Ujjain,9826073470,23,435,,,23.1764826,75.7918563,PMJAY
HOSP23P116258,23116258,Hospital,P,capital venture society hospital cvs apollo hospital,03 indraprasth near BOI atm roopnagar colony karond,7000027891,23,396,,,23.302900,77.401880,PMJAY
HOSP23P116484,23116484,Hospital,P,KISHNANI HOSPITAL,"behind herdev hospital,main road bairagarh,bhopal ",7772968916,23,396,,,23.2722144,77.3450790261473,PMJAY
HOSP23P116499,23116499,Hospital,P,vijyasun speciality,"ward no 9 near bank of baroda ,main road rehti nagar panchayat sehore ",9752654899,23,427,100004,,22.746533844,77.4416711686191,PMJAY
HOSP23P116554,23116554,Hospital,Temporary,ganga  super multispeciality hospital ,plot no 9 set II phool chand nagar hosangabad road mandideep,8839888784,23,421,,,27.0,28.8,PMJAY
HOSP23P116559,23116559,Hospital,P,Vandana hospital and trauma centre,post office road,9425479002,23,638,,,24.0650419,82.6256323973274,PMJAY
HOSP23P116564,23116564,Hospital,P,Hope Hospital,"01 Nirmal Complex Azad Nagar Ayodhya Bypass Bhopal,",9131284985,23,396,"100004,100005,100006,100015",2021-11-29 19:12:13,23.2575209,77.4782538,PMJAY
HOSP23P116574,23116574,Hospital,P,baba madhav shah chikitsalaya,"34, NARAYNSHAH WARD, MADHAV NAGAR KATNI",7697512275,23,413,,,,,PMJAY
HOSP23P116579,23116579,Hospital,P,Nidaan Fracture Hospital,BEHIND NEW RAM MANDIR GONDIA ROAD BALAGHAT,7000563427,23,392,,,21.81213,80.19209,PMJAY
HOSP23P116582,23116582,Hospital,P,life care general hospital,"bhagat singh ward, rahatgarh bus stand, sagar",9826286620,23,425,,,23.8431,78.73219,PMJAY
HOSP23P116588,23116588,Hospital,P,mishra neonatal and child care centre,first flore indra market opposite sanjay gandhi memoriyal hospital,6268560157,23,424,,,24.53226,81.29749,PMJAY
HOSP23P116591,23116591,Hospital,P,CITY HOSPITAL ,near district hospital ,8349151515,23,434,,,24.7580179,78.8327639,PMJAY
HOSP23P116597,23116597,Hospital,P,MISSION HOSPITAL DAMOH,MISSION HOSPITAL DAMOH,9826370380,23,400,,,23.83653,79.44134,PMJAY
HOSP23P116602,23116602,Hospital,P,shri chaitanya hospital ,TILI ROAD SAGAR,7869446869,23,425,,,,,PMJAY
HOSP23P116606,23116606,Hospital,P,vardaan hospital,CAPTAIN TOWER NERA NEW DOCTOR COLONY ,8251959982,23,424,,,,,PMJAY
HOSP23P116636,23116636,Hospital,P,SUVIDHA HOSPITAL,"230, ADISANKRACHJAYA CHOWK",9329453821,23,411,,,23.1544162,79.9265947,PMJAY
HOSP23P116640,23116640,Hospital,P,GAYATRI HOSPITAL & TRAUMA CENTRE,ANAND NAGAR RAISEN ROAD,9981820666,23,396,,,23.24921,77.48843,PMJAY
HOSP23P116649,23116649,Hospital,P,KARUNA HOSPITAL,"KARUNA HOSPITAL, SENDHWA PO, BARWANI-DT, MP-451666",9425993242,23,393,,,21.67247,75.08747,PMJAY
HOSP23P116662,23116662,Hospital,P,DIRGHAYU HOSPITAL ,raj comlex ganga asharam sehore (MP) 466001,8109160543,23,427,,,23.1983643,77.0847324819687,PMJAY
HOSP23P116714,23116714,Hospital,P,R. M. Hospital ,"R. M. Hospital, 3-4 Sawan Nagar Halalpura lalghati Bhopal ",9827052842,23,396,,,23.2737596,77.361182,PMJAY
HOSP23P116724,23116724,Hospital,P,Amrit Heart & Medical Care Center,BABAI ROAD HOSHANGABAD ,9827015935,23,409,,,22.7553271,77.7361022,PMJAY
HOSP23P116726,23116726,Hospital,P,SK HEALTHCARE HOSPITAL,MIG-13 INDRA NAGAR ,9669552777,23,421,,,,,PMJAY
HOSP23P118091,23118091,Hospital,P,Sanjeevni Multi Speaciality Hospital Guna,"Hatt Road Guna,",9977451515,23,406,"100005,100006,100012,100014,100015,100016",2020-08-01 13:50:52,24.65086324742269,77.31379741100898,PMJAY
HOSP23P118861,23118861,Hospital,P,NEW ERA SUPER MULTI SPECIALITY  HOSPITAL,NEAR BANK OF BARODA TRILANGA COLONY BHOPAL,9752971203,23,396,,,23.19194,77.43368,PMJAY
HOSP23P118862,23118862,Hospital,P,DADA VIRENDRA PURI JI EYE INSTITUTE,GRAM JOTPUR CHARGAWAN ROAD,8461003870,23,411,,,23.10595,79.86785,PMJAY
HOSP23P119052,23119052,Hospital,P,Hamidia Multicare Hospital,"infront of Taj Ul Masjid ,Bhopal",9755794615,23,396,,,23.26204,77.39447,PMJAY
HOSP23P119308,23119308,Hospital,P,Vaishnavi Hospital & Research Center,"SAYPA HOUSE, BALAJIPURAM ROAD, NEAR RELIANCE PETROL PUMP, BETUL",7024933664,23,394,,,21.8611981,77.9311665,PMJAY
HOSP23P119614,23119614,Hospital,Temporary,SAMADHAN HOSPITAL,SAMADHAN HOSPITAL,9981803222,23,396,,,23.1662916,79.9238118,PMJAY
HOSP23P119718,23119718,Hospital,P,Chaudhary Nursing Home,"Mehnot Nagar Manasa Road,",7009737244,23,419,"100004,100005,100012,100013,100015",2020-10-19 00:19:06,24.461413913853164,74.88196047876693,PMJAY
HOSP23P119722,23119722,Hospital,P,Lotus Hospital,Hospital Road Lalitpur colony,9302641374,23,407,,,26.197346,78.1608549,PMJAY
HOSP23P119731,23119731,Hospital,P,AYUSHMAN HOSPITAL,"F 2/8, MAYUR VIHAR COLONY, ASHOKA GARDEN ",8458813722,23,396,,,23.264071,77.4205437,PMJAY
HOSP23P119740,23119740,Hospital,P,SCHOOL OF MEDICAL SCIENCES SSSUTMS SEHORE,MADHYA PRADESH,7999914168,23,427,,,23.2156518,77.1272006,PMJAY
HOSP23P120612,23120612,Hospital,P,VEDIKA MULTISPECIALITY HOSPITAL,"WARD NO. 31, PURANI HOUSING BOARD COLONY, GALLA MANDI KE SAMNE DATIA",7049576298,23,401,,,25.6408519,78.4613407,PMJAY
HOSP23P120749,23120749,Hospital,P,LOTUS HOSPITAL,312  2A SAKET NAGAR IN FRONT OF AIIMS HOSPITAL GATE NO 3 BHOPAL,8819011826,23,396,,,23.21056,77.457535,PMJAY
HOSP23P121182,23121182,Hospital,P,Govind Netralaya,315 ganag asharam sehore,9926068799,23,427,,,23.198302,77.0846119,PMJAY
HOSP23P121184,23121184,Hospital,P,NEW SURYA HOSPITAL SEHORE,INDORE BHOPAL ROAD GURUDWARA KE BAJU ME SEHORE ,9826219297,23,427,,,23.19823,77.07771,PMJAY
HOSP23P121249,23121249,Hospital,P,AYUSHMAN MULTI CARE HOSPITAL,BHANPUR BRIJ NEAR PEOPLES COLLAGE BHOPAL,9340194621,23,396,,,23.2598221,77.4305637,PMJAY
HOSP23P121261,23121261,Hospital,P,VAIBHAV HOSPITAL,Vaibhav hospital sehore,9893052035,23,427,,,23.1983232,77.0844649,PMJAY
HOSP23P121709,23121709,Hospital,P,A62366026535vicenna Multispeciality hospital,"16, Fatehgarh,opp.Ambedkar Library,Sultaniya Road Bhopal (M.P.) 462001",6266026535,23,396,,,23.2602064,77.3935663,PMJAY
HOSP23P121714,23121714,Hospital,P,CITY HOSPITAL,PRATAP COLONY HARDA,9826784547,23,408,,,22.34212,77.08897,PMJAY
HOSP23P122371,23122371,Hospital,P,anandvardhan hospital,near jail billding,9584866263,23,429,,,23.3044092,81.358167,PMJAY
HOSP23P122386,23122386,Hospital,P,RAI NURSING HOME,338/3 KN College Road Civil ward no.07 Damoh MP,9179564155,23,400,,,23.8253506,79.4414804,PMJAY
HOSP23P122421,23122421,Hospital,P,pt t p shukla memorial hospital ,venkatnagar,9617841897,23,390,,,22.9249047,81.8760777,PMJAY
HOSP23P122484,23122484,Hospital,P,SULABH SWASTHYA HOSPITAL ,TOL KATA NARSINGHRH ROAD KURAWER DIST RAJGARH,9340256753,23,422,,,23.5223766,77.0254522,PMJAY
HOSP23P122496,23122496,Hospital,P,PARIDHI HOSPITAL AND CARE,"111, KAILASH VIHAR, CITY CENTRE",7898984555,23,407,"100005,100008",,26.2069533,78.1931307,PMJAY
HOSP23P122655,23122655,Hospital,P,NIRVANA MULTISPECIALITY HOSPITAL,E-8/106/23 NAVEEN DURSANCHAR COLONY,9926370527,23,396,,,23.189065,77.4363879,PMJAY
HOSP23P122772,23122772,Hospital,P,SHITAL CHHAYA HOSPITAL,SHYAM ARCADE MALVIYA CHOWK,9407095604,23,411,,,23.169024,79.931795,PMJAY
HOSP23P122797,23122797,Hospital,P,SINGRAULI HOSPITAL AND RESEARCH CENTRE,"H. No. 258, Ward 41, Keshav Nagar, Jatashankar Marg, Ganiyari, Waidhan",9811555788,23,638,,,24.0623886,82.6230217,PMJAY
HOSP23P122826,23122826,Hospital,P,AMAN HOSPITAL AND TRAUMA CENTRE,Mubarakpur National Highway,7247494559,23,396,,,23.3174682,77.3173336,PMJAY
HOSP23P122874,23122874,Hospital,P,DHANRAJ SETH MEMORIAL HOSPITAL,"PLOT NO. 35,36,37 OPPOSITE TO LIC OFFICE NYAS COLONY  ITARSI",9425039930,23,409,,,22.6197353,77.7678104,PMJAY
HOSP23P122968,23122968,Hospital,P,CHIRAG CHILDREN HOSPITAL,"Plot No. 11, Sant Kanwar Ram Nagar, Berasia Rd, D Sector, Bhopal, Madhya Pradesh 462001",8055235898,23,396,,,23.2814922,77.4033631,PMJAY
HOSP23P123019,23123019,Hospital,P,SMT SHANTA SMIRUTI MULTISPECIALTY HOSPITAL,309 ramsahya colony,9981008777,23,437,,,23.5220716,77.8159984,PMJAY
HOSP23P123047,23123047,Hospital,P,VAISHNAVI HOSPITAL,"Guda Gudi Ka Naka , Lashkar , Gwalior",8103821843,23,407,,,26.1742767,78.1497392,PMJAY
HOSP23P123083,23123083,Hospital,P,TEJASVINI HOSPITAL,IN FRONT OF GOVT . HOSPITAL PIPARIYA ROAD SOBHAPUR ,9993737707,23,409,,,23.3304491128343,76.8092703732049,PMJAY
HOSP23P123382,23123382,Hospital,P,DDM HOSPITAL,DDM HOSPITAL ,8085303850,23,432,,,25.4142708,77.6601779,PMJAY
HOSP23P123400,23123400,Hospital,P,SHRI PARAS HOSPITAL,"tili main road shivaji ward,sagar",9826881351,23,425,,,23.8151668,78.7559649,PMJAY
HOSP23P123456,23123456,Hospital,P,GAYATRI MULTISPECIALITY HOSPITAL,"17 Patel Nagar In front of Oriental College,Raisen road ",9981820666,23,396,,,23.2491089,77.4883596,PMJAY
HOSP23P123482,23123482,Hospital,P,ATISHAY HOSPITAL,ATISHAY HOSPITAL CHAPPARWALA PUL LASKAR GWALIOR,9826283294,23,407,,,26.2042795,78.161728,PMJAY
HOSP23P123484,23123484,Hospital,P,AROGYAM THE MEDICITY,arogyam the medicity behind panjab national bank vidya vihar thatipur gwalior,9713288608,23,407,,,26.21462,78.20259,PMJAY
HOSP23P123502,23123502,Hospital,P,CITY HOSPITAL,115 MP NAGAR ZONE II BHOPAL ,9303135719,23,396,,,23.2304312,77.4361207,PMJAY
HOSP23P123523,23123523,Hospital,P,jashdeep hospital,26 MIG MLA QUARTERS JAWAHAR CHOWK ,9981778889,23,396,,,23.2337988,77.3962472,PMJAY
HOSP23P123527,23123527,Hospital,P,SHAH HOSPITAL,124 KATJU NAGAR,9425990642,23,423,,,23.331203,75.030811,PMJAY
HOSP23P123591,23123591,Hospital,P,J K Hospital ,4-5  SANT NAGAR SANVER RO,9617077077,23,435,,,23.1713089,77.4254843,PMJAY
HOSP23P123632,23123632,Hospital,P,Dr Ambedkar Mission Hospital and Research Centre,4 5 Manchaman Ganesh Colony Yantra Mahal Marg Ujjain,9827304976,23,435,,,23.1704592,75.7764173,PMJAY
HOSP23P123804,23123804,Hospital,P,PROMISE CHILDREN AND GENERAL HOSPITAL,plot 8 fiza colony berasiya road in front of triveni hights housing board colony karond bhopal,7067829565,23,396,,,23.2926808,77.4037597,PMJAY
HOSP23P123844,23123844,Hospital,P,AYUSHMAN BHARAT HOSPITAL,PLOT NO 1 ITKHEI BERASIA ROAD,9111008406,23,396,,,23.2999328,77.4040954,PMJAY
HOSP23P123909,23123909,Hospital,P,Sanskardhani Hospital Pvt Ltd,227 Shankar Nagar Katangi Road Karmeta ,9926411330,23,411,,,23.160870,79.933570,PMJAY
HOSP23P124013,23124013,Hospital,P,NEW STAR HOSPITAL ,171komal complex Near DIG bunglow chouraha bearasia road bhopal,9425665908,23,396,,,23.278185,77.403078,PMJAY
HOSP23P124190,23124190,Hospital,P,EMPIRE HOSPITAL MULTISPECIALITY,"H.NO 29 THANA ROAD, SHAHJAHANABAD ROAD ",7566722286,23,396,,,23.267724,77.3948144,PMJAY
HOSP23P124397,23124397,Hospital,P,SAI SHRADDHA HOSPITAL,NEAR POLICE STATION GHANDHI NAGAR BHOPAL ,8839388378,23,396,,,23.3019153,77.3611549,PMJAY
HOSP23P124423,23124423,Hospital,P,Bhagvati Gautam Hospital,D K 3/229 IPS COLONY DANISH KUNJ CHOURAHA BHOPAL,8770534943,23,396,,,23.1710941,77.4257319,PMJAY
HOSP23P124572,23124572,Hospital,P,CARE AND CURE HOSPITAL,PLOT NO. 12-13 SETH PHOOLCHAND NAGAR HOSHANGABAD  MANDIDEEP,9589364230,23,421,,,23.1050548,77.5107189,PMJAY
HOSP23P124714,23124714,Hospital,P,MAA NARMADA HOSPITAL,"Patel petrol pump ke samne, new bus stand, sehore",6266382836,23,427,,,22.4856477,76.9830277,PMJAY
HOSP23P124983,23124983,Hospital,P,MEWAR HOSPITAL PVT LTD SHAHDOL,"BHAGERIYA TOWER ,BURHAR ROAD,SHAHDOL ",7742217877,23,429,,,23.2954831,81.3710369,PMJAY
HOSP23P124990,23124990,Hospital,P,INDUBHAI PAREKH MEMORIAL HOSPITAL,BIRLAGRAM,7773846565,23,435,,,23.4477299,75.4001801,PMJAY
HOSP23P125310,23125310,Hospital,P,Mahaveer Hospital,"H-31 Rajveed Colony, Kolar Road Bhopal",9131056524,23,396,,,23.1589591,77.4218811,PMJAY
HOSP23P125436,23125436,Hospital,P,meenakshi hospital and research center,DALVI COLONY GUNA,7999762740,23,406,,,24.6543129,77.3170066,PMJAY
HOSP23P127182,23127182,Hospital,P,LBS HOSPITAL,LBS HOSPITAL BERASIA MAN ROAD ,9407594131,23,396,,,23.2648043,77.3937316,PMJAY
HOSP23P127187,23127187,Hospital,P,CHOUDHARY HOSPITAL ,"Near Capital Petrol pump, Gurunankpura Raisen Road ",9406955057,23,396,,,23.2537366,77.4281839,PMJAY
HOSP23P127192,23127192,Hospital,P,PROMISE CHILDREN AND GENERAL HOSPITAL,SHOP NO 8 FIZA COLONY BERASIYA ROAD BHOPAL,8120849040,23,396,,,23.2926808,77.4037597,PMJAY
HOSP23P127273,23127273,Hospital,P,"Manorama Hospital , Run By Manorama Medicare Pvt.Ltd","Rajghat Road , New Bus Stand , Barwani",0,23,393,,,22.0408576,74.898264,PMJAY
HOSP23P127274,23127274,Hospital,P,SURYA LIFECARE HOSPITAL,"Infront of Railway Station Platform No.2, Tilakganj Ward Sagar",9300493600,23,425,,,23.8446586,78.7442071,PMJAY
HOSP23P127275,23127275,Hospital,P,PRABHAT SHRI HOSPITAL,C-10 PADMANABH NAGAR BHOPAL,0,23,396,,,23.2507339,77.4313412,PMJAY
HOSP23P127276,23127276,Hospital,P,SHRI D P CARE HOSPITAL,"NEAR GAYATRI MANDIR, FREEGANJ, SHUJALPUR MANDI(465333)",0,23,430,,,,,PMJAY
HOSP23P127277,23127277,Hospital,P,VEDANSE MULTISPECILITY HOSPITAL,BHAGAT SINGH COLONY BHANPUR BHOPAL,0,23,396,,,23.304102,77.436426,PMJAY
HOSP23P127278,23127278,Hospital,P,P G MULTISPECIALITY HOSPITAL,"1933, WRIGHT TOWN, NEAR PREM MANDIR, JABALPUR",9755611666,23,411,,,23.164621,79.925092,PMJAY
HOSP23P127279,23127279,Hospital,P,SANKLAP MULTISPECIALITY HOSPITAL,"PATEL NAGAR, NEAR FOREST NAKA, BHANPUR, VIDISHA ROAD, BHOPAL",0,23,396,,,23.2995757,77.4348889,PMJAY
HOSP23P127280,23127280,Hospital,P,ICON HOSPITAL,"NAVGRAHE PARISAR ,AMRAVATI ROAD , BURHANPUR",0,23,397,,,21.2993338,76.222946,PMJAY
HOSP23P127281,23127281,Hospital,P,NIMAR HOSPITAL & RESEARCH CENTRE,"AMRAVATI ROAD , BURHANPUR",0,23,397,,,21.3009294,76.2224814,PMJAY
HOSP23P127282,23127282,Hospital,P,SAKSHAT HOSPITAL,"SANJAY NAGAR , AMRAVATI ROAD , BURHANPUR",0,23,397,,,21.2971444,76.222369,PMJAY
HOSP23P127283,23127283,Hospital,P,SMART CITY HOSPITAL,SHARDA CHAUK NAGPUR ROAD,0,23,411,,,23.1547316,79.9047748,PMJAY
HOSP23P127285,23127285,Hospital,P,Sadguru Netra Chikitsalaya & Jankikund Chikitsalaya,Jankikund Chitrakoot Dist. Satna,0,23,426,,,25.1640081,80.8665849,PMJAY
HOSP23P127286,23127286,Hospital,P,chandak hospital,,0,23,413,,,23.8385991,80.3872526,PMJAY
HOSP23P127287,23127287,Hospital,P,SARTHAK HOSPITAL,"PANNA ROAD ,SATNA  Satna(NagarNigam) SATNA   48500",9425812520,23,426,,,24.5757722,80.7983041,PMJAY
HOSP23P127288,23127288,Hospital,P,SHREE SAI BAB JEEVANDHARA HOSPITAL BARWANI,IN FRONT OF KRISHI UPAJ MANDI RAJGHAT ROAD BARWANI,9981142418,23,393,,,22.0456619,74.8967446,PMJAY
HOSP23P127292,23127292,Hospital,P,KRISHNA LIFE CARE,"INFRONT OF GAYATRI MATA MANDIR, NEAR SHIKARPURA THANA, RENUKA MATA MANDIR ROAD, BURHANPUR",0,23,397,,,,,PMJAY
HOSP23P127298,23127298,Hospital,P,Mahajan Hospital,Magajpura Road Dhar,9425046076,23,403,,,22.5978996,75.3090698,PMJAY
HOSP23P127299,23127299,Hospital,P,Mittal Hospital,10 Tilak Marg Dhar,8889065777,23,403,,,22.5958344,75.299257,PMJAY
HOSP23P127300,23127300,Hospital,P,CITY HOSPITAL,Dewas,0,23,402,,,22.9618556,76.04657,PMJAY
HOSP23P127301,23127301,Hospital,P,Apex care hospital,Dewas,0,23,402,,,22.9568225,76.0417577,PMJAY
HOSP23P127302,23127302,Hospital,P,MISHRA POLY CLINIC AND NURSING HOME WAIDHAN,Behind Ramlila Ground Baliyari Road Waidhan,9165534711,23,638,,,24.062907,82.629921,PMJAY
HOSP23P127303,23127303,Hospital,P,Maa Tripura Memoral Hospital and Research Centre,BILIDOJ RANAPUR ROAD JHABUA,9425102004,23,412,,,22.7501754,74.5852486,PMJAY
HOSP23P127306,23127306,Hospital,P,SHREE SANTSHIROMANI SHREE NARAYANDASJI SEWA CHIKITSA SANSTHAN TRUST,"6/3, GRAM BANIHAR,BARDWARI ROAD, SENDHWA",9589198777,23,393,,,21.6978384,75.1144553,PMJAY
HOSP23P127307,23127307,Hospital,P,SANJEEVINI HOSPITAL AND RESEARCH CENTRE,RAJGHAT ROAD BARWANI,9893087173,23,393,,,23.1732046,75.7940581,PMJAY
HOSP23P127308,23127308,Hospital,P,"KARUNA HOSPITAL, SENDHWA",Karuna Hospital Sendhwa,9425993242,23,393,,,21.6722428,75.0873916,PMJAY
HOSP23P127309,23127309,Hospital,P,MAHAMRITYUNJAY HOSPITAL PVT.LTD,ANJAD NAKA BARWANI,9893474398,23,393,,,22.0310466,74.912286,PMJAY
HOSP23P127310,23127310,Hospital,P,Asha HOSPITAL,ASHA GRAM BARWANI,9425449790,23,393,,,17.4211413,78.4345293,PMJAY
HOSP23P127311,23127311,Hospital,P,MOTHER TERESA HOSPITAL PANNA,CHATARPUR ROAD GEHRA PANNA,9425124211,23,420,,,24.7122166,80.1693915,PMJAY
HOSP23P127313,23127313,Hospital,P,Pushpanjali Nursing Home,,7550580000,23,413,,,28.8744904,78.748159,PMJAY
HOSP23P127314,23127314,Hospital,Temporary,JANKI HOSPITAL,469 ROHIT NAGAR BAWARIA COLOUR ,9009992737,23,396,,,23.1824664,77.438227,PMJAY
HOSP23P127315,23127315,Hospital,P,AAROGYA HEALTHCARE MULTISPECIALITY HOSPITAL,CITY PRIDE NEAR POOJA HOTEL PARASIA ROAD CHHINDWARA,8770507313,23,399,,,22.0594561,78.9288338,PMJAY
HOSP23P127316,23127316,Hospital,P,SONARE MULTISPECLITY HOSPITAL,CHANDANGAON CHHINDWARA,8839172312,23,399,,,22.034514,78.9297925,PMJAY
HOSP23P127317,23127317,Hospital,P,BINDRA HOSPITAL CHHINDWARA,SANICHRA BAJAR CHHINDWARA,0,23,399,,,22.060493,78.9527538,PMJAY
HOSP23P127318,23127318,Hospital,P,balaji multispeclity hospital chhindwara,"South Civil Lines, Sanchar Colony, Chhindwara",9424695188,23,399,,,22.0525085,78.9329642,PMJAY
HOSP23P127319,23127319,Hospital,P,LIFE CARE MULTISPECIALITY HOSPITAL CHHINDWARA,"NEAR PATNI PETROL PUMP, SEONI RAOD , SHANTI NATH HEIGHTS CHHINDWARA",9977509082,23,399,,,22.0568952,78.9361976,PMJAY
HOSP23P127320,23127320,Hospital,P,NEEKHRA HOSPITAL CCC NARSINGHPUR,IN FRONT OF P.G.COLLEGE CIVIL LINE NARSINGHPUR,9424630800,23,418,,,22.949302,79.191,PMJAY
HOSP23P127321,23127321,Hospital,P,SHITAL CHHAYA HOSPITAL,SHYAM ARCADE MALVIYA CHOWK JABALPUR,9329711821,23,411,,,23.1692272,79.9316515,PMJAY
HOSP23P127322,23127322,Hospital,P,JAIRAM MEMORIAL HOSPITAL & RESEARCH CENTRE,"GALLA MANDI,NH-12",7000727271,23,421,,,23.1011448,77.5138641,PMJAY
HOSP23P127323,23127323,Hospital,Temporary,SAKSHI HOSPITAL ,127 durga chowk bhopal,9893368702,23,396,,,23.2279851,77.4864623,PMJAY
HOSP23P127324,23127324,Hospital,P,J K HOSPITAL,4-5 SANT NAGAR SANVER RO,9826058606,23,435,,,,,PMJAY
HOSP23P127325,23127325,Hospital,P,Patidar Hospital and research centre,12 KSHAPNAK MARG FREEGANJ,6264097255,23,435,,,23.180723,75.7940499,PMJAY
HOSP23P127326,23127326,Hospital,P,Saharsh Hospital,Sethi Nagar Ujjain,9425092433,23,435,,,23.1770945,75.8077293,PMJAY
HOSP23P127327,23127327,Hospital,P,SHREE G D BIRLA MEMORIAL HEALTH CENTRE,Birla Hospital Chouraha Mahananda Nagar Ujjain,7838478989,23,435,,,23.1563987,75.7964502,PMJAY
HOSP23P127328,23127328,Hospital,P,"Health Care Hospital & Diagnostic Centre ,Pithampur",Mhow neemuch road sector no-1 pithampur,9289911111,23,403,,,22.6085636,75.6823254,PMJAY
HOSP23P127329,23127329,Hospital,P,Kamla Ben Hospital Dhamnod,AB Road Dhamnod,9009524711,23,403,,,,,PMJAY
HOSP23P127330,23127330,Hospital,P,OM SAI RAM HOSPITAL DHAR,MANDU ROAD DHAR,8839723248,23,403,,,22.5938137,75.2955994,PMJAY
HOSP23P127331,23127331,Hospital,P,PATIDAR CHIKITSA SEVA SANSTHAN P.L.,"MANDU ROAD,Dhar",8770474205,23,403,,,22.5961931,75.3047099,PMJAY
HOSP23P127332,23127332,Hospital,P,SANJEEVINI HOSPITAL AND RESEARCH CENTRE,AKOLIYA MHOW NEEMUCH ROAD PITHAMPUR DHAR,8827259492,23,403,,,23.1732046,75.7940581,PMJAY
HOSP23P127333,23127333,Hospital,P,SARDAR PATEL HOSPITAL AND RESEARCH CENTRE,"Gram pitgara infront of rest house,Mhow nemach highway , Badnawar",9893795551,23,403,,,23.0115158,75.2536872,PMJAY
HOSP23P127334,23127334,Hospital,Temporary,Nirmal Prem MUlti H.,bhopal,7389938538,23,396,,,22.9943812,77.5899148,PMJAY
HOSP23P127335,23127335,Hospital,Temporary,DEEPSHREE HOSPITAL ,KHASRA NO 71/1 KOLUA KALAN GOVINDPURA BHOPAL,9425650669,23,396,,,12.9704933,77.5108742,PMJAY
HOSP23P127337,23127337,Hospital,P,CARE MULTI SPECIALITY HOSPITAL,23/24 mayur vihar colony ashoka garden bhopal,7000662669,23,396,,,23.2626048,77.426767,PMJAY
HOSP23P127338,23127338,Hospital,P,KNP HOSPITAL AND MEDICAL RESEARCH INSTITUTE,10 bagli road misrod,8770847450,23,396,,,23.1712828,77.4431929,PMJAY
HOSP23P127339,23127339,Hospital,Temporary,muskan childrens and general hospital,147 green park colony,8055235898,23,396,,,23.2767942,77.402918,PMJAY
HOSP23P127340,23127340,Hospital,Temporary,DKS HOSPITAL,plat no. 4 Apposite Vaidya Sager School Bairagarh Bhopal,9893595276,23,396,,,23.2676652,77.3425546,PMJAY
HOSP23P127341,23127341,Hospital,Temporary,ECO CITY HOSPITAL,pipal chouraha karond bhopal ,8839219802,23,396,,,23.2947525,77.4040359,PMJAY
HOSP23P127342,23127342,Hospital,Temporary,AROGYA SHRI HOSPITAL ,new jail road karond bhopal ,9827437776,23,396,,,28.552286,77.3550369,PMJAY
HOSP23P127343,23127343,Hospital,Temporary,VEDANSE MULTISPECIALITY HOSPITAL ,bhagat singh colony karond bhopal ,9340981779,23,396,,,23.2616278771178,77.4286155559727,PMJAY
HOSP23P127344,23127344,Hospital,Temporary,jivan jyoti hospital,ghandhi nagar bhopal,6265880571,23,396,,,23.1969223,79.9422699,PMJAY
HOSP23P127346,23127346,Hospital,Temporary,MAX MULTISPECIALITY BHOPAL HOSPITAL,NEAR MADAN MAHARAJ COLLEGE KAROND GALLA MANDI 80 FEET ROAD KAROND ,8827535356,23,396,,,23.2961736,77.3984703,PMJAY
HOSP23P127351,23127351,Hospital,P,DIVYANKA CHILDREN HOSPITAL,A 262 NEW MINAL RESIDENCY NEAR GATE NO 4,7000051700,23,396,,,23.2782967,77.4525166,PMJAY
HOSP23P127352,23127352,Hospital,P,Raja Bhoj Hospital,,8109160543,23,396,,,23.2676351,77.3948044,PMJAY
HOSP23P127353,23127353,Hospital,P,PARUL HOSPITAL,,9826066264,23,396,,,23.2274236,77.4320856,PMJAY
HOSP23P127354,23127354,Hospital,P,APPLE CHILDRENS HOSPITAL,,7049855446,23,396,,,23.2709589,77.4667624,PMJAY
HOSP23P127355,23127355,Hospital,P,ASIAN GLOBUS HOSPITAL,,9826073676,23,396,,,23.2147615,77.4268433,PMJAY
HOSP23P127356,23127356,Hospital,P,ASTHA HOSPITAL,,9926740010,23,396,,,23.2323443,77.3944833,PMJAY
HOSP23P127360,23127360,Hospital,P,SHRI BALAJI HOSPITAL & RESEARCH CENTER BARWANI,RAJGHAT RODE BARWANI,9754679845,23,393,,,21.8256677,75.6167803,PMJAY
HOSP23P127361,23127361,Hospital,P,SHREE GURUPAD HOSPITAL,Asha Gram Road Barwani,8720864028,23,393,,,22.0380145,74.9068642,PMJAY
HOSP23P127364,23127364,Hospital,Temporary,Sankalp Multispeciality Hospital,Near Forest Naka Patel Nagar Vidisha Road Bhanpur,8827535356,23,396,,,23.2995757,77.4348889,PMJAY
HOSP23P127368,23127368,Hospital,P,Aarogya Hospital Shujalpur,Infront of S.D.M. Banglow  Shujalpur Mandi,9131669966,23,430,,,23.3894481,76.7132632,PMJAY
HOSP23P127369,23127369,Hospital,P,Gohil Sampoorn Hospital,101 ADARSH COLONY SHAJAPUR,9926425083,23,430,,,23.4227199,76.2905122,PMJAY
HOSP23P127370,23127370,Hospital,P,JASH HOSPITAL SHUJALPUR,SHUJALPUR MANDI,9179132668,23,430,,,23.3899516,76.7133672,PMJAY
HOSP23P127371,23127371,Hospital,P,Shajapur City Hospital Shajapur,A.B. Road Shajapur,812026673,23,430,,,23.4199217,76.283844,PMJAY
HOSP23P127372,23127372,Hospital,P,Vyas Nursing Home Shajapur,Dupada Road Shajapur,9826084271,23,430,,,23.4202697,76.2606814,PMJAY
HOSP23P127374,23127374,Hospital,P,RAMSHREE HOSPITAL,SANAWAD ROAD KHARGONE,7566309420,23,414,,,21.8315744,75.6298226,PMJAY
HOSP23P127375,23127375,Hospital,P,RUDRANSH HOSPITAL & CRITICAL CARE,MG ROD OPT NEW JANPAD PANCHAYAT,9826713966,23,414,,,23.2507425,77.5025304,PMJAY
HOSP23P127382,23127382,Hospital,P,AYUSHMAN HOSPITAL,"1ST FLOOR , SHAKUN GANESH VILLA , INFRONT OF CHHOTA TALAB , MAIN TILI ROAD , SAGAR",0,23,425,,,28.5960011,77.0489251,PMJAY
HOSP23P127383,23127383,Hospital,P,Bhagyoday Tirth Chikitsalay,"Khurai Road, Sagar",7694009102,23,425,,,23.8509792,78.7214559,PMJAY
HOSP23P127384,23127384,Hospital,P,Shri Balaji Hospital and Trauma Center,TILI ROAD SAGAR,9691420821,23,425,,,28.4408622,76.9801918,PMJAY
HOSP23P127385,23127385,Hospital,P,SHRI CHAITANYA MAHAPRABHU HOSPITAL,TILI RODE SAGAR,6261121418,23,425,,,23.8288098,78.7516626,PMJAY
HOSP23P127386,23127386,Hospital,P,SUKRIT HOSPITAL,patkui bararu main rode sagar,9981688328,23,425,,,23.8741082,78.7741565,PMJAY
HOSP23P127387,23127387,Hospital,P,SURYA LIFECARE HOSPITAL,GATE NO.2 KE SAMNE TILKGANJ SAGAR,9826286620,23,425,,,23.8446586,78.7442071,PMJAY
HOSP23P127388,23127388,Hospital,P,SUYASH HOSPITAL,SUYASH HOSPITAL MAKRONIYA SAGAR,6263839672,23,425,,,22.7137987,75.8840006,PMJAY
HOSP23P127389,23127389,Hospital,P,DR RAI HOSPITAL,10TH BATALIAN RODE STATE BANK COLONY MAKRONIYA,6268133482,23,425,,,,,PMJAY
HOSP23P127391,23127391,Hospital,P,NAVJEEVAN HOSPITAL SHIVPURI,GHODA CHAURAHA PPURIOHARI BUS STAND ROAD SHIV,0,23,432,,,25.428633,77.6398545,PMJAY
HOSP23P127392,23127392,Hospital,P,M M HOSPITAL SHIVPURI,POHARI ROAD SHIVPURI,0,23,432,,,25.4238415,77.6483703,PMJAY
HOSP23P127393,23127393,Hospital,P,PEOPLE CARE MULTI SPECIALITY HOSPITAL,NEAR ICE FACTORY VISHNU MANDIR ROAD SHIVPURI,0,23,432,,,25.4222573,77.6628238,PMJAY
HOSP23P127396,23127396,Hospital,P,THREE M MULTICARE HOSPITAL,H NO 02 VIDISHA ROAD BHANPUR,9131734258,23,396,,,23.3060814,77.438162,PMJAY
HOSP23P127398,23127398,Hospital,P,AMUKTA HOSPITAL,,7898629592,23,407,,,26.2209602,78.1525099,PMJAY
HOSP23P127400,23127400,Hospital,P,PASONYA NURSING HOME REWA,OPP CHURCH BODA ROAD REWA,9827448098,23,424,,,24.5530783,81.3041087,PMJAY
HOSP23P127402,23127402,Hospital,P,KAYA HOSPITAL,"30/15, KESAR BAGH, MELA ROAD, GWALIOR, M.P.",0,23,407,,,26.2187393,78.1869236,PMJAY
HOSP23P127403,23127403,Hospital,P,NARAYANA HOSPITAL,PINTO PARK GWALIOR,0,23,407,,,26.2466123,78.2205563,PMJAY
HOSP23P127404,23127404,Hospital,P,SHRI BALAJI HOSPITAL & RESEARCH CENTER BARWANI,RAJGHAT RODE BARWANI,9754679845,23,393,,,21.8256677,75.6167803,PMJAY
HOSP23P127405,23127405,Hospital,P,SHREE GURUPAD HOSPITAL,Asha Gram Road Barwani,8720864028,23,393,,,22.0380145,74.9068642,PMJAY
HOSP23P127406,23127406,Hospital,P,CHAURASIA HOSPITAL & RESEARCH CENTER,"JAIL ROAD,REWA",9893492827,23,424,,,24.5393787,81.3151048,PMJAY
HOSP23P127407,23127407,Hospital,P,SHANKAR NURSHING HOME,ALLAHABAD ROAD NH-7 REWA,7000591596,23,424,,,11.6717283,78.1535021,PMJAY
HOSP23P127408,23127408,Hospital,P,SHALBY HOSPITAL IN ASSOCIATION WITH SMJ TRUST ( A UNIT OF SHALBY LIMITED),"PLOT-B ,SCHEME NO-5 AHINSA CHOWK ,VIJAY NAGAR, KACHNAR ROAD JABALPUR 482002 INDIA",9522214341,23,411,,,23.019021,72.506649,PMJAY
HOSP23P127410,23127410,Hospital,P,NAV COVID CARE CENTER,"2A, UKHARI CHOWK VIJAY NAGAR",9479504477,23,411,,,23.1782414,79.9111394,PMJAY
HOSP23P127411,23127411,Hospital,P,Sai Samarth Hospital,,9826292104,23,414,,,19.0194661,73.0889635,PMJAY
HOSP23P127412,23127412,Hospital,P,SHRI SHYAM CARE HOSPITAL,AHEAD TO CIRCUIT HOUSE REWA ROAD SHAHDOL,9522589104,23,429,,,23.3153463,81.3572446,PMJAY
HOSP23P127413,23127413,Hospital,P,AYUSHMAN HOSPITAL,,9074342410,23,426,,,24.5729898988256,80.8331789265008,PMJAY
HOSP23P127414,23127414,Hospital,P,CHITRAKOOT CHARITABLE,Near bus stand,8109790004,23,426,,,25.1663516,80.8641209,PMJAY
HOSP23P127415,23127415,Hospital,P,"MP BIRLA HOSPITAL,SATNA",J R BIRLA ROAD ,9669146683,23,426,,,24.5850651,80.8564603,PMJAY
HOSP23P127417,23127417,Hospital,P,RUDRAKSH MULTISPECIALIITY HOSPITAL PVT LTD,"mandakini housing sociaty, 80ft road ",8889057222,23,396,,,22.8571952,72.5949536,PMJAY
HOSP23P127418,23127418,Hospital,P,Vedarth Hospital Harda,"Indore Road, Harda",8827780781,23,408,,,22.3466702,77.0889583,PMJAY
HOSP23P127419,23127419,Hospital,P,Baghel Hospital and Research Center,Shivam Vatika Harda,6263879994,23,408,,,22.3466702,77.0889583,PMJAY
HOSP23P127420,23127420,Hospital,P,Somani Hospital Harda,Near GP Mall,8319020491,23,408,,,22.3438298,77.0925371,PMJAY
HOSP23P127421,23127421,Hospital,P,JMD Hospital near Sai Mandir Harda,Near Sai Mandir Harda,9755555205,23,408,,,22.3577865,77.0824204,PMJAY
HOSP23P127424,23127424,Hospital,P,JABALPUR HOSPITAL & RESEARCH CENTRE,RUSSEL CHOWK NAPIER TOWN JABALPUR,9981503902,23,411,,,,,PMJAY
HOSP23P127425,23127425,Hospital,P,Jathar Hospital,AKBAR WARD BARAPATHER SEONI,9179641474,23,428,,,22.0952988,79.5533793,PMJAY
HOSP23P127427,23127427,Hospital,P,PREM NURSING HOME SATNA,,9425173809,23,426,,,24.5732761,80.8305714,PMJAY
HOSP23P127428,23127428,Hospital,P,RAINBOW HOSPITAL,982/01 BHARHUT NAGAR SATNA,9589039298,23,426,,,24.57812,80.842596,PMJAY
HOSP23P127429,23127429,Hospital,P,Sanjiwani Super Speciality Hospital Bus Stand Sayna,,9425887123,23,426,,,24.5735814,80.8447308,PMJAY
HOSP23P127430,23127430,Hospital,P,YASH HOSPITAL REWA ROAD SATNA,,9589242131,23,426,,,24.5738709,80.8355715,PMJAY
HOSP23P127432,23127432,Hospital,Temporary,JIVAN DAN HOSPITAL,berasiya road bhopal,9691104376,23,396,,,23.270563,77.401444,PMJAY
HOSP23P127433,23127433,Hospital,P,Shreeji Kanha Hospital,INFRONT ABHINANDAN HOTAL REWA ROAD SATNA,7415150225,23,426,,,24.5749371,80.8334479,PMJAY
HOSP23P127435,23127435,Hospital,P,MEDICARE HOSPITAL,,9302071919,23,411,,,23.1780791,79.9117988,PMJAY
HOSP23P127436,23127436,Hospital,P,MUSKAN MULTISPECIALITY HOSPITAL THATIPUR GWL,175-JIWAJI NAGAR NEAR PETROL PUMP THATIPUR GWALIOR,8461881201,23,407,,,26.2152203,78.2059537,PMJAY
HOSP23P127437,23127437,Hospital,Temporary,srijan genral hospital,G-1 Ayodhya nagar near sant thomas school,8959034502,23,396,,,23.2817755,77.4669636,PMJAY
HOSP23P127438,23127438,Hospital,P,Arogya Hospital Balaghat,HANUMAN CHAUK BALAGHAT,9301047555,23,392,,,21.8166288,80.189213,PMJAY
HOSP23P127439,23127439,Hospital,P,GANPATI MEMORIAL MULTISPECIALITY HOSPITAL & CRITICAL CARE UNIT BALAGHAT,WARD NO.28 BEHIND MAYUR TALKIES BALAGHAT,9907403547,23,392,,,21.8093123,80.1954591,PMJAY
HOSP23P127440,23127440,Hospital,P,SARDAR PATEL MULTISPECIALITY HOSPITAL BALAGHAT,"WARD NO. 33 SARDAR PATEL CAMPUS GAYKHURI, BALAGAHT",9425447945,23,392,,,21.7953097,80.1888877,PMJAY
HOSP23P127441,23127441,Hospital,P,"SHRIVASTAVA NURSING HOME, BALAGHAT MP","ward no 06, mahaveer colony",8224008888,23,392,,,21.8157875,80.1954424,PMJAY
HOSP23P127442,23127442,Hospital,P,NIDAAN FRACTURE HOSPITAL,BEHIND NEW RAM MANDIR GONDIYA ROAD BALAGHAT,9424969096,23,392,,,21.8116615,80.1920009,PMJAY
HOSP23P127443,23127443,Hospital,P,MITALI METARNITY AND SURGICAL NURSING HOME BALAGHAT,GONDIYA ROAD BALAGHAT,9827893542,23,392,,,,,PMJAY
HOSP23P127444,23127444,Hospital,P,RANI AVANTI COVID HOSPITAL BALAGHAT,LODHI BHAVAN GAYKHURI BALAGHAT MP,9425600208,23,392,,,21.812876,80.1838293,PMJAY
HOSP23P127445,23127445,Hospital,Temporary,JAINAMSHREE MULTISPECIALITY HOSPITAL,E-5/47 Arera Colony Bhopal,8462822222,23,396,,,23.212473,77.4309921,PMJAY
HOSP23P127446,23127446,Hospital,P,SONAA MAA NURSING HOME KHARGONE,,9425087204,23,414,,,21.8309758,75.6270276,PMJAY
HOSP23P127448,23127448,Hospital,P,Paras Hospital Damoh,"SAGAR ROAD TEEN GULLI
OPPOSITE PUNJAB NATIONAL
BANK DAMOH",9826963342,23,400,,,23.8330764,79.4332958,PMJAY
HOSP23P127449,23127449,Hospital,P,CARE WELL  HOSPITAL NEEMUCH,"SCEME NO 3,BUILDING NO 4,NEAR BY GAYATRI MANDIR ,BHAGGYESHWAR MANDIR ROAD ,NMH ,M.P.",9425974301,23,419,,,24.4615252,74.8713968,PMJAY
HOSP23P127450,23127450,Hospital,P,CHORDIYA HOSPITAL,300-301 Teachers Colony,9589819744,23,419,,,18.4581528,73.8781399,PMJAY
HOSP23P127451,23127451,Hospital,P,GARG NURSING HOMR,,9479081486,23,419,,,28.679034,77.1572594,PMJAY
HOSP23P127452,23127452,Hospital,P,"SWASTIK MULTISPECIALITY HOSPITAL & RESEARCH CENTRE, JABALPUR","I.T.I Road, Infront of ISBT, Near Deendayal Chowk,",9977335522,23,411,,,23.194397,79.911592,PMJAY
HOSP23P127453,23127453,Hospital,P,CITY HOSPITAL BARNAGAR,STATION ROAD BARNAGAR DIST. UJJAIN,9826450371,23,435,,,23.0527664,75.3784911,PMJAY
HOSP23P127454,23127454,Hospital,P,Ashok Hospital,"462, M.G.ROAD, BARNAGAR, DIST UJJAIN",9770177070,23,435,,,23.0521364,75.3783476,PMJAY
HOSP23P127455,23127455,Hospital,P,DESHMUKH HOSPITAL AND RESEARCH CENTRE,96/2 Lal BaHADUR SHASHTRI MARG UJJAIN,9425195676,23,435,,,23.1612202,75.7898349,PMJAY
HOSP23P127456,23127456,Hospital,P,"Geeta Hospital & Research centre, Barnagar","7, Diversion road, Barnagar",9300764676,23,435,,,23.0480225,75.3738459,PMJAY
HOSP23P127457,23127457,Hospital,P,GUPTA GOSPITAL &RESEARCH CENTRE,M.G.ROAD(STATION ROAD BADNAGAR,9424846272,23,435,,,23.0519644,75.378576,PMJAY
HOSP23P127458,23127458,Hospital,P,PUSHPA MISSION HOSPITAL,"MARIYA NAGAR, DEWAS ROAD, UJJAIN",9425380020,23,435,,,23.1682959,75.795963,PMJAY
HOSP23P127459,23127459,Hospital,P,"S S HOSPITAL & RESEARCH CENTRE,UJJAIN",76 VIKRAM MARG FREEGANJ UJJAIN,9827078277,23,435,,,23.1788613,75.7926433,PMJAY
HOSP23P127460,23127460,Hospital,P,Sanjeevani Hospital And Rearch Centre,"45, University road, Dashehara maidan Ujjain",9009888818,23,435,,,23.1732046,75.7940581,PMJAY
HOSP23P127461,23127461,Hospital,P,SHREE GURUNANAK HOSPITAL AND RESEARCH CENTER,18 GHASMANDI CHOURAHA FREEGANJ UJJAIN,7024363030,23,435,,,23.1808644,75.7941446,PMJAY
HOSP23P127462,23127462,Hospital,P,ADITYA HOSPITAL,315 USHA NAGAR EXT,7747007001,23,410,,,17.390321,78.481219,PMJAY
HOSP23P127466,23127466,Hospital,P,INDORE TRAUMA CENTER,"Dayal Bagh Colony, Near Holy Cross School, Khandwa Road, Indore",7566626474,23,410,,,22.6721524,75.880921,PMJAY
HOSP23P127467,23127467,Hospital,P,MAHARANA PRATAP HOSPITAL,GULAB BAGH COLONEY MAIN DEWAS NAKA INDORE,9039247248,23,410,,,28.3654632,79.4314701,PMJAY
HOSP23P127471,23127471,Hospital,P,UNIQUE HOSPITAL JAWAHAR MARG,"335, JAWAHAR MARG",9993702920,23,410,,,22.715772,75.8501981,PMJAY
HOSP23P127472,23127472,Hospital,P,V CARE HOSPITAL,"163,A.F. SCHEME NO 54 INDORE",9893833665,23,410,,,22.7570214,75.8925319,PMJAY
HOSP23P127473,23127473,Hospital,P,PATEL NURSING HOME AND HOSPITAL,,9713500143,23,410,,,22.7356713,75.9208152,PMJAY
HOSP23P127474,23127474,Hospital,P,SMS ENERGY HOSPITAL,"212/213 , Parwati Parisar , Dudhia/ Devguradiya , Nemawar Road , Indore",9691999919,23,410,,,,,PMJAY
HOSP23P127475,23127475,Hospital,P,ASTHA HOSPITAL,1118-1119-H Scheme no 114 Nai Sadak near Rajiv awas vihar   Vijay Nagar Indore,8269693158,23,410,,,22.7695313,75.8887723,PMJAY
HOSP23P127476,23127476,Hospital,P,BIRLA HOSPITAL,"1118-19-20, NEW GOURI NAGAR, KHATI PURA MAIN ROAD, BEHIND ELECTRONIC COMPLEX, INDORE, MP",9977150838,23,410,,,26.8627282,75.7847499,PMJAY
HOSP23P127477,23127477,Hospital,P,GURJAR HOSPITAL,"2 &3, SCHEME NO. 44-B, BHANWARKUA SQUARE, A.B. ROAD, INDORE",9993172869,23,410,,,22.6919473,75.8660795,PMJAY
HOSP23P127478,23127478,Hospital,P,PAT Hospitals,"D-126 Amrapali Townhsip, Near IIM, Rau",7827391409,23,410,,,22.6192574,75.7753152,PMJAY
HOSP23P127479,23127479,Hospital,P,SEVALAY HOSPITAL,,9826933444,23,410,,,,,PMJAY
HOSP23P127481,23127481,Hospital,P,PULSE HOSPITAL,"SCHEME NO 102, NEAR MANIK BAGH BRIDGE, INDORE",7000269154,23,410,,,22.6986364,75.8546824,PMJAY
HOSP23P127482,23127482,Hospital,P,ASHIRWAD NURSHING HOME,RANIPUR ROAD GOUTHANA BETUL,9425002195,23,394,,,25.329086,84.7999725,PMJAY
HOSP23P127483,23127483,Hospital,P,CHAUHAN HOSPITAL,GANJ BETUL,8208425640,23,394,,,21.9009792,77.9025096,PMJAY
HOSP23P127484,23127484,Hospital,P,KARUNA HOSPITAL,,9009228331,23,394,,,19.2412606,72.8531175,PMJAY
HOSP23P127485,23127485,Hospital,P,LIFE CARE HOSPITAL,BADORA CHOWK,8109990237,23,394,,,21.8876964,77.8985247,PMJAY
HOSP23P127488,23127488,Hospital,P,MAA SHITLA MULTISPECAILITY HOSPITAL GWALIOR,in front of madhav dispensary hospital road gwalior,9584809918,23,407,,,26.1948543,78.1608461,PMJAY
HOSP23P127489,23127489,Hospital,P,SUPER AYUSHMAN HOSPITAL,opposite jhansi road,9425756244,23,407,,,26.1899789,78.1735329,PMJAY
HOSP23P127492,23127492,Hospital,P,SHUBHAM HOSPITAL KHANDWA,ANAND NAGAR KHANDWA,9516739009,23,405,,,21.8337396,76.3502519,PMJAY
HOSP23P127493,23127493,Hospital,P,RAM SINGH DHAKREY MEMORIAL HOSPITAL,"MPCT CAMPUS , SEROLE ROAD GWALIOR",7000054715,23,407,,,26.1911462,78.2096261,PMJAY
HOSP23P127495,23127495,Hospital,P,SUDHA MULTISPECIALITY HOSPITAL AND HRPC,"837,GOL BAZAR JABALPUR",0,23,411,,,23.1687799103781,79.9269532841475,PMJAY
HOSP23P127496,23127496,Hospital,P,REVANTA HOSPITAL,NARMADA COMPLEX SUHAGI JABALPUR,0,23,411,,,26.8730446,80.8754742,PMJAY
HOSP23P127497,23127497,Hospital,P,TAQI RAZA HEALTH CARE CENTRE,105 NORTH CIVIL LINE NEAR EYE HOSPITAL GHANTAGHAR JABALPUR NSAM HOSPITAL,8962328816,23,411,,,23.1676179,79.940007,PMJAY
HOSP23P127498,23127498,Hospital,P,DASHMESH HOSPITAL MADAN MAHAL JABALPUR,,0,23,411,,,23.1564519,79.919169,PMJAY
HOSP23P127499,23127499,Hospital,P,TRUE CARE HOSPITAL,ABDUL HAMEED CHOUK RADDI CHOWKI JABALPUR,0,23,411,,,23.194847,79.940161,PMJAY
HOSP23P127500,23127500,Hospital,P,GLOBAL HOSPITAL JABALPUR,"7,8 SHATABDIPURAM BADI UKHRI ROAD",9669554475,23,411,,,23.178061,79.911912,PMJAY
HOSP23P127501,23127501,Hospital,P,BEST SUPER SPECIALTY HOSPITAL JABALPUR,1352-HOME SCIENCE COLLEGE ROAD NAPIER TOWN JABALPUR M.P,8349845828,23,411,,,23.1601718,79.9231365,PMJAY
HOSP23P127502,23127502,Hospital,P,RADHEKRISHNA MULTISPECIALITY HOSPITAL BARGI,"NEAR SHANKAR MANDIR BARGI,JABALPUR (M.P.)",9754309815,23,411,,,22.9951123164483,79.8787717418158,PMJAY
HOSP23P127508,23127508,Hospital,P,DANDARUA DHAM MULTISPECIALITY HOSPITAL,GOL PAHADIYA A.B ROAD GWALIOR (M.p),7089098888,23,407,,,26.3377673,78.6255089,PMJAY
HOSP23P127512,23127512,Hospital,P,SHREE RAM HOSPITAL,"MKI Campus, Shivpuri Link Road, Gwalior",9425705766,23,407,,,26.2677205,72.9939125,PMJAY
HOSP23P127513,23127513,Hospital,P,BRAHMANI HOSPITAL GWALIOR,MAA VAISHNOPURAM A.B ROAD GADHAIPURA,8889437489,23,407,,,26.2435918,78.1891564,PMJAY
HOSP23P127514,23127514,Hospital,P,shree multispecialty hospital,MALL ROAD MORAR GWALIOR,7987521413,23,407,,,18.5822723,73.8131268,PMJAY
HOSP23P127516,23127516,Hospital,P,CHS APPLE MULTISPECIALITY HOSPITAL,Hospital Road Gwalior,9425111838,23,407,,,17.3985148,78.4143432,PMJAY
HOSP23P127518,23127518,Hospital,P,Mansarovar Care Hospital,,7049877000,23,407,,,26.2303337,78.2220659,PMJAY
HOSP23P127522,23127522,Hospital,P,PADMAVATI HOSPITAL KHACHAROD,Khachrod,9713864099,23,435,,,23.4256923,75.2844036,PMJAY
HOSP23P127523,23127523,Hospital,P,SAHYOG HOSPITAL GWALIOR,"INFRONT OF MADHAV DISPENSARY, HOSPITAL ROAD GWALIOR (M.P.)",942570824,23,407,,,26.1944402,78.1621537,PMJAY
HOSP23P127524,23127524,Hospital,P,LIFE CARE HOSPITAL BALAGHAT,HAMUNAN CHAUK BALAGHAT,9958249552,23,392,,,21.8121459,80.1946663,PMJAY
HOSP23P127529,23127529,Hospital,P,MAA GAYATRI HOSPITAL,,9424048555,23,423,,,26.3925303,80.312422,PMJAY
HOSP23P127530,23127530,Hospital,P,ASHIRWAD HOSPITAL,55-56 VED VYAS COLONY RATLAM,7693983710,23,423,,,22.2984753,73.2302209,PMJAY
HOSP23P127531,23127531,Hospital,P,AROGYAM HOSPITAL,HD 13 DHANVANTARI NAGAR JBP,8839936437,23,411,,,28.6861188,77.4169039,PMJAY
HOSP23P127532,23127532,Hospital,P,Tignath hospital madan mahal,Madan Mahal Ke Piche jabalpur,9893077419,23,411,,,23.1563464,79.9156999,PMJAY
HOSP23P127533,23127533,Hospital,P,AYUSHMAN CHILDREN,,8649977777,23,411,,,23.1641559,79.935889,PMJAY
HOSP23P127534,23127534,Hospital,P,K.J Memorial Hospital,"BEOHARBAGH,GHAMAPUR,JABALPUR",7610770770,23,411,,,23.1738103,79.9470319,PMJAY
HOSP23P127535,23127535,Hospital,P,ADVANCE ENDOSCOPY AND SURGICAL CENTER,,9479728427,23,411,,,23.1674688,79.9262149,PMJAY
HOSP23P127541,23127541,Hospital,P,CLOTH MARKET HOSPITAL,,9926611405,23,410,,,22.7118498,75.8399672,PMJAY
HOSP23P127542,23127542,Hospital,P,CUREWELL HOSPITAL PVT. LTD,"19/1-C, NEW PALASIA, INDORE",9425056077,23,410,,,22.7265355,75.8820565,PMJAY
HOSP23P127544,23127544,Hospital,P,GEETANJALI HOSPITAL,,7000043329,23,410,,,22.7219084,75.8347509,PMJAY
HOSP23P127545,23127545,Hospital,P,"Getwell Hospital, Indore - DCHC","147 AB ROAD CHANA GODAM, MHOW",9826147080,23,410,,,22.5618886,75.7615413,PMJAY
HOSP23P127548,23127548,Hospital,P,Shukla Hospital & Investigation Centre,,8965065232,23,410,,,22.6942243,75.8813301,PMJAY
HOSP23P127549,23127549,Hospital,P,SNG HOSPITAL,,9691449791,23,410,,,22.7202848,75.8816224,PMJAY
HOSP23P127550,23127550,Hospital,P,S N S Hospital,"32, Shanti nagar. Srinagar Ext Indore",0,23,410,,,22.72973,75.8970808,PMJAY
HOSP23P127551,23127551,Hospital,P,"KANHA MULTISPECIALITY HOSPITAL,GWALIOR","Near Adityaz Hotel D.D Nagar , Bhind Road, Gwl",7489431069,23,407,,,26.1920478,78.1569733,PMJAY
HOSP23P127552,23127552,Hospital,P,AROGYAM THE MEDICITY,BEHIND PUNJAB NAIIONAL BANK THATIPUR GWALIOR,7691964758,23,407,,,26.2140349,78.2025826,PMJAY
HOSP23P127553,23127553,Hospital,P,"KUSHHAL HOSPITAL, GWALIOR","110,KANTI NAGAR,TANSEN ROAD,GWALIOR",9425778601,23,407,,,26.2216012,78.1800817,PMJAY
HOSP23P127554,23127554,Hospital,P,OM MULTISPECIALITY HOSPITAL GWALIOR,KUMHARPURA THATIPUR GWALIOR,9753175888,23,407,,,26.1748905,78.1450412,PMJAY
HOSP23P127556,23127556,Hospital,P,RJN APOLLO SPECTRA HOSPITAL GWALIOR,"18, Vikas Nagar ,Near Sai Baba Mandir Gwalior",9522280025,23,407,,,26.2197476,78.1714115,PMJAY
HOSP23P127558,23127558,Hospital,Temporary,SPANDAN HOSPITAL,B 90 INDRA VIHAR AIRPORT ROAD BHOPAL,8827535356,23,396,,,22.6205981,88.4329006,PMJAY
HOSP23P127561,23127561,Hospital,P,KARUNA NURSING HOME,,8989462375,23,410,,,22.7121143,75.9061912,PMJAY
HOSP23P127562,23127562,Hospital,P,KHANDELWAL HOASPITAL,"PLOT NO. 14 , SECTOR -B , SUDAMA NAGAR , INDORE",9977997079,23,410,,,22.691788,75.837288,PMJAY
HOSP23P127563,23127563,Hospital,P,LAKSHMI MEMORIAL HOSPITAL,1/2 NEW PALSIA NEHRU NAGAR BRIDGE INDIRE,9755048618,23,410,,,22.730631,75.883007,PMJAY
HOSP23P127564,23127564,Hospital,P,MASC HOSPITAL,SCHEME 140 PIPLIYAHANA,9584623634,23,410,,,22.7107559,75.912126,PMJAY
HOSP23P127565,23127565,Hospital,P,MAYANK HOSPITAL,,8871116078,23,410,,,22.7224885,75.8884399,PMJAY
HOSP23P127567,23127567,Hospital,P,METRO HOSPITAL,4/6 NORTH RAJMOHALL,9893466395,23,410,,,22.7148777,75.8432276,PMJAY
HOSP23P127569,23127569,Hospital,P,PARMILA HOSPITAL,,9826622253,23,410,,,19.197371,72.991371,PMJAY
HOSP23P127570,23127570,Hospital,P,PHOENIX HOSPITAL,"G1-A,2-A SUKH SHANTI NAGAR",9039492591,23,410,,,22.72103,75.9014328,PMJAY
HOSP23P127576,23127576,Hospital,P,PRIME HOSPITAL ( a unit of gwalior hospital pvt.ltd)GWALIOR,"C2, C3 KAILASH NAGAR CITY CENTER GWALIOR ( M.P.)",9977554477,23,407,,,26.1962256,78.1975689,PMJAY
HOSP23P127577,23127577,Hospital,P,SHRI KRISHNA HOSPITAL GWALIOR,PAWANSHUT COLONY GWALIOR,8770606852,23,407,,,26.2017131,78.2218684,PMJAY
HOSP23P127583,23127583,Hospital,P,SUNRISE HOSPITAL TALAWALI CHANDA,"54, panchwati colony Talawali chanda",9993123559,23,410,,,22.7930582,75.9069529,PMJAY
HOSP23P127584,23127584,Hospital,P,SUYOG HOSPITAL,"195,Bhanwarkua Main Road,Indore",9340146057,23,410,,,12.2822952,76.620141,PMJAY
HOSP23P127586,23127586,Hospital,P,TIWARI HOSPITAL MHOW,393 AB ROAD MHOW,9826095677,23,410,,,22.5629338,75.750729,PMJAY
HOSP23P127587,23127587,Hospital,P,VARNIT HOSPITAL,1833 SCH.1833 NIRANAJPUR INDORE,8109888490,23,410,,,22.775657,75.893396,PMJAY
HOSP23P127588,23127588,Hospital,P,SEWAKUNJ HOSPITAL AND RESEARCH CENTRE KANADIYA,"KANADIYA ROAD, INDORE",8319490435,23,410,,,22.7390011,75.9739948,PMJAY
HOSP23P127589,23127589,Hospital,P,SHREE GURUKRIPA HOSPITAL,,6260555890,23,410,,,22.724685,75.8254811,PMJAY
HOSP23P127601,23127601,Hospital,P,ASHIRWAD HOSPITAL,"NEAR DISTRICT COURT ,JATAHRI ROAD ANUPPUR",9827448098,23,390,,,22.2984753,73.2302209,PMJAY
HOSP23P127602,23127602,Hospital,P,SANJEEVANI HOSPITAL ANUPPUR,WARD NO-03 BEHIND SINDHI DHARMASHALA NEAR GURUDWARA RAILWAY STATION ROAD ANUPPUR,7289948100,23,390,,,23.1077451,81.6964068,PMJAY
HOSP23P127603,23127603,Hospital,P,GURJAR HOSPITAL BARWAH,,9826482217,23,414,,,22.2509475,76.0364889,PMJAY
HOSP23P127605,23127605,Hospital,P,Chandra Hospital & Nursning Home Gwalior,266 Jiwaji Nagar Thatipur Gwalior,9329106168,23,407,,,26.2173889,78.207306,PMJAY
HOSP23P127606,23127606,Hospital,P,RIMSS HOSPITAL GWALIOR,FRONT OF INDRAPRASTH GARDEN NEAR GOLE KA MANDIR GWALIOR,9074757841,23,407,,,26.2363536,78.2079085,PMJAY
HOSP23P127607,23127607,Hospital,P,SUVIDHA HOSPITAL GWALIOR,PARAS VIHAR COLONY NEAR TAPOVAN JHANSI ROAD GWALIOR (M.P.),9098443535,23,407,,,26.1818793,78.1729244,PMJAY
HOSP23P127620,23127620,Hospital,P,CITY HOSPITAL BETUL,Betul,9425656812,23,394,,,21.9069597,77.8942466,PMJAY
HOSP23P127624,23127624,Hospital,P,SANIYA HOSPITAL,INDORE BHOPAL BYPASS CHOPATI NEAR DABRI SQUARE ASHTA,8103287676,23,427,,,23.0290346,76.733656,PMJAY
HOSP23P127625,23127625,Hospital,P,SUMAN RAJENDRA MODI MULTISPECIALITY HOSPITAL SEHORE,GANGA ASHRAM MAIN ROAD SEHORE,8433489869,23,427,,,23.1983951,77.0758531,PMJAY
HOSP23P127630,23127630,Hospital,P,Amrit Heart care hospital hoshangbad,Babai Road Hoshangabad,9827015935,23,409,,,22.7553271,77.7361022,PMJAY
HOSP23P127631,23127631,Hospital,P,Keshav Hospital Hoshangabad,Itawara Bazar Hoshangabad,9713210060,23,409,,,22.7585742,77.7165696,PMJAY
HOSP23P127632,23127632,Hospital,P,Sent. Joseph Hospital Hoshangabad,ITI Hoshangabad,9770736150,23,409,,,22.7466543,77.7340024,PMJAY
HOSP23P127633,23127633,Hospital,P,Jeevansh Hospital,,0,23,423,,,23.3400792,75.0272649,PMJAY
HOSP23P127634,23127634,Hospital,P,IMA Covid Care Centre,fatehpur agrawal dharmashala,9826271177,23,416,,,25.9209503,80.7996035,PMJAY
HOSP23P127635,23127635,Hospital,P,Mirecle Covid Care Centre Mandsaur,nayakheda by pass,8770063169,23,416,,,24.0734356,75.0679018,PMJAY
HOSP23P127636,23127636,Hospital,P,Anuman covid care center,pratapgarh puliya ke pass,6261153613,23,416,,,24.0296801,74.6868815,PMJAY
HOSP23P127637,23127637,Hospital,P,Patidar center & multispeciality Hospital,dashpur gardan ke pass,9926637966,23,416,,,24.0733308,75.0717851,PMJAY
HOSP23P127638,23127638,Hospital,P,LASHKARE HOSPITAL,GANJ BETUL,9425002241,23,394,,,21.9021129,77.9049853,PMJAY
HOSP23P127639,23127639,Hospital,P,S.D HOSPITAL,DEVGAON,8770015896,23,394,,,21.9257122,77.9025661,PMJAY
HOSP23P127647,23127647,Hospital,P,MAA PITAMBRA HOSPITAL,New Housing board colony Jhansi road Datia,9506745015,23,401,,,26.2609387,78.1558354,PMJAY
HOSP23P127648,23127648,Hospital,P,VEDIKA MULTISPECIALITY HOSPITAL,"WARD NO. 31, PURANI HOUSING BOARD COLONY GALLA MANDI KE SAMNE DATIA",7049576298,23,401,,,25.6408519,78.4613407,PMJAY
HOSP23P127649,23127649,Hospital,P,SACHIN HOSPITAL,,9669016758,23,406,,,24.6437138,77.3046863,PMJAY
HOSP23P127714,23127714,Hospital,P,Metro Hospital Shajapur,NEAR ICICI BANK AB ROAD SHAJAPUR,7771949017,23,430,,,23.4211063,76.2747037,PMJAY
HOSP23P127715,23127715,Hospital,P,"Arihant HospitalAnd Research Centre , Indore - DCHC",283-A  GUMASTA NAGAR INDORE,0,23,410,,,22.7014298,75.8292953,PMJAY
HOSP23P127716,23127716,Hospital,P,SHEEFA MEDICAL CENTRE,,8959907710,23,410,,,22.7317708,75.9094693,PMJAY
HOSP23P127729,23127729,Hospital,P,ANANT NURSING HOME PVT LTD,Madan Mahal Railway Station Road Wright Town Jabalpur,7987054504,23,411,,,29.8687383,77.880265,PMJAY
HOSP23P127730,23127730,Hospital,P,JOHRI HOSPITAL,1177 NEXT TO BANK OF BARODA WRIGHT TOWN,7000347806,23,411,,,23.1657335,79.92577,PMJAY
HOSP23P127731,23127731,Hospital,P,Tejankar Healthcare & medical Research institute,"86, VISHWAVIDYALAYA MARG, UJJAIN",9893549955,23,435,,,23.177798,75.786643,PMJAY
HOSP23P127732,23127732,Hospital,P,SHREE RAWATPURA HOSPITAL,"BELKHEDWA, BHEDAGHAT, JABALPUR",8319502241,23,411,,,23.1557787624255,79.7894618976401,PMJAY
HOSP23P127758,23127758,Hospital,P,CHL JAIN DIWAKAR HOSPITAL,,9827657015,23,423,,,23.3268383,75.0200421,PMJAY
HOSP23P127769,23127769,Hospital,P,mansarovar ayurvedic medical college hospital and research center bhopal,WARD 84 HINOTIA ALAM KOLAR ROAD BHOPAL,7611148888,23,396,,,23.1518839,77.4274711,PMJAY
HOSP23P127793,23127793,Hospital,P,NEW LIFE MULTISPECIALITY HOSPITAL,,9479450650,23,411,,,23.1762079,79.9247449,PMJAY
HOSP23P127794,23127794,Hospital,P,SHIV SAGAR HOSPITAL VIJAY NAGAR RUN BY NAYAN UDAY SOCITY,VIJAY NAGAR NEAR BHAVISHYA NIDHI OFFICE,7224023040,23,411,,,23.8171253,78.7557936,PMJAY
HOSP23P127795,23127795,Hospital,P,HARI OM MULTISPECIALITY HOSPITAL PURWA GARHA,"JOSHI MOHOILLA, NEAR DURGA MANDIR ,DHANWANTRI NAGAR ROAD , PURWA",9827091213,23,411,,,22.9997042,72.6575063,PMJAY
HOSP23P127796,23127796,Hospital,P,STAR HOSPITAL,"OPP. MARHATAL GURUDWARA,JABALPUR",9179822605,23,411,,,23.1677566,79.9314554,PMJAY
HOSP23P127797,23127797,Hospital,P,SANSKARDHANI HOSPITAL PRIVATE LIMITED,"227,SHANKAR NAGAR,KATANGI ROAD KARMETA JABALPUR",7471111281,23,411,,,23.208534,79.9021305,PMJAY
HOSP23P127803,23127803,Hospital,P,SEHAT HOSPITAL,13-A USHA NAGAR EXT. RANJEET HANUMAN MAIN ROAD INDORE,9977849200,23,410,,,22.7021921,75.8393375,PMJAY
HOSP23P127804,23127804,Hospital,P,VISHESH JUPITER HOSPITAL,"Teen Imli square, chitawad Indore",9826229322,23,410,,,22.6806012,75.8818887,PMJAY
HOSP23P127810,23127810,Hospital,P,SHALBY HOSPITAL,"RACE COURSE ROAD, RS BHANDARI MARG, JANJEERAWALA SQUARE",9512001049,23,410,,,22.7292038,75.8791,PMJAY
HOSP23P127818,23127818,Hospital,P,BAFNA HOSPITAL,18/1 NORTH RAJMOHALLA INDORE,9425062230,23,410,,,22.7157651,75.841964,PMJAY
HOSP23P127819,23127819,Hospital,P,BANTHIYA HOSPITAL,,9977030333,23,410,,,22.7232985,75.8295761,PMJAY
HOSP23P127820,23127820,Hospital,P,EUREKA HOSPITAL,"347, EUREKA HOSPITAL SAKET NAGAR, NEAR PTRAKAR SQURE INORE",9993577068,23,410,,,22.7227757,75.8962785,PMJAY
HOSP23P127823,23127823,Hospital,P,SIDDHI VINAYAK HOSPITAL JABALPUR,"1110 NAPIER TOWN, IN FRONT OF AYUSH GALLERY JABLPUR",8305634694,23,411,,,23.181409,79.9262476,PMJAY
HOSP23P127824,23127824,Hospital,P,CENTRAL HOSPITAL & RESERCH CENTRE LABOUR CHOWK,Labor chowk,9424372269,23,411,,,23.167407,79.9132908,PMJAY
HOSP23P127837,23127837,Hospital,Temporary,AYUSH HOSPITAL,ayush gram banjali near sejavta bypass ratlam ,7000591224,23,423,,,16.517483,80.675097,PMJAY
HOSP23P127841,23127841,Hospital,P,RITWIK HOSPITAL SANAWAD,JAWAHAR MARG SANAWAD,7049905639,23,414,,,22.1747505,76.0689899,PMJAY
HOSP23P127842,23127842,Hospital,P,SUJAS HOSPITAL,"VIJAY VIHAR COLONY , MANDLESHWAR",8964011107,23,414,,,22.1770232,75.6581962,PMJAY
HOSP23P127843,23127843,Hospital,P,GAURAV HOSPITAL,,9644000022,23,410,,,22.6724696,75.8801822,PMJAY
HOSP23P127844,23127844,Hospital,P,MAHAVEER HOSPITAL,A-2 SCH NO 71 FOOTI KOTHI SQUARE,9425131687,23,410,,,22.6951583,75.8271924,PMJAY
HOSP23P127845,23127845,Hospital,P,MEDIPLUS HOSPITAL AND RESAERCH CENTER (MHRC),"166, NYAY NAGAR MAIN ROAD, SUKHALIYA INDORE-452010 M.P.",9755855888,23,410,,,22.759501,75.878889,PMJAY
HOSP23P127846,23127846,Hospital,P,SUNRISE HOSPITAL RAJENDRA NAGAR,,8982830437,23,410,,,22.6573534,75.834581,PMJAY
HOSP23P127847,23127847,Hospital,P,UNIVERSAL HOSPITAL,WB-22 SCHEME NO. 94 RING ROAD INDORE,9893643851,23,410,,,22.7612127,75.9054224,PMJAY
HOSP23P127882,23127882,Hospital,P,CHIRAYU HOSPITAL,,9479558549,23,410,,,22.7199433,75.8402176,PMJAY
HOSP23P127957,23127957,Hospital,P,BHANDARI HOSPITAL,"659, NAPIER TOWN, JABALPUR",0,23,411,,,23.1543521,79.9374652,PMJAY
HOSP23P127958,23127958,Hospital,P,J.K.Hospital Multispeciality & Trauma Center,Ashta,7509766434,23,427,,,23.1713089,77.4254843,PMJAY
HOSP23P127959,23127959,Hospital,P,DASMESH HOSPITAL,"36/6,1 BRAHAMPURICOLONY,BHOLARAM USTAD MARG, BHAWARKUA, INDORE-452010",9754366114,23,410,,,28.630396,77.098858,PMJAY
HOSP23P127960,23127960,Hospital,P,SHRI P D SIDDHI VINAYAK,,9835832712,23,410,,,22.7298458,75.9036779,PMJAY
HOSP23P127967,23127967,Hospital,P,CITY HOSPITAL BETUL,LINK ROAD BETUL,8120122924,23,394,,,21.9069597,77.8942466,PMJAY
HOSP23P127970,23127970,Hospital,P,AYUSH MULTISPECILITY HOSPITAL,SHIVAJI BHAVAN IN FROUNT OG MADHURCOURIER JINSIPUL HUJRATPULL ROAD LASHKAR GWALIOR MP,8225875490,23,407,,,18.6298159,73.8206681,PMJAY
HOSP23P128063,23128063,Hospital,P,SUKHDEV HOSPITAL,SIDDHVIHAR COLONY NAI KI BAGIYA SHIVPURI,9910606310,23,432,,,25.425142,77.6525933,PMJAY
HOSP23P128064,23128064,Hospital,P,BHARAT HOSPITAL GWALIOR,Vivekanad chauraha behind punjab nation bank thatipur Gwalior,9685542224,23,407,,,26.2138017,78.2025504,PMJAY
HOSP23P128179,23128179,Hospital,P,Atharva Nursing Home Damoh,Balakot road opp.cental school,7000060200,23,400,,,,,PMJAY
HOSP23P128224,23128224,Hospital,P,JANAK HOSPITAL GWALIOR,,9179329121,23,407,,,26.1965948,78.1521292,PMJAY
HOSP23P128225,23128225,Hospital,P,RISHISHVAR HOSPITAL,BSF COLONEY BHIND ROAD Gwalior,9522012352,23,407,,,26.2667955,78.2164059,PMJAY
HOSP23P128227,23128227,Hospital,P,Balaji Hospital and trauma center Gwalior,,9753859416,23,407,,,,,PMJAY
HOSP23P128243,23128243,Hospital,P,VAIBHAV MEMORIAL HOSPITAL,,0,23,407,,,,,PMJAY
HOSP23P130799,23130799,Hospital,P,STAR HOSPITAL AND NEW BORN RESEARCH CENTER,1153in front of gurudwara marhatal,9179822605,23,411,,,23.1677932,79.9309878,PMJAY
HOSP23P131487,23131487,Hospital,P,NEW VARDAN HOSPITAL,"153 near ram mandir, teelajmalpura",9329556689,23,396,,,23.25999393,77.412602,PMJAY
HOSP23P131584,23131584,Hospital,P,ANAND HOSPITAL & RESEARCH CENTRE PVT LTD,7 SINDHU NAGAR BHAWARKUA ROAD INDORE ,9826033538,23,410,,,22.7031,75.8615,PMJAY
HOSP23P131585,23131585,Hospital,P,siddharth hospitals ,"49, PAGNIS PAGA , NEAR WATER TANK",7777886658,23,410,,,22.7399405,75.9114825,PMJAY
HOSP23P131886,23131886,Hospital,P,care multi speciality hospital jabalpur,Karmeta katangi road jabalpur,7987009358,23,411,,,23.2085094,80.0149765,PMJAY
HOSP23P132054,23132054,Hospital,P,CITI MULTISPECIALITY HOSPITAL,"MIG 216 GAUTAM NAGAR NEAR CHTAK BRIDGE ,GOVINDPURA BHOPAL",8989872904,23,396,,,23.234909,77.441391,PMJAY
HOSP23P134771,23134771,Hospital,P,LAXMI MULTI SPECIALITY HOSPITAL,"E-19, Patel Nagar, Rasisen Road, Bhopal(M.P)",9893838789,23,396,,,23.250632,77.504421,PMJAY
HOSP23P135869,23135869,Hospital,P,SARTHAK HOSPITAL,PHANDA KALA,9827650020,23,396,,,24.788160,75.866600,PMJAY
HOSP23P136134,23136134,Hospital,P,Narmada apna hospital,"175-177, jawahar marg,panna road",6262001851,23,398,"100004,100005,100006,100010,100011,100015,100017,100020,100026",2022-05-25 12:21:35,24.869783,79.629306,PMJAY
HOSP23P136943,23136943,Hospital,P,LKT HI TECH HOSPITAL,"NH-44,LINK ROAD PATEL NAGAR ,ASHOK NAGAR",9111555342,23,391,,,24.6363859,78.4381822,PMJAY
HOSP23P137172,23137172,Hospital,P,Ayushman HI Tech Hospital,"Plot 16 Oppo Subhash Nagar Phatak maida MIll Road BHopal ,",8458813722,23,396,"100005,100006,100008,100011,100012,100015,100019,100020,100023,100026",2022-01-05 11:36:58,23.264398,77.437641,PMJAY
HOSP23P137609,23137609,Hospital,P,AYUSHMAN MULTICARE HOSPITAL,H.NO 3 RATHI MARKET BHANPUR CHOURAHA ,8085823258,23,396,,,26.4499,80.3319,PMJAY
HOSP23P137699,23137699,Hospital,P,MAQSOOD MEMORIAL HOSPITAL,"619/1 ,SHARDA NAGAR NARIYAL KHEDA ",8109160543,23,396,"100006,100011,100012,100015,100023,100026",2022-01-10 18:03:44,23.287782,77.396052,PMJAY
HOSP23P137742,23137742,Hospital,P,OJAS HOSPITAL,"plot no 10, 11, opp. central plaza, bagmugalia main road",6232160222,23,396,,,23.195563,77.465701,PMJAY
HOSP23P137770,23137770,Hospital,P,CITY LIFE MULTISCECIALITY HOSPITAL,"IN FRONT OF OFFICE RESIDENCY, KALPI BRIDGE ROAD, GOLE KA MANDIR, GWALIOR",9827681061,23,407,,,26.2177,78.2251,PMJAY
HOSP23P138328,23138328,Hospital,Temporary,SUN CITI HOSPITAL,"40, shikshak congrees colony bagmugaliya",9893407943,23,396,,,23.189285,77.469154,PMJAY
HOSP23P138385,23138385,Hospital,P,CARE AND CURE MULTISPECIALITY HOSPITAL,"5/7, karond chouraha, near hanuman mandir, oppo. to V-Mart, new jail road, bhopal",9826660884,23,396,,,23.302972415,77.40267,PMJAY
HOSP23P138633,23138633,Hospital,P,SAI SHRADDHA HOSPITAL,main airport road gandhi nagar,8839388378,23,396,,,23.303,77.4123,PMJAY
HOSP23P139085,23139085,Hospital,P,Shree Ganpati Hospital ,ADAMPUR CHHAWANI RAISEN ROAD NEAR HOTEL RESHUMRAO BHOPAL,9107108102,23,396,,,23.25273,77.52919,PMJAY
HOSP23P140265,23140265,Hospital,P,AYUSHMAN BHARAT HOSPITAL,"plot no - 01 , Eintkhedi, Berasia Road, Bhopal",8962657262,23,396,,,23.3648,77.3970,PMJAY
HOSP23P140398,23140398,Hospital,P,VARNIT HOSPITAL,"1833, SCHEME NO 114-1, NEAR KHALSA CHOWK NIRANJANPUR INDORE,",8109888490,23,410,"100004,100006",2022-05-21 23:26:16,22.776061,75.8911830000001,PMJAY
HOSP23P140458,23140458,Hospital,P,HEALTH PLUS MULTISPECIALITY HOSPITAL,"HEM SINGH KI PARAD, GWALIOR,",9993888623,23,407,100011,2024-08-07 12:22:12,26.1982826,78.1614252,PMJAY
HOSP23P142912,23142912,Hospital,P,SHREE BALAJI HOSPITAL & RESEARCH CENTRE GUNA,B.G. ROAD GUNA,9685521155,23,406,,,24.6340,77.3072,PMJAY
HOSP23P195870,23195870,Hospital,P,MEWAR HOSPITAL PVT LTD,"VIKAS NAGAR 14-3,NEEMUCH CHAWNI",9116033455,23,419,100015,2024-07-19 16:52:07,24.46131,74.8710750000001,PMJAY
HOSP23P200542,23200542,Hospital,P,ACI Superspeciality hospital Asian Cancer Institute,"31/A, Mechanic Nagar, Badi Bhamori,vijay nagar indore",9111558900,23,410,"100008,100021,100022",2024-10-08 18:07:19.278,22.686597222645872,75.89734556382894,PMJAY
24001067,24001067,Hospital,P,MEENDEEP EYE HOSPITAL,"shri gayatri krupa complex, Shyamsundar hospital road, anjar ",2836240076,24,449,,,23.1134605,70.0260132,PMJAY
24001087,24001087,Hospital,P,Sanjeevani Hospital,,9427235940,24,449,,,23.0726546,70.1164096,PMJAY
24001107,24001107,Hospital,P,GEETA HSOPITAL,"Plot no 3, Ambe Nagar, Gundal Road",9925040720,24,449,,,23.052015,72.521219,PMJAY
HS24001121,24001121,Hospital,P,Mundra Institute of Medical Science,"mims Hospital,,JAIN NAGAR, BAROI ROAD, MUNDRA KUTCH",9825355422,24,449,"100004,100005,100006,100014,100015,100023,100026",2018-09-14 17:25:10,22.8434060000001,69.736024,PMJAY
24001122,24001122,Hospital,P,SHREEHARI HOSPITAL,,9427412666,24,449,,,23.06724,70.13128,PMJAY
24001124,24001124,Hospital,P,shri swaminarayan eye hospital,hospital road near bank of india Bhuj,7016915653,24,449,,,23.2430709,69.6726017,PMJAY
24001125,24001125,Hospital,P,Aastha Womens hospital,"madhuban mall, chitrakut society 1, chitrakut circle, anjar kutch.",9909951980,24,449,,,23.1020432,70.0336736,PMJAY
24001135,24001135,Hospital,P,aIMS GENERAL HOSPITAL SALAYA,"Garana faliya ,Dhani matang road  At.salaya  Ta.mandvi",9276253100,24,449,,,22.83929,69.29975,PMJAY
24002128,24002128,Hospital,P,Bavishi Hospital,"Doctor House, Nr. Railway Over Bridge,",9328324525,24,441,,,24.170998,72.427863,PMJAY
24002135,24002135,Hospital,P,Vinayak Eye Hospital,"Vinayak Eye Hospital, Highway Road",8200037067,24,441,,,24.263828,72.180026,PMJAY
HS24002162,24002162,Hospital,P,ANAND BPL HOSPITAL,"Near Jalaram Temple,Highway Road Deesa",9328520411,24,441,,2018-09-14 13:06:28,24.26273434533354,72.18558329939094,PMJAY
24002163,24002163,Hospital,P,Maa maternity home  Gynec surgical hospital,,9427085508,24,441,,,24.26631263,72.1840167,PMJAY
24002165,24002165,Hospital,P,Abha Eye Hospital,,9824085890,24,441,,,24.1686105,72.4356424,PMJAY
24002166,24002166,Hospital,P,Mahesh Eye Hospital,,9427026564,24,441,,,24.1728259,72.4322816,PMJAY
24002168,24002168,Hospital,P,Jay eye hospital,Nr Railway Overbridge West Palanpur,9427065081,24,441,,,24.1710197,72.4272823,PMJAY
24002190,24002190,Hospital,P,Divya Eye Hospital,"Shree Krishna Complex , Idgah Road",9428485566,24,441,,,24.1684826,72.434686,PMJAY
24002195,24002195,Hospital,P,PALANPUR FEMALE HOSPITAL,,9724250909,24,441,,,24.1740026,72.4361121,PMJAY
24002207,24002207,Hospital,P,Sharda womens Hospital,,9925231217,24,441,,,24.265296,72.182697,PMJAY
24002208,24002208,Hospital,P,Parth woman and childcare hospital,,7383525026,24,441,,,24.1680721,72.4353246,PMJAY
24002213,24002213,Hospital,P,AJUBA HOSPITAL  PRASURTIGRUH,,9714920520,24,441,,,24.3852371,71.6279348,PMJAY
24002216,24002216,Hospital,P,VINAYAK FEMALE HOSPITAL,,9898929624,24,441,,,24.1740026,72.4361121,PMJAY
24002241,24002241,Hospital,P,MEGHAL EYE HOSPITAL  PHACO CENTRE,"2nd floor green house, opp. gayatri mandir deesa",9727712826,24,441,,,24.265513,72.1835738,PMJAY
HS24002246,24002246,Hospital,P,Maharshi orthopedic hospital ,"doctor house palanpur ,Doctor House Palanpur ",9377701986,24,441,"100004,100005,100006,100015,100026",2018-09-14 13:06:28,24.1464250000001,72.492086,PMJAY
24002247,24002247,Hospital,P,RUDRA HEALTHCARE,,9979564781,24,441,,,24.2693152,72.1820593,PMJAY
24003095,24003095,Hospital,P,Ami Eye Hospital,Opp Bharti Society,9825750708,24,455,,,23.850703,72.129007,PMJAY
24003098,24003098,Hospital,P,MEHTA EYE HOSPITAL,"13,shubhadranagar,Railway station Road,patan.(N.G)384265",9825922998,24,455,,,23.8526086,72.1278086,PMJAY
24003105,24003105,Hospital,P,netrajyot eye hospital,"Netrajyot eye hospital ,c devbhumi complex ,opp-bus stand .",9824312442,24,455,,,23.8537895,72.1257269,PMJAY
24003114,24003114,Hospital,G,CHC jangral,CHC jangral,9687630293,24,455,,,24.0414362,72.1623459,PMJAY
24003123,24003123,Hospital,P,Gadhavi eye hospital Hiya Laser  Phaco centre,2 ND FLOOR GAJANAND COMPLEX S T STAND ROAD,9879799590,24,455,,,23.82918,72.108697,PMJAY
24003126,24003126,Hospital,P,Lifecare Eye Hospital,"Lifecare Eye Hospital, Subhadra Nagar,Station Road",9727533299,24,455,,,23.8537374,72.1256844,PMJAY
24003127,24003127,Hospital,P,DEEP EYE HOSPITAL,1st Floor Siddhivinayak complex near Vinay Vidhyalay school Palanpur highway Radhanpur ,9825037597,24,455,,,23.8292047,71.6190174,PMJAY
24003149,24003149,Hospital,P,SHREEJI NETRALAYA,"shreeji netralaya, first floor, keshvlal center, near janta hospital, patan",9898004918,24,455,,,23.8498734,72.1303182,PMJAY
24003151,24003151,Hospital,P,Agrawal Surgical Hospital,,9825079850,24,455,,,23.8516651,72.1267033,PMJAY
24003152,24003152,Hospital,P,NAVAKAR EYE HOSPITAL,,9978903818,24,455,,,23.8537895,72.1257269,PMJAY
24003155,24003155,Hospital,P,NAVAKAR EYE HOSPITAL,"1st floor to Dr Chetan Thakkar Hospital, Near Govt Nursing Colllege, Dethali Road, Siddhpur",9978903818,24,455,,,23.915444,72.3558773,PMJAY
HS24003168,24003168,Hospital,G,PRIMARY HEALTH CENTRE KANSA,"PHC KANSA,",9979843321,24,455,"100001,100002,100003,100004,100005,100006,100007,100008,100009,100010,100011,100012,100013,100014,100015,100016,100017,100018,100019,100020,100021,100022,100023,100026,10083",2018-08-02 17:26:31,23.924534941945666,72.07011096693395,PMJAY
HS24003171,24003171,Hospital,G,Primary health centre Dunavada,"dunavada,dunavada arogya kendra",9909981920,24,455,"100001,100002,100003,100004,100005,100006,100007,100008,100009,100010,100011,100012,100013,100014,100015,100016,100017,100018,100019,100020,100021,100022,100023,100026,10083",2018-08-02 17:26:31,23.8705810000001,71.962772,PMJAY
24004190,24004190,Hospital,P,MAITRI EYE HOSPITAL,"sunny market, dairy road mehsana",9879435044,24,451,,,23.6064401,72.3853658,PMJAY
24004192,24004192,Hospital,P,bhagwati maternity and nursing home,"1ST FLOOR, SHIVSHAKTI COMPLEX, DAIRY ROAD",9426706458,24,451,,,23.6068834,72.384577,PMJAY
24004202,24004202,Hospital,P,JYOTI HOSPITAL,JYOTI HOSPITAL CAMPUS NR NOOTAN HIGH SCHOOL,9725728038,24,451,,,23.7038167,72.5468224,PMJAY
24004206,24004206,Hospital,P,vishwa eye hospital,,9825576424,24,451,,,23.5947375,72.3793764,PMJAY
24004216,24004216,Hospital,P,Shital Maternity and Nursing Home,"sahkari mandali,kukarwada.",9428945829,24,451,,,23.5570926,72.6196878,PMJAY
24004230,24004230,Hospital,P,JEEVANDEEP GENERAL HOSPITAL,FIRST FOOR HARSIDDH COMPLEX KHARIKUI KHERALU,9998266481,24,451,,,23.8851433,72.6202824,PMJAY
24004236,24004236,Hospital,P,DRASHTI EYE HOSPITAL,"DRASHTI EYE HOSPITAL, Vepar Bhavan,Opp railway stations,Near Petrol pump",9825454600,24,451,,,23.6957467,72.5385796,PMJAY
24004345,24004345,Hospital,P,KRISHNA EYE HOSPITAL,"K. B. COMPLEX, DAIRY ROAD, MAHESANA",9825591779,24,451,,,23.602984,72.36663,PMJAY
HS24004360,24004360,Hospital,P,Angel Orthopedic Hospital,"VaraHi Complex,Bala HanuMan Temple Road",9879105947,24,451,100015,2018-09-14 17:25:10,23.6049360000001,72.388136,PMJAY
24004365,24004365,Hospital,P,AAKASH EYE HOSPITAL,"Near GEB, Fornt of new Court",9925036515,24,451,,,22.2984774,73.1656612,PMJAY
24004373,24004373,Hospital,P,DHRUVI MATERNITY AND NURSING HOME,"surya com. near b k cinema, s t work shop road, mehsana",9824010152,24,451,,,23.595213,72.384911,PMJAY
24004385,24004385,Hospital,P,Aaradya Eye Hospital,AARADHYA EYE HOSPITAL,9825570971,24,451,,,22.6879195,72.8687263,PMJAY
HS24004392,24004392,Hospital,P,SOHAM SURGICAL HOSPITAL,"BLOK d GIRIRAJ COMPLEX PP sT STAND,BUS STAND",9824367519,24,451,"100006,100015,100026",2018-09-14 13:06:28,23.2010090000001,72.368026,PMJAY
24004394,24004394,Hospital,P,dev drashti eye hospital,"Dev Drashti Eye Hospital , 1st Floor, City Center Complex, Radhanpur Cross Roads, Mahesana.",9925866555,24,451,,,23.6059697,72.3813834,PMJAY
24004396,24004396,Hospital,P,swara eye hospital,"Swara eye Hospital, ITI cross road ",9558924841,24,451,,,23.7015449,72.5345703,PMJAY
24004397,24004397,Hospital,P,Ambika EYE Hospital,"ambika eye hospital , om medical center , radhanpur four cross road , mahesana 384002",9638124693,24,451,,,23.6062991,72.3797879,PMJAY
24005167,24005167,Hospital,P,R.H.  C.H.C. POSHINA,,27752833,24,458,,,23.75689,73.115044,PMJAY
HS24005217,24005217,Hospital,P,AVM Orthopeadic Hospital,"akashganga complex,",9825127989,24,458,"100015,100026",2018-09-14 17:25:10,23.601828900000157,72.9662755999965,PMJAY
24005254,24005254,Hospital,P,SUKOON GYNEC HOSPITAL,"2ND FLOOR,D BLOCK,DAMODAR COMPLEX,NR.  JALARAM GAS AGENCY",8128354105,24,458,,,23.8375834,73.0013502,PMJAY
HS24005256,24005256,Hospital,P,J K ORTHOPAEDIC HOSPITAL ,"BEHIND MEHTA PETROL PUMP GIRDHARNAGAR NEAR BUS STAND HIMATNAGAR-383001 SABARKANTHA- GUJARAT,BEHIND MEHTA PETROL PUMP GIRDHARNAGAR NEAR BUS STAND HIMATNAGAR-383001 SABARKANTHA- GUJARAT",9879538326,24,458,"100007,100015,100020,100026",2018-09-14 17:25:10,23.5903060000001,72.9563570000001,PMJAY
24006076,24006076,Hospital,P,VALAY SURGICAL HOSPITAL,B-Sardar Shopping Center,9825557579,24,446,,,23.164267,72.810189,PMJAY
HS24006096,24006096,Hospital,P,PAGARAV HOSPITAL AND ICU,"512/1 SECTOR-23 GANDHINAGAR,",9426327897,24,446,"100001,100004,100005,100006,100008,100010,100012,100014,100015,100016,100017,100019,100020,100022,100023,100026",2018-09-14 17:25:10,23.243904516323127,72.65120620104301,PMJAY
HS24007091,24007091,Hospital,P,SHIVAM HOSPITAL,"C-4,Satyanarayan Society,Near Jashodanagar Cross Road,Maninagar East,Ahmedabad,Gujarat.",7383930812,24,438,"100004,100005,100006,100012,100015,100026",2018-09-14 13:06:28,22.984427071885406,72.62157946495972,PMJAY
24007093,24007093,Hospital,P,Shrey Multifacilities Pvt. Ltd.,,9879794447,24,438,,,23.0137358,72.5255124,PMJAY
24007132,24007132,Hospital,P,Kasturba Maternity Hospital,"near ST bus stand , high way cross roads",9824430306,24,438,,,22.381,71.976,PMJAY
24007138,24007138,Hospital,P,Dhaval General Hospital,"35, Bareja - Barejadi Rd, Barejadi, Gujarat.",9825279345,24,438,,,22.8981451,72.6772254,PMJAY
HS24007161,24007161,Hospital,P,SINDHU HOSPITAL,"NR GOPAL PARK SOCIETY, ,MAYA CINEMA ROAD KUBERNAGAR, AHMEDABAD",9510862601,24,438,"100001,100002,100004,100005,100006,100007,100008,100012,100014,100015,100016,100017,100019,100020,100022,100023,100026,100027",2018-09-14 17:25:10,23.084392305563355,72.64549179189305,PMJAY
24007183,24007183,Hospital,P,Navjivan Hospital and nursing home,,9722427428,24,438,,,22.978845,72.490374,PMJAY
24007186,24007186,Hospital,P,Ojas Hospital,,9227233556,24,438,,,23.023653,72.619894,PMJAY
24007188,24007188,Hospital,P,parth surgical hospital,Shashi Shopping Centre Vasna Road Anjali Cross Road Near Swaminarayan Avenue,9824028514,24,438,,,22.999782,72.558089,PMJAY
24007194,24007194,Hospital,P,Shantamani Multispeciality Hospital,"First floor, Shyam Shikhar Complex, Cross Road India Colony Lal Bahadur Shastri Rd Opp Dinesh Chamber Bapunagar Ahmedabad",8733890548,24,438,,,23.038952,72.630145,PMJAY
HS24007199,24007199,Hospital,G,CHC BOPAL GHUMA,"Near Ghuma Bus Stop, Taluka Daskroi, Ghuma Rd, Ghuma, Ahmedabad, Gujarat 380058,",9979399212,24,438,"100001,100002,100003,100004,100005,100006,100007,100008,100009,100010,100011,100012,100013,100014,100015,100016,100017,100018,100019,100020,100021,100022,100023,100026,10083",2018-08-02 17:26:31,23.030065,72.4494760000001,PMJAY
24007204,24007204,Hospital,P,AAKASH EYE CARE PVT LTD,"Siddhi Vinayak Arcade, 2nd Wing, 1st Floor, 200 S.P.Ring Road, Odhav Circle, Ahmedabad",9998807891,24,438,,,23.0245716,72.6741307,PMJAY
24007205,24007205,Hospital,P,STAVAN EYE CLINIC,"8-Arun Society, Mahalaxmi Cross Road, Paldi, Ahmedabad",9825296016,24,438,,,23.0112219,72.5644863,PMJAY
24007210,24007210,Hospital,P,Svayambhu Health Care Pvt Ltd,opp.RAF camp S.P. ring road vastral ahmedabad,9824440590,24,438,,,22.9868286,72.6617049,PMJAY
24007211,24007211,Hospital,P,Samved Superspeciality Hospital,"2 nd floor, sai elegance, Bavla - Dholka Road, Kalikund Cir, Kalikund, Ahmedabad",9099502222,24,438,,,22.743787,72.446782,PMJAY
24007214,24007214,Hospital,P,Vardan Multispeciality hospital,,9106975303,24,438,,,23.0226551,72.6236515,PMJAY
24007216,24007216,Hospital,P,Krishna General Hospital,"Jalisana, Mandal.",9978943322,24,438,,,23.2892167,71.9190154,PMJAY
24007219,24007219,Hospital,P,PALM MULTI SPECIALITY HOSPITAL,,9714027207,24,438,,,23.0503696,72.6645468,PMJAY
24007220,24007220,Hospital,P,Contacare Eye Hospital,PARKER HOUSE Near Panchwati circle Netaji Rd,8291915983,24,438,,,23.0235391,72.5573378,PMJAY
24007222,24007222,Hospital,P,DIVA EYE INSTITUTE,"17, Parimal Society, Opp. Doctor House, Parimal Garden",7940020000,24,438,,,23.0181054,72.5565588,PMJAY
24007223,24007223,Hospital,P,EYE CARE HOSPITAL PVT.LTD,POLYTECHNIC  ROAD BH IOC PETROL PUMP AMBAWADI,9824069911,24,438,,,23.0240809,72.5497721,PMJAY
24007234,24007234,Hospital,P,AAYAT MULTISPECIALITY HOSPITAL,"3rd Floor, Sai Avenue, Opp.-Malav Talav, S.T. bus stand road",9601981685,24,438,,,22.723891,72.436767,PMJAY
24009100,24009100,Hospital,P,KESHUBHAI MEHTA EYE HOSPITAL,"KARANSINJI MAIN ROAD, KARANPARA, ",9825118822,24,457,,,22.2917482,70.8039817,PMJAY
24009106,24009106,Hospital,P,DHRUVA EYE HOSPITAL,"OPPOSITE RASHTRIYA SHALA , RASHTRIYA SHALA MAIN ROAD",0,24,457,,,22.2901202,70.7983502,PMJAY
HS24009122,24009122,Hospital,G,"Govt.Eye hospital,morbi",General Hospital Morbi,9426732960,24,673,"100001,100002,100003,100004,100005,100006,100007,100008,100009,100010,100011,100012,100013,100014,100015,100016,100017,100018,100019,100020,100021,100022,100023,100026,10083",2018-08-02 17:26:31,22.8139548,70.8299518,PMJAY
24009137,24009137,Hospital,P,Darshan Eye Care Clinic,,0,24,457,,,22.288894,70.799166,PMJAY
24009180,24009180,Hospital,P,SHRADDHA EYE HOSPITAL,"Nr. Indira Circle, 150 Ft Ring Road, Rajkot",9824241014,24,457,,,22.2901051,70.7709785,PMJAY
24009184,24009184,Hospital,P,Arham Eye Hospital and Cornea Care Centre,"panchvati main road,nr laxminagar chowk,nr maruti driving school",9426786165,24,457,,,22.2827602,70.7878228,PMJAY
24009185,24009185,Hospital,P,Khushee eye hospital laser center,INDRAPRASHTHA  OPP SBI   NEAR HANUMANMADHI   RAIYA ROAD,9726231532,24,457,,,22.3000096,70.7777804,PMJAY
HS24010040,24010040,Clinic,G,CHC Jodiya,"Referral Hospital,Dhrol-Jodiya Road",7567876177,24,447,"100001,100002,100003,100004,100005,100006,100007,100008,100009,100010,100011,100012,100013,100014,100015,100016,100017,100018,100019,100020,100021,100022,100023,100026,10083",2018-09-11 19:25:13,22.6952000000001,70.3126,PMJAY
HS24010078,24010078,Hospital,G,PHC PADANA,"MAIN ROAD,",8980010654,24,447,"100001,100002,100003,100004,100005,100006,100007,100008,100009,100010,100011,100012,100013,100014,100015,100016,100017,100018,100019,100020,100021,100022,100023,100026,10083",2018-08-02 17:26:31,22.2983319800288,69.7865017584454,PMJAY
HS24010085,24010085,Hospital,G,Phc Kharedi,"Bhavabhi Khijadiya Road ,",7567879567,24,447,"100001,100002,100003,100004,100005,100006,100007,100008,100009,100010,100011,100012,100013,100014,100015,100016,100017,100018,100019,100020,100021,100022,100023,100026,10083",2018-08-02 17:26:31,22.0453370000001,70.4351780000001,PMJAY
HS24010086,24010086,Hospital,G,PHC NIKAVA,"Opp. Union Bank, Nikava, Kalavad, Jamnagar - 361162",7567879561,24,447,"100001,100002,100003,100004,100005,100006,100007,100008,100009,100010,100011,100012,100013,100014,100015,100016,100017,100018,100019,100020,100021,100022,100023,100026,10083",2018-08-02 17:26:31,22.1913933,70.5317458,PMJAY
HS24010093,24010093,Hospital,G,PHC VANSJALIA,"PHC VANSJALIA NEAR RAILW STATION,",7575803676,24,447,"100001,100002,100003,100004,100005,100006,100007,100008,100009,100010,100011,100012,100013,100014,100015,100016,100017,100018,100019,100020,100021,100022,100023,100026,10083",2018-08-02 17:26:31,21.799,69.8725000000001,PMJAY
HS24010096,24010096,Hospital,G,PHC HADIYANA,"Near Bus Staand,Hadiyana",9727769910,24,447,"100001,100002,100003,100004,100005,100006,100007,100008,100009,100010,100011,100012,100013,100014,100015,100016,100017,100018,100019,100020,100021,100022,100023,100026,10083",2018-08-02 17:26:31,22.6031100000001,70.2619720000001,PMJAY
24012065,24012065,Hospital,P,vraj eye hospital and laser centre,Nehrupark society near ST,9426230106,24,448,,,21.522234,70.454163,PMJAY
HS24012100,24012100,Hospital,P,Shri Jivan Jyot Arogya Seva Sangh Everest Hospital ,"Shri Mehta Gardi and Bhanu General Hospital,Dr Shyama prasad Mukharji Road",9998552135,24,675,"100001,100004,100005,100006,100010,100012,100013,100015,100017,100019,100020,100023,100026",2018-09-14 17:25:10,20.8271481,71.0451285,PMJAY
24012131,24012131,Hospital,P,VISION EYE CARE HOSPITAL,"HIRA PANNA COMPLEX, 1ST FLOOR, ST ROAD, NR RAILWAY CROSSINGS",9825277568,24,448,,,21.5219999,70.4572,PMJAY
24013049,24013049,Hospital,P,Vaghasiya Hospital,opp bus stand amreli,9825281554,24,439,,,21.6037296,71.2232124,PMJAY
24013110,24013110,Hospital,P,BHALIA EYE HOSPITAL,"2ND FLOOR, MAHAVIR COMPLEX, STATION ROAD",9428624737,24,439,,,21.5231225,70.9784562,PMJAY
24014098,24014098,Hospital,P,THAKKAR SURGICAL HOSPITAL,,0,24,443,,,21.769701,72.1449094,PMJAY
24014101,24014101,Hospital,P,YESH HOSPITAL,,0,24,443,,,21.7678581,72.1440337,PMJAY
24014110,24014110,Hospital,P,SHRADDHA SURGICAL HOSPITAL,"Bhairavpara,khedulbhivan Street,pslitana",9426228062,24,443,,,21.5346305,71.8274846,PMJAY
24014128,24014128,Hospital,P,dungrani hospital,,0,24,443,,,21.7326837,71.7642869,PMJAY
24014140,24014140,Hospital,P,OM SPECIALITY HOSPITAL,"OM SPECIALITY HOSPITAL, FIRST FLOOR, CARLTON SQUARE, NEAR MASHAVDEEP, KALANALA, BHAVNAGAR",9426468580,24,443,,,21.7684851,72.1448598,PMJAY
HS24014141,24014141,Hospital,P,MALAVIA EYE HOSPITAL,"203,SECOND FLOOR, ADARSH COMPLEX,JAIL ROAD, BHAVNAGAR,",7069868645,24,443,"100013,100026",2018-09-14 17:25:10,21.762006190147503,72.13606540091709,PMJAY
24014143,24014143,Hospital,P,SADVICHAR TRUST GENERAL HOSPITAL MAHUVA,,9426441357,24,443,,,21.350457,72.0374933,PMJAY
24014147,24014147,Hospital,P,Smt. B B Desai General Hospital,,9825144406,24,443,,,21.5397,71.5775,PMJAY
24014153,24014153,Hospital,P,Sudarshan eye dental general hospital,"sudarshan eye,dental hosp,first floor.above union bank of india,near kuberbaug,",9904392500,24,443,,,21.1002052,71.691066,PMJAY
24015081,24015081,Hospital,P,NUTAN GENERAL HOSPITAL,MALI CHAWKLA NEAR NARAYANDEV MANDIR BORSAD,9825172345,24,440,,,22.398,72.899,PMJAY
24015082,24015082,Hospital,P,JAIDEEP EYE HOSPITAL,32 A 35 36 F F SILVER POINT BORSAD,9428799652,24,440,,,22.398,72.899,PMJAY
24015088,24015088,Hospital,P,SHREE NAVJIVAN HOSPITAL,NEAR SWAMINARAYAN TEMPALE OPP BUS STAND ANKLAV,9825255198,24,440,,,22.377,72.999,PMJAY
HS24015111,24015111,Hospital,G,PHC BHALEJ,"MAIN RODE BHALEJ BUS STAND,rohitvash kasor",9227710156,24,440,"100001,100002,100003,100004,100005,100006,100007,100008,100009,100010,100011,100012,100013,100014,100015,100016,100017,100018,100019,100020,100021,100022,100023,100026,10083",2018-09-12 11:31:42,22.6641710000001,73.0544150000001,PMJAY
HS24015112,24015112,Hospital,G,PHC Badalpur ,"swaminarayan mandir pase,",8758988467,24,440,"100005,100011,100012,100013,100018,10083",2018-09-12 11:32:10,22.2848480000001,72.7583040000001,PMJAY
24015139,24015139,Hospital,P,Shree Hospital,ANAND UMETA ROAD ANKLAV,9979891892,24,440,,,22.377476,72.999201,PMJAY
HS24017074,24017074,Hospital,P,Aum Orthopaedic Hospital,"Near Church Godhra,",9727756835,24,454,"100015,100026",2018-09-14 13:06:28,22.7739,73.6245,PMJAY
24017075,24017075,Hospital,P,Maa Surgical Hospital,Vrajbhushan Comlex Opp Bus stand Vadodara Road Halol,9825318196,24,454,,,22.4638498,73.4212714,PMJAY
HS24017121,24017121,Hospital,G,PHC SHIVRAJPUR,"PRIMARY HEALTH CENTER SHIVRAJPUR ,MINSE ROAD ,SHIVRAJPUR",9925898849,24,454,"100001,100002,100003,100004,100005,100006,100007,100008,100009,100010,100011,100012,100013,100014,100015,100016,100017,100018,100019,100020,100021,100022,100023,100026,10083",2018-08-02 17:26:31,22.501261,73.473488,PMJAY
HS24017127,24017127,Hospital,G,PHC Vejalpur,"Vejalpur,",7567893758,24,454,"100001,100002,100003,100004,100005,100006,100007,100008,100009,100010,100011,100012,100013,100014,100015,100016,100017,100018,100019,100020,100021,100022,100023,100026,10083",2018-08-02 17:26:31,22.690665,73.5622550000001,PMJAY
HS24017153,24017153,Hospital,G,PHC TimbaGam,"TimbaGam,",8141212252,24,454,"100001,100002,100003,100004,100005,100006,100007,100008,100009,100010,100011,100012,100013,100014,100015,100016,100017,100018,100019,100020,100021,100022,100023,100026,10083",2018-08-02 17:26:31,22.8374390000001,73.456287,PMJAY
HS24017157,24017157,Hospital,P,J B General Hospital,"Aniyad,",7016260866,24,454,,2018-09-14 13:06:28,22.931432,73.56451,PMJAY
HS24017158,24017158,Hospital,P,Pooja Hospital,"Godhra Highway Kalol,",8511669911,24,454,"100005,100010,100026",2018-09-14 13:06:28,22.700515609418,73.4195527561157,PMJAY
HS24018084,24018084,Hospital,P,MALLAV ORTHOPEDIC AND JOINT REPLACEMENT CENTER,"MANEK CHOWK,S.V. PATEL ROAD",9898583208,24,445,"100014,100015,100020,100026",2018-09-14 17:25:10,22.8343590000001,74.25793,PMJAY
HS24018130,24018130,Hospital,G,PHC Kadval,"To, PHC Kadval, nadi faliyu, gamtal, at post-kadval, ta-zalod",7859836676,24,445,"100001,100002,100003,100004,100005,100006,100007,100008,100009,100010,100011,100012,100013,100014,100015,100016,100017,100018,100019,100020,100021,100022,100023,100026,10083",2018-08-02 17:26:31,23.0656535,74.1051387,PMJAY
24019084,24019084,Hospital,P,ASHUTOSH HOSPITAL,,9099941509,24,461,,,26.18,73.12,PMJAY
24019091,24019091,Hospital,P,KRISHNA HOSPITAL,,9426022221,24,455,,,23.852264,72.1270667,PMJAY
24019093,24019093,Hospital,P,NAVRANG HOSPITAL,,9825017607,24,461,,,22.19,73.12,PMJAY
24019103,24019103,Hospital,P,Aatmiya Hospital,,9428767227,24,461,,,22.2,73.7,PMJAY
24019111,24019111,Hospital,P,Vedant Hospital,,9825439828,24,461,,,22.2,73.11,PMJAY
24019143,24019143,Hospital,P,AMAR HOSPITAL,,2666232735,24,461,,,22.0505442,73.1210357,PMJAY
24019159,24019159,Hospital,P,VRUND EYE HOSPITAL,"78-B, Urmi Society, Nr. Alkapuri Haveli, Productivity Road",9427612110,24,461,,,22.3100422,73.1742602,PMJAY
24019162,24019162,Hospital,P,KOTHARI HOSPITAL,,9409280938,24,461,,,22.2474,73.0855,PMJAY
24019171,24019171,Hospital,P,Ashirwad Hospital,Above Bank of Baroda,9998021818,24,461,,,22.4401258,73.3357707,PMJAY
24019174,24019174,Hospital,P,NEETA MATERNITY  GYNEC HOSPITAL,,9898116022,24,461,,,22.3107,73.2247,PMJAY
24019175,24019175,Hospital,P,DESAI EYE INSTITUTE HSOPITAL,"1, Manharpark, Subhanpura Road, High Tension line",7567222040,24,461,,,22.322093,73.159488,PMJAY
24019178,24019178,Hospital,P,Netradeep Hospital,"2nd floor,Shyamal complex,Tandalja road turning,Old Padra Road",9825152849,24,461,,,22.2910526,73.163611,PMJAY
24019180,24019180,Hospital,P,Rudraksha Medical  Eye Care Hospital,,9824703045,24,461,,,21.6818,72.9986,PMJAY
24019181,24019181,Hospital,P,Advanced Eye Care Clinic,"1,4,5 shantam greens complex, opp sant kabir school, vasna road",9327412322,24,461,,,22.2947433,73.149693,PMJAY
HS24019182,24019182,Hospital,P,VIROC HOSPITAL,"B-5 NIVRUTTI COLONY,,ARYAKANYA VIDYALAYA ROAD, KARELIBAUG",9227473106,24,461,100015,2026-04-10 17:23:48,22.312931,73.202250,PMJAY
24019185,24019185,Hospital,P,PARIKH MULTISPECIALITY HEALTH CARE PVT.LTD. HOSPIT,,9426007550,24,461,,,22.29,73.167,PMJAY
24019187,24019187,Hospital,P,KRISHNA ENT  SKIN HOSPITAL,OPP. LAKADI POOL,9913254800,24,461,,,22.300148,73.197569,PMJAY
24019198,24019198,Hospital,P,RUCHIR MATERNITY  SURGICAL NURSING HOME,,9825025845,24,461,,,22.3071,73.1812,PMJAY
24019206,24019206,Hospital,P,Dave Eye Clinic,"301 Sanket Heights, Near Akshar Chowk, Sun Pharma Road, Atladara, Vadodara",9825667306,24,461,,,22.2805265,73.1626502,PMJAY
24019209,24019209,Hospital,P,Dhaval Nursing Home,,9227550025,24,461,,,22.307159,73.181219,PMJAY
HS24021054,24021054,Hospital,G,"SAMUHIK AAROGYA KENDRA, VALIA","To, Samuhik Aarogya kendra .netrang roud.ta.valia .dist.bharuch",7567867251,24,442,"100001,100002,100003,100004,100005,100006,100007,100008,100009,100010,100011,100012,100013,100014,100015,100016,100017,100018,100019,100020,100021,100022,100023,100026,10083",2018-09-11 19:25:13,21.5714821,73.1606851,PMJAY
HS24021055,24021055,Hospital,G,Samuhik Aarogya Kendra Hansot,"Samuhik arogya kendra Hansot,Near reliance petrol pump ",9723999473,24,442,"100001,100002,100003,100004,100005,100006,100007,100008,100009,100010,100011,100012,100013,100014,100015,100016,100017,100018,100019,100020,100021,100022,100023,100026,10083",2018-09-11 19:25:13,21.578238135783735,72.81389057087029,PMJAY
HS24021056,24021056,Hospital,G,"SAMUHIK AAROGYA KENDRA, PALEJ",SAMUHIK AAROGYA KENDRA PALEJ,7567867185,24,461,100005,2018-09-11 19:25:13,21.9207932,73.0751633,PMJAY
HS24021062,24021062,Hospital,G,PHC Derol,Vill.-Derol TA Bharuch Dist Bharuch,9727702167,24,442,"100001,100003,100004,100005,100006,100007,100008,100009,100010,100012,100014,100016,100017,100019,100023,100026,10083",2018-09-12 11:36:15,21.7671315,72.9312921,PMJAY
HS24021063,24021063,Hospital,G,PHC CHASWAD,Vill.-Chaswad TA Valia Dist Bharuch,6353320088,24,442,"100002,100004,100005,100006,100011,100012,100013,100015,100017,100018,100020,100021,100022,100026,10083",2018-09-12 11:36:40,21.5860842,73.3561327,PMJAY
HS24021064,24021064,Hospital,G,PHC Dahej,Vill Dahej  TA Vagra Dist Bharuch,8469461796,24,442,"100001,100003,100004,100005,100006,100007,100008,100009,100010,100012,100013,100014,100016,100017,100018,100019,100023,100026,10083",2018-09-12 11:37:05,21.7129335,72.582009,PMJAY
24021074,24021074,Hospital,P,Krishna Hospital,,9428180137,24,455,,,23.852264,72.1270667,PMJAY
24021081,24021081,Hospital,P,NAVJIVAN HOSPITAL,,0,24,446,,,23.2149673,72.64058,PMJAY
24021086,24021086,Hospital,P,SANJEEVANI HOSPITAL,,7405168284,24,449,,,23.0726546,70.1164096,PMJAY
24021087,24021087,Hospital,P,Aakash Eye Hospital,F Block R K Casta Nr.Healing Touch Hospital Bh.Patel Super Market ,0,24,442,,,21.7042789,72.9937568,PMJAY
24021090,24021090,Hospital,P,Dr.Vyass Heart Hospital,"105-202-203,Status hub,Above Ami Lab,Falshruti Nagar",9429187226,24,442,,,21.705539,72.995573,PMJAY
HS24022067,24022067,Hospital,P,sita hospital,"J M doctor house behind J K tower near old sub jail ring road,",9924110102,24,459,"100004,100005,100006,100015,100017,100026",2018-09-14 13:06:28,21.180524,72.8268310000001,PMJAY
24022077,24022077,Hospital,P,Chiranjiv Children  General Hospital,,9825171162,24,459,,,21.1832466,72.8294588,PMJAY
24022085,24022085,Hospital,P,Dharmajivan Genearal Hospital and Trauma Center,,8460303846,24,459,,,21.1501,72.8255,PMJAY
HS24022122,24022122,Hospital,G,PHC KANAV,"DAVA KHANU FALIYU,KANAV",7567872414,24,459,"100001,100002,100003,100004,100005,100006,100007,100008,100009,100010,100011,100012,100013,100014,100015,100016,100017,100018,100019,100020,100021,100022,100023,100026,10083",2018-08-02 17:26:31,21.076287886716045,73.00826905351516,PMJAY
HS24023017,24023017,Hospital,G,STATE HOSPITAL DHARAMPUR,"GARDAN ROAD ,DHARAMPUR,Refaral Hospital, At PO- Waghai, Behind Taluka Sewa Sadan",9726280505,24,462,"100001,100002,100003,100004,100005,100006,100007,100008,100009,100010,100011,100012,100013,100014,100015,100016,100017,100018,100019,100020,100021,100022,100023,100026,10083",2018-09-11 19:25:13,20.534119,73.1703880000001,PMJAY
HS24023020,24023020,Hospital,G,CHC Subir,"At po. Subir, Near Taluka Sewa sadan,At Po. Subir, Near Taluka Sewa Sadan",7574962500,24,444,"100001,100002,100003,100004,100005,100006,100007,100008,100009,100010,100011,100012,100013,100014,100015,100016,100017,100018,100019,100020,100021,100022,100023,100026,10083",2018-09-12 11:37:58,20.933811,73.7769270000001,PMJAY
24024056,24024056,Hospital,P,Mandaliya clinic,mandaliya hospital narsary road gohar bag bilimora,9898942420,24,453,,,20.7707368,72.9764881,PMJAY
24024059,24024059,Hospital,P,K.D.N GOHEL  TRIDENT MULTY SPECIALITY HOSPITAL,,9824006766,24,453,,,20.9485992,72.928985,PMJAY
24024062,24024062,Hospital,P,Rotary Eye Hospital,"opp.fire station, dudhiya talav, navsari",2637258920,24,453,,,20.9490279,72.9287427,PMJAY
24024063,24024063,Hospital,P,Palak Eye Hospital and associate Laser Center,Palak Eye Hospital Kalapul Bilimora road Samroli,9427140725,24,453,,,20.7606679,73.0541474,PMJAY
24024066,24024066,Hospital,P,Navdeep Hospital,shivdeep complex 1st floor sardar market road Talodh,9825173047,24,453,,,20.7718867,72.9729563,PMJAY
24024089,24024089,Hospital,P,Om Sanidhya Hospital,"2nd floor,apmc market,nandhai bhairavi road,khergam",9574217950,24,453,,,20.630294,73.097355,PMJAY
24025062,24025062,Hospital,P,ASTHA HOSITAL,ASTHA HOSPITAL NANAPONDHA VAPI ROAD,8141391444,24,462,,,20.4142225,73.1231266,PMJAY
HS24026043,24026043,Hospital,P,Siddhi vinayak hospital ,"Siddhi vinayak hospital ,Surti bazar,near State bank of india",9879581484,24,641,"100015,100026",2018-09-14 13:06:28,21.110927195181816,73.39207331878879,PMJAY
HOSP24P110979,24110979,Hospital,P,DEVASYA SUPERSPECIALITY KIDNEY AND MULTISPECIALITY HOSPITAL,"102-FF, RADHEKRISHNARISTA,OPP.HIRABHAI TOWER, UTTAMNAGAR, MANINAGAR",9925207475,24,438,100005,2021-12-01 11:41:51,22.990251695326492,72.60369990554477,PMJAY
HOSP24G114739,24114739,Hospital,G,CHC DABASANG,AT DABASANG TA LALPUR DIST JAMNAGAR,9033189423,24,447,"100004,100005,10083",2020-11-25 11:33:29,22.2509559,69.8973531,PMJAY
HOSP24P115107,24115107,Hospital,P,SHIV MULTISPECIALITY HOSPITAL,"1ST FLOOR SUVARNBHUMI BUSINESS HUB -1 KUJAD-BAKROL ROAD,BAKROL-BUJRANG.,",9054195646,24,438,"100010,100015,100017,100020",2022-01-06 15:32:57,22.987481973097715,72.73611015433653,PMJAY
HOSP24T120597,24120597,Hospital,P,NILKANTH AROGYADHAM,"AMARDIP COMPLEX , SARTANPAR ROAD TALAJA,",9723556525,24,443,"100010,100015",2024-04-20 15:29:15,21.305901,72.095257,PMJAY
HOSP24P120937,24120937,Hospital,P,JASOLIYA ORTHOPEDIC HOSPITAL,"4 TH FLOOR SWASTIK PLAZA,YOGICHOWK,VARACHHA,",8980046370,24,459,"100015,100020",2022-11-16 14:16:47,21.214775,72.8886810000001,PMJAY
HOSP24P123215,24123215,Hospital,P,ANUPAM HOSPITAL,"3rd floor anupam arcade brts canal road surat.,punagam",9909914828,24,459,"100015,100020",2022-02-08 17:56:01,21.19352389440043,72.86862811233186,PMJAY
HOSP24P123303,24123303,Hospital,P,RHYTHM MEDICAL AND HEART HOSPITAL,"NANI KADI,JAKATNAKA",9979846925,24,451,100006,2023-02-04 13:08:38,23.297483932305227,72.32957233586853,PMJAY
HOSP24P123709,24123709,Hospital,P,DABHOI EYE HOSPITAL,"FIRST AND SECOND FLOOR MOHAN PARK COMPLEX, SHINOR CHOWKADI,",9405362694,24,461,100015,2024-04-20 15:29:37,22.125600766298064,73.41126783389905,PMJAY
HOSP24P123858,24123858,Hospital,P,KUSH SURGICARE HOSPITAL,SIDDHIVINAYAKCOMPLEX FRIST FLOOR NR VINAY VIDHALAY HIGH WAY ROAD ,9426511997,24,455,"100006,100023",2023-05-03 13:18:06,23.4941,71.377,PMJAY
HOSP24P123957,24123957,Hospital,P,SHIVAM MATERNITY HOME,"DADA NI VAAV, RAMAPEER MANDIR NO KHACHO",9714582462,24,443,100012,2023-01-17 17:13:34,21.724600,71.957199,PMJAY
HOSP24P124596,24124596,Hospital,P,Aavkar,"maharaja market,veraval road",9376277277,24,448,"100006,100015",2023-02-20 16:13:21,21.28733758560375,70.25355345325215,PMJAY
HOSP24P125274,24125274,Hospital,P,Uro Care Hospital,"uro care hospital, sainath marg,,near utkash vidhyalay behind vaccine institute, off old padra road, vadodara, gujarat",9714146843,24,461,100005,2022-01-25 13:53:14,22.303573714025006,73.15356643649568,PMJAY
HOSP24P126782,24126782,Hospital,P,B M PARIKH FOUNDATION TRUST MULTISPECIALTY CHARITABLE HOSPITAL,"SHAMAL BECHARS POLE, M G ROAD,MANDVI",8849532313,24,461,"100005,100006,100015,100016",2022-04-06 12:24:13,22.300508654192342,73.20933662343384,PMJAY
HOSP24P129407,24129407,Hospital,P,ASIAN SUPER SPECIALITY HOSPITALS PRIVATE LIMITED,"KSHITIJ ARIA,SARDAR PATEL STADIUM ROAD, OPPOSITE GOLDEN TRIANGLE NAVRANGPURA",8469891867,24,438,"100015,100020",2022-11-21 17:19:17,23.04426106471807,72.56117961464929,PMJAY
HOSP24P129564,24129564,Hospital,P,SUNRISE HOSPITAL A UNIT OF SOLARIOM HOSPITAL PVT LTD,"416,417.418,419,4TH FLOOR CITY CENTRE ARCADE,KRISHNANAGAR-NARODA,AHMEDABAD-382346,krishnanagar-naroda",9925555135,24,438,,2023-01-30 15:51:22,23.06077662653395,72.65604088671523,PMJAY
HOSP24G130265,24130265,Hospital,G,PHC DUNGARBHIT,AT DUNGARBHIT POST DHOLISAMEL TA DIST CHHOTAUDEPUR,8758077169,24,668,"100005,100012,100017",2023-04-29 15:36:26,22.5311,73.93249,PMJAY
HOSP24G130350,24130350,Hospital,G,CHC PAVI JETPUR,JETPUR PAVI,7567867344,24,668,"100001,100004,100005,100010,100012,100013,100017,100019",2021-06-28 14:22:34,22.345059,73.843275,PMJAY
HOSP24P130435,24130435,Hospital,P,Hospital,"Above narnarayan Hospital, sajjan nagar society Road,opposite bus stand",9601944518,24,446,"100005,100010",2022-03-19 17:43:48,23.4196779340907,72.64856690690101,PMJAY
HOSP24P130437,24130437,Hospital,P,MANSI CHILDREN HOSPITAL,"106, KRISHNA KUTIR,NUTAN NAGAR, NEAR KUBER BAUG",9825247611,24,443,100010,2021-12-03 17:42:23,21.091983,71.7611,PMJAY
HOSP24P130439,24130439,Hospital,P,Nihit Babycare Children Hospital,"Trishul chowk, ,Laxminagar main road, ",8460569535,24,457,"100005,100010",2021-10-06 15:24:40,22.281847257989497,70.78817566339194,PMJAY
HOSP24P130485,24130485,Hospital,P,Matru Sparsh Hospital,"Above ICIC bank nakhatrana Kachchh,",9925484251,24,449,"100005,100010,100017",2021-09-18 13:27:55,23.3520130000001,69.26057,PMJAY
HOSP24P130511,24130511,Hospital,P,Shakti NICU ,"Shivam Park Main Road near Raiya Circle 150ft Ring Road Rajkot,Raiya Road ",7026110920,24,457,"100005,100010",2021-10-20 18:13:36,22.300060774439885,70.76837037760333,PMJAY
HOSP24P130520,24130520,Hospital,P,nishkachiladrenhospitalpatan,"A/ FRIST FLOOR KILACHAND SHOPPING CENTER ,STATION ROAD ",9825210349,24,455,100010,2022-09-26 12:41:12,23.8518340000001,72.126988,PMJAY
HOSP24P130522,24130522,Hospital,P,HIR CHILDREN HOSPITAL AND NICU,"C DEV BHOOMI COMPLEX ,C DEV BHOOMI COMPLEX",9377719825,24,455,"100010,100017",2023-01-02 10:53:41,23.85327970182854,72.12537591553723,PMJAY
HOSP24P130540,24130540,Hospital,P,Kalarav Children Hospital,"Purushotam Park,Near Ambaji Chowk,talod Bazar",9924691093,24,458,"100005,100010",2022-09-19 17:57:19,23.3558630000001,72.9495180000001,PMJAY
HOSP24P130548,24130548,Hospital,P,children,"JADAV HOSPITAL CHHAYA CHOKDI PORBANDAR,",9925023194,24,456,"100010,100017",2024-01-04 12:51:35,21.635184,69.624561,PMJAY
HOSP24P130567,24130567,Hospital,P,PALAK CHILDREN HOSPITAL,"PLOT No 171,KUBERBAUG MAHUVA",9879932640,24,443,100010,2022-11-04 12:30:33,21.1500830000001,71.7259720000001,PMJAY
HOSP24P130571,24130571,Hospital,P,AAROGYAM CHILDRENS HOSPITAL,"raj nagar chowk, nana mauva main road,,near ICICI Bank, rajkot",9824561578,24,457,"100005,100010",2021-10-16 16:48:38,22.279442284827667,70.78319629554471,PMJAY
HOSP24P130577,24130577,Hospital,P,shivam children hospital,"Bharat society uma complex ,Bus stand ",9909946967,24,676,100010,2023-04-05 13:33:18,22.173734,71.6588570000001,PMJAY
HOSP24P130580,24130580,Hospital,P,Saanvi hospital and prasuti gruh,"Neat sathavara boarding,Haveli Chock, botad-364710",9904099599,24,676,"100010,100017",2021-12-09 11:45:17,22.172376,71.6649360000001,PMJAY
HOSP24P130584,24130584,Hospital,P,NEOCARE ,"2nd floor axar avenue complex, opposite hanumanji mandir, idar-khedbrahma highway, idar-383430,",9925355244,24,458,"100005,100010",2022-02-19 16:59:25,23.835947957163555,73.00909977655442,PMJAY
HOSP24P130594,24130594,Hospital,P,Dr Millwala Children Hospital,"Nr Sardar nagar khand Godhra,",9824273052,24,454,100017,2021-08-10 10:51:09,22.7788,73.61427,PMJAY
HOSP24P130597,24130597,Hospital,P,VATSALYA WOMENS DHAIRYA CHILDREN HOSPITAL,"BH VISHAMAN MARKET NR BOYS SCHOOL ,HAVELI CHOCK BOTAD ",9825522951,24,676,100010,2023-06-06 17:22:36,22.172138346548223,71.66178718808874,PMJAY
HOSP24P130614,24130614,Hospital,P,sonal children hospital,"zalod road, dahod,",9099989986,24,445,100010,2021-12-15 18:06:13,22.844887,74.253865,PMJAY
HOSP24T130628,24130628,Hospital,P,NAVJIVAN CHILDREN HOSPITAL ,"NEAR RALWAY BIRDGE DHUNDHIYAVADI PALANPUR ,NEAR RALWAY BIRDGE DHUNDHIYAVADI PALANPUR ",9427017365,24,441,"100005,100010",2021-12-09 11:01:48,24.171953512695467,72.42773324640257,PMJAY
HOSP24P130700,24130700,Hospital,P,MAHAVIR HOSPITAL,"Mahavir Status, Near Manmohan Cross Road, 100 Feet Virat Nagar Road,Odhav Gidc, Beside K P Heights, Ahmedabad ",7984920906,24,438,,2022-08-23 18:22:25,23.03267509256763,72.65995178081675,PMJAY
HOSP24T130772,24130772,Hospital,P,Shree Sevanidhi Trust,"SHREE HARI NARAYAN ARCADE,FRIST FLOOR SHREE HARI NARAYAN ARCADE ABOVE IDBI BANK",9925949444,24,449,"100005,100010,100017",2021-12-23 15:39:37,23.1100220000001,70.023623,PMJAY
HOSP24P130848,24130848,Hospital,P,SALUS HOSPITALS,"RAIYA CIRCLE TO RAIYA GAM SIDE,RAIYA ROAD,150FT RING ROAD RAJKOT.,RAIYA CIRCLE TO RAIYA GAM SIDE,RAIYA ROAD,150FT RING ROAD RAJKOT.",9998588333,24,457,"100015,100020",2024-02-26 16:48:35,22.3017180000001,70.7650970000001,PMJAY
HOSP24P130866,24130866,Hospital,P,SHRUSTI CHILDREN HOSPITAL,"first flOOR,SHIVAJI STAT,STATION ROAD,DHANERA BANASKANTHA ,",9824613342,24,441,100010,2022-12-23 15:53:18,24.50662722802437,72.02734534510864,PMJAY
HOSP24P130936,24130936,Hospital,P,Spandan Multispeciality Hospital ,"spandan Multispeciality Hospital ,beside Ward No--4, sindhwaimata road ",7819858574,24,461,100002,2022-04-20 12:42:14,22.277297999999988,73.20308999999997,PMJAY
HOSP24P131983,24131983,Hospital,P,Hiva orthopaedic and trauma center,"1ST FLOOR RUDRA ARCADE AROMA CIRCLE DEESA HIGHWAY  PALANPUR(B.K.),",8238070008,24,441,100015,2023-01-17 17:11:41,24.1750690000001,72.415597,PMJAY
HOSP24P132067,24132067,Hospital,P,Athen Hospital Pvt Ltd,"3rd floor dev business hub,nr vittal mall ONGC circle visat-gandhinagar.ahmedabad,VISAT-GANDHINAGAR",9978878862,24,438,100015,2024-04-20 15:31:19,23.10715,72.598666,PMJAY
HOSP24P132100,24132100,Hospital,P,Nephron Kidney Hospital,"Miracle Doctor House,4th Floor,Opp.hdfc bank,150 ft. ring road.,near mahapujadham chowk",8200984834,24,457,100005,2022-02-15 18:20:39,22.272112310209963,70.78013883548215,PMJAY
HOSP24P133093,24133093,Hospital,P,PULSE CARDIAC INSTITUTE,"Above SBI Bank,100 Feet Rd, near Indira Gandhi statue, Anand, Gujarat ",9428151412,24,440,100002,2022-09-02 16:39:42,22.561842632054095,72.94814117070166,PMJAY
HOSP24P134437,24134437,Hospital,P,healthcare,"e-31,35 pushkar business park near. d mart ,,bapunagar",9909033055,24,438,"100010,100012",2021-12-14 11:42:11,23.0383580000001,72.6308490000001,PMJAY
HOSP24P135938,24135938,Hospital,P,RADHE MULTI SPECIALITY HOSPITAL,"RADHE MULTI SPECIALITY HOSPITAL,C-BLOCK, VTC,OPP KANAM PARTY PLOT,KUDASAN,KUDASAN",9484513359,24,446,,2022-09-08 17:48:38,23.181733,72.628105,PMJAY
HOSP24P136081,24136081,Hospital,P,saji orthopedic hospital,"1st/2nd Floor, Babji Tower, Nr. Bus Station, Dahod.,,1st/2nd Floor, Babji Tower, Nr. Bus Station, Dahod.,",9028212833,24,445,100015,2023-03-16 16:18:16,22.8424130000001,74.251087,PMJAY
HOSP24P136114,24136114,Hospital,P,KHYATI MULTISPECIALITY HOSPITAL,"S.NO. 235/2, B/S TATA MOTORS SHOWROOM, OPPOSITE RAJPATH CLUB, S.G. HIGHWAY,BODAKDEV, AHMEDABAD",7208411965,24,438,"100002,100003,100005,100006,100011,100015,100020,100023",2022-03-31 11:03:46,23.036754,72.5116550000001,PMJAY
HOSP24P136263,24136263,Hospital,P,Star Hospital ,"6th Floor , raj Sanskruti Complex,opp Bus station ",9512002666,24,447,"100005,100015",2022-05-30 14:42:37,22.468131042494505,70.05855001513123,PMJAY
HOSP24P136581,24136581,Hospital,P,NILKANTH CHILDREN HOSPITAL,"NEAR KAMALIYA SHEB HOSPITAL,OPPOSITE KUBERBAG",9879736973,24,443,"100010,100017",2022-05-17 13:53:04,21.0919040000001,71.763606,PMJAY
HOSP24P137270,24137270,Hospital,P,SPAN ICU AND HOSPITAL,"607-613, 6TH FLOOR SLOK INFINITY OPP VISHWKARMA TEMPLE,CHANDLODIAYA GOTA BRIDGE",8401958774,24,438,100023,2023-05-16 17:33:55,23.086300965799097,72.54324739059984,PMJAY
HOSP24P137492,24137492,Hospital,P,SHANKUS HOSPITALS PRIVATE LIMITED MANINAGAR UNIT,"PRISM COMPLEX,SHAH ALAM TOLL NAKA OPP MANAN MOTORS AHMEDABAD",8238723980,24,438,"100008,100021,100022",2022-11-19 13:28:36,22.9984220000001,72.589228,PMJAY
HOSP24P140285,24140285,Hospital,P,shree samarpan wellness pvt ltd,"Gandhigram,lakh na bunglow road,Ramapir chowkdi,150 ft ring road,Rajkot.",9099700861,24,457,100006,2023-03-10 12:09:59,22.31072856620473,70.76950928516226,PMJAY
HOSP24P140479,24140479,Hospital,P,ASHIRWAD CHILDREN HOSPITAL AND NEW BORN CARE,"GOKUL COMPLEX 3RD FLOOR,NEW FOUNTAIN",9586665690,24,456,"100010,100017",2022-09-15 17:28:06,21.63367424489013,69.61527717043157,PMJAY
HOSP24P140585,24140585,Hospital,P,GANESHMULTISPECIALITY HOSPITAL,"GANESH COMPLEX,NEAR SISHU MANDIR SCHOOL ",9909538726,24,455,"100006,100012",2023-04-19 17:35:37,23.896446,71.6240520000001,PMJAY
HOSP24P140607,24140607,Hospital,P,AAYUSHMAN HOSPITAL,"PLOT NO 14/A, SHIVAJI CIRCLE, BEHIND H.P. PETROL PUMP,GHOGHA JAKATNAKA",9723453694,24,443,100015,2022-12-08 15:57:40,21.753399703554763,72.16268157934348,PMJAY
HOSP24T140933,24140933,Hospital,P,Vinayak Multi Speciality Hospital,"near gujarat gas , cng pump ",8488885088,24,443,100015,2023-12-11 11:18:19,21.53791,71.81276,PMJAY
HOSP24P142126,24142126,Hospital,P,SAI ORTHOPEDIC LUNAWADA,"SAI ORTHOPEDIC HOSPITAL,MODASA HIGHWAY",9073111444,24,669,,2023-04-03 16:55:27,23.133744687305935,73.605414186992,PMJAY
HOSP24P142321,24142321,Hospital,P,CHAUDHARI HOSPITAL,"67/ Madhavnagar,Highway Charrasta",8000085595,24,441,100012,2023-03-16 12:16:01,24.38263965599654,71.62977142586817,PMJAY
HOSP24T142426,24142426,Hospital,P,AASHA CHILDERAN HOSPITAL PORBANDAR,"NEAR NEW FOUNTAIN,PARADISE AREA",7405450405,24,456,"100010,100017",2024-07-16 16:24:19,21.633245824898907,69.61631717891578,PMJAY
HOSP24P142454,24142454,Hospital,P,Shreeji ENT Hospital,"205, second floor , Empire Hub,Ghodasar Cross Road, Ghodasar, Ahmedabad",9924488748,24,438,100016,2022-11-21 17:09:19,22.978319512263127,72.61117374632977,PMJAY
HOSP24P143225,24143225,Hospital,P,TSQUARE HOSPITAL,"NANI KHODIYAR,PANGHAT HOTEL ROAD,ANAND,",9512480005,24,440,"100005,100006,100015,100020,100023",2023-02-04 13:15:59,22.5634583,72.9578561,PMJAY
HOSP24P143391,24143391,Hospital,P,sachpara malti speciality hospital,"SACHAPARA MULTISPECIALITY HOSPITAL, OPP. RAM MANTRA MANDIR, KALIYABID, BHAVNAGAR, GUJARAT,",9426314494,24,443,"100006,100015,100016",2022-12-08 15:56:46,21.75469244122307,72.14867806515838,PMJAY
HOSP24P144024,24144024,Hospital,P,newcare nakshkiran multispeciality hospital,"KOTHARIYA MAIN ROAD, NEAR BRAHMANI HALL SHIVAM PARK, KOTHARIYA,",9099546451,24,457,"100006,100012",2023-03-14 15:46:00,22.255024,70.8293160000001,PMJAY
HOSP24P144529,24144529,Hospital,P,SMIT HOSPITAL,"OPP MEGA MALL,",9106505526,24,460,100010,2022-11-15 12:13:48,22.7246271436278,71.6396327938362,PMJAY
HOSP24P144696,24144696,Hospital,P,Smithospital veraval,"opp Rayon Factory Nr Woodlane Hotel Veraval,",7567886180,24,675,100012,2022-11-15 16:48:38,20.9180890000001,70.3578680000001,PMJAY
HOSP24P144947,24144947,Hospital,P,SWASTIK MULTISPECIALITY HOSPITAL,"Opp. Cottage Government Hospital, Sardar Patel Road, Upleta.,",7990156603,24,457,"100004,100005,100006,100012,100017",2023-07-03 12:43:45,21.743922306245594,70.28032638776335,PMJAY
HOSP24P144949,24144949,Hospital,P,MAA MULTISPECIALITY HOSPITAL,"MAA HOSPITAL, HANUMANBARI CHAR RASTA, VANSDA,TA-VANSDA DI-NAVSARI",7226060222,24,453,"100005,100010,100015,100017",2023-02-10 17:48:11,20.775350206619905,73.35837674561981,PMJAY
HOSP24P145044,24145044,Hospital,P,DIVINE KUTCH LIFE CARE SUPER SPECIALITY HOSPITAL LLP,7 ARROWS BULDING NR SHELL PETROL PUMP MUNDRA ROAD,7486012587,24,449,"100005,100006,100011,100015,100016,100020,100023",2022-11-04 17:49:43,23.23360,69.66366,PMJAY
HOSP24G145574,24145574,Hospital,G,PHC Devhant,"PHC Devhant At Post Ambala,",9408990435,24,668,"100005,100012",2024-01-31 15:50:36,22.391125372948878,74.09594288483163,PMJAY
HOSP24G145672,24145672,Hospital,G,CHC DHUTARPAR,"CHC DHUTARPAR,DHUTARPAR",7069095702,24,447,"100004,100005,100012,100017",2023-04-29 15:42:41,22.3376,70.34459,PMJAY
HOSP24P146168,24146168,Hospital,P,RUGVED HOSPITAL,"Three Finger Circle,Mahendra Mill Road",9737722357,24,446,"100015,100020",2024-04-05 10:11:26,23.2397395639,72.5009990279501,PMJAY
HOSP24P146732,24146732,Hospital,P,PAHAAL HOSPITAL,"pahaal hospital aeroma circle b/h m a master petrol pump,",9714046500,24,441,100012,2023-06-07 15:29:32,24.1743450000001,72.4171600000001,PMJAY
HOSP24P146988,24146988,Hospital,P,TAPAN HOSPITAL,"4TH FLOOR, RADHE MALL, KHOKHARA CIRCLE, MANINAGAR (EAST), AHMEDABAD,4TH FLOOR, RADHE MALL, KHOKHARA CIRCLE, MANINAGAR (EAST), AHMEDABAD",9725188141,24,438,"100015,100020",2023-08-29 12:53:03,22.996744057090964,72.59379330275578,PMJAY
HOSP24P147232,24147232,Hospital,P,SAT KAIVAL HOSPITAL PVT LTD UNIT AKANKSHA HOSPITAL AND RESEARCH INSTITUTE,"opp guruvilla bungalows ,",9033124884,24,440,100010,2023-06-26 16:00:36,22.583946,72.9318270000001,PMJAY
HOSP24P147848,24147848,Hospital,P,SHUBHAM HOSPITAL,"SHUBHAM HOSPITAL COMPLEX, ZANZARDA CHOKDI,SHUBHAM hOSPITAL COMPLEX, ZANZARDA CHOKDI, JUNAGADH",8238207890,24,448,100010,2023-01-24 16:17:56,21.5128191,70.4610427,PMJAY
HOSP24G148269,24148269,Hospital,G,PRIMARY HEALTH CENTRE GOPALIYA,"GOPALIYA VILLAGE,OPPOSITE PRIMARY SCHOOL GOPALIYA",7016035234,24,452,"100004,100005,100006,100010,100012,100013,100016,100017,100026,10083",2023-05-20 11:11:52,21.49010499999939,73.58231700000294,PMJAY
HOSP24G148272,24148272,Hospital,G,PHC SAGAI MOZDA,"To, Primary Health Centre Sagai, SH 163, Dediapada, Narmada District, Gujarat, 393040 ",9328017211,24,452,"100001,100004,100005,100006,100010,100012,100013,100016,100017,100026,10083",2023-05-20 11:08:02,21.6876,73.7852,PMJAY
HOSP24P149312,24149312,Hospital,P,MAHADEV ORTHOPEDIC AND CANCER CARE,"A-2 MEDIPOLIS ,PALANPUR-DEESA HIGHWAY",7016748781,24,441,100015,2023-05-09 10:49:42,24.17614042914836,72.40581635530134,PMJAY
HOSP24P150013,24150013,Hospital,P,DEVPUSHP WOMENS HOSPITAL,"PLOT NO. 3001/B,3RD FLOOR,9X CORNER,JALDHARA CHOWKDI,GIDC,ANKLESHWAR ,",7698881081,24,442,100012,2024-12-09 17:08:05,21.60138833222156,73.02077807812361,PMJAY
HOSP24T150854,24150854,Hospital,P,Amena Khatun Multi Speciality Hospital Managed by Mohammedi Charitable Trust,"Sarkhej Road,Hajibawa Park,Qureshnagar Society, Juhapura, Ahmedabad,",9426302549,24,438,,2023-05-15 16:01:37,22.992585885318533,72.51947733617556,PMJAY
HOSP24P150931,24150931,Hospital,P,NARMADA CHILDREN HOSPITAL AND NICU,"KRISHNA COMPLEX, 3RD FLOOR,GOLDEN CHOKDI, OPP MARKETYARD, PATAN",9909178221,24,455,"100010,100017",2023-03-15 11:00:37,23.846773,72.1374730000001,PMJAY
HOSP24P150958,24150958,Hospital,P,ASHIRWADHOSPITAL,"RAJKOT,Opp Jithariya Hanuman Mavdi Main Road Crossing150ft ring road",9427761027,24,457,"100006,100015,100020",2023-05-24 12:11:49,22.26313955966053,70.78351988408758,PMJAY
HOSP24P150974,24150974,Hospital,P,sanskar children hospital,"2nd floor mohankunj appartment ,salari naka rapar",7777979108,24,449,100010,2023-07-06 18:02:30,23.573254452174098,70.64761065943594,PMJAY
HOSP24G152337,24152337,Hospital,G,PRIMARY HEALTH CENTER MATAR,"PHCMATAR OPP BUS STAND, MATAR,PHCMATAR OPP BUS STAND, MATAR",9909414379,24,442,"100004,100005,100006,100010,100012,100017,100026",2024-02-14 10:40:02,22.0089820000001,72.9909870000001,PMJAY
HOSP24P156749,24156749,Hospital,P,Shree V B Prajapati Heart Hospital,"Shree Ram Hospital campus, Gondal,gondal",9601628363,24,457,100002,2024-01-08 17:44:37,21.9147360000001,70.710878,PMJAY
HOSP24P156765,24156765,Hospital,P,Panchshil Surgical Hospital,"First floor Medisquare complex,opp. Town hall",9106172185,24,451,"100006,100015,100023",2024-01-18 12:36:08,23.29186311276574,72.33208794326617,PMJAY
HOSP24P158137,24158137,Hospital,P,LIONS GYNAEC HOSPITAL,"Lions gynec hospital Arya smaj mandir ni pa6al vav road bhabhar,",9428138100,24,441,100012,2023-05-06 18:23:55,24.07366128901448,71.59425868477376,PMJAY
HOSP24P158355,24158355,Hospital,P,BALAR MEDICINE AND ORTHOPEDIC HOSPITAL,"201-202, 2nd floor, utsav building ,abov tulsi hotel, opp.choupati, nana varacha,",9833673586,24,459,,2024-06-20 11:09:17,21.2233337,72.8846901,PMJAY
HOSP24P159306,24159306,Hospital,P,VELOCITY MULTISPECIALITY HOSPITAL,"3rd Floor, Velocity Hub,, Near Madhuvan Circle. LP Savani Road,Pal Adajan ,Near Madhuvan Circle. LP Savani Road,",9978908639,24,459,"100015,100020",2024-10-25 12:07:56,21.1921580000001,72.7873900000001,PMJAY
HOSP24P159891,24159891,Hospital,P,care hospital trauma and icu,"2nd and 3rd floor galaxy trio vadodara road halol,2nd and 3rd floor galaxy trio vadodara road halol",9428878909,24,454,"100005,100006",2024-10-14 10:59:58.564,22.500622000000106,73.47273200000006,PMJAY
HOSP24P167284,24167284,Hospital,P,Jabugam Seva Rugnalaya,"Satyam plaza, 1 st floor,Dabhoi road, opposite Sava sadan Bodeli ",9376938353,24,668,100012,2024-08-12 15:28:31,22.272969,73.7062520000001,PMJAY
HOSP24P169484,24169484,Hospital,P,Avadh Multi speciality Hospital,"avadh multi speciality hospital,summair club road , B/H Bank of baroda",9712494874,24,447,100011,2024-01-08 17:48:36,22.46601376348451,70.06070861881278,PMJAY
HOSP24G172615,24172615,Hospital,G,URBEN COMMUNITY HEALTH CENTER ATLADARA,"BIHIND JUPITAR HOSPITAL,OPP ATAL GARDEN",9265136709,24,461,"100004,100005,100006,100012,100017,100026",2023-12-09 15:35:23,22.288584899014523,73.19394969589234,PMJAY
HOSP24G173368,24173368,Hospital,G,Manjalpur UCHC,"Near Panchal Wadi,GIDC-Manjalpur road,Manjalpur ,",9408155154,24,461,"100004,100005,100006,100010,100012,100017",2023-11-07 16:14:45,22.261252000000084,73.18920700000012,PMJAY
HOSP24P175774,24175774,Hospital,P,MAA METERNITY AND NURSING HOME,"MAA COMPLEX, 3RD FLOOR,,KUBER BUG",9737031615,24,443,100012,2024-04-12 14:33:23,21.091641672661183,71.76441747310764,PMJAY
HOSP24P202356,24202356,Hospital,P,BVM SURGICAL HOSPITAL,"GROUND FLOOR, ISKON PRIDE ,OPP. JIO PETROL PUMP ,DEESA PALANPUR HIGHWAY DEESA 385535,DEESA 385535",8401758801,24,441,100006,2024-08-14 15:08:17,24.2360965000001,72.2380205000001,PMJAY
HOSP27P112186,27112186,Hospital,P,ASHTA MULTISPECIALITY HOSPITAL ,"Ashta-Islampur Road,Ashta,",9960542203,27,493,"100004,100005,100006,100011,100015,100019,100020",2019-12-31 11:18:34,16.947292612969306,74.40301712364794,PMJAY
HOSP27P112200,27112200,Hospital,P,GANGAMAI HOSPITAL,"279/2 ramwadi road , modikhana solapur,",9766266674,27,496,"100002,100005,100006,100015,100020,100022",2019-12-31 11:18:34,17.65664972448576,75.89714687294975,PMJAY
HOSP27P121368,27121368,Hospital,P,Meditrina Institute Of Medical Sciences,Lokmat Square Central Bazar Road,9923290693,27,484,"100002,100003,100005,100006,100007,100008,100012,100015,100020,100022",2023-07-10 15:32:02,,,PMJAY
HOSP27P121396,27121396,Hospital,P,SHRI RADHAKRISHNA HOSPITAL AND RESEARCH INSTITUTE,"EAST WARDHMAN NAGAR EAST WARDHMAN NAGAR, BHANDARA ROAD",0,27,484,"100001,100002,100003,100004,100005,100006,100007,100008,100009,100010,100011,100012,100013,100014,100015,100016,100017,100018,100019,100020,100021,100022,100023,100026",2023-11-27 11:38:44,,,PMJAY
HOSP27P121457,27121457,Hospital,P,CHOPDA MEDICARE AND RESEARCH CENTRE PVT LTD,"3/5, Patil Lane no 1,Laxmi Nagar , Near K.B.H. Vidyalaya, Canada Corner, Nashik,",0,27,487,"100001,100002,100003,100004,100005,100006,100007,100008,100009,100010,100011,100012,100013,100014,100015,100016,100017,100018,100019,100020,100021,100022,100023,100026",2023-11-27 11:38:44,20.00685,73.7666760000001,PMJAY
HOSP27P121538,27121538,Hospital,P,Icon Hospital,"K12, Amravati Road, Amravati Road, 440033 K12, Amravati Road, Amravati Road, 440033",9730258838,27,484,"100001,100002,100003,100004,100005,100006,100007,100008,100009,100010,100011,100012,100013,100014,100015,100016,100017,100018,100019,100020,100021,100022,100023,100026",2021-03-17 11:15:19,21.14828,79.04808,PMJAY
HOSP27P121603,27121603,Hospital,P,Chintamani Superspecialty hospital,"narsinha bharose heights , bus stand road, 431601 narsinha bharose heights , bus stand road, 431601",9960678176,27,485,,2020-11-06 11:52:26,19.15669,77.30843,PMJAY
HOSP27P121650,27121650,Hospital,P,SHREE SAI MULTISPECIALTY HOSPITAL AND TRAUMA CARE CENTRE,"PLATINUM SPRINGS , SHOP 7,8,9,NEAR ICICI BANK OPP DENA ABNK",9820458909,27,491,"100005,100006,100008,100012,100015,100020,100022",2020-11-06 15:36:39,19.061252648564505,73.11844272025166,PMJAY
HOSP27P121675,27121675,Hospital,P,Poteyhospotal,"Sankatmochan road, sarswat chowk yavatmal,Sankat mochan road",9156853212,27,500,,2020-11-06 15:36:40,20.385792,78.1297670000001,PMJAY
HOSP27P121677,27121677,Hospital,P,Desai Accident & General Hospital,"PUNE NASHIK HIGHWAY ,SADGURUNAGAR, PUNE NASHIK HIGHWAY, 411039 PUNE NASHIK HIGHWAY ,SADGURUNAGAR, PUNE NASHIK HIGHWAY, 411039",8668377585,27,490,"100002,100005,100006,100008,100015,100020,100022",2020-11-06 15:36:40,18.63387,73.84928,PMJAY
HOSP27P121688,27121688,Hospital,P,Nakade multispecialty hospital,"narayan nagar,near shivam hero honda sevecing center",9422176302,27,477,,2020-11-06 15:36:41,19.71323,77.146617,PMJAY
HOSP27P121817,27121817,Hospital,P,SANJEEVAN HEART HOSPITAL,"65, TPS III, SHIVRAM NAGAR, JALGAON,",9823122333,27,478,,2020-11-06 19:52:17,20.996321150094772,75.55586807379359,PMJAY
HOSP27P121819,27121819,Hospital,P,Shivna Critical Care Hospital,"Sawangi Chowk Nagpur mumbai highway,",8605648248,27,469,"100002,100005,100006,100012,100015,100020,100022",2020-11-06 19:52:17,19.9206,75.0149000000001,PMJAY
HOSP27P121825,27121825,Hospital,P,lion tarachand bapa hospital,"lion tarachand bapa marg, near jain temple sion west,",9869200000,27,483,"100002,100005,100006,100008,100012,100015,100020,100021,100022,100027",2020-11-06 19:52:17,19.038256004073105,72.85926400161907,PMJAY
HOSP27P121837,27121837,Hospital,P,Shri Shanaishwar Gramin Rugnalaya,Ahmadnagar Ahmadnagar,9146235853,27,466,"100001,100002,100003,100004,100005,100006,100007,100008,100009,100010,100011,100012,100013,100014,100015,100016,100017,100018,100019,100020,100021,100022,100023,100026",2020-11-06 19:52:28,19.36198,74.85655,PMJAY
HOSP27P121849,27121849,Hospital,P,RISING MEDICARE HOSPITAL,"GOODWILLL ICON,SURVEY NO 4, BEHIND RADISSON BLU, PANDHARINAGAR, KHARADI",9372030440,27,490,"100001,100002,100003,100004,100005,100006,100007,100008,100009,100010,100011,100012,100013,100014,100015,100016,100017,100018,100019,100020,100021,100022,100023,100026",2020-11-06 19:52:35,18.553778682972364,73.93937288009238,PMJAY
HOSP27P121863,27121863,Hospital,P,JALNA CRITICAL CARE,"MAHALAXMI NAGAR,MANTHA CHOWK, JALNA",9423156879,27,479,"100002,100005,100006,100012,100015,100020,100022",2020-11-06 23:36:38,19.843768550351513,75.92013363163744,PMJAY
HOSP27P121881,27121881,Hospital,P,"Kalyanraoji Bhatlawande Balrugnalaya ICU Centre , BARSHI","Kurduwadi Road, Chatrapati Coloy,,Near Deshpande Hospital Barshi",9763983635,27,496,,2020-11-06 23:36:39,18.227701427342623,75.68756931896542,PMJAY
HOSP27P121894,27121894,Hospital,P,Ganpati ICU & Multispeciality Hospital,"PLOT NO 2011,PHULAMBRI,NEAR GADEKAR HOSPITAL,SILLOD ROAD 431111 PLOT NO 2011,PHULAMBRI,NEAR GADEKAR HOSPITAL,SILLOD ROAD 431111",9422207031,27,469,"100002,100005,100006,100008,100012,100015,100020,100022,100027",2020-11-06 23:36:40,20.09137,75.42543,PMJAY
HOSP27P121905,27121905,Hospital,P,Horizon Prime Hospital,"Vibgyor, B- Wing, Patlipada, Ghodbunder Rd, near Hiranandani Estate, behind Ritu Nissan Showroom, Thane West, Maharashtra 400607",9930267561,27,497,"100002,100005,100006,100008,100012,100015,100020,100022",2020-11-06 23:36:40,19.24811,72.97585,PMJAY
HOSP27G121917,27121917,Hospital,G,pandit bhimsen joshi general hospital mira bhayender,"PANDIT BHIMSEN JOSHI GENERAL HOSPITAL ,NEAR MAXUS MALL BHAYANDER WEST",0,27,497,"100005,100006,100012,100015",2020-11-06 23:36:41,19.29683874559828,72.84891069883133,PMJAY
HOSP27G121918,27121918,Hospital,P,SUSHRUTHOSPITAL,"ALIPUR ROAD SHIVAJI NAGAR BARSHI ,RENUKA MANAGAL KARYALAY",7350476475,27,496,100005,2020-11-06 23:36:41,18.23658197046329,75.66128141318018,PMJAY
HOSP27G121949,27121949,Hospital,G,SDH 50 Gandhinagar,Kolhapur,9822310820,27,480,"100001,100003,100004,100005,100007,100011,100013,100016,100018,100019,100020,100023",2020-11-06 23:36:42,16.22358053,74.3449223125377,PMJAY
HOSP27G121976,27121976,Hospital,G,RH Murud and Trauma Unit,Latur Latur,0,27,481,"100001,100002,100003,100004,100005,100006,100007,100008,100009,100010,100011,100012,100013,100014,100015,100016,100017,100018,100019,100020,100021,100022,100023,100026",2020-11-06 23:36:44,18.332608042,72.9543126125682,PMJAY
HOSP27G121977,27121977,Hospital,G,SDH KAMPTEE NAGPUR,"SDH KAMPTEE DIST. NAGPUR,",9422117996,27,484,"100004,100005,100006,100009,100011,100017,100023",2020-11-06 23:36:44,21.213967,79.1989270000001,PMJAY
HOSP27G122001,27122001,Hospital,G,RH Mahad and Trauma Unit,Raigad Raigad,0,27,491,"100001,100002,100003,100004,100005,100006,100007,100008,100009,100010,100011,100012,100013,100014,100015,100016,100017,100018,100019,100020,100021,100022,100023,100026",2020-11-07 03:52:34,18.0830619,73.4366317683871,PMJAY
HOSP27G122060,27122060,Hospital,G,"AIIMS Hospital , Mihan Nagar","PLOT NO 2 ,MIHAN ROAD W BUILDING,D P School Mihan NAGPUR",0,27,484,,2020-11-07 03:53:16,21.0356572767,79.0287265395999,PMJAY
HOSP27P122077,27122077,Hospital,P,KLES BELGAUM CANCER HOSPITAL,Kolhapur Kolhapur,9916627966,27,480,"100008,100021,100022",2020-11-07 03:53:17,15.872191,74.527853,PMJAY
HOSP27P123755,27123755,Hospital,P,Niramya Life Hospital Vasind Thane,Vasind Tq Shahpur District Thane,9689866660,27,497,"100005,100006,100012,100015,100020,100022",2021-02-02 16:05:30,19.422792,73.2653895289569,PMJAY
HOSP27P132585,27132585,Hospital,P,Sanjeevani Arogya Seva Sanstha,"Murud Nagar Parishad,Datta Mandir Road Raigad 402401 Murud Nagar Parishad,Datta Mandir Road Raigad 402401",0,27,491,"100005,100023",2021-09-01 16:52:48,18.3244525,72.9613973,PMJAY
HOSP27P146016,27146016,Hospital,P,"Vrundavan Hospital, Multispeciality Center",Jalgaon Jalgaon,0,27,478,"100001,100002,100003,100004,100005,100006,100007,100008,100009,100010,100011,100012,100013,100014,100015,100016,100017,100018,100019,100020,100021,100022,100023,100026",2022-07-08 21:40:12,21.0076578,75.5626039,PMJAY
HOSP27P146025,27146025,Hospital,P,Aarogyam Multispeciality Hospital,Aarogyam Multispeciality Hospital Thane,0,27,497,"100001,100002,100003,100004,100005,100006,100007,100008,100009,100010,100011,100012,100013,100014,100015,100016,100017,100018,100019,100020,100021,100022,100023,100026",2022-07-08 21:40:13,19.184153,72.9767801,PMJAY
HOSP27P146028,27146028,Hospital,P,DR VIVEKANAND MANE,"DHIVADI ROAD,DHIVADI ROAD",0,27,494,"100001,100002,100003,100004,100005,100006,100007,100008,100009,100010,100011,100012,100013,100014,100015,100016,100017,100018,100019,100020,100021,100022,100023,100026",2022-07-08 21:40:13,17.59858156004522,74.45463980761633,PMJAY
HOSP27P146034,27146034,Hospital,P,Shri Sai Hospital,Jalgaon Jalgaon,0,27,478,"100001,100002,100003,100004,100005,100006,100007,100008,100009,100010,100011,100012,100013,100014,100015,100016,100017,100018,100019,100020,100021,100022,100023,100026",2022-07-08 21:40:14,21.0076578,75.5626039,PMJAY
HOSP27P146054,27146054,Hospital,P,MASKE HOSPITAL,"AT /P NEAR SAVITRABAI PHULE GIRLS SCHOOL ,SOLAPUR ROAD MADHA",0,27,496,"100002,100005,100006,100012,100015,100020",2022-07-08 21:40:15,18.0237080000001,75.5082300000001,PMJAY
HOSP27P146058,27146058,Hospital,P,"Narmada Multispecialty Hospital & Research Center, Solapur","Railway Lines, Solapur, 413001, Maharashtra Solapur",0,27,496,"100002,100005,100012,100015,100022",2022-07-08 21:40:16,17.6674669,75.900285,PMJAY
HOSP27P146068,27146068,Hospital,P,morya multispeciality hospital,"anudutta commercial complex sinhagad road vadgaon budruk ,opp abhiruchi mall",8698590060,27,490,,2022-07-08 21:40:17,18.450792,73.811897,PMJAY
HOSP27P146070,27146070,Hospital,P,ADHAR HOSPITAL GEORAI,"Ahilya Nagar, Georai, Gevrai, Beed - 431127, Behind Achal College,",9970152115,27,470,,2022-07-08 21:40:17,19.2695360000001,75.763317,PMJAY
HOSP27P146076,27146076,Hospital,P,RAJAS HOSPITAL,Jalgaon Jalgaon,0,27,478,"100001,100002,100003,100004,100005,100006,100007,100008,100009,100010,100011,100012,100013,100014,100015,100016,100017,100018,100019,100020,100021,100022,100023,100026",2022-07-08 21:40:17,21.004619,75.557094,PMJAY
HOSP27P146081,27146081,Hospital,P,Shriram Hospital,"At Post Tal Lonar,",0,27,472,"100001,100002,100003,100004,100005,100006,100007,100008,100009,100010,100011,100012,100013,100014,100015,100016,100017,100018,100019,100020,100021,100022,100023,100026",2022-07-08 21:40:18,19.976888,76.5260450000001,PMJAY
HOSP27P146096,27146096,Hospital,P,vedant multispeciality hospital,"BHOPALE ROAD, SANOGLA,bHOPALE ROAD, SANGOLA",0,27,496,"100006,100012",2022-07-08 21:40:19,17.4347815000001,75.1889510000001,PMJAY
HOSP27P161656,27161656,Hospital,P,Annasaheb Dange Ayurved Medical College Dhanvantari Hospital,"AT/POST - ASHTA,TAL-WALWA",9156833369,27,493,"100002,100005,100006,100012,100015,100020",2023-03-24 13:19:10,16.958278,74.386299,PMJAY
HOSP27P162412,27162412,Hospital,P,Sangopan Hospital And Research Center,"603 Sangopan Hospital And Research Center,Narewadi Halkarni Road",9987331914,27,480,,2023-04-05 15:42:30,16.168058,74.4683180000001,PMJAY
HOSP27P162474,27162474,Hospital,P,NEW THERGAON HOSPITAL,"OPP. THERGAON POLICE STATION , JAGTAP NAGAR , THERGAON",8421032173,27,490,"100005,100006,100012,100015,100020",2023-04-06 16:35:37,,,PMJAY
HOSP27P162749,27162749,Hospital,P,Siddhivinayak Multispeciality Hospital,Thane Thane,0,27,497,"100001,100002,100003,100004,100005,100006,100007,100008,100009,100010,100011,100012,100013,100014,100015,100016,100017,100018,100019,100020,100021,100022,100023,100026",2023-04-11 21:00:46,,,PMJAY
HOSP27P162975,27162975,Standalone Dialysis Centre,P,Sunil Nair,"sheetal nursing home,dahanu west",9892290985,27,665,"100005,100023",2023-04-17 12:04:35,19.9909191006562,72.73845300029893,PMJAY
HOSP27P164107,27164107,Hospital,P,SAHARA HOSPITAL,"Water Hill Complex ,Near New Bus stand Old Agra Road,Malegaon",9273645999,27,487,"100002,100005,100006,100012,100015,100020,100022",2023-05-05 10:29:24,,,PMJAY
HOSP27P166089,27166089,Hospital,P,OM MULTISPECIALITY HOSPITAL,"NEW AROGYA NAGAR, MAIN ROAD, OMERGA, DIST- OSMANABAD - 413606",9881783462,27,488,"100002,100005,100006,100008,100022",2023-05-17 16:06:42,,,PMJAY
HOSP27P167413,27167413,Hospital,P,SHREYASH PATIL MULTISEPCIALITY HOSPITAL AND NURSING HOME,"PLOT NO 04 SONER,MAIN ROAD SONER, Nagpur ¿ 440010 Nagpur",0,27,484,"100001,100002,100003,100004,100005,100006,100007,100008,100009,100010,100011,100012,100013,100014,100015,100016,100017,100018,100019,100020,100021,100022,100023,100026",2023-06-05 18:48:40,,,PMJAY
HOSP27P168437,27168437,Hospital,P,Niramay Nursing Home,"Ruikar Colony, Kolhapur",9325007452,27,480,"100002,100005,100006,100008,100020,100021,100022",2023-06-30 16:37:53,,,PMJAY
HOSP27P168672,27168672,Hospital,P,ST. JOSEPH'S HOSPITAL YERLA,PLOT NO. 114 YERLA VILLAGE FETRI P.O. 441501 KATOL ROAD DISTT. NAGPUR,8698510960,27,484,"100005,100006,100012,100015,100020,100022",2023-07-06 14:38:49,,,PMJAY
HOSP27P171908,27171908,Hospital,P,BHAGAWATI MULTISPECIALITY HOSPITAL,"WADIYA FACTORY AREA SHIVAJI NAGAR,NANDED.",8806726199,27,485,"100002,100015,100020,100022",2023-08-28 15:35:50,,,PMJAY
HOSP27P173304,27173304,Hospital,P,diggikar hospital omerga,"Patange Road Omerga,Patange Road Omerga",9890057321,27,488,"100002,100005,100006,100012,100022",2023-09-14 20:59:13,17.835454,76.622096,PMJAY
HOSP27P173355,27173355,Hospital,P,SURYA HOSPITAL SHIKRAPUR,"PUNE-NAGAR ROAD,SHIKRAPUR,PUNE",9860224466,27,490,"100005,100006,100012,100015,100020",2023-09-15 12:47:35,,,PMJAY
HOSP27P174989,27174989,Hospital,P,Mangala Multisuperspeciality Hospital Akole,Agasti Rode Gardani Tal Akole Dist Ahmednagar,8425831719,27,466,"100005,100006,100012,100015",2023-09-26 13:25:31,,,PMJAY
HOSP27P176310,27176310,Hospital,P,THAKARE MULTISPECIALITY HOSPITAL,"kelkar wadi murtijapur , Akola , 444107 Akola",0,27,467,"100001,100002,100003,100004,100005,100006,100007,100008,100009,100010,100011,100012,100013,100014,100015,100016,100017,100018,100019,100020,100021,100022,100023,100026",2023-10-06 01:31:48,,,PMJAY
HOSP27P176311,27176311,Hospital,P,Samarpan Hospital,"Haryana Nagar Murtijapur  , Hariya  Nagar , Akola , 444107 Akola",0,27,467,"100001,100002,100003,100004,100005,100006,100007,100008,100009,100010,100011,100012,100013,100014,100015,100016,100017,100018,100019,100020,100021,100022,100023,100026",2023-10-06 01:31:48,,,PMJAY
HOSP27P176316,27176316,Hospital,P,SAI MAULI SUPER SPECIALITY HOSPITAL,"75 , PIPE LINE ROAD SAVEDI ,TULJA BHAVANI MANDIR, Ahmednagar , 414003 Ahmednagar",0,27,466,"100002,100005,100006,100012,100015,100022,100027",2023-10-06 01:31:48,,,PMJAY
HOSP27P176320,27176320,Hospital,P,Shah lifeline hospital and heart institute pvt. ltd.,Thane Thane,0,27,497,"100001,100002,100003,100004,100005,100006,100007,100008,100009,100010,100011,100012,100013,100014,100015,100016,100017,100018,100019,100020,100021,100022,100023,100026",2023-10-06 01:31:49,,,PMJAY
HOSP27P176323,27176323,Hospital,P,Nashik Grace,"5,6 LEKHA NAGAR , MUMBAI AGFRA SERVICE ROAD ,422009 Nashik",0,27,487,"100001,100002,100003,100004,100005,100006,100007,100008,100009,100010,100011,100012,100013,100014,100015,100016,100017,100018,100019,100020,100021,100022,100023,100026",2023-10-06 01:31:49,,,PMJAY
HOSP27P177369,27177369,Hospital,P,"Best Multispeciality Hospital , BSMHA","Jamil Colony Square, Walgaon Road Amravati",8805917299,27,468,"100002,100005,100006,100012,100015,100020",2023-10-12 12:43:27,,,PMJAY
HOSP27P181147,27181147,Hospital,P,MAYURESH HOSPITAL-VASHI,Thane Thane,0,27,497,"100001,100002,100003,100004,100005,100006,100007,100008,100009,100010,100011,100012,100013,100014,100015,100016,100017,100018,100019,100020,100021,100022,100023,100026",2023-10-30 16:55:18,,,PMJAY
HOSP27P181148,27181148,Hospital,P,Haji Anwar Super Multispeciality Hospital,"80 feet cross road, Chandramani Chowk,Vadjai road,424004 Dhule",0,27,474,"100001,100002,100003,100004,100005,100006,100007,100008,100009,100010,100011,100012,100013,100014,100015,100016,100017,100018,100019,100020,100021,100022,100023,100026",2023-10-30 16:55:18,,,PMJAY
HOSP27P181157,27181157,Hospital,P,NAHAR MULTISPECIALTY HOSPITAL,Thane Thane,0,27,497,"100001,100002,100003,100004,100005,100006,100007,100008,100009,100010,100011,100012,100013,100014,100015,100016,100017,100018,100019,100020,100021,100022,100023,100026",2023-10-30 16:55:19,,,PMJAY
HOSP27P181166,27181166,Hospital,P,PATEL MULTISPECIALTY HOSPITAL AND CRITICAL CARE,"BESIDE AMER FUNCTION HALL DEGLOOR NANKA, TURAB NAGAR NANDED -431604 Nanded",0,27,485,"100001,100002,100003,100004,100005,100006,100007,100008,100009,100010,100011,100012,100013,100014,100015,100016,100017,100018,100019,100020,100021,100022,100023,100026",2023-10-30 16:55:19,,,PMJAY
HOSP27P181168,27181168,Hospital,P,CENTRAL AVENUE CRITICAL CARE HOSPITAL AND ICCU,"Plot no 22,23,24 Darodkar square, central avenue nagpur Mahalaxmi Complex 440002 Nagpur",0,27,484,"100001,100002,100003,100004,100005,100006,100007,100008,100009,100010,100011,100012,100013,100014,100015,100016,100017,100018,100019,100020,100021,100022,100023,100026",2023-10-30 16:55:19,,,PMJAY
HOSP27P181170,27181170,Hospital,P,BALWANT SEVABHAVI SANSTHA VISHNUPURI NANDED SANCHALIT SAHAYOG MULTISPECIALITY HOSPITAL VISHNUPURI NANDED,"VISHNUPURI, Nanded Nanded",0,27,485,"100001,100002,100003,100004,100005,100006,100007,100008,100009,100010,100011,100012,100013,100014,100015,100016,100017,100018,100019,100020,100021,100022,100023,100026",2023-10-30 16:55:19,,,PMJAY
HOSP27P181177,27181177,Hospital,P,SUVIDHA MULTISPECIALITY HOSPITAL,"HASTI TOWER,OPP. BUS STAND, DONDAICHA425408 Dhule",0,27,474,"100001,100002,100003,100004,100005,100006,100007,100008,100009,100010,100011,100012,100013,100014,100015,100016,100017,100018,100019,100020,100021,100022,100023,100026",2023-10-30 16:55:20,,,PMJAY
HOSP27G184212,27184212,Hospital,G,Rural Hospital warwat bakal,Warwat Bakal The. Sangrampur,9890788018,27,472,100005,2023-11-27 11:52:14,,,PMJAY
HOSP27P185883,27185883,Hospital,P,Balaji Hospital,"Balaji Hospital ground & 1St Floor, Star paradise Building, Plot No. B4, Sector 5, Ulwe, Navi Mumbai-410206",9967294847,27,491,"100005,100006,100012,100015",2023-12-08 12:28:34,,,PMJAY
HOSP27G203102,27203102,Hospital,G,"HINDUHRIDAY SAMRAT BALASAHEB THACKARAY TARUMA CARE HOSPITAL, JOGESHWARI EAST","WESTERN EXPRESS HIGHWAY OPP. SRPF, JOGESHWARI EAST, MUMBAI",9820652168,27,482,"100001,100004,100005,100006,100007,100009,100010,100011,100012,100013,100014,100015,100016,100017,100019,100020,100023",2024-05-03 10:51:29,,,PMJAY
HOSP27P209459,27209459,Hospital,P,SHREE RHIDAYAM HOSPITAL MULTISPECIALITY AND HEART CENTRE,SURANA TOWER ATHAWADE BAJAR BHUSAWAL,8806778878,27,478,100002,2024-11-21 15:59:40,,,PMJAY
HOSP27P209544,27209544,Hospital,P,VARADAYANI MULTISPECIALITY HOSPITAL,"MAULI NAGAR,NEAR LOHIYA MANGAL KARYALAY,TULJAPUR, DIST- OSMANABAD - 413601",9405749007,27,488,"100002,100005,100006,100008,100022",2024-12-02 12:44:22,,,PMJAY
HOSP27P209682,27209682,Hospital,P,ACI CUMBALLA HILL HOSPITAL GRANTROAD MUMBAI,93/95 AUGUST KRANTI MARG KEMPS CORNER MUMBAI 400036,9740731746,27,482,"100002,100006,100008,100022",2024-12-18 12:13:00,,,PMJAY
HOSP27P209722,27209722,Hospital,P,BLISS MULTISPECIALITY HOSPITAL,"1ST FLOOR GAIKWAD GALAXY, OPPOSITE MSEB OFFICE, KONDHWA BK, PUNE 411048",8806665040,27,490,"100002,100006,100008,100012,100015,100020,100021,100022",2024-12-23 14:57:11,,,PMJAY
HOSP27P209724,27209724,Hospital,P,NIRAMAY NEONATAL & PEDIATRIC INTENSIVE CARE UNIT PRIVATE LIMITED,322 & 323 NIRAMAY HOSPITAL AKASHWANI CHOWK VIDYA NAGAR JALGAON 425001,8806664458,27,478,100018,2024-12-23 15:30:20,,,PMJAY
HOSP27P209827,27209827,Hospital,P,DHANWANTARI HOSPITAL AND CRITICARE CENTER SASWAD ,"DINKAR COMPLEX OPPOSITE ST STAND SASWAD,TA-PURANADAR,DIST-PUNE,",9860383840,27,490,,2025-01-07 18:23:16,18.3472090000001,74.0287460000001,PMJAY
HOSP27G210149,27210149,Hospital,G,"Sub District Hospital,Nilanga","Main Road, Nilanga",7083417769,27,481,"100001,100002,100003,100004,100005,100006,100007,100008,100009,100010,100011,100012,100013,100014,100015,100016,100017,100018,100019,100020,100021,100022,100023",2025-02-13 15:49:59,,,PMJAY
HOSP27P210208,27210208,Hospital,P,APEX KIDNEYCARE DIALYSIS CENTER KARMALA,KARMALA Amarnath Tower Karmala,0,27,496,"100001,100002,100003,100004,100005,100006,100007,100008,100009,100010,100011,100012,100013,100014,100015,100016,100017,100018,100019,100020,100021,100022,100023,100026",2025-02-18 01:31:47,,,PMJAY
HOSP27P210220,27210220,Hospital,P,CANCER CENTERS OF AMERICA PRIVATE LTD,PLOT NO 02 S NO 113 2 A INDIRA NAGAR WADALA SHIWAR Sawata Mali Rd 422011 NASHIK,0,27,487,"100001,100002,100003,100004,100005,100006,100007,100008,100009,100010,100011,100012,100013,100014,100015,100016,100017,100018,100019,100020,100021,100022,100023,100026",2025-02-18 01:31:48,,,PMJAY
HOSP27P210241,27210241,Hospital,P,M J HOSPITAL MANAGED BY MADHAV SUPER SPECIALITY HOSPITAL,Plot No 51 Maratha Bhavan Marag Juhu Gaon Vashi Sector 15 Navi Mumbai 400703 Navi Mumbai,0,27,497,"100001,100002,100003,100004,100005,100006,100007,100008,100009,100010,100011,100012,100013,100014,100015,100016,100017,100018,100019,100020,100021,100022,100023,100026",2025-02-18 01:31:49,,,PMJAY
HOSP27P210249,27210249,Hospital,P,Chopade Memorial Hospital Miraj Sangli Pvt,"Near Ram mandir, Shivaji Nagar Sangli,",9371024224,27,493,"100006,100011,100012,100015,100020,100022,100023",2025-02-18 01:31:50,16.846907,74.737828,PMJAY
HOSP27P210255,27210255,Hospital,P,Sane Guruji Rugnalay & Research Center,"10, Mahur Road, Kinwat, Near Bus Stop Kinwat - 431804 Nanded",0,27,485,"100001,100002,100003,100004,100005,100006,100007,100008,100009,100010,100011,100012,100013,100014,100015,100016,100017,100018,100019,100020,100021,100022,100023,100026",2025-02-18 01:31:50,,,PMJAY
HOSP27P210262,27210262,Hospital,P,Rajveer Health Services Pvt Ltd.Phoenix Hospital,"Opp.Rhythm Society Near Victoria 3 Hotel, Kalewadi Phata, Thergaon, Pune-411017 Pune",0,27,490,"100001,100002,100003,100004,100005,100006,100007,100008,100009,100010,100011,100012,100013,100014,100015,100016,100017,100018,100019,100020,100021,100022,100023,100026",2025-02-18 01:31:51,,,PMJAY
HOSP27P210264,27210264,Hospital,P,"GULVE HOSPITAL,Malshiras,Solapur,Pvt,Solapur",GAT NO 115 1 2 PLOT NO 2A AKLUJ MALSHIRAS ROAD NAER SAI MANDIR Akluj Malshiras Solapur 413101 Solapur,9890075709,27,496,100015,2025-02-18 01:31:51,17.89027,75.00627,PMJAY
HOSP27P210268,27210268,Hospital,P,SAHAYOG HOSPITAL,RANI AVANTIBAI CHOWK RING ROAD 441614 Gondia,0,27,476,"100001,100002,100003,100004,100005,100006,100007,100008,100009,100010,100011,100012,100013,100014,100015,100016,100017,100018,100019,100020,100021,100022,100023,100026",2025-02-18 01:31:51,,,PMJAY
HOSP27P210274,27210274,Hospital,P,Mamta Memorial Hospital ,"X-75, Near Mejwani Hotel, Bajajnagar, Waluj MIDC, Chh. Sambhajinagar ,",9975082529,27,469,,2025-02-18 01:31:51,19.840511,75.2349740000001,PMJAY
HOSP27P210282,27210282,Hospital,P,Padmakar Mhatre Hospital,Penkarpada Miraroad East Pandurang Wadi Opp Kakad Paradise 401107 Thane,0,27,497,"100001,100002,100003,100004,100005,100006,100007,100008,100009,100010,100011,100012,100013,100014,100015,100016,100017,100018,100019,100020,100021,100022,100023,100026",2025-02-18 01:31:52,,,PMJAY
HOSP27P210284,27210284,Hospital,P,Vighnahar Nursing Homes Minoo Mehta Memorial Hospital Junnar Pvt Pune,"vighanar nursing home, near kukadi colony, pune-nashik highway, junnar, pune,",9766587676,27,490,,2025-02-18 01:31:52,19.12788861679745,73.9845367163496,PMJAY
HOSP27P210306,27210306,Hospital,P,"SPANDAN MULTISPECIALITY HOSPITAL,Sangola,Solapur,Pvt",Old Medshingi Road Wadhegao Naka Sangola Solapur 413307 Solapur,9923142777,27,496,"100005,100006,100012,100015,100020",2025-02-18 01:31:53,17.4348,75.1987,PMJAY
HOSP27P210309,27210309,Hospital,P,Global Care And Welfare Hospital,KOPHARD KF01 13 Agashi Virar West Maharashtra 401301 Virar,0,27,665,"100001,100002,100003,100004,100005,100006,100007,100008,100009,100010,100011,100012,100013,100014,100015,100016,100017,100018,100019,100020,100021,100022,100023,100026",2025-02-18 01:31:54,,,PMJAY
HOSP27P210317,27210317,Hospital,P,OM MULTISPECIALITY HOSPITAL,Plot no 34 Bhandari Plaza Chinchkhed chaufuli 422209 Nashik,0,27,487,"100001,100002,100003,100004,100005,100006,100007,100008,100009,100010,100011,100012,100013,100014,100015,100016,100017,100018,100019,100020,100021,100022,100023,100026",2025-02-18 01:31:55,,,PMJAY
HOSP27P210327,27210327,Hospital,P,SAI ADVAIT MULTISPECIALITY HOSPITAL AND CRITICAL CARE UNIT,KARJAT MIRAJGAON ROAD BALAJI ESTATE OPP HP GAS AGENCY 414402 AHMADNAGAR,0,27,466,"100001,100002,100003,100004,100005,100006,100007,100008,100009,100010,100011,100012,100013,100014,100015,100016,100017,100018,100019,100020,100021,100022,100023,100026",2025-02-18 01:31:55,,,PMJAY
HOSP27P210365,27210365,Hospital,P,SOOD EYE HOSPITAL FOR ADVANCE EYE CARE PVT.LTD,Plot No 7 RAMDASPETH WARDHA ROAD 440012 Nagpur,0,27,484,"100001,100002,100003,100004,100005,100006,100007,100008,100009,100010,100011,100012,100013,100014,100015,100016,100017,100018,100019,100020,100021,100022,100023,100026",2025-02-18 05:16:19,,,PMJAY
HOSP27P210383,27210383,Hospital,P,"DAL HOSPITAL, WASHIM","PUSAD NAKA , GULATI LAYOUT, WASHIM,",0,27,499,"100001,100002,100003,100004,100005,100006,100007,100008,100009,100010,100011,100012,100013,100014,100015,100016,100017,100018,100019,100020,100021,100022,100023,100026",2025-02-18 05:16:21,20.105917806309563,77.1430947361307,PMJAY
HOSP27P210384,27210384,Hospital,P,BENGAL HOSPITAL AND ICU SENGAON,"HINGOLI ROAD SENGAON,",7620588615,27,477,,2025-02-18 05:16:21,19.794366,76.8946730000001,PMJAY
HOSP27P210395,27210395,Hospital,P,VRINDAAVAN MULTI SPECIALITY HOSPITAL,PATHARDI DEVLALI ROAD PATHARDI PHATA NASHIK 422010 Nashik,0,27,487,"100001,100002,100003,100004,100005,100006,100007,100008,100009,100010,100011,100012,100013,100014,100015,100016,100017,100018,100019,100020,100021,100022,100023,100026",2025-02-18 05:16:22,,,PMJAY
HOSP27G210405,27210405,Hospital,G,RH Renapur,Main Road Renapur 413527 LATUR,0,27,481,"100001,100002,100003,100004,100005,100006,100007,100008,100009,100010,100011,100012,100013,100014,100015,100016,100017,100018,100019,100020,100021,100022,100023,100026",2025-02-18 05:16:22,,,PMJAY
HOSP27G210407,27210407,Hospital,G,RH Lonar,Rural Hospital Lonar BULDHANA,0,27,472,"100001,100002,100003,100004,100005,100006,100007,100008,100009,100010,100011,100012,100013,100014,100015,100016,100017,100018,100019,100020,100021,100022,100023,100026",2025-02-18 05:16:22,,,PMJAY
HOSP27G210416,27210416,Hospital,G,RH Lohara,RH Lohara Tq Lohara Dist Dharashiv 413608 Dharashiv,0,27,488,"100001,100002,100003,100004,100005,100006,100007,100008,100009,100010,100011,100012,100013,100014,100015,100016,100017,100018,100019,100020,100021,100022,100023,100026",2025-02-18 05:16:23,,,PMJAY
HOSP27G210419,27210419,Hospital,G,RH Babhalgaon,Nitur Road Babhalgaon 413531 latur,0,27,481,"100001,100002,100003,100004,100005,100006,100007,100008,100009,100010,100011,100012,100013,100014,100015,100016,100017,100018,100019,100020,100021,100022,100023,100026",2025-02-18 05:16:23,,,PMJAY
HOSP27G210426,27210426,Hospital,G,"RH Mangalvedhe,Govt,Solapur",Near Sathe Nagar Mangalwedha Solapur,0,27,496,"100001,100002,100003,100004,100005,100006,100007,100008,100009,100010,100011,100012,100013,100014,100015,100016,100017,100018,100019,100020,100021,100022,100023,100026",2025-02-18 05:16:23,,,PMJAY
HOSP27G210429,27210429,Hospital,G,"RH Yawat,Govt,Pune",Rural Hospital Yawat Pune,0,27,490,"100001,100002,100003,100004,100005,100006,100007,100008,100009,100010,100011,100012,100013,100014,100015,100016,100017,100018,100019,100020,100021,100022,100023,100026",2025-02-18 05:16:23,,,PMJAY
HOSP27G210435,27210435,Hospital,G,RH Murbad,Rh Murbad Near Panchayat Samity Murbad MURBAD THANE,0,27,497,"100001,100002,100003,100004,100005,100006,100007,100008,100009,100010,100011,100012,100013,100014,100015,100016,100017,100018,100019,100020,100021,100022,100023,100026",2025-02-18 05:16:24,,,PMJAY
HOSP27P210459,27210459,Hospital,P,Apex Hospital,60 fit road shamji nagar Satana rajmata jijau chowk 423301 Nashik,0,27,487,"100001,100002,100003,100004,100005,100006,100007,100008,100009,100010,100011,100012,100013,100014,100015,100016,100017,100018,100019,100020,100021,100022,100023,100026",2025-02-18 05:16:25,,,PMJAY
HOSP27P210461,27210461,Hospital,P,SHAT-AYU HOSPITAL & RESEARCH CENTRE,plot No 26 WARDHA ROAD NEAR HITVADA PRESS DHANTOLI NAGPUR 440012 Nagpur,0,27,484,"100001,100002,100003,100004,100005,100006,100007,100008,100009,100010,100011,100012,100013,100014,100015,100016,100017,100018,100019,100020,100021,100022,100023,100026",2025-02-18 05:16:25,,,PMJAY
HOSP27P210462,27210462,Hospital,P,Dhanwantari Hospital,25 Vikas colony Pachora Dist jalgaon National Highway 753 J Near Gadgebaba Bus Stop Pachora 424201 Jalgaon,0,27,478,"100002,100005,100006,100008,100012,100015,100020,100022",2025-02-18 05:16:25,,,PMJAY
HOSP27P210470,27210470,Hospital,P,City Hospital,"277 Shaniwar Peth Satara,",9422032636,27,494,,2025-02-18 05:16:26,17.6798230000001,73.992195,PMJAY
HOSP27G210487,27210487,Hospital,G,RH Uran,Indiragandhi gramin Rugnalay bori Uran Raigad,0,27,491,"100001,100002,100003,100004,100005,100006,100007,100008,100009,100010,100011,100012,100013,100014,100015,100016,100017,100018,100019,100020,100021,100022,100023,100026",2025-02-18 05:16:27,,,PMJAY
HOSP27P210503,27210503,Hospital,P,"Shinde Hospital,Pandharpur,Solapur,Pvt","Near Bajaj Blood Bank, Bhakti Marg, Pandharpur, Solapur- 413304 Solapur",0,27,496,"100001,100002,100003,100004,100005,100006,100007,100008,100009,100010,100011,100012,100013,100014,100015,100016,100017,100018,100019,100020,100021,100022,100023,100026",2025-02-18 05:16:27,,,PMJAY
HOSP27P210511,27210511,Hospital,P,Shree Bhagwan Mahaveer  Multispeciality Hospital Private Ltd,Cannaught place CIDCOold BMC Bank Aurangabad 431001 AURANGABAD,0,27,469,"100001,100002,100003,100004,100005,100006,100007,100008,100009,100010,100011,100012,100013,100014,100015,100016,100017,100018,100019,100020,100021,100022,100023,100026",2025-02-18 05:16:28,,,PMJAY
HOSP27P210513,27210513,Hospital,P,K STAR MULTISPECIALITY HOSPITAL PVT LTD,"762 6 A NEAR ITI COLLEGE SAMBHAJI NAGAR,",9860934455,27,480,"100005,100012,100015,100020,100022,100023,100026",2025-02-18 05:21:07,16.6768930000001,74.220674,PMJAY
HOSP27P210533,27210533,Hospital,P,AADHAR HOSPITAL MULTISPECIALITY  ICU Managed by Haritatv Ayurved Pvt. Ltd.Pune,"Old Pune, Mumbai Highway, Dehu Road, Pune 412101,",9225653798,27,490,"100001,100002,100004,100005,100006,100008,100011,100012,100014,100015,100018,100019,100020,100022,100023,100026",2025-02-18 09:31:46,18.678561378023474,73.73293478669996,PMJAY
HOSP27G210541,27210541,Hospital,G,RH Atpadi Sangli Govt,"MAPTEMALA ,ATPADI NIMBAWADE ROAD",8390703766,27,493,100006,2025-02-18 09:31:46,17.43247517144721,74.93055132337577,PMJAY
HOSP27P210545,27210545,Hospital,P,SHREE ASHIRWAD HOSPITAL,SHOP NO 9 TO 15 SAI ANGAN APP NEAR ADITI HOTEL SAMARTH CHOWK BADLAPUR WEST 421503 Thane,0,27,497,"100001,100002,100003,100004,100005,100006,100007,100008,100009,100010,100011,100012,100013,100014,100015,100016,100017,100018,100019,100020,100021,100022,100023,100026",2025-02-18 09:31:46,,,PMJAY
HOSP27G210557,27210557,Hospital,G,RH Khupire,"AP Khupire,",9822661536,27,480,"100005,100006,100012,100015,100017,100020",2025-02-18 09:31:47,16.70841326222292,74.14997267748976,PMJAY
HOSP27G210558,27210558,Hospital,G,RHPANHALA,"RURAL HOSPITAL PANHALA,",9322487295,27,480,"100001,100002,100003,100004,100005,100006,100007,100008,100009,100010,100011,100012,100013,100014,100015,100016,100017,100018,100019,100020,100021,100022,100023,100026",2025-02-18 09:31:47,16.807488595011463,74.1114315266243,PMJAY
HOSP27G210574,27210574,Hospital,G,RH Ashta Walwa Sangli Govt,"yallama mandir najik datta vasat ashta,",0,27,493,"100001,100002,100003,100004,100005,100006,100007,100008,100009,100010,100011,100012,100013,100014,100015,100016,100017,100018,100019,100020,100021,100022,100023,100026",2025-02-18 09:31:48,16.9512,74.4106990000001,PMJAY
HOSP27G210602,27210602,Hospital,G,RURAL HOSPITAL CHANDUR RLY,NEAR BUS STAND MAIN ROAD CHANDUR RLY Amravati 444904 Amravati,0,27,468,"100001,100002,100003,100004,100005,100006,100007,100008,100009,100010,100011,100012,100013,100014,100015,100016,100017,100018,100019,100020,100021,100022,100023,100026",2025-02-18 09:31:49,,,PMJAY
HOSP27P210609,27210609,Medical College Hospital,P,Dr J J Magdum Trust Dr J J Magdum Charitable Hospital,"Shirol Wadi Road Jaysingpur Mouje Agar,",9370991287,27,480,"100001,100004,100005,100006,100012,100017,100026",2025-02-18 09:31:49,16.765206,74.534698,PMJAY
HOSP27G210614,27210614,Hospital,G,RH Malegaon,Near new bus stand malegaon 444503 WASHIM,0,27,499,"100001,100002,100003,100004,100005,100006,100007,100008,100009,100010,100011,100012,100013,100014,100015,100016,100017,100018,100019,100020,100021,100022,100023,100026",2025-02-18 09:31:50,,,PMJAY
HOSP27G210642,27210642,Hospital,G,RH Gondwale Kh.,Gondavale KH Mhaswad road satara 415509 SATARA,0,27,494,"100001,100002,100003,100004,100005,100006,100007,100008,100009,100010,100011,100012,100013,100014,100015,100016,100017,100018,100019,100020,100021,100022,100023,100026",2025-02-18 09:31:51,,,PMJAY
HOSP27G210674,27210674,Hospital,G,RH Hingna,SH 255 Dangarpura Hingna Road Ner Grampanchayat Nagpur 441110 Nagpur,0,27,484,"100001,100002,100003,100004,100005,100006,100007,100008,100009,100010,100011,100012,100013,100014,100015,100016,100017,100018,100019,100020,100021,100022,100023,100026",2025-02-18 09:31:52,,,PMJAY
HOSP27G210709,27210709,Hospital,G,RH Ardhapur,Ardhapur - Nanded – 431704 Nanded,0,27,485,"100001,100002,100003,100004,100005,100006,100007,100008,100009,100010,100011,100012,100013,100014,100015,100016,100017,100018,100019,100020,100021,100022,100023,100026",2025-02-18 09:31:54,,,PMJAY
HOSP27G210734,27210734,Hospital,G,Sutika Gruha in Mahal,"Sutika Gruha (Matru Seva Sangha) 30, Kothi Rd Mahal - 440032 Nagpur",0,27,484,"100001,100002,100003,100004,100005,100006,100007,100008,100009,100010,100011,100012,100013,100014,100015,100016,100017,100018,100019,100020,100021,100022,100023,100026",2025-02-18 09:31:55,,,PMJAY
HOSP27G210769,27210769,Hospital,G,"RH Jath,Sangli,Govt","Sangli Road, Sangli District, Taluka: Jat, Jath, Maharashtra, 416404 Sangli",0,27,493,"100001,100002,100003,100004,100005,100006,100007,100008,100009,100010,100011,100012,100013,100014,100015,100016,100017,100018,100019,100020,100021,100022,100023,100026",2025-02-19 17:31:40,,,PMJAY
HOSP27G210811,27210811,Hospital,G,RURAL HOSPITAL WADALA,"AP  WADALA TAL NORT SOLAPUR,",7264079124,27,496,"100010,100012,100015,100017,100020",2025-02-25 13:31:46,17.87487911467413,75.8309294887274,PMJAY
HOSP27G210812,27210812,Hospital,G,"Krantijyoti savitribai phule Talera hospital chinchwad,Haveli,Pune,Govt","Chinchwad, Haveli, Pune-411033 Pune",0,27,490,"100001,100002,100003,100004,100005,100006,100007,100008,100009,100010,100011,100012,100013,100014,100015,100016,100017,100018,100019,100020,100021,100022,100023,100026",2025-02-25 13:31:46,,,PMJAY
HOSP27P210813,27210813,Hospital,P,Shreya Hospital,AMBAJOGAI ROAD KAIJ Beed 431123 AMBAJOGAI ROAD KAIJ Beed 431123,0,27,470,"100001,100002,100003,100004,100005,100006,100007,100008,100009,100010,100011,100012,100013,100014,100015,100016,100017,100018,100019,100020,100021,100022,100023,100026",2025-02-25 17:31:47,,,PMJAY
HOSP27G210815,27210815,Hospital,G,BKC COVID JUMBO FACILITY,MMRDA GROUND BKC BKC ROAD Mumbai 400051 MMRDA GROUND BKC BKC ROAD Mumbai 400051,0,27,483,"100001,100002,100003,100004,100005,100006,100007,100008,100009,100010,100011,100012,100013,100014,100015,100016,100017,100018,100019,100020,100021,100022,100023,100026",2025-02-25 21:16:23,,,PMJAY
HOSP27P210822,27210822,Hospital,P,SEVA HOSPITAL,Nashik Nashik,0,27,487,"100001,100002,100003,100004,100005,100006,100007,100008,100009,100010,100011,100012,100013,100014,100015,100016,100017,100018,100019,100020,100021,100022,100023,100026",2025-02-27 01:31:47,,,PMJAY
HOSP27P211114,27211114,Hospital,P,"ROY HOSPITAL, U/O RAVI SURGICAL AND LAPAROSCOPIC RESEARCH CENTRE PVT. LTD.","KAMPTEE, MAIN ROAD 441001 Nagpur",0,27,484,"100001,100002,100003,100004,100005,100006,100007,100008,100009,100010,100011,100012,100013,100014,100015,100016,100017,100018,100019,100020,100021,100022,100023,100026",2025-03-26 17:31:52,,,PMJAY
HOSP27P211116,27211116,Hospital,P,SHASHWAT HOSPITAL KOTHRUD PUNE,"22 HAPPY COLONY KOTHRUD PUNE,",9146348428,27,490,,2025-03-26 17:31:52,18.495901020405697,73.81173352600024,PMJAY
HOSP27G211120,27211120,Hospital,G,ESIS HOSPITAL,"MIDC Chikalthana, Naregaon road Garware Stadium, 431006 Chattrapathi Sambhaji nagar",0,27,469,"100001,100002,100003,100004,100005,100006,100007,100008,100009,100010,100011,100012,100013,100014,100015,100016,100017,100018,100019,100020,100021,100022,100023,100026",2025-03-26 17:31:52,,,PMJAY
HOSP27G211123,27211123,Hospital,G,ESIS HOSPITAL,"ESIS Hospital Mulund,LBS Marg,Mulund West, 400080 MUMBAI & MUMBAI SUBURBAN",0,27,483,"100001,100002,100003,100004,100005,100006,100007,100008,100009,100010,100011,100012,100013,100014,100015,100016,100017,100018,100019,100020,100021,100022,100023,100026",2025-03-26 17:31:52,,,PMJAY
HOSP27G211126,27211126,Hospital,G,ESIS Hospital Satpur Nashik,"plot no – 51, Satpur Bus stand, Trimbakeshwar Road Satpur – 422007 Nashik",0,27,487,"100001,100002,100003,100004,100005,100006,100007,100008,100009,100010,100011,100012,100013,100014,100015,100016,100017,100018,100019,100020,100021,100022,100023,100026",2025-03-26 17:31:53,,,PMJAY
HOSP27P211287,27211287,Hospital,P,YASHLOK HOSPITAL AND CRITICAL CARE,"IN FRONT OF L.I.C. OFFICE , ARMORI ROAD BRAMHAPURI",0,27,473,"100002,100005,100006,100015,100020",2025-04-17 14:11:08,,,PMJAY
HOSP27P211315,27211315,Hospital,P,Sanjay Bane Charitable Hospital,"KASEGAON WATGAOn ROAD,",9822237532,27,493,,2025-04-23 11:46:23,17.0948099,74.1592163,PMJAY
HOSP27P211341,27211341,Hospital,P,MOHOL MULTISPECIALITY HOSPITAL,MOHOL TAL MOHOL,9403507167,27,496,"100002,100005,100006,100008,100012,100015,100020,100022,100027",2025-04-23 18:22:08,,,PMJAY
HOSP27P211354,27211354,Hospital,P,Dr Todkar Hospital,"8/1, Mangalwar Peth",9823390505,27,490,"100002,100005,100006,100012,100015,100022",2025-04-24 17:06:11,,,PMJAY
HOSP27P211365,27211365,Hospital,P,Bhabkar Multi Speciality Hospital & Research Institute,Rajashri Nagar Deomali Achalpur Dist Amravati,8850033874,27,468,"100002,100005",2025-04-25 12:35:46,,,PMJAY
HOSP27P211445,27211445,Hospital,P,Krishna Hospital,"740/2 , plot no 5 , near sambhaji nagar St stand ,",9822255275,27,480,"100002,100005,100006,100015",2025-05-08 14:19:02,16.678052392794385,74.21662062669364,PMJAY
HOSP27P211530,27211530,Hospital,P,HSHCLLP'S Omkar Multispecialitis Hospital,"422/2221,Sant Tukaram Nagar,Pimpri,Pune - 411018",9096544446,27,490,"100005,100006,100012,100015,100020",2025-05-22 12:47:49,,,PMJAY
HOSP29G110610,29110610,Hospital,G,PRIMARY HEALTH CENTRE AYAVANA,"PRIMARY HEALTH CENTRE AYAVANA,VAZHAKULAM ROAD",0,32,555,,2019-11-18 19:37:27,9.982164561821598,76.63915508734489,PMJAY
HOSP29P111466,29111466,Hospital,P,ATHAAYU MULTISPECILAITY HOSPITAL ,"a/p kaneri tal - karveer dist - kolhapur,kaneri math, near gokul shirgaon MIDC",0,27,480,,2019-12-11 16:00:12,16.6113480000001,74.2653680000001,PMJAY
HOSP29P115757,29115757,Hospital,P,Mahatma Gandhi Cancer Hospital Miraj Unit 2,"Budhagoankar mala zari baug ,Near Gulabrao Patil Homeopathic College Miraj ",0,27,493,,2020-04-07 21:00:04,16.829196,74.639395,PMJAY
HOSP29P163199,29163199,Hospital,P,Kolhapur Institute of orthopaedics And Trauma,"Near CBS New Shahupuri Kolhapur,near rajeev gandhi statue ",0,27,480,,2023-04-21 15:06:30,16.703672,74.2368940000001,PMJAY
HOSP29P163204,29163204,Hospital,P,milind parikh,"dhamani road, behind takshila school,",0,27,493,,2023-04-21 15:06:31,16.832251,74.576948,PMJAY
HOSP29P163213,29163213,Hospital,P,yashodharahospital,"6158,Siddheshwar Peth, Near Zilla Parishad",0,27,496,,2023-04-21 15:06:31,17.670245,75.9095800000001,PMJAY
HOSP29P163219,29163219,Hospital,P,Shri Sai Cardiac Centre ,"2021/B. E ward, Rajarampuri 6th lane, Kolhapur,",0,27,480,,2023-04-21 15:06:32,16.694475,74.2403955,PMJAY
HOSP29P163235,29163235,Hospital,P,HOMBALKAR SURGICAL HOSPITAL,"Station Road Opp. Ambedkar Garden Shivajinagar Miraj,SHIVAJINAGAR",0,27,493,,2023-04-21 15:06:33,16.826729369953497,74.64210558544778,PMJAY
HOSP29P163265,29163265,Hospital,P,DESAI HOSPITAL,"2652 DESAI HOSPITAL,DOCTORS COLONY",0,27,480,,2023-04-21 15:06:36,16.22202540728965,74.35297853613179,PMJAY
HOSP29P163288,29163288,Hospital,P,Orthopaedic Polytrauma Arthroscopy Arthroplasty Spine sugery ,"Miraj sangli road , opp.mahasul bahvan , ,Miraj sangli Road , Opp. Mahasul bhavan",0,27,493,,2023-04-21 15:06:37,16.832843,74.6384180000001,PMJAY
HOSP29P163289,29163289,Hospital,P,City Hospital,"1708 E 8th Lane Main Road Rajarampuri Kolhapur,1708 E 8th Lane Main Road Rajarampuri Kolhapur",0,27,480,,2023-04-21 15:06:38,16.693959713087978,74.24308775476595,PMJAY
HOSP29P163292,29163292,Hospital,P,Balwant institute of Neurosurgery and Intensive trumacare,"111.modi khana near sat rasta solapur,",0,27,496,,2023-04-21 15:06:38,17.6581600000001,75.90403,PMJAY
HOSP29P163301,29163301,Hospital,P,Kolhapur Cancer centre,"Opposite mayur petrol pump gokul shirgaon,Bangalore pune highway",0,27,480,,2023-04-21 15:06:38,16.658193821019452,74.26965279989884,PMJAY
HOSP29P181691,29181691,Hospital,P,life line trauma brain and spine centre,"opp. shahu dayannad high school near bhakti pooja nagar, mangalwar peth,renuka mandir chowk",0,27,480,,2023-11-03 17:31:59,16.687532,74.2295330000001,PMJAY
HOSP30P101011,30101011,Hospital,P,PAI HOSPITAL,,7798973345,30,552,,,15.39754,73.82936,PMJAY
HOSP30G112380,30112380,Hospital,G,Primary Health Center QUEPEM,"Borimol, Quepem, Goa",9011025064,30,552,,,15.2281854,74.0646984,PMJAY
HOSP30G112388,30112388,Hospital,G,Primary Health Centre Marcaim,Marcaim,9011025024,30,552,,,15.4220138,73.9497256,PMJAY
HOSP30G112405,30112405,Hospital,G,phc aldona,"Carona, Aldona Bardez Goa.",9011025025,30,551,,,15.577880,73.862719,PMJAY
HOSP30G112407,30112407,Hospital,G,Primary Health Centre Shiroda,"Karai Mall, Shiroda",9823229193,30,551,,,15.3213249,74.0358876,PMJAY
HOSP30G112409,30112409,Hospital,G,phc candolim,Vaddy - Candolim,9011025028,30,551,,,15.515130222,73.7681497836927,PMJAY
HOSP30G112411,30112411,Hospital,G,Primary Health Centre Curtorim,Curtorim,7447769034,30,552,,,15.291696,74.024358,PMJAY
HOSP30G112585,30112585,Hospital,G,phcbetki,Betki Ponda Goa,7507368988,30,551,,,15.5130675248,73.9833541413636,PMJAY
HOSP32G100227,32100227,Hospital,P,Daya General Hospital Ltd,"Daya General Hospital Ltd, Viyyur, Thrissur-680022",9895376481,32,566,,,10.51667,76.21667,PMJAY
HOSP32P100275,32100275,Hospital,P,CHRISTURAJ HOSPITAL,"PULAMON P O KOTTARAKKARA,",9447461920,32,559,,2023-11-21 18:22:13,9.006239966961715,76.7793061999671,PMJAY
HOSP32P100323,32100323,Hospital,P,providence hospital .,"PROVIDENCE HOSPITAL , THUMPOLY , ALAPPUZHA",9496883385,32,554,"100002,100005,100006,100012,100014,100015,100016,100017",2021-04-30 21:59:57,9.5260443,76.3286143,PMJAY
HOSP32P100353,32100353,Hospital,P,DIVINE MEDICAL CENTRE LIMITED,"10/1028,WADAKKANCHERY",9496948422,32,566,"100002,100005,100006,100011,100012,100015,100017,100023",2021-04-27 12:40:18,10.664834341552464,76.25185587129079,PMJAY
HOSP32P101031,32101031,Hospital,P,HUDA TRUST HOSPITAL,"HUDA TRUST HOSPITAL,KUMARAPURAM",9747931425,32,554,,,9.28304400000007,76.4426240000001,PMJAY
HOSP32P101058,32101058,Hospital,P,Suchitra Medical Centre ,"SUCHITHRA MEDICAL CENTRE ,MARKET ROAD KILIMANOOR",9447272633,32,565,,2023-11-21 18:22:13,8.76770992432202,76.87701674984396,PMJAY
HOSP32P101115,32101115,Hospital,P,Chaithanya ENT Hospital,"Chaithany ENT Hospital, Kadavanthra",7306927155,32,555,,2023-11-21 18:22:13,10.99972,75.99087,PMJAY
HOSP32P101200,32101200,Hospital,P,ANAAMAYA MEDICAL INSTITUTE,ANAAMAYA MEDICAL INSTITUTE ANNUR ROAD PAYYANNUR KANNUR DISTRICT,9048175500,32,557,,,12.119854,75.208968,PMJAY
HOSP32P101578,32101578,Hospital,P,MBR MEDICAL TRUST SPECIALISTS HOSPITAL,"Haji KCM road, Opp. Ernakulam North Railway Station.",9400155777,32,555,,,9.990499,76.285921,PMJAY
HOSP32P101614,32101614,Hospital,P,Chaliyar Hospital,Chaliyar Hospital,9895440249,32,562,,2023-11-21 18:22:13,10.00313,76.29537,PMJAY
HOSP32P101909,32101909,Hospital,P,Anwar Memorial hospital ,"Anwar Memorial Hospital  Road, Near Pvt Bus Stand, Aluva,Anwar memorial hospital  Road, Near pvt bus stand, Aluva",8136839561,32,555,"100006,100008,100012,100015,100016,100017,100020,100022,100023",2024-07-11 14:18:59,10.10758950004076,76.35643996677754,PMJAY
HOSP32G101960,32101960,Hospital,G,Community Health Centre Oduvallithattu,"Community Health Centre,Oduvallithattu",9447948055,32,557,"100001,100002,100003,100004,100005,100006,100007,100008,100009,100010,100011,100012,100013,100014,100015,100016,100017,100018,100019,100020,100021,100022,100023,100026,100028",2019-12-11 21:15:08,12.1323542738305,75.4340293562309,PMJAY
HOSP32P102176,32102176,Hospital,P,LAKSHMI HOSPITAL ALUVA,MEZHUKKATTIL BUILDINGS SUBJAIL ROAD ALUVA,9447500888,32,555,,2023-11-21 18:22:13,10.10547,76.35844,PMJAY
HOSP32P102353,32102353,Hospital,P,THE KADUTHURUTHY CO OPERATIVE HOSPITAL,THE COOPERATIVE  HOSPITAL KADUTHURUTHY,9447659560,32,560,,2024-07-12 17:52:13,9.766322,76.493715,PMJAY
HOSP32P103052,32103052,Hospital,P,Rajagiri Hospital,"CHUNAGAMVELI, ALUVA",7907964025,32,555,,,10.09074,76.38852,PMJAY
HOSP32G103331,32103331,Hospital,G,TH Bedadka,"TH Bedadka,Bedadka,Kasragod",9400601939,32,558,"100001,100002,100003,100004,100005,100006,100007,100008,100009,100010,100011,100012,100013,100014,100015,100016,100017,100018,100019,100020,100021,100022,100023,100026,100028",2019-09-24 10:39:58,12.5890818,75.002031,PMJAY
HOSP32G108537,32108537,Hospital,G,CHC VELLANAD,"CHC VELLANAD, VELLANAD,TVM",8589008677,32,565,"100001,100002,100003,100004,100005,100006,100007,100008,100009,100010,100011,100012,100013,100014,100015,100016,100017,100018,100019,100020,100021,100022,100023,100026,100028",2020-07-04 09:37:38,8.561641,77.054137,PMJAY
HOSP32P111133,32111133,Hospital,P,SREEDHAR MEMORIAL HOSPITAL ,"8/450, vattathuvayal , vaduvanchal po , wayanad -,",9656056222,32,567,,2023-11-21 18:22:13,11.550815792242354,76.21271021019972,PMJAY
HOSP32P111579,32111579,Hospital,P,PADMAVATHY MEDICAL FOUNDATION,"PADMAVATHY MEDICAL FOUNDATION,",9562510042,32,559,,2023-11-21 18:22:13,9.05330800000007,76.633205,PMJAY
HOSP32P111687,32111687,Hospital,P,AMAL HOSPITALS AND RESEARCH CENTRE,"PERUMALPURAM (PO),THIKKODI,KOZHIKODE ,",9946057055,32,561,"100005,100006,100015",2020-07-27 09:32:01,11.50703952521593,75.62487739382095,PMJAY
HOSP32P112676,32112676,Hospital,P,MUNDAKKAYAM MEDICAL TRUST HOSPITAL,MUNDAKYAM EAST P.O. IDUKKI DISTRICT KERALA 686513,9446463400,32,556,,,9.535369,76.908929,PMJAY
HOSP32P113265,32113265,Hospital,P,JAFAR MEDICAL CENTRE,JAFAR MEDICAL CENTRE,7025800075,32,562,,2023-11-21 18:22:13,11.194408,76.239593,PMJAY
HOSP32G113503,32113503,Hospital,G,RTC 3 HOSPITAL CRPF PERINGOME,RTC 3 HOSPITAL CRPF PERINGOME,9496325207,32,557,"100001,100002,100003,100004,100005,100006,100007,100008,100009,100010,100011,100012,100013,100014,100015,100016,100017,100018,100019,100020,100021,100022,100023,100026,100028",2020-02-17 11:16:31,12.2133361,75.2900711,PMJAY
HOSP32P115137,32115137,Hospital,P,CARITAS HOSPITAL,"CARITAS HOSPITAL, THELLOKAM POST",9745473982,32,560,,,9.646275,76.549214,PMJAY
HOSP32P115227,32115227,Hospital,P,SOUTH SHORE HEALTHCARE PTIVATE LIMITED,"SOUTH SHORE ENT HOSPITAL, OPPOSITE BAVA PALLI, KUNNAMKULAM",8330085699,32,566,,2023-11-21 18:22:13,10.63323,76.05789,PMJAY
HOSP32P116033,32116033,Hospital,P,P S Mission Hospital,"Maradu, Ernakulam, Kochi",9495646703,32,555,"100002,100004,100005,100006,100010,100011,100012,100014,100015,100016,100017,100020,100023",2020-11-18 17:18:36,9.9384916,76.3227182,PMJAY
HOSP32P116185,32116185,Hospital,P,CITY INSTITUTE OF MEDICAL SCIENCES KERALA PRIVATE LIMITED,"KUSAVANKUNNU, AJANUR PO, RAMNAGAR ROAD, KANHANGAD,",8848491303,32,558,"100001,100004,100005,100006,100010,100012,100015,100016,100017,100019,100022,100023",2020-06-20 12:34:47,12.3323790000001,75.095354,PMJAY
HOSP32P116268,32116268,Hospital,P,WEST FORT HOSPITAL,WEST FORT HOSPITAL WEST FORT THRISSUR,8157067280,32,566,,,10.525159,76.202714,PMJAY
HOSP32P116269,32116269,Hospital,P,WEST FORT HI TECH HOSPITAL LIMITED,PB NO 930 PUNKUNNAM THRISSUR,8157067280,32,566,,,10.536623,76.201922,PMJAY
HOSP32P116404,32116404,Hospital,P,SRI RAMAKRISHNA ASHRAMA CHARITABLE HOSPITAL,SASTHAMANGALAM,9895289851,32,565,,,8.513058,76.976782,PMJAY
HOSP32P116599,32116599,Hospital,P,crescent care home,"crescent care home,muyippoth",8330880190,32,561,"100005,100023",2020-07-31 13:23:03,11.5669949374427,75.69346579204137,PMJAY
HOSP32P116600,32116600,Hospital,P,Iqraa International Hospital & Research Centre,"Wayanad road, Malaparamba",8089104447,32,561,"100001,100002,100003,100004,100005,100006,100007,100008,100010,100011,100012,100014,100015,100016,100017,100019,100020,100023",2020-07-31 13:29:46,11.28702,75.79873,PMJAY
HOSP32P116703,32116703,Hospital,P,MARK HOSPITAL,"POTHUKALLU, BHOODAN PO, NILAMBUR",9947511242,32,562,,,11.41949,76.24954,PMJAY
HOSP32P116747,32116747,Hospital,P,LAKSHMI HOSPITAL,"62/623,DIWANS ROAD, ERNAKULAM SOUTH, COCHIN - 682016,KERALA,INDIA,DIWANS ROAD, eRNAKULAM",9496094401,32,555,,2023-11-21 18:22:13,9.965970,76.284266,PMJAY
HOSP32P118144,32118144,Hospital,P,B AND B MEMORIAL HOSPITAL,"VI /964-1 MODEL ENGINEERING COLLEGE ROAD,OPP. THRIKKAKARA TEMPLE",9072647608,32,555,,2023-11-21 18:22:13,10.033574465734404,76.32955739124623,PMJAY
HOSP32P118807,32118807,Hospital,P,LAL MEMORIAL HOSPITAL," LAL MEMORIAL HOSPITAL , MADAYIKONAM P.O , MAPRANAM , THRISSUR DIST",8943291481,32,566,,2024-07-12 17:52:13,10.3769,76.2201,PMJAY
HOSP32P119048,32119048,Hospital,P,Kristu Jayanti Hospital,"Perumpilly, Vypin",9496001060,32,555,"100004,100005,100006,100012,100015,100016,100017",2020-10-08 11:35:43,10.03704,76.29492,PMJAY
HOSP32P119194,32119194,Hospital,P,hospital,"46/2080,",9497897934,32,555,,2023-11-21 18:22:13,9.986809988805504,76.31683299184613,PMJAY
HOSP32P119242,32119242,Hospital,P,SHIBA SURGERY AND UROLOGY CENTRE,"SHIBA SURGERY AND UROLOGY CENTRE, WAYANAD ROAD, CALICUT",9633649633,32,561,,2024-07-12 17:52:13,11.26724,75.77843,PMJAY
HOSP32P119399,32119399,Hospital,P,Meitra Hospital,Karaparmaba,9207702006,32,561,,,11.30177,75.7749,PMJAY
HOSP32P119404,32119404,Hospital,P,MALABAR INSTITUTE OF MEDICAL SCIENCES LTD KOTTAKKAL,"MALABAR INSTITUTE OF MEDICAL SCIENCES LTD KOTTAKKAL, THRISSUR ROAD, CHANGUVETTY, KOTTAKKAL PO, MALAPPURAM DT",9656000191,32,562,,,10.9958562,75.9939897,PMJAY
HOSP32P119414,32119414,Hospital,P,MAK Hospitals pvt ltd ,"Cheruvannur,feroke,kozhikode",9388122555,32,561,"100002,100004,100005,100006,100008,100012,100014,100015,100016,100017,100023",2024-04-04 15:57:50,11.1876,75.82962,PMJAY
HOSP32P119422,32119422,Hospital,P,JUBILEE MISSION MEDICAL COLLEGE AND RESEARCH INSTITUTE,"east fort,Moospet Road",9846020526,32,566,"100001,100002,100003,100004,100005,100006,100007,100008,100010,100012,100014,100015,100016,100017,100019,100020,100021,100022,100023,100026,100027",2020-08-01 17:48:10,10.517952569865372,76.22528640080827,PMJAY
HOSP32P119465,32119465,Hospital,P,St.Sebastian Hospital Arthunkal,st sebastian visitation hospital,9446192120,32,554,,,9.65838,76.29944,PMJAY
HOSP32P119494,32119494,Hospital,P,SACRED HEART GENERAL HOSPITAL,Greengardens,9645842439,32,554,,,9.6619731,76.3390696,PMJAY
HOSP32P119522,32119522,Hospital,P,Iqraa Psychiatric care & Rehabilitation Centre,"Iqraa Psychiatric care and Rehabilitation centre, Eranhipalam",9446358821,32,561,,,11.28039,75.78718,PMJAY
HOSP32P119524,32119524,Hospital,P,SAMARITAN HOSPITAL,"PAZHANGANAD, KIZHAKKAMBALAM 683562",7907710829,32,555,"100004,100005,100006,100012,100013,100015,100016,100017,100026",2020-08-12 15:26:19,10.044576491,76.3976052304515,PMJAY
HOSP32P119529,32119529,Hospital,P,vvhospital&tsy,"VV view hospital, Karadi, thamarassery, kozhikode - 673572",9895985819,32,561,,,11.408248,75.9321939,PMJAY
HOSP32P119535,32119535,Hospital,P,GIMCARE HOSPITAL A UNIT OF GENESIS INSTITUTE OF MEDICAL SCIENCE PVT LTD,GIMCARE HOSPITAL,6360924859,32,557,,,11.83995,75.42794,PMJAY
HOSP32P119551,32119551,Hospital,P,BHARATH HOSPITAL,AZAD LANE,9744711000,32,560,,,9.58967,76.51961,PMJAY
HOSP32P119555,32119555,Hospital,P,SP MULTI SPECIALITY HOSPITALS PVT LTD,SP MULTISPECIALITY HOSPITALS PVT LTD,9443460435,32,565,,,8.342192,77.15602,PMJAY
HOSP32P119570,32119570,Hospital,P,INDIRA GANDHI CO OPERATIVE HOSPITAL,"Indira Gandhi Co-operative Hospital,Manjodi,Thiruvangad(PO),Thalassery",9744100901,32,557,,,11.74712,75.50643,PMJAY
HOSP32P119584,32119584,Hospital,P,JUBILEE MEMORIAL HOSPITAL,"MEADS LANE, PALAYAM",9744522299,32,565,,,8.50238,76.95233,PMJAY
HOSP32P119597,32119597,Hospital,P,Amala Institue of Medical Science,"Amala Hospital,Amala Nagar",7994690355,32,566,,2023-11-21 18:22:13,10.560585361339847,76.16944669603254,PMJAY
HOSP32P119619,32119619,Hospital,P,PRS Hospital Pvt. Ltd ,"TC 21/53, Killipalam, Trivandrum - 695002",9567957444,32,565,,,8.48118,76.95897,PMJAY
HOSP32P119636,32119636,Hospital,P,Carmel Hospital Asokapuram,"Carmel Hospital,Asokapuram ,Aluva",9061534400,32,555,,,10.1003709,76.3570382,PMJAY
HOSP32P119720,32119720,Hospital,P,DAYA SUPER SPECIALTY HOSPITAL,"K PURAM POST,  MOOLAKKAL, TANUR",8606434858,32,562,,,10.36666,76.12823,PMJAY
HOSP32P119737,32119737,Hospital,P,MARIA NILAYAM HOSPITAL,"Ambalathumoola, Adimalathura, Chowara P.O.",9446613570,32,565,"100004,100005,100006,100012",2020-09-04 12:45:18,8.353826,77.03072,PMJAY
HOSP32P119738,32119738,Hospital,P,Samad IVF Hospitals,VV ROAD PATTOOR,8078811101,32,565,,,8.495657,76.93667,PMJAY
HOSP32P119772,32119772,Hospital,P,RAJIVGANDHICOOPERATIVEINSTITUTEOFMEDICALSCIENCELTDNUMBERC1999SREEKANDAPURAM,"SREEKANDAPURAM,KOTTOOR,670631,KANNUR",9605477613,32,557,,,12.04032,75.51214,PMJAY
HOSP32P119809,32119809,Hospital,P,ASTEN SPECIALTY ORTHOPAEDIC HOSPITAL,"NH66,PO Pantheerankavu,Kozhikode-",8589028880,32,561,,2024-07-12 18:52:28,11.23182,75.85169,PMJAY
HOSP32P119811,32119811,Hospital,P,Thalassery Mission Hospital Pvt.Ltd,Goods shed Road Thalassery 670101,9526107858,32,557,,,11.75411,75.49114,PMJAY
HOSP32P119914,32119914,Hospital,P,THE PAYYANUR CO OPERATIVE HOSPITAL SOCIETY LTD,SOUTH BAZAR PAYYANUR KANNUR KERALA ,9446653829,32,557,,2024-07-12 17:52:13,12.10632,75.21049,PMJAY
HOSP32P120124,32120124,Hospital,P,MODERN HOSPITAL KODUNGALLUR LTD.,"P B No. 22, Chathedath parambu, P O Kodungallur",9249582663,32,566,,,10.23441,76.18994,PMJAY
HOSP32P120133,32120133,Hospital,P,KOYILI HOSPITAL,"NH-17, TALAP",9747223355,32,557,,2024-07-12 17:52:13,11.88716,75.37184,PMJAY
HOSP32P120141,32120141,Hospital,P,KINDER MULTISPECIALITY HOSPITAL,"Changampuzha Nagar, Pathadipalam, Kalamassery, Kochi",7306701367,32,555,,,10.03851,76.31595,PMJAY
HOSP32P120222,32120222,Hospital,P,Cosmopolitan Hospitals Pvt.Ltd,"Murinjapalam , Pattom ",8921882103,32,565,,,8.51593,76.9356,PMJAY
HOSP32P120244,32120244,Hospital,P,JANARDAN HOSPITAL,"BANK ROAD , KASARAGOD,",9567868900,32,558,"100004,100005,100006,100010,100012,100015,100017,100023",2020-09-29 12:15:01,12.504348682777207,74.98848407672001,PMJAY
HOSP32P120254,32120254,Hospital,P,MOUNT SINAI MEDICAL CLINIC,PARANTHAL (P.O),9633470227,32,564,,2023-11-21 18:22:13,9.188147,76.70703,PMJAY
HOSP32P120308,32120308,Hospital,P,TSC Hospital Pvt Ltd,"NH Bypass, Kulathoor, Near UST Global And Infosys Campuses, Trivandrum, Kerala",9539485673,32,565,,2024-07-12 18:52:28,8.5399335,76.8785249,PMJAY
HOSP32P120338,32120338,Hospital,P,ANUPAMA HOSPITAL,Anupama hospital,8590817830,32,565,,2024-07-12 18:52:28,8.358379,77.05032,PMJAY
HOSP32P120493,32120493,Hospital,P,SALALA DIALYSIS CENTRE,SALALA CENTRE KOORANMUK ULIYIL KANNUR,9526882000,32,557,"100005,100023",2020-10-04 08:51:14,11.94919,75.63066,PMJAY
HOSP32P120575,32120575,Hospital,P,GMC FOUNDATION ORTHO HOSPITAL,"CH CROSS ROAD  EAST NADAKKAVU PO KOZHIKODE,",9447931096,32,561,"100005,100011,100015",2023-11-21 18:22:13,11.273769775621213,75.77680203885274,PMJAY
HOSP32P120739,32120739,Hospital,P,KMC HOSPITAL,KMC HOSPITAL,7560977600,32,561,,2023-11-21 18:22:13,11.34158,75.89837,PMJAY
HOSP32P120802,32120802,Hospital,P,KRISHNA HOSPITAL,MG CHITOOR ROAD,9349133307,32,555,,,9.974997,76.2848193,PMJAY
HOSP32P120803,32120803,Hospital,P,ELITE MISSION HOSPITAL,"P.B.No.1414, P.O.Koorkenchery, Thrissur - 680 007,Kerala, India",9562856760,32,566,,,10.50262,76.21103,PMJAY
HOSP32P120813,32120813,Hospital,P,BABY MEMORIAL HOSPITAL,"Baby Memorial Hospital,Indira Gandhi Road,Calicut",9400458374,32,561,,2024-07-12 18:52:28,11.26048,75.79255,PMJAY
HOSP32P120816,32120816,Hospital,P,RIVERSHORE HOSPITAL,"RIVERSHORE HOSPITAL POONOOR, UNNIKUMA(PO) THAMARASSERY,",7306267311,32,561,"100004,100005,100006,100010,100012,100015,100016,100017",2020-10-27 13:18:03,11.434602199663999,75.90375723766226,PMJAY
HOSP32P120860,32120860,Hospital,P,SANJOE HOSPITAL,"SANJOE HOSPITAL, AM ROAD, PERUMBAVOOR",9656420120,32,555,,,10.114564,76.4726896,PMJAY
HOSP32P120865,32120865,Hospital,P,SAHRUDAYA HOSPITAL,SAHRUDAYA HOSPITAL THATHAMPALLY P O ALAPPUZHA,9061013013,32,554,,,9.50543,76.342,PMJAY
HOSP32P120875,32120875,Hospital,P,ATTUKAL DEVI INSTITUTE OF MEDICAL SCIENCES LTD,"ATTUKAL DEVI INSTITUTE OF MEDICAL SCIENCES LTD, ATTUKAL, MANACAUD P.O, THIRUVANANTHAPURAM",8289960423,32,565,100005,2024-04-22 13:06:42,8.468512,76.95492,PMJAY
HOSP32P120901,32120901,Hospital,P,VALIYATH INSTITUTE OF MEDICAL SCIENCES,"Valiyath institute of medical sciences, Karunagapally, Kollam , Pin 690518,",8590929891,32,559,"100002,100004,100005,100006,100011,100012,100014,100015,100016,100017,100023",2020-11-09 17:04:21,9.054302369882617,76.54020007934763,PMJAY
HOSP32P120930,32120930,Hospital,P,High Range Hospital,"High Range Hospital, Tata Consumer Products Ltd, Munnar-685612",9188818766,32,556,,,10.08866,77.05651,PMJAY
HOSP32P120995,32120995,Hospital,P,ERNAKULAM MEDICAL CENTRE PVT.LTD,"N H Bypass Road, Vennala Post,",9895666652,32,555,,,9.9918947,76.3274549,PMJAY
HOSP32P120996,32120996,Hospital,P,M A G J  HOSPITAL,MOOKKANNOOR,9539282783,32,555,,,10.22083,76.41356,PMJAY
HOSP32P121001,32121001,Hospital,P,Lakeshore Hospital & Research Centre Ltd,"XVI/612, NETTOOR PO, KOCHI ",9946912911,32,555,,,9.91919,76.31893,PMJAY
HOSP32P121025,32121025,Hospital,P,ST JOSEPH HOSPITAL,ST JOSEPHS HOSPITAL,8547922651,32,555,,,10.06019,76.635083,PMJAY
HOSP32P121030,32121030,Hospital,P,N S MEMORIAL INSTITUTE OF MEDICAL SCIENCES,"N S MEMORIAL INSTITUTE OF MEDICAL SCIENCES, NH BYPASS ROAD, PALATHARA,THATTAMALA,",9447453830,32,559,"100004,100005",2020-10-28 12:23:09,8.879926119764463,76.64030947349875,PMJAY
HOSP32P121097,32121097,Hospital,P,BROTHERS MEDICAL CENTRE,"BROTHERS MEDICAL CENTRE , BROTHERS TOWER, PALODE",9947472051,32,565,,2023-11-21 18:22:13,8.723947,77.02858,PMJAY
HOSP32P121110,32121110,Hospital,P,AVITIS SUPER SPECIALTY HOSPITALS PVT LTD,"Opposite Japamalarani Church, Thrissur-Pollachi Main Road, Nemmara, Palakkad",9188528420,32,563,,,10.590120,76.582707,PMJAY
HOSP32P121132,32121132,Hospital,P,COOPERATIVEHOSPITALTCR.1969,TRICHUR DISTRICT COOPERATIVE HOSPITAL LTD NO R 306,9447068502,32,566,,,10.52762,76.20962,PMJAY
HOSP32P121163,32121163,Hospital,P,VALLUVANAD HOSPITAL COMPLEX LIMITED,KANNIYAMPURAM(PO). OTTAPALAM,9886281234,32,563,,2023-11-21 18:22:13,10.73345,76.03111,PMJAY
HOSP32P121270,32121270,Hospital,P,Chazhikattu Hospitals Pvt Ltd,"IX/139A.River view Road,Thodupuzha",8589947888,32,556,,,9.89907,76.71005,PMJAY
HOSP32P122099,32122099,Hospital,P,CRESCENT HOSPITAL ,COURT ROAD,9446354333,32,563,,,10.6478129156,76.544675152269,PMJAY
HOSP32P122325,32122325,Hospital,P,AL SALAMA HOSPITAL,"AL SALAMA HOSPITAL , VENGARA ",9947087005,32,562,,,11.05185,75.97861,PMJAY
HOSP32P122425,32122425,Hospital,P,VIMS CARE AND CURE,"VIMS CARE AND CURE, PIPELINE ROAD, KALLACHI,",9895156915,32,561,,2023-11-21 18:22:13,11.690981992336212,75.66528685437758,PMJAY
HOSP32P122437,32122437,Hospital,P,ST. MARYS HEALTHCARE PRIVATE LIMITED,ST MARYS HOSPITAL OLAMATTOM IDUKKIROAD THODUPUZHA,9447523396,32,556,,,9.89232,76.71573,PMJAY
HOSP32P122493,32122493,Hospital,P,HOLY FAMILY HOSPITAL ,HOLY FAMILY HOSPITAL,8943797586,32,556,,,9.912154,76.73368,PMJAY
HOSP32P122511,32122511,Hospital,P,ST JOHNS HOSPITAL,Kattappana South P O  Idukki Kerala,8606137779,32,556,,,9.754013403,77.1097536986279,PMJAY
HOSP32P122653,32122653,Hospital,P,Fathima Hospital,"FATHIMA HOSPITAL,BANK ROAD",9846355415,32,561,"100002,100004,100005,100006,100007,100012,100015,100016,100023",2020-12-24 12:09:14,11.26,75.78,PMJAY
HOSP32P122659,32122659,Hospital,P,ILA CHARITABLE TRUST,"ILA CHARITABLE TRUST, REG.NO. 151/2014 DOOR NO. 6/458 A, NATIONAL HIGHWAY, KOZHIKODE ROAD, NEAR KINFRA PARK, KUTTIPURAM POST, PIN- 679571",9447046003,32,562,,2024-07-12 17:52:13,10.863428,76.037599,PMJAY
HOSP32P122846,32122846,Hospital,P,PEEKAY EYE CARE HOSPITAL,"PEEKAY EYE CARE HOSPITAL , SHOPPERS MALL , NCC ROAD , THALASSERY , KANNUR DIST , PIN-670101",8590687132,32,557,,,11.74985,75.49218,PMJAY
HOSP32P122953,32122953,Hospital,P,SARASWATHY HOSPITAL,"PAVATHIYANVILA, PARASSALA,PARASSALA",7907114363,32,565,"100002,100003,100005,100006,100012,100015",2020-12-23 17:41:04,8.34823700000004,77.1493400000001,PMJAY
HOSP32P123784,32123784,Hospital,P,GAUTHAM HOSPITAL," PB-868, Mons. Mathew Kothakathu Rd, Panayappilly, Kochi",8089059079,32,555,,,9.9471079,76.2560086,PMJAY
HOSP32P123915,32123915,Hospital,P,KAHM HOSPITAL CHERUVATHUR,"NH NJANKAI ,CHERUVATHUR, KASARAGOD, KERALA,",9495458554,32,558,,,12.213593080070552,75.16304657938724,PMJAY
HOSP32P124080,32124080,Hospital,P,Atreya Hospital. a unit of Divyaram Medical & Research Institute Pvt. Ltd.,"EAST FORT-GURUVAYUR ROAD, NEAR PIPE LINE JUNCTION, EAST FORT, THRISSUR - 600 005",9387493222,32,566,,,10.5286547,76.2261092,PMJAY
HOSP32P124096,32124096,Hospital,P,Dr Raheems Meternity and Surgical Hospital,"MalappuramRoad , Tazhe Kottakkal",9495258160,32,562,,,11.1114482,75.9821018193587,PMJAY
HOSP32P124133,32124133,Hospital,P,CMC EYE CARE,"VEZHUPOOR ROAD , THAMARASSERI , KOZHIKODE DIST",9947666799,32,561,,,11.415253,75.93729,PMJAY
HOSP32P124173,32124173,Hospital,P,MJ Asha Multispeciality Hospital Alias Asha Medispeciality LLP,"4/586,4/587, Villiappally,Vadakara,Kozhikode,Kerala 673542",8589091500,32,561,,,11.624427,75.627369,PMJAY
HOSP32P124400,32124400,Hospital,P,CEEYAM HOSPITAL,"CEEYAM HOSPITAL, V.O ROAD VATAKARA, CALICUT",9846002277,32,561,,2023-11-21 18:22:13,11.60461,75.58410,PMJAY
HOSP32P124488,32124488,Hospital,P,Victory Hospital ,"Gandhi junction, Sulthan Bathery PO, Wayanad, Kerala 673 592",9447130005,32,567,,2024-07-12 17:52:13,11.66048,76.25721,PMJAY
HOSP32P124493,32124493,Hospital,P,MAMMEN MEMORIAL HOSPITAL CHENGANNUR,"MAMMEN MEMORIAL HOSPITAL,M . C ROAD",9447057791,32,554,,2023-11-21 18:22:13,9.318365326320972,76.61320774459,PMJAY
HOSP32P124503,32124503,Hospital,P,VINAYAKA HOSPITAL,"KATTAYAD ROAD,SULTHAN BATHERY ",9847765521,32,567,,,11.664128,76.253701,PMJAY
HOSP32P124516,32124516,Hospital,P,karunnya hospital,"Karunnya hospital,pattambi road,cherpulassery",9447158518,32,563,,,10.878376,76.3108638,PMJAY
HOSP32P124648,32124648,Hospital,P,Ascent Ent Hospital,"Nova Arcade, Malaparamba , Kozhikode,MALAPARAMBA",7907068473,32,561,,2023-11-21 18:22:13,11.3162946,75.803449,PMJAY
HOSP32P124654,32124654,Hospital,P,BELIEVERS CHURCH MEDICAL COLLEGE& HOSPITAL.,ST THOMAS NAGAR KUTTAPUZHA P O THIRUVALLA,8606690905,32,564,"100001,100002,100003,100004,100005,100006,100007,100008,100010,100011,100012,100013,100015,100016,100017,100020,100023,100026,100027",2021-04-21 23:42:27,9.4170021153,76.574814333,PMJAY
HOSP32P125041,32125041,Hospital,P,Al Shifa Hospital,NH-17,9846500500,32,555,,2023-11-21 18:22:13,9.9826293,76.2877436,PMJAY
HOSP32P125178,32125178,Hospital,P,STARCARE HOSPITAL KOZHIKODE PRIVATE LIMITED,"N H BYPASS JUNCTION NEAR THONDAYAD,KOZHIKODE",9048451338,32,561,,2021-04-19 07:43:39,11.269536000000102,75.80945200000008,PMJAY
HOSP32P125235,32125235,Hospital,P,ASHA HOSPITAL UNIT OF ASHA REMEDIES CO. PVT LTD,"N.H BYPASS ROAD, NUTSTREET(PO), VADAKARA, KOZHIKODE(DIST)",8589091400,32,561,,2024-07-12 18:52:28,11.608495,75.591705,PMJAY
HOSP32P125259,32125259,Hospital,P,Upasana Hospital,"Upasana Hospital, Q.S Road, Kollam",9846323244,32,559,,2024-07-12 17:52:13,8.8883116,76.5967575,PMJAY
HOSP32P125454,32125454,Hospital,P,MOTHER HOSPITAL PVT LTD,"Mother Hospital, Olari, P O Pullazhy ",9744678870,32,566,,2024-07-12 17:52:13,10.51799,76.184818,PMJAY
HOSP32P125487,32125487,Hospital,P,AL Arif Hospital,Ambalathara ,9567642395,32,565,,2024-07-12 18:52:28,8.4523825,76.9516786,PMJAY
HOSP32P126127,32126127,Hospital,P,M.A.J. Hospital,"Market Road, Edappally",9544045553,32,555,,,10.021296,76.3078324,PMJAY
HOSP32P126237,32126237,Hospital,P,TIRUR MISSION HOSPITAL PVT LTD,"THUCHAN ROAD,POONGOTTUKULAM,TIRUR",9447424094,32,562,,,10.909479,75.919388,PMJAY
HOSP32P126567,32126567,Hospital,P,NIRMALA HOSPITAL,"NIRMALA HOSPITAL, MARIKUNNU (PO), VELLIMADUKUNNU, KOZHIKODE",8943766540,32,561,"100002,100005,100011,100012,100015,100016,100017,100023",2021-04-21 23:43:42,11.2921394,75.7419859,PMJAY
HOSP32P126568,32126568,Hospital,P,Paalana Institute of Medical Sciences,"Kannadi po, palakkad, kerala, India-6978701",8281927901,32,563,,,10.7386411,76.651259,PMJAY
HOSP32P126575,32126575,Hospital,P,KADAMAPUZHA HOSPITAL ,Kadamapuzha hospital ,9489592004,32,560,,,9.5563534,76.7897937,PMJAY
HOSP32P126577,32126577,Hospital,P,DPMS HOSPITAL,"DPMS HOSPITAL, EANIKKARA, KARAKULAM",8848255622,32,565,,,8.5615023,76.9819257,PMJAY
HOSP32P126580,32126580,Hospital,P,ATHANI HOSPITAL,"Nattukkal-Athicode road, Nattukal post, Chittur Taluk",8943343277,32,563,,,10.744903,76.81632,PMJAY
HOSP32P126587,32126587,Hospital,P,ANANTHAPURI HOSPITALS & RESEARCH INSTITUTE,CHACKA NH BYPASS THIRUVANANTHAPURAM,8089572790,32,565,,2024-07-12 18:52:28,8.4863805,76.9270122,PMJAY
HOSP32P126591,32126591,Hospital,P,DR FAROOKS CHILDREN & WOMEN HOSPITAL,Paravankunnu jn  manacaud,9349350469,32,565,,,8.4565439,76.9503004,PMJAY
HOSP32P126595,32126595,Hospital,P,PARABRAHMA SPECIALITY HOSPITAL & RESEARCH CENTRE,OACHIRA ,9400963416,32,559,,,9.1223673,76.5186864,PMJAY
HOSP32P126604,32126604,Hospital,P,LOURDE HOSPITAL,LOURDE HOSPITAL,9562852484,32,557,,,12.0415404,75.3555603,PMJAY
HOSP32P126605,32126605,Hospital,P,Malankara Orthodox Syrian Church Medical Mission Hospital,Malankara Orthodox Syrian Church Medical Mission Hospital,9496339347,32,555,,,9.98277,76.48035,PMJAY
HOSP32P126613,32126613,Hospital,P,RK HOSPITAL,RK HOSPITAL TC 41  2352 MANACAUD PO,9995342189,32,565,,,8.4741885,76.9474234,PMJAY
HOSP32P126614,32126614,Hospital,P,NAMMUDE AROGYAM COMMUNITY HOSPITAL,C.K.VALAVU,9497713923,32,566,,,10.2944427,76.1576259,PMJAY
HOSP32P126615,32126615,Hospital,P,KANDALA CO OPERATIVE HOSPITAL,"Maranalloor, Koovalassery.P.O",9495168407,32,565,,,8.4714318,77.0724667,PMJAY
HOSP32P126627,32126627,Hospital,P,Modern Hospital,"Guruvayoor Road,Koottanad",9447249410,32,563,"100005,100006,100012,100017",2021-04-27 20:18:49,10.760348789484311,76.1187956713186,PMJAY
HOSP32P126628,32126628,Hospital,P,KINDER WOMENS HOSPITAL ,Maruthorvattom PO,9495821545,32,554,,,9.6631916,76.3411907,PMJAY
HOSP32P126631,32126631,Hospital,P,Sanjivani Multispecialty Hospital,Kollakadavu P.O,9447704787,32,554,,,9.259185,76.596195,PMJAY
HOSP32P126746,32126746,Hospital,P,KVM SUPER SPECIALTY HOSPITAL,"PB NO 30, CHERTHALA",9037100389,32,554,,,9.4907121,76.3402018,PMJAY
HOSP32P126751,32126751,Hospital,P,Malabar Multi Speciality Centre Pvt Ltd.,Civil station P O,8606873873,32,561,,,11.2805772,75.7847107,PMJAY
HOSP32P126752,32126752,Hospital,P,MGM MUTHOOT MEDICAL CENTRE PVT LTD PATHANAMTHITTA,"MGM MUTHOOT MEDICAL CENTRE PVT LTD ,RING ROAD,PATHANAMTHITTA",8281066886,32,564,,,9.2619379,76.7899798,PMJAY
HOSP32P126754,32126754,Hospital,P,Karothukuzhi Hospital Pvt Ltd,"Karothukuzhi Hospital Pvt Ltd, Near Market Road, Aluva",9686690102,32,555,,,10.105318,76.3509267,PMJAY
HOSP32P126755,32126755,Hospital,P,SKY SUPER SPECIALITY HOSPITAL,"Peravoor Road, Payancherimukku, Iritty",9072986677,32,557,,,11.9822568,75.6769807,PMJAY
HOSP32P126756,32126756,Hospital,P,Apollo Adlux Hospital,"No. 35/2, Block No.3, Cable Junction, Karukutty P.O, Angamaly, Ernakulam, Kerala, Pin 683 576.",7594046160,32,555,,,10.2350772,76.372265043,PMJAY
HOSP32P126757,32126757,Hospital,P,MAR BASELIOS MEDICAL MISSION HOSPITAL,kothamangalam p o kothamangalam 686691,9495428185,32,555,,,10.0645629,76.6223424,PMJAY
HOSP32P126759,32126759,Hospital,P,Thangam Hospital of PMRC,"Chadanamkurussi, West Yakkara, Palakkad",9895837893,32,563,,2023-11-21 18:22:13,10.7548129,76.6384994,PMJAY
HOSP32P126768,32126768,Hospital,P,Thaliparamba cooperative hospital society ltd,"Taliparamba cooperative hospital,taliparamba,670141",8590558586,32,557,,,12.0432875,75.3727915,PMJAY
HOSP32P126773,32126773,Hospital,P,SHIFA HOSPITAL,"SHIFAHOSPITAL, KALLAMPARA , PERUMUGAM P,O FEROKE CALICUT,KALLAMPARA",9995670120,32,561,"100002,100004,100005,100006,100012,100015,100016,100017",2021-07-02 00:04:52,11.159167999999994,75.84915899999999,PMJAY
HOSP32P126778,32126778,Hospital,P,AMANA MEDICAL INSTITUTE PVT LTD,AMANA MEDICAL INSTITUTE PVT LTD,9746823735,32,562,,2024-07-12 17:52:13,10.8440186,76.0339386,PMJAY
HOSP32P126784,32126784,Hospital,P,CITY HOSPITAL PVT LTD,"Padma Junction, M G ROAD",7592088555,32,555,,,9.9812585,76.2834017,PMJAY
HOSP32P126787,32126787,Hospital,P,NIRMALA MEDICAL CENTRE,"KIZHAKKEKARA, MUVATTUPUZHA",9495515764,32,555,,,9.9819371,76.5849423,PMJAY
HOSP32P126795,32126795,Hospital,P,Indira Gandhi Cooperative Hospital,"Indira Gandhi Co-operative Hospital, Kadvanthara",8129642711,32,555,,,9.96881,76.29885,PMJAY
HOSP32P126876,32126876,Hospital,P,LAKSHMI HOSPITAL,KUNNATHURMEDU,9605488999,32,563,,,10.7705646,76.6695028,PMJAY
HOSP32P126885,32126885,Hospital,P,ASSUMPTION HOSPITAL,"SULTHAN BATHERY, WAYANAD",8281876978,32,567,,2023-11-21 18:22:13,11.6625154,76.2532526,PMJAY
HOSP32P126887,32126887,Hospital,P,Aster Medcity,"Aster Medcity, Kuttisahib Road, Cheranallur",8111998012,32,555,,,10.0441292,76.2778812,PMJAY
HOSP32P126896,32126896,Hospital,P,St.James Hospital,"Old National Highway , Chalakudy",8943058834,32,566,,,10.3151438,76.335548,PMJAY
HOSP32P126897,32126897,Hospital,P,Edappal Hospitals Pvt  Ltd,Pattambi Road Edappal,9526632221,32,562,,2023-11-21 18:22:13,10.782446,76.0108389,PMJAY
HOSP32P126907,32126907,Hospital,P,DR.JOYS HOSPITAL FOR WOMEN,"DR.JOYS HOSPITAL FOR WOMEN, JAWAHAR ROAD THYKKOODAM, VYTTILA",9846042524,32,555,,,9.95886,76.31909,PMJAY
HOSP32P126913,32126913,Hospital,P,MEDICAL TRUST HOSPITAL,"M.G.ROAD,KOCHI-16",9885654468,32,555,,,9.9688436,76.291088,PMJAY
HOSP32P126914,32126914,Hospital,P,AP VARKEY MISSION HOSPITAL,"AP Varkey Hospital, Thottapady, Arakkunnam. Ernakulam District,Arakkunnam",9072347855,32,555,"100002,100005",2021-06-28 14:47:18,9.886479088346093,76.44752952397653,PMJAY
HOSP32P126924,32126924,Hospital,P,CMC HOSPITAL,C.M.C HOSPITAL MC ROAD GANDHINAGAR JUNCTION ,9562084100,32,560,,2024-07-12 17:52:13,9.62698,76.54019,PMJAY
HOSP32P126934,32126934,Hospital,P,BEON LIFECARE PRIVATE LIMITED,THURUTHIPURAM PUTHANVELIKKARA,9495957088,32,555,,,10.19441,76.22791,PMJAY
HOSP32P126935,32126935,Hospital,P,NAJATH HOSPITAL,"Najath Hospital ,Bridge Road, Aluva",9037088234,32,555,,,10.107796,76.350693,PMJAY
HOSP32P127171,32127171,Hospital,P,VIJAYA HOSPITAL,"Pulamon PO, Kottarakkara",9447211314,32,559,,,9.0046648,76.7839458,PMJAY
HOSP32P127224,32127224,Hospital,P,MEDICARE HOSPITAL,"MEDICARE HOSPITAL, T.K.PURAM, KODUNGALLUR",7902863433,32,566,,2024-07-12 17:52:13,10.20762,76.20209,PMJAY
HOSP32P127290,32127290,Hospital,P,SEVENTHDAY ADVENTIST HOSPITAL,"KANNIYAMPURAM, OTTAPALAM, PALAKKAD",7902633968,32,563,,2024-07-12 18:52:28,10.7770942,76.3581209,PMJAY
HOSP32P127345,32127345,Hospital,P,ST. ANTONYS MISSION HOSPITAL PAZHUVIL,"ST. ANTONYS MISSION HOSPITAL, PAZHUVIL PO , THRISSUR, PIN - 680564",9188853597,32,566,,2024-07-12 17:52:13,10.4168858,76.1542275,PMJAY
HOSP32P127358,32127358,Hospital,P,METRO CHILDRENS HOSPITAL,"45 TOWER, CALICUT ROAD, VETTICHIRA",9946666916,32,562,,,10.9290227,76.019179,PMJAY
HOSP32P127422,32127422,Hospital,P,PARCO INSTITUTE OF MEDICAL SCIENCES PRIVATE LIMITED,"NH By Pass Road, Peruvattam Thaze, Vadakara, Kozhikide, Kerala.",9447135167,32,561,,2024-07-12 18:52:28,11.6080696,75.5814984,PMJAY
HOSP32P127504,32127504,Hospital,P,VSM HOSPITAL,"P.B no 351, Thattarampalam p o",6282921629,32,554,,,9.2479095,76.5207366,PMJAY
HOSP32P127505,32127505,Hospital,P,Royal Hospital A Unit of DR TM Healthcare Centre Pvt.Ltd.,Royal Hospital A Unit of DR TM Healthcare Centre Pvt.Ltd Guruvayoor Road Nehru Nagar 2nd Avenue Kunnamkulam 680503,9447151741,32,566,,2024-07-12 17:52:13,10.6484,76.0706,PMJAY
HOSP32P127546,32127546,Hospital,P,GG HOSPITAL,"GG HOSPITAL, MURINJAPALAM",9895563124,32,565,,,8.515789,76.933292,PMJAY
HOSP32P127573,32127573,Hospital,P,Dr KM Cherian Institute of Medical Sciences,"UMAYATTUKARA, KALLISSERY PO,CHENGANNUR",9809863107,32,554,,,9.3331802,76.5932043,PMJAY
HOSP32P127594,32127594,Hospital,P,WE ONE HOSPITAL,"Kavunkal, Mannancherry P O",9895296675,32,554,,,9.5836374,76.3505544,PMJAY
HOSP32P127600,32127600,Hospital,P,SREE NARAYANA MEDICAL MISSION HOSPITAL,SREE NARAYANA MEDICAL MISSION,9847035517,32,554,,,9.6744555,76.3413728,PMJAY
HOSP32P127610,32127610,Hospital,P,MOULANA HOSPITAL,PB NO 31,9995807576,32,562,,,10.9796387,76.2260068,PMJAY
HOSP32P127616,32127616,Hospital,P,SUSHRUTHA MEDICAL CENTRE,X/21 VIMOCHANA,9446173737,32,565,,2024-07-12 18:52:28,8.6159058,76.8955683,PMJAY
HOSP32P127619,32127619,Hospital,P,THE TRIVANDRUM SPECIALISTS HOSPITAL PRIVATE LIMITED,"PATTOM PALACE, PATTOM P O ",8281478192,32,565,"100002,100003,100004,100005,100006,100008,100011,100012,100013,100015,100016,100020,100023",2024-04-01 12:32:07,8.5161644,76.9405051,PMJAY
HOSP32P127628,32127628,Hospital,P,HARRISON MEDICAL CENTRE,HARRISON MEDICAL CENTRE EDARIKODE N.H676501,8921925467,32,562,,,10.9957308,75.9828722,PMJAY
HOSP32P127674,32127674,Hospital,P,KCM HOSPITAL,KCM HOSPITAL LS PO NOORANAD,7824011677,32,554,,2024-07-12 17:52:13,9.1753251,76.624519,PMJAY
HOSP32P127683,32127683,Hospital,P,SANTHI HOSPITAL,OMASSERY P.O KOZHIKODE DISTRICT,9645690411,32,561,,2023-11-21 18:22:13,11.36305,75.96308,PMJAY
HOSP32P127684,32127684,Hospital,P,jose,"cvr multyspeciality hospital ,mannarkkad near kunthipuzha bridge",9778134267,32,563,,2023-11-21 18:22:13,10.991351660732192,76.44138626102801,PMJAY
HOSP32P127685,32127685,Hospital,P,Mamal Multi Speciality Hospital,Kattakada,7012482242,32,565,,,8.506611,77.088111,PMJAY
HOSP32P127693,32127693,Hospital,P,ST THOMAS MISSION HOSPITAL,ST.THOMAS MISSION HOSPITAL KATTANAM,9562525705,32,554,,,9.169218,76.5816674,PMJAY
HOSP32P127694,32127694,Hospital,P,THANAL PALLIATIVE HOSPITAL ,"RUN BY DAYA REHABILITATION TRUST, THAVAKKARA  KANNUR",8606950004,32,557,,,11.875257,75.3542308,PMJAY
HOSP32P127707,32127707,Hospital,P,Meditrina Hospital,"Meditrina Hospital, Plamoodu, Pattom, Thiruvananthapuram",9446573731,32,565,,,8.5154775,76.9443128,PMJAY
HOSP32P127712,32127712,Hospital,P,NEYYAR HEALTH CARE PRIVATE LIMITED,"NEYYAR MEDICITY, KILLY, KATTAKKADA",8086311111,32,565,,,8.50308,77.07219,PMJAY
HOSP32P127776,32127776,Hospital,Temporary,SIVAGIRI SREE NARAYANA MEDICAL MISSION HOSPITAL,SIVAGIRI SREE NARAYANA MEDICAL MISSION HOSPITAL,9495879335,32,565,,,8.73068,76.73353,PMJAY
HOSP32P127781,32127781,Hospital,P,lms b b hospital,L M S Boys Brigade Hospital,8301001563,32,559,,2024-07-12 17:52:13,8.9586501,76.6819498,PMJAY
HOSP32P127812,32127812,Hospital,P,KTCT Hospital,"Chathampara, Thottakkadu P.O, Kallambalam",7025431234,32,565,,,8.7350557,76.8089978,PMJAY
HOSP32P127874,32127874,Hospital,P,Holy cross,"Holy cross Hospital, Kottiyam P O, Kollam",9496085050,32,559,,,8.8616392,76.6734037,PMJAY
HOSP32P128348,32128348,Hospital,P,BEON LIFECARE PRIVATE LIMITED,"NEAR BHARATH PETROLEUM, NERYAMANGALAM",9495957088,32,555,,,10.0117247,76.3216392,PMJAY
HOSP32P128478,32128478,Hospital,P,UNITED MEDICAL CENTRE,"KOTEKANI ROAD, KASARAGOD-671121,",9744753771,32,558,"100002,100005,100006,100010,100012,100015,100017,100023",2021-10-20 15:52:38,12.509921418362127,74.994767898561,PMJAY
HOSP32P128988,32128988,Hospital,P,LORDS HOSPITAL,"NH Bypass, Anayara PO",8281947523,32,565,,,8.5241391,76.9366376,PMJAY
HOSP32P129358,32129358,Hospital,P,PARET MAR IVANIOS HOSPITAL,PARETMAR IVANIOS HOSPITAL  PUTHUPPALLY PO KOTTAYAM,9447783952,32,560,,,9.55313,76.56664,PMJAY
HOSP32P130116,32130116,Hospital,P,MAYYIL MEDI CARE LLP,"Kandakkai road Mayyil Kannur,",9633133325,32,557,,2023-11-21 18:22:13,11.994034620202314,75.45500446152586,PMJAY
HOSP32P130179,32130179,Hospital,P,Dhanya Mission Hospital,"Old NH 47, P O Potta, Chalakudy, Pin 680722",9539357864,32,566,,2024-07-12 17:52:13,10.311879,76.331978,PMJAY
HOSP32P130236,32130236,Hospital,P,Malankara Medical Mission hospital,"Aduppootty Hills,Kunnamkulam P O,Pin-680503",9846037377,32,566,,2024-07-12 17:52:13,10.6482794,76.0786658,PMJAY
HOSP32P130324,32130324,Hospital,P,ST. JOSEPHS HOSPITAL,"CHOONDAL, THRISSUR",9207584191,32,566,,2024-07-12 17:52:13,10.61735,76.09504,PMJAY
HOSP32P131462,32131462,Hospital,P,PEARL HOSPITAL,"PEARL BUILDING,",8547161210,32,559,"100002,100004,100005,100006,100012,100013,100015,100017,100020",2022-01-24 11:46:00,9.056865223137692,76.53649048339071,PMJAY
HOSP32P132573,32132573,Hospital,P,THANAL ELAJ DIALYSIS CENTRE ,"21/400A,KAKKAMVALLY,NADAPURAM,KALLACHI-KOZHIKODE",9846806969,32,561,100005,2021-10-04 12:24:54,11.6839585,75.6552401,PMJAY
HOSP32P132957,32132957,Hospital,P,K G HOSPITAL,NH 47 THRISSUR ROAD ANGAMALY,9447871210,32,555,,2024-07-12 17:52:13,10.198,76.38,PMJAY
HOSP32P133541,32133541,Hospital,P,M.G.D.M HOSPITAL,KANGAZHA DEVAGIRI POST,8848054430,32,560,,,9.53030,76.67319,PMJAY
HOSP32P133971,32133971,Hospital,P,LAILAS HOSPITAL,"Kozhikode Road, Chemmad, Tirurangadi (PO)",9847122633,32,562,,2024-07-12 17:52:13,11.0434011,75.9112808,PMJAY
HOSP32P134049,32134049,Hospital,P,Ahalia Hospital,"Ahalia Hospital,Ahalia Campus",9188332159,32,563,"100005,100010,100012,100017",2021-11-15 10:49:27,10.799478,76.836346,PMJAY
HOSP32P136215,32136215,Hospital,P,SHASHIREKHA MULTISPECIALITY HOSPITAL,"KUSHAVANAKUNNU, AJANUR P.O, KANHANGAD, KASARAGOD - 671531",9659489489,32,558,,2023-11-21 18:22:13,12.333306,75.095347,PMJAY
HOSP32P136219,32136219,Hospital,P,V.G.SARAF MEMORIAL HOSPITAL PVT LTD,"39/4603-A, SREEKANDATH ROAD, RAVIPURAM,ERNAKULAM, COCHIN",9846023050,32,555,"100005,100006,100016,100017",2022-07-29 14:41:17,9.9613612,76.2885246,PMJAY
HOSP32P140336,32140336,Hospital,P,E M S COOPERATIVE HOSPITAL,"EMS Co-Operative Hospital , Elanthoor",7907533128,32,564,,2023-11-21 18:22:13,9.3201257,76.7417416,PMJAY
HOSP32P140801,32140801,Hospital,P,DEEPA NURSING HOME,"KUNNUMMAL,KANHANGAD,KUNNUMMAL,KANHANGAD",9447649526,32,558,"100001,100004,100005,100006,100010,100012,100015,100017,100026",2022-03-31 16:14:38,12.325347,75.08912,PMJAY
HOSP32P141197,32141197,Hospital,P,ALEXANDER EYE CENTRE,14/642 MAVELIPURAM ,8129004301,32,555,,2024-07-12 17:52:13,10.0224825,76.3447551,PMJAY
HOSP32P141531,32141531,Hospital,PP,KMC HOSPITAL,"PAVITHRATHMA CONVENT,",9880228151,32,563,"100005,100006",2022-04-19 15:19:57,10.9317178156128,76.4905757288609,PMJAY
HOSP32G141906,32141906,Hospital,G,TATA TRUST GOVERNMENT HOSPITAL,"Chattanchal,Thekkil Ferry P.O 671541",9072533377,32,558,"100001,100002,100003,100004,100005,100006,100007,100008,100009,100010,100011,100012,100013,100014,100015,100016,100017,100018,100019,100020,100021,100022,100023,100026,100028",2022-03-31 16:17:05,12.48984,75.05969,PMJAY
HOSP32P141969,32141969,Hospital,P,SHIHAB THANGAL DIALYSIS CENTRE MANIPURAM,"MANIPURAM ,KODUVALLY P O ",8506847989,32,561,,2024-07-12 17:52:13,11.36894,75.93487,PMJAY
HOSP32P142902,32142902,Hospital,P,MONSIGNOR URALIL MEMORIAL HOSPITAL,"MONIPPALLY PO, KOTTAYAM,KERALA",8089230161,32,560,"100002,100004,100005,100006,100010,100012,100013,100015,100016,100017,100026",2022-05-19 16:50:59,9.810624,76.5768364,PMJAY
HOSP32P143622,32143622,Hospital,P,POYANIL HOSPITAL,"P.B.NO.15, KOZHENCHERRY",9947245211,32,564,,2023-11-21 18:22:13,9.359300,76.695430,PMJAY
HOSP32P144934,32144934,Hospital,P,THE KASARAGOD DISTRICT COOPERATIVE HOSPITAL SOCIETY LIMITED,BADIYADKA ROAD KUMBLA 671321,8137948092,32,558,,,11.1184649,76.0971897,PMJAY
HOSP32P145093,32145093,Hospital,P,NAVA DRSTI EYE HOSPITAL PRIVATE LIMITED,"140 -G ,1St Floor ,Mekkattu Building, Near Pvt Bus Stand ,Poonjar Post",7510772828,32,560,100013,2022-10-18 15:35:48,9.67419,76.81315,PMJAY
HOSP32P145227,32145227,Hospital,P,WELCARE HOSPITAL,"S A ROAD ,VYTTILA,ERNAMKULAM",9526200092,32,555,,2024-07-12 17:52:13,9.9686862,76.3156489,PMJAY
HOSP32G145913,32145913,Hospital,G,Mental Health Centre Thiruvananthapuram,"Mental Health Centre, Peroorkada PO,Thiruvananthapuram",9072624065,32,565,"100001,100002,100003,100004,100005,100006,100007,100008,100009,100010,100011,100012,100013,100014,100015,100016,100017,100018,100019,100020,100021,100022,100023,100026,100028",2024-03-19 12:13:13,8.52722000000006,76.97015,PMJAY
HOSP32P146353,32146353,Hospital,P,JYOTHIS SKY SPECIALITY HOSPITAL,"Bakkalam,Kerala-670562",8075796920,32,557,,2023-11-21 18:22:13,11.99354374,75.37211654,PMJAY
HOSP32P146472,32146472,Hospital,P,ELANAD EMERGENCY CARE CENTER,ELANAD EMERGENCY CARE CENTER NEAR SBI BANK NSA TOWER ELANAD,9048621002,32,566,"100004,100005,100017",2022-10-18 15:36:50,10.619870,76.388816,PMJAY
HOSP32P147161,32147161,Hospital,P,KAARUNYA CARDIAC CENTRE TRIVANDRUM LLP,"C/O LORDS HOSPITAL, TC76/2183/1, KADAKAMPALLY, Anayara, Thiruvananthapuram,Thiruvananthapuram, Kerala, India-695029",8129106668,32,565,"100002,100005",2022-08-22 15:50:42,8.5071610064,76.910723994,PMJAY
HOSP32P150297,32150297,Hospital,P,ST JOSEPH HOSPITAL KARUVANCHAL,"karuvanchal (po)kerala670571,",9400062912,32,557,"100004,100005,100006,100010,100012,100015,100016,100017,100026",2022-12-07 10:34:43,12.167908947818916,75.46462467359038,PMJAY
HOSP32P152200,32152200,Hospital,P,POYANIL NOBLE HEART CARE,"Poyanil Hospital Complex,    Punalur,",9495055343,32,559,100002,2024-04-15 10:29:17,9.01996900000006,76.909317,PMJAY
HOSP32G163856,32163856,Hospital,G,CHC.NARIKKUNI,CHC NARIKKUNI,8075049419,32,561,"100001,100002,100003,100004,100005,100006,100007,100008,100009,100010,100011,100012,100013,100014,100015,100016,100017,100018,100019,100020,100021,100022,100023,100026,100028",2023-06-16 12:35:57,11.367656,75.863538,PMJAY
HOSP32P170351,32170351,Hospital,P,Ascent ENT Hospital,"Ascent ENT Hospital, Calicut Road, perinthalmanna, Malappuram District , kerala",9072663386,32,562,,2023-11-21 18:22:13,10.9765737,76.2208719,PMJAY
HOSP32P170549,32170549,Hospital,P,DR MANOJS ENT SUPERSPECIALITY INSTITUTE AND RESEARCH CENTRE,"2/44-A, MESIARC,EAST HILL",7012371581,32,561,,2023-11-21 18:22:13,11.290423492361214,75.77534311718466,PMJAY
HOSP32P172978,32172978,Hospital,P,MEDICAL TRUST HOSPITAL,MEDICAL TRUST HOPITAL M G ROAD KOCHI,9947276244,32,555,100016,2024-01-22 11:10:16,9.963572,76.287872,PMJAY
HOSP98G100211,98100211,Hospital,G,LNM RAILWAY HOSPITAL GORAKHPUR,LNM RAILWAY HOSPITAL GORAKHPUR,9794840519,9,148,"100001,100002,100003,100004,100005,100006,100007,100008,100009,100010,100011,100012,100013,100014,100015,100016,100017,100018,100019,100020,100021,100022,100023,100026",2019-06-03 18:56:33,26.766178,83.378772,PMJAY
HOSP98G100831,98100831,Hospital,G,Rangia SDCH,"Bongaon Rangia,",9957554502,18,291,"100004,100005",2024-01-19 16:39:05,26.42724307278654,91.6109338927671,PMJAY
HOSP98G101873,98101873,Hospital,G,Sub Divisional Railway Hospital Badarpur,Badarpur,9771441502,18,293,"100004,100005",2024-01-19 16:39:05,24.864511,92.564377,PMJAY
HOSP98G108425,98108425,Hospital,G,REGIONAL HOSPITAL KARGALI,REGIONAL HOSPITAL KARGALI  CCL,8987784832,20,322,"100004,100005,100006,100013,100015",2019-11-05 20:12:38,23.7995,85.9458,PMJAY
HOSP98G108505,98108505,Hospital,G,Adarsh kshetriya chikitsalya,AKC Bhurkunda,9955307787,20,607,"100004,100005",2019-11-09 18:28:31,24.2509510090184,86.2853994181643,PMJAY
HOSP98G108650,98108650,Hospital,G,AKC GIDDI A,A.K.C GIDDI A,8987790503,20,607,"100004,100005,100017,100026,10083",2019-11-13 11:56:03,23.6880612,85.3601307,PMJAY
HOSP98G111857,98111857,Hospital,G,Composite Hospital ITBP CAPFS CHD,Composite Hospital ITBP Campus Behlana Near Old Airport Chowk ,9718096661,4,44,"100004,100005,100006,100012,100013,100014,100017",2019-12-27 13:19:18,30.67809,76.8073,PMJAY
HOSP98G111933,98111933,Hospital,G,COMPOSITE HOSPITAL CRPF GNADHINAGAR,"To, OFFICE OF THE DIG (MED) COMPOSITE HOSPITAL, CRPF. GANDHINAGAR (GUJARAT).",7003388309,24,446,"100001,100002,100003,100004,100005,100006,100007,100008,100009,100010,100011,100012,100013,100014,100015,100016,100017,100018,100019,100020,100021,100022,100023,100026",2019-12-27 17:53:08,23.250157,72.694352,PMJAY
HOSP98G112020,98112020,Hospital,G,Assam Rifles Composite Hospital,Assam Rifles Composite Hospital,7002258013,13,758,"100001,100002,100003,100004,100005,100006,100007,100008,100009,100010,100011,100012,100013,100014,100015,100016,100017,100018,100019,100020,100021,100022,100023,100026",2019-12-28 19:05:12,25.885120,93.760330,PMJAY
HOSP98G112387,98112387,Hospital,G,ESIC HOSPITAL VARANASI,ESIC Hospital Pandeypur Varanasi,9810159141,9,187,"100001,100002,100003,100004,100005,100006,100007,100008,100009,100010,100011,100012,100013,100014,100015,100016,100017,100018,100019,100020,100021,100022,100023,100026",2020-01-16 12:43:11,25.3522950731831,82.9845314103666,PMJAY
HOSP98G112503,98112503,Hospital,G,esic hospital jajmau kanpur,ESIC HOSPITAL  TANNERY TOWN J K PURI NEAR SIDDHNATH GHAT JAJMAU KANPUR U. P. ,8004927498,9,157,"100001,100002,100003,100004,100005,100006,100007,100008,100009,100010,100011,100012,100013,100014,100015,100016,100017,100018,100019,100020,100021,100022,100023,100026",2020-01-09 22:43:33,26.4264,80.4142,PMJAY
HOSP98G112631,98112631,Hospital,G,CAPFS Composite Hospital BSF Aizawl,"BSF, Durtlang",9436142852,15,261,"100004,100005",2024-05-17 11:46:54,23.7926762,92.7300898,PMJAY
HOSP98G112798,98112798,Hospital,G,20 AR Unit Hosp,"20 Assam Rifles, Charduar, Balipara, Sonitpur",8500290197,18,301,,,26.864292,92.776488,PMJAY
HOSP98G112845,98112845,Hospital,G,Unit Hospital 24 Assam Rifles,Unit Hospital 24 Assam Rifles,8812052625,18,301,,,26.2861051,90.4707173,PMJAY
HOSP98G112963,98112963,Hospital,G,24 BN SSB,24 Bn SSB Rangia,7471112988,18,291,,,26.2785451,91.159354,PMJAY
HOSP98G112970,98112970,Hospital,G,156 Bn  CRPF ,"156 Bn, CRPF, Dhaligaon, Assam",9745512212,18,612,,,26.7293099,92.7912644,PMJAY
HOSP98G112977,98112977,Hospital,G,6th Battalion SSB Hospital,"6th Bn SSB, Ranighuli, Distt. Kokrajhar, Assam",8670407726,18,284,,,26.4212084,89.8620832,PMJAY
HOSP98G113033,98113033,Hospital,G,Unit Hospital 1st Bn SSB,O/O THE COMMANDANT 1ST BN SSB ,9435730811,18,291,,,26.1246985,91.9507203,PMJAY
HOSP98G113048,98113048,Hospital,G,50 BEDDED CH. CRPF. RAMPUR,Group Centre. CRPF. Rampur Pin-244901,8368162763,9,176,"100001,100002,100003,100004,100005,100006,100007,100008,100009,100010,100011,100012,100013,100014,100015,100016,100017,100018,100019,100020,100021,100022,100023,100026",2020-01-22 12:17:09,28.802958,79.02544,PMJAY
HOSP98G113066,98113066,Hospital,G,37BN SSB MANGALDOI,37 BN SSB MANGALDOI,9419189881,18,283,,,26.482286,92.0329175,PMJAY
HOSP98G113072,98113072,Hospital,G,68BN SSB DEBENDRANAGAR,68 BN SSB DEBENDRANAGAR,7005582418,18,301,,,26.7293099,92.7912644,PMJAY
HOSP98G113078,98113078,Hospital,G,UNIT  HOSPITAL 210 CoBRA CRPF,"210 CoBRA HQ , Dalgaon , Darrang , Assam",6002132954,18,283,,,26.341225,92.113573,PMJAY
HOSP98G113152,98113152,Hospital,G,UNIT HOSPITAL 30 BN CRPF CHARDUAR SONITPUR ASSAM,"30 BN CRPF, CHARIDUAR, OLD COTTON MILL COMPLEX,SONITPUR",9531205243,18,301,,,26.8641188,92.7484955,PMJAY
HOSP98G113288,98113288,Hospital,G,RTC SSB SALONIBARI TEZPUR,RTC SSB SALONIBARI TEZPUR ASSAM,9005787900,18,301,"100004,100005",2024-05-17 11:50:34,26.365100,89.850600,PMJAY
HOSP98G113495,98113495,Hospital,G,UNIT HOSP 111 BN CRPF,"UNIT HOSP 111 BN,CRPF,KARLI POLICE LINE,DANTEWADA(C.G)",9491528527,22,376,,,18.93862,81.34106,PMJAY
HOSP98G113706,98113706,Hospital,G,unit hospital 152 bn crpf,152 bn crpf unit hospital shastri nagar,8825018167,18,287,,,26.170000,90.620003,PMJAY
HOSP98G113754,98113754,Hospital,G,NTPC HOSPITAL TANDA,NTPC HOSPITAL TANDA,9412771329,9,121,"100001,100002,100003,100004,100005,100006,100007,100008,100009,100010,100011,100012,100013,100014,100015,100016,100017,100018,100019,100020,100021,100022,100023,100026",2020-02-01 22:22:04,26.3300,82.3900,PMJAY
HOSP98G113807,98113807,Hospital,G,stabilization centre,"NTPC Taraimal, Tamnar, Raigarh",7408130934,22,386,,,22.2336684,83.4444810,PMJAY
HOSP98G114178,98114178,Hospital,G,BHEL JHANSI HOSPITAL,BHEL TOWNSHIP KHAILAR JHANSI,9453001108,9,153,"100001,100002,100003,100004,100005,100006,100007,100008,100009,100010,100011,100012,100013,100014,100015,100016,100017,100018,100019,100020,100021,100022,100023,100026",2020-02-12 22:32:27,25.3231067,78.5320031,PMJAY
HOSP98G114268,98114268,Hospital,G,MI ROOM 155 BN CRPF,155 BN CRPF BOKAJAN KARBIANGLONG ASSAM,8837416362,18,292,,,26.02204,93.77519,PMJAY
HOSP98G114316,98114316,Hospital,G,HOSPITAL 48 BATTALION,"DICC COMPLEX, GAURIPUR DHUBRI (ASSAM)",9101293763,18,285,,,26.0833,89.9612,PMJAY
HOSP98G114435,98114435,Hospital,G,UNIT HOSPITAL 55TH BN,"55th BN, I.T.B. POLICE FORCE",9472839722,18,301,,,26.6333,92.8000,PMJAY
HOSP98G114464,98114464,Hospital,G,UNIT HOSPITAL 166 BN BSF,"166 BN BSF, SEPHINJURI, PO TILBHUM",9831352361,18,293,,,24.4631724,92.246225,PMJAY
HOSP99G100100,99100100,Hospital,G,N.E. Railway Divisional Hospital,N.E. RAILWAY DIVISIONAL HOSPITAL,9794843530,9,187,"100001,100002,100003,100004,100005,100006,100007,100008,100009,100010,100011,100012,100013,100014,100015,100016,100017,100018,100019,100020,100021,100022,100023,100026",2019-06-03 18:58:46,25.317644,82.973915,PMJAY
HOSP27P26205114,205114,,P,GRAMIN SAMAJSEVI SANSTHA SANCHALIT SUPRASADH HOMEOPATHY HOSPITAL,"AT POST-KOLPEWADI TAL-KOPARGAON DIST- AHILYANAGAR,",9960394648,27,466,"100001,100002,100003,100004,100005,100006,100008,100011,100012,100013,100014,100015,100016,100017,100018,100019,100020,100022,100023,100026",2026-02-14 10:37:42,19.8981220000001,74.3542760000001,PMJAY
HOSP27G26204665,204665,,G,UNCHGAON,"A/P VADANGE,",9421239027,27,480,"100005,100012,100013,100015,100017",2026-01-20 12:48:47,16.73117125,74.2125145,PMJAY
HOSP27G26287962,287962,,G,UPHC 7 Samatanagar,"Samatanagar Miraj ,",8329609852,27,493,100005,2026-02-10 16:13:25,16.840381,74.661151,PMJAY
HOSP27G26121837,121837,,G,MMC Camp,"SOMWAR BAZAR CAMP UPHC,",9822652579,27,487,"100005,100012",2026-01-21 11:00:48,20.553483,74.5297100000001,PMJAY
HOSP27G26181335,181335,,G,RH BOISAR,"Boisar,TIMA Hospital",9822924922,27,665,"100001,100005,100006,100008,100010,100012,100015,100017,100020,100026",2026-01-29 16:20:07,19.796428,72.7610230000001,PMJAY
